N_TRX 6
IGNORE -9999


DATATYPE MTT
FREQUENCY 25.10002
N_RECV 1117
19987.5 -12.5 975.0 i i i i i i i i
3.487500e+03 2.512500e+03 1.250000e+03 3.328203e-02 3.784842e-02 1.248231e-02 1.736120e-02 -4.619009e-02 2.462666e-02 1.682622e-02 1.775222e-02
3.587500e+03 2.512500e+03 1.225000e+03 -1.807857e-02 3.784842e-02 4.092901e-02 1.736120e-02 -3.479619e-02 2.462666e-02 1.527999e-02 1.775222e-02
3.687500e+03 2.512500e+03 1.225000e+03 2.935006e-03 3.784842e-02 5.067421e-02 1.736120e-02 -4.233635e-02 2.462666e-02 2.417770e-02 1.775222e-02
3.787500e+03 2.512500e+03 1.200000e+03 -1.274740e-02 3.784842e-02 -7.214297e-04 1.736120e-02 2.074406e-02 2.462666e-02 1.080125e-02 1.775222e-02
3.887500e+03 2.512500e+03 1.200000e+03 -6.198735e-02 3.784842e-02 2.899624e-02 1.736120e-02 -3.028743e-02 2.462666e-02 6.412796e-02 1.775222e-02
3.987500e+03 2.512500e+03 1.200000e+03 5.978435e-02 3.784842e-02 2.646784e-02 1.736120e-02 -7.439822e-03 2.462666e-02 5.366987e-02 1.775222e-02
4.087500e+03 2.512500e+03 1.200000e+03 -2.695262e-02 3.784842e-02 3.119875e-02 1.736120e-02 4.778053e-03 2.462666e-02 5.813011e-02 1.775222e-02
4.187500e+03 2.512500e+03 1.200000e+03 2.495854e-02 3.784842e-02 1.180007e-02 1.736120e-02 1.802363e-02 2.462666e-02 8.986551e-02 1.775222e-02
4.287500e+03 2.512500e+03 1.200000e+03 8.329008e-02 3.784842e-02 6.118726e-02 1.736120e-02 2.117611e-02 2.462666e-02 8.032165e-02 1.775222e-02
4.387500e+03 2.512500e+03 1.200000e+03 1.873943e-02 3.784842e-02 4.512018e-02 1.736120e-02 1.617613e-02 2.462666e-02 1.152814e-01 1.775222e-02
4.487500e+03 2.512500e+03 1.200000e+03 8.680531e-02 3.784842e-02 6.160338e-02 1.736120e-02 9.420270e-03 2.462666e-02 9.488893e-02 1.775222e-02
4.587500e+03 2.512500e+03 1.175000e+03 7.309082e-02 3.784842e-02 8.096396e-02 1.736120e-02 7.315815e-03 2.462666e-02 1.316332e-01 1.775222e-02
4.687500e+03 2.512500e+03 1.175000e+03 3.708201e-03 3.784842e-02 5.563302e-02 1.736120e-02 3.981235e-02 2.462666e-02 1.014956e-01 1.775222e-02
4.787500e+03 2.512500e+03 1.150000e+03 6.129250e-02 3.784842e-02 4.859455e-02 1.736120e-02 5.352902e-03 2.462666e-02 1.086221e-01 1.775222e-02
4.887500e+03 2.512500e+03 1.150000e+03 6.928714e-02 3.784842e-02 8.305016e-02 1.736120e-02 9.377290e-02 2.462666e-02 1.417032e-01 1.775222e-02
4.987500e+03 2.512500e+03 1.150000e+03 1.204381e-01 3.784842e-02 1.136279e-01 1.736120e-02 3.070837e-02 2.462666e-02 1.706584e-01 1.775222e-02
5.087500e+03 2.512500e+03 1.175000e+03 5.837080e-02 3.784842e-02 9.651533e-02 1.736120e-02 4.710610e-02 2.462666e-02 1.714659e-01 1.775222e-02
5.187500e+03 2.512500e+03 1.175000e+03 8.767870e-02 3.784842e-02 8.269369e-02 1.736120e-02 1.853330e-02 2.462666e-02 1.614072e-01 1.775222e-02
5.287500e+03 2.512500e+03 1.200000e+03 1.399885e-01 3.784842e-02 9.166871e-02 1.736120e-02 3.766708e-02 2.462666e-02 1.574600e-01 1.775222e-02
5.387500e+03 2.512500e+03 1.200000e+03 1.420249e-01 3.784842e-02 1.125028e-01 1.736120e-02 8.362614e-02 2.462666e-02 1.531087e-01 1.775222e-02
5.487500e+03 2.512500e+03 1.200000e+03 1.678861e-01 3.784842e-02 1.064043e-01 1.736120e-02 7.841566e-02 2.462666e-02 1.403420e-01 1.775222e-02
5.587500e+03 2.512500e+03 1.225000e+03 1.550020e-01 3.784842e-02 1.174716e-01 1.736120e-02 4.403812e-02 2.462666e-02 1.634551e-01 1.775222e-02
5.687500e+03 2.512500e+03 1.225000e+03 1.448854e-01 3.784842e-02 1.256511e-01 1.736120e-02 1.568561e-02 2.462666e-02 1.506747e-01 1.775222e-02
5.787500e+03 2.512500e+03 1.250000e+03 3.937217e-02 3.784842e-02 1.062853e-01 1.736120e-02 5.265151e-02 2.462666e-02 1.744027e-01 1.775222e-02
5.887500e+03 2.512500e+03 1.225000e+03 1.094697e-01 3.784842e-02 1.135686e-01 1.736120e-02 7.590172e-02 2.462666e-02 1.324806e-01 1.775222e-02
5.987500e+03 2.512500e+03 1.225000e+03 1.487233e-01 3.784842e-02 1.111355e-01 1.736120e-02 6.396906e-02 2.462666e-02 1.517479e-01 1.775222e-02
6.087500e+03 2.512500e+03 1.225000e+03 1.430742e-01 3.784842e-02 1.371564e-01 1.736120e-02 8.279220e-02 2.462666e-02 1.754418e-01 1.775222e-02
6.187500e+03 2.512500e+03 1.225000e+03 1.603584e-01 3.784842e-02 1.272263e-01 1.736120e-02 5.481471e-02 2.462666e-02 1.688459e-01 1.775222e-02
6.287500e+03 2.512500e+03 1.250000e+03 2.092724e-01 3.784842e-02 1.024830e-01 1.736120e-02 5.290081e-02 2.462666e-02 1.368752e-01 1.775222e-02
6.387500e+03 2.512500e+03 1.250000e+03 2.037494e-01 3.784842e-02 1.189329e-01 1.736120e-02 3.260456e-02 2.462666e-02 1.613229e-01 1.775222e-02
6.487500e+03 2.512500e+03 1.250000e+03 1.781642e-01 3.784842e-02 1.151800e-01 1.736120e-02 1.087195e-01 2.462666e-02 1.163315e-01 1.775222e-02
6.587500e+03 2.512500e+03 1.250000e+03 1.921039e-01 3.784842e-02 1.595270e-01 1.736120e-02 1.154695e-01 2.462666e-02 1.333868e-01 1.775222e-02
6.687500e+03 2.512500e+03 1.250000e+03 1.987391e-01 3.784842e-02 1.453358e-01 1.736120e-02 1.252634e-01 2.462666e-02 1.158445e-01 1.775222e-02
6.787500e+03 2.512500e+03 1.250000e+03 1.931064e-01 3.784842e-02 1.087490e-01 1.736120e-02 1.220223e-01 2.462666e-02 1.127316e-01 1.775222e-02
6.887500e+03 2.512500e+03 1.250000e+03 3.062894e-01 3.784842e-02 1.255009e-01 1.736120e-02 1.282010e-01 2.462666e-02 6.689516e-02 1.775222e-02
6.987500e+03 2.512500e+03 1.250000e+03 2.756700e-01 3.784842e-02 1.424077e-01 1.736120e-02 9.578202e-02 2.462666e-02 1.105808e-01 1.775222e-02
3.487500e+03 2.612500e+03 1.225000e+03 -2.524055e-02 3.784842e-02 2.802046e-03 1.736120e-02 -2.170405e-03 2.462666e-02 5.213038e-02 1.775222e-02
3.587500e+03 2.612500e+03 1.225000e+03 1.098764e-02 3.784842e-02 2.294912e-03 1.736120e-02 1.191252e-02 2.462666e-02 3.567022e-02 1.775222e-02
3.687500e+03 2.612500e+03 1.225000e+03 7.668280e-02 3.784842e-02 3.044988e-02 1.736120e-02 -1.131364e-02 2.462666e-02 2.918637e-02 1.775222e-02
3.787500e+03 2.612500e+03 1.225000e+03 1.182901e-02 3.784842e-02 7.136152e-02 1.736120e-02 -7.678117e-03 2.462666e-02 4.657751e-02 1.775222e-02
3.887500e+03 2.612500e+03 1.200000e+03 5.807068e-02 3.784842e-02 4.136914e-02 1.736120e-02 -4.722448e-02 2.462666e-02 4.058862e-02 1.775222e-02
3.987500e+03 2.612500e+03 1.200000e+03 4.190193e-02 3.784842e-02 3.915702e-02 1.736120e-02 -1.048467e-02 2.462666e-02 2.007363e-02 1.775222e-02
4.087500e+03 2.612500e+03 1.200000e+03 3.419128e-02 3.784842e-02 4.163364e-03 1.736120e-02 4.773153e-02 2.462666e-02 4.680688e-02 1.775222e-02
4.187500e+03 2.612500e+03 1.175000e+03 1.135137e-01 3.784842e-02 3.744552e-02 1.736120e-02 -5.610248e-03 2.462666e-02 7.001251e-02 1.775222e-02
4.287500e+03 2.612500e+03 1.175000e+03 3.387789e-02 3.784842e-02 4.204891e-02 1.736120e-02 4.589486e-02 2.462666e-02 9.007564e-02 1.775222e-02
4.387500e+03 2.612500e+03 1.175000e+03 4.441746e-02 3.784842e-02 2.996711e-02 1.736120e-02 4.042340e-02 2.462666e-02 1.194485e-01 1.775222e-02
4.487500e+03 2.612500e+03 1.175000e+03 7.513675e-02 3.784842e-02 1.077677e-02 1.736120e-02 4.860249e-02 2.462666e-02 8.709279e-02 1.775222e-02
4.587500e+03 2.612500e+03 1.175000e+03 3.598891e-02 3.784842e-02 4.539909e-02 1.736120e-02 6.253852e-02 2.462666e-02 1.387140e-01 1.775222e-02
4.687500e+03 2.612500e+03 1.150000e+03 1.198614e-02 3.784842e-02 5.265655e-02 1.736120e-02 8.521489e-02 2.462666e-02 1.257355e-01 1.775222e-02
4.787500e+03 2.612500e+03 1.150000e+03 7.754766e-02 3.784842e-02 7.671379e-02 1.736120e-02 3.060515e-02 2.462666e-02 1.338455e-01 1.775222e-02
4.887500e+03 2.612500e+03 1.175000e+03 6.815531e-02 3.784842e-02 1.075522e-01 1.736120e-02 4.781661e-02 2.462666e-02 1.677085e-01 1.775222e-02
4.987500e+03 2.612500e+03 1.175000e+03 8.467499e-02 3.784842e-02 9.634223e-02 1.736120e-02 8.471034e-02 2.462666e-02 1.633160e-01 1.775222e-02
5.087500e+03 2.612500e+03 1.175000e+03 6.057980e-02 3.784842e-02 8.606311e-02 1.736120e-02 5.879527e-02 2.462666e-02 1.619421e-01 1.775222e-02
5.187500e+03 2.612500e+03 1.175000e+03 1.159362e-01 3.784842e-02 9.915693e-02 1.736120e-02 6.502106e-02 2.462666e-02 1.711864e-01 1.775222e-02
5.287500e+03 2.612500e+03 1.200000e+03 8.870195e-02 3.784842e-02 8.453213e-02 1.736120e-02 7.657513e-02 2.462666e-02 1.684857e-01 1.775222e-02
5.387500e+03 2.612500e+03 1.200000e+03 1.542950e-01 3.784842e-02 8.339004e-02 1.736120e-02 6.721512e-02 2.462666e-02 1.500164e-01 1.775222e-02
5.487500e+03 2.612500e+03 1.200000e+03 1.223346e-01 3.784842e-02 9.963043e-02 1.736120e-02 8.687802e-02 2.462666e-02 1.544302e-01 1.775222e-02
5.587500e+03 2.612500e+03 1.225000e+03 1.555667e-01 3.784842e-02 8.843316e-02 1.736120e-02 1.928135e-02 2.462666e-02 1.490911e-01 1.775222e-02
5.687500e+03 2.612500e+03 1.225000e+03 2.190590e-01 3.784842e-02 8.244211e-02 1.736120e-02 5.924044e-02 2.462666e-02 1.776793e-01 1.775222e-02
5.787500e+03 2.612500e+03 1.250000e+03 1.272824e-01 3.784842e-02 8.258851e-02 1.736120e-02 5.329954e-02 2.462666e-02 1.685246e-01 1.775222e-02
5.887500e+03 2.612500e+03 1.250000e+03 2.346817e-01 3.784842e-02 1.094915e-01 1.736120e-02 8.016307e-02 2.462666e-02 1.493699e-01 1.775222e-02
5.987500e+03 2.612500e+03 1.225000e+03 1.224220e-01 3.784842e-02 1.094762e-01 1.736120e-02 6.502103e-02 2.462666e-02 1.102553e-01 1.775222e-02
6.087500e+03 2.612500e+03 1.225000e+03 1.666703e-01 3.784842e-02 9.620689e-02 1.736120e-02 5.721766e-02 2.462666e-02 1.475814e-01 1.775222e-02
6.187500e+03 2.612500e+03 1.225000e+03 1.689796e-01 3.784842e-02 8.152843e-02 1.736120e-02 4.819042e-02 2.462666e-02 1.425740e-01 1.775222e-02
6.287500e+03 2.612500e+03 1.250000e+03 1.631803e-01 3.784842e-02 7.982817e-02 1.736120e-02 2.710540e-02 2.462666e-02 1.325131e-01 1.775222e-02
6.387500e+03 2.612500e+03 1.250000e+03 2.138521e-01 3.784842e-02 1.194037e-01 1.736120e-02 1.089058e-01 2.462666e-02 8.696835e-02 1.775222e-02
6.487500e+03 2.612500e+03 1.250000e+03 1.653746e-01 3.784842e-02 1.240631e-01 1.736120e-02 1.512040e-01 2.462666e-02 1.697071e-01 1.775222e-02
6.587500e+03 2.612500e+03 1.250000e+03 2.548076e-01 3.784842e-02 1.082460e-01 1.736120e-02 1.148874e-01 2.462666e-02 9.956329e-02 1.775222e-02
6.687500e+03 2.612500e+03 1.275000e+03 1.853799e-01 3.784842e-02 9.419702e-02 1.736120e-02 1.045951e-01 2.462666e-02 1.151177e-01 1.775222e-02
6.787500e+03 2.612500e+03 1.250000e+03 3.128799e-01 3.784842e-02 5.734078e-02 1.736120e-02 1.552555e-01 2.462666e-02 7.715446e-02 1.775222e-02
6.887500e+03 2.612500e+03 1.250000e+03 3.597723e-01 3.784842e-02 5.760877e-02 1.736120e-02 1.435962e-01 2.462666e-02 9.204771e-02 1.775222e-02
6.987500e+03 2.612500e+03 1.250000e+03 3.789955e-01 3.784842e-02 1.924181e-02 1.736120e-02 1.397435e-01 2.462666e-02 7.416347e-02 1.775222e-02
3.487500e+03 2.712500e+03 1.225000e+03 5.455228e-02 3.784842e-02 -9.021183e-03 1.736120e-02 -6.241162e-02 2.462666e-02 4.019544e-02 1.775222e-02
3.587500e+03 2.712500e+03 1.225000e+03 -2.478582e-02 3.784842e-02 9.359814e-03 1.736120e-02 -2.161214e-02 2.462666e-02 5.748269e-02 1.775222e-02
3.687500e+03 2.712500e+03 1.225000e+03 -1.527594e-02 3.784842e-02 1.271907e-02 1.736120e-02 -3.013870e-02 2.462666e-02 4.236620e-02 1.775222e-02
3.787500e+03 2.712500e+03 1.225000e+03 -4.728863e-02 3.784842e-02 1.651816e-02 1.736120e-02 3.905909e-02 2.462666e-02 3.892652e-02 1.775222e-02
3.887500e+03 2.712500e+03 1.225000e+03 6.161465e-02 3.784842e-02 1.292885e-02 1.736120e-02 2.815329e-02 2.462666e-02 6.951587e-02 1.775222e-02
3.987500e+03 2.712500e+03 1.225000e+03 1.434690e-02 3.784842e-02 1.499575e-02 1.736120e-02 5.090320e-02 2.462666e-02 7.045603e-02 1.775222e-02
4.087500e+03 2.712500e+03 1.200000e+03 4.857986e-02 3.784842e-02 5.005000e-02 1.736120e-02 1.341670e-02 2.462666e-02 8.862884e-02 1.775222e-02
4.187500e+03 2.712500e+03 1.200000e+03 6.427925e-02 3.784842e-02 2.732588e-02 1.736120e-02 -1.327288e-03 2.462666e-02 6.238528e-02 1.775222e-02
4.287500e+03 2.712500e+03 1.175000e+03 5.394712e-02 3.784842e-02 9.231242e-02 1.736120e-02 1.056584e-02 2.462666e-02 8.589783e-02 1.775222e-02
4.387500e+03 2.712500e+03 1.175000e+03 -2.120019e-02 3.784842e-02 5.896254e-02 1.736120e-02 2.640553e-02 2.462666e-02 1.347045e-01 1.775222e-02
4.487500e+03 2.712500e+03 1.175000e+03 4.710153e-02 3.784842e-02 4.253433e-02 1.736120e-02 7.216436e-02 2.462666e-02 1.173694e-01 1.775222e-02
4.587500e+03 2.712500e+03 1.175000e+03 1.452881e-02 3.784842e-02 9.189926e-02 1.736120e-02 6.399384e-02 2.462666e-02 1.065737e-01 1.775222e-02
4.687500e+03 2.712500e+03 1.150000e+03 1.278764e-01 3.784842e-02 7.441927e-02 1.736120e-02 6.748548e-02 2.462666e-02 1.184781e-01 1.775222e-02
4.787500e+03 2.712500e+03 1.150000e+03 7.899289e-02 3.784842e-02 7.909462e-02 1.736120e-02 6.723933e-02 2.462666e-02 1.592897e-01 1.775222e-02
4.887500e+03 2.712500e+03 1.175000e+03 4.253745e-02 3.784842e-02 5.975034e-02 1.736120e-02 4.737284e-02 2.462666e-02 1.644435e-01 1.775222e-02
4.987500e+03 2.712500e+03 1.175000e+03 1.047993e-01 3.784842e-02 8.605878e-02 1.736120e-02 1.055458e-01 2.462666e-02 1.456468e-01 1.775222e-02
5.087500e+03 2.712500e+03 1.200000e+03 5.109945e-02 3.784842e-02 7.215820e-02 1.736120e-02 4.024285e-02 2.462666e-02 1.262109e-01 1.775222e-02
5.187500e+03 2.712500e+03 1.200000e+03 5.515203e-02 3.784842e-02 1.035948e-01 1.736120e-02 1.063435e-01 2.462666e-02 1.195369e-01 1.775222e-02
5.287500e+03 2.712500e+03 1.175000e+03 1.243740e-01 3.784842e-02 1.114608e-01 1.736120e-02 1.520219e-01 2.462666e-02 1.584037e-01 1.775222e-02
5.387500e+03 2.712500e+03 1.200000e+03 2.268454e-01 3.784842e-02 7.394546e-02 1.736120e-02 9.212894e-02 2.462666e-02 1.820852e-01 1.775222e-02
5.487500e+03 2.712500e+03 1.200000e+03 1.422293e-01 3.784842e-02 8.950532e-02 1.736120e-02 5.430457e-02 2.462666e-02 1.240913e-01 1.775222e-02
5.587500e+03 2.712500e+03 1.225000e+03 1.626483e-01 3.784842e-02 9.745090e-02 1.736120e-02 1.019163e-01 2.462666e-02 1.572874e-01 1.775222e-02
5.687500e+03 2.712500e+03 1.225000e+03 1.470325e-01 3.784842e-02 5.101188e-02 1.736120e-02 9.259529e-02 2.462666e-02 1.666332e-01 1.775222e-02
5.787500e+03 2.712500e+03 1.225000e+03 1.829881e-01 3.784842e-02 6.475446e-02 1.736120e-02 4.158026e-02 2.462666e-02 2.048574e-01 1.775222e-02
5.887500e+03 2.712500e+03 1.250000e+03 1.493580e-01 3.784842e-02 7.899954e-02 1.736120e-02 9.126871e-02 2.462666e-02 9.759881e-02 1.775222e-02
5.987500e+03 2.712500e+03 1.250000e+03 1.491626e-01 3.784842e-02 8.332196e-02 1.736120e-02 8.638755e-02 2.462666e-02 1.476936e-01 1.775222e-02
6.087500e+03 2.712500e+03 1.250000e+03 1.589053e-01 3.784842e-02 9.258270e-02 1.736120e-02 1.067952e-01 2.462666e-02 1.379176e-01 1.775222e-02
6.187500e+03 2.712500e+03 1.225000e+03 1.551027e-01 3.784842e-02 1.271906e-01 1.736120e-02 7.058334e-02 2.462666e-02 1.539342e-01 1.775222e-02
6.287500e+03 2.712500e+03 1.225000e+03 1.573088e-01 3.784842e-02 1.136795e-01 1.736120e-02 9.796545e-02 2.462666e-02 1.879375e-01 1.775222e-02
6.387500e+03 2.712500e+03 1.250000e+03 2.664079e-01 3.784842e-02 4.460708e-02 1.736120e-02 1.026155e-01 2.462666e-02 1.054863e-01 1.775222e-02
6.487500e+03 2.712500e+03 1.250000e+03 2.693476e-01 3.784842e-02 6.700720e-03 1.736120e-02 1.419308e-01 2.462666e-02 1.248618e-01 1.775222e-02
6.587500e+03 2.712500e+03 1.275000e+03 3.212411e-01 3.784842e-02 3.821025e-02 1.736120e-02 1.581983e-01 2.462666e-02 1.121656e-01 1.775222e-02
6.687500e+03 2.712500e+03 1.275000e+03 3.452819e-01 3.784842e-02 2.056481e-02 1.736120e-02 1.150628e-01 2.462666e-02 8.365315e-02 1.775222e-02
6.787500e+03 2.712500e+03 1.275000e+03 2.748982e-01 3.784842e-02 3.366043e-02 1.736120e-02 1.120032e-01 2.462666e-02 9.403794e-02 1.775222e-02
6.887500e+03 2.712500e+03 1.250000e+03 3.605871e-01 3.784842e-02 -3.428583e-02 1.736120e-02 2.662147e-01 2.462666e-02 4.717348e-02 1.775222e-02
6.987500e+03 2.712500e+03 1.250000e+03 3.202393e-01 3.784842e-02 -1.892378e-02 1.736120e-02 1.541945e-01 2.462666e-02 1.291612e-01 1.775222e-02
3.487500e+03 2.812500e+03 1.200000e+03 5.036779e-02 3.784842e-02 1.318768e-02 1.736120e-02 -7.634680e-02 2.462666e-02 4.444592e-02 1.775222e-02
3.587500e+03 2.812500e+03 1.225000e+03 5.973480e-02 3.784842e-02 9.836219e-04 1.736120e-02 -3.405364e-03 2.462666e-02 2.848915e-02 1.775222e-02
3.687500e+03 2.812500e+03 1.225000e+03 2.912319e-02 3.784842e-02 4.667812e-02 1.736120e-02 -2.589496e-02 2.462666e-02 2.198802e-02 1.775222e-02
3.787500e+03 2.812500e+03 1.200000e+03 5.271246e-02 3.784842e-02 2.949690e-02 1.736120e-02 1.374528e-02 2.462666e-02 4.706544e-02 1.775222e-02
3.887500e+03 2.812500e+03 1.200000e+03 3.477088e-03 3.784842e-02 3.657979e-02 1.736120e-02 -1.584111e-02 2.462666e-02 6.211184e-02 1.775222e-02
3.987500e+03 2.812500e+03 1.200000e+03 1.758132e-02 3.784842e-02 6.576854e-02 1.736120e-02 -9.042899e-03 2.462666e-02 4.373154e-02 1.775222e-02
4.087500e+03 2.812500e+03 1.200000e+03 -4.381326e-05 3.784842e-02 1.857702e-02 1.736120e-02 -2.744833e-03 2.462666e-02 9.547069e-02 1.775222e-02
4.187500e+03 2.812500e+03 1.175000e+03 -1.696004e-02 3.784842e-02 8.514134e-02 1.736120e-02 4.306812e-02 2.462666e-02 9.990309e-02 1.775222e-02
4.287500e+03 2.812500e+03 1.200000e+03 -4.690590e-02 3.784842e-02 5.059071e-02 1.736120e-02 4.704514e-02 2.462666e-02 9.087482e-02 1.775222e-02
4.387500e+03 2.812500e+03 1.200000e+03 1.114224e-01 3.784842e-02 5.490436e-02 1.736120e-02 3.572643e-02 2.462666e-02 8.088584e-02 1.775222e-02
4.487500e+03 2.812500e+03 1.200000e+03 3.474569e-02 3.784842e-02 7.884459e-02 1.736120e-02 3.926436e-02 2.462666e-02 1.031154e-01 1.775222e-02
4.587500e+03 2.812500e+03 1.175000e+03 1.065666e-01 3.784842e-02 5.514566e-02 1.736120e-02 1.087962e-01 2.462666e-02 8.760742e-02 1.775222e-02
4.687500e+03 2.812500e+03 1.150000e+03 5.946011e-02 3.784842e-02 8.799540e-02 1.736120e-02 1.020459e-01 2.462666e-02 1.477761e-01 1.775222e-02
4.787500e+03 2.812500e+03 1.150000e+03 3.047119e-02 3.784842e-02 4.524967e-02 1.736120e-02 9.591322e-02 2.462666e-02 1.551541e-01 1.775222e-02
4.887500e+03 2.812500e+03 1.175000e+03 4.404570e-02 3.784842e-02 8.814515e-02 1.736120e-02 9.290529e-02 2.462666e-02 1.624971e-01 1.775222e-02
4.987500e+03 2.812500e+03 1.200000e+03 7.139799e-02 3.784842e-02 8.155997e-02 1.736120e-02 9.108925e-02 2.462666e-02 1.578087e-01 1.775222e-02
5.087500e+03 2.812500e+03 1.200000e+03 1.239399e-01 3.784842e-02 5.581783e-02 1.736120e-02 1.244115e-01 2.462666e-02 1.345461e-01 1.775222e-02
5.187500e+03 2.812500e+03 1.200000e+03 1.520751e-01 3.784842e-02 8.456928e-02 1.736120e-02 1.260761e-01 2.462666e-02 1.826127e-01 1.775222e-02
5.287500e+03 2.812500e+03 1.200000e+03 1.165889e-01 3.784842e-02 7.450357e-02 1.736120e-02 1.182502e-01 2.462666e-02 1.725978e-01 1.775222e-02
5.387500e+03 2.812500e+03 1.200000e+03 1.895804e-01 3.784842e-02 7.455015e-02 1.736120e-02 1.163098e-01 2.462666e-02 1.696556e-01 1.775222e-02
5.487500e+03 2.812500e+03 1.200000e+03 1.576587e-01 3.784842e-02 7.327573e-02 1.736120e-02 9.013607e-02 2.462666e-02 1.913417e-01 1.775222e-02
5.587500e+03 2.812500e+03 1.225000e+03 1.467939e-01 3.784842e-02 6.754064e-02 1.736120e-02 5.824161e-02 2.462666e-02 1.531049e-01 1.775222e-02
5.687500e+03 2.812500e+03 1.225000e+03 1.080474e-01 3.784842e-02 5.850313e-02 1.736120e-02 7.747644e-02 2.462666e-02 1.651279e-01 1.775222e-02
5.787500e+03 2.812500e+03 1.225000e+03 1.102298e-01 3.784842e-02 7.208175e-02 1.736120e-02 8.462652e-02 2.462666e-02 1.760183e-01 1.775222e-02
5.887500e+03 2.812500e+03 1.250000e+03 1.484876e-01 3.784842e-02 9.287441e-02 1.736120e-02 6.473445e-02 2.462666e-02 1.890793e-01 1.775222e-02
5.987500e+03 2.812500e+03 1.250000e+03 1.188312e-01 3.784842e-02 7.999731e-02 1.736120e-02 9.189831e-02 2.462666e-02 1.696718e-01 1.775222e-02
6.087500e+03 2.812500e+03 1.250000e+03 1.628417e-01 3.784842e-02 6.269548e-02 1.736120e-02 9.911851e-02 2.462666e-02 1.501708e-01 1.775222e-02
6.187500e+03 2.812500e+03 1.250000e+03 2.402010e-01 3.784842e-02 1.019965e-01 1.736120e-02 1.013139e-01 2.462666e-02 1.333755e-01 1.775222e-02
6.287500e+03 2.812500e+03 1.250000e+03 2.047598e-01 3.784842e-02 1.002496e-01 1.736120e-02 1.688755e-01 2.462666e-02 1.075045e-01 1.775222e-02
6.387500e+03 2.812500e+03 1.250000e+03 2.179427e-01 3.784842e-02 1.730863e-02 1.736120e-02 1.854422e-01 2.462666e-02 1.007839e-01 1.775222e-02
6.487500e+03 2.812500e+03 1.250000e+03 3.616231e-01 3.784842e-02 -3.537401e-03 1.736120e-02 2.469969e-01 2.462666e-02 9.111917e-02 1.775222e-02
6.587500e+03 2.812500e+03 1.250000e+03 3.829564e-01 3.784842e-02 -3.550445e-02 1.736120e-02 1.889111e-01 2.462666e-02 7.302609e-02 1.775222e-02
6.687500e+03 2.812500e+03 1.250000e+03 4.109603e-01 3.784842e-02 -6.176345e-02 1.736120e-02 1.527444e-01 2.462666e-02 1.344468e-01 1.775222e-02
6.787500e+03 2.812500e+03 1.275000e+03 2.926617e-01 3.784842e-02 9.043940e-03 1.736120e-02 1.571403e-01 2.462666e-02 9.459251e-02 1.775222e-02
6.887500e+03 2.812500e+03 1.275000e+03 3.133816e-01 3.784842e-02 1.376327e-02 1.736120e-02 1.149737e-01 2.462666e-02 8.819502e-02 1.775222e-02
6.987500e+03 2.812500e+03 1.275000e+03 1.867672e-01 3.784842e-02 5.972198e-03 1.736120e-02 9.174632e-02 2.462666e-02 9.575393e-02 1.775222e-02
3.487500e+03 2.912500e+03 1.225000e+03 2.472401e-02 3.784842e-02 7.144191e-03 1.736120e-02 -2.652977e-02 2.462666e-02 4.648497e-02 1.775222e-02
3.587500e+03 2.912500e+03 1.225000e+03 2.414271e-02 3.784842e-02 3.041944e-02 1.736120e-02 -7.743665e-03 2.462666e-02 6.458968e-02 1.775222e-02
3.687500e+03 2.912500e+03 1.250000e+03 4.520590e-02 3.784842e-02 1.774454e-02 1.736120e-02 9.194652e-04 2.462666e-02 6.861321e-02 1.775222e-02
3.787500e+03 2.912500e+03 1.225000e+03 3.359667e-02 3.784842e-02 3.777458e-02 1.736120e-02 -2.328684e-02 2.462666e-02 4.996533e-02 1.775222e-02
3.887500e+03 2.912500e+03 1.225000e+03 1.721707e-02 3.784842e-02 1.810498e-03 1.736120e-02 2.630373e-02 2.462666e-02 5.760595e-02 1.775222e-02
3.987500e+03 2.912500e+03 1.225000e+03 -5.183785e-02 3.784842e-02 5.754364e-02 1.736120e-02 -2.172147e-02 2.462666e-02 9.110576e-02 1.775222e-02
4.087500e+03 2.912500e+03 1.200000e+03 -4.054805e-02 3.784842e-02 6.014173e-02 1.736120e-02 4.486820e-02 2.462666e-02 2.163199e-02 1.775222e-02
4.187500e+03 2.912500e+03 1.200000e+03 3.087098e-03 3.784842e-02 1.019152e-01 1.736120e-02 -8.738117e-03 2.462666e-02 8.826549e-02 1.775222e-02
4.287500e+03 2.912500e+03 1.225000e+03 -1.099999e-02 3.784842e-02 7.239736e-02 1.736120e-02 -1.068052e-02 2.462666e-02 7.819133e-02 1.775222e-02
4.387500e+03 2.912500e+03 1.200000e+03 3.584877e-03 3.784842e-02 6.787277e-02 1.736120e-02 5.611338e-02 2.462666e-02 1.065515e-01 1.775222e-02
4.487500e+03 2.912500e+03 1.200000e+03 1.301308e-01 3.784842e-02 3.589955e-02 1.736120e-02 8.429283e-02 2.462666e-02 1.005458e-01 1.775222e-02
4.587500e+03 2.912500e+03 1.150000e+03 1.058875e-01 3.784842e-02 8.236210e-02 1.736120e-02 1.334005e-01 2.462666e-02 1.221481e-01 1.775222e-02
4.687500e+03 2.912500e+03 1.150000e+03 7.212512e-02 3.784842e-02 9.362300e-02 1.736120e-02 1.464647e-01 2.462666e-02 1.327345e-01 1.775222e-02
4.787500e+03 2.912500e+03 1.150000e+03 2.317814e-02 3.784842e-02 4.116803e-02 1.736120e-02 1.113199e-01 2.462666e-02 1.364198e-01 1.775222e-02
4.887500e+03 2.912500e+03 1.175000e+03 9.737687e-02 3.784842e-02 4.058660e-02 1.736120e-02 1.138065e-01 2.462666e-02 1.450104e-01 1.775222e-02
4.987500e+03 2.912500e+03 1.175000e+03 1.632041e-01 3.784842e-02 4.877534e-02 1.736120e-02 1.625657e-01 2.462666e-02 1.204654e-01 1.775222e-02
5.087500e+03 2.912500e+03 1.200000e+03 1.057567e-01 3.784842e-02 5.305129e-02 1.736120e-02 1.509811e-01 2.462666e-02 1.703085e-01 1.775222e-02
5.187500e+03 2.912500e+03 1.200000e+03 9.042022e-02 3.784842e-02 8.706279e-02 1.736120e-02 1.173639e-01 2.462666e-02 1.604288e-01 1.775222e-02
5.287500e+03 2.912500e+03 1.200000e+03 9.496966e-02 3.784842e-02 7.110245e-02 1.736120e-02 5.951222e-02 2.462666e-02 1.524219e-01 1.775222e-02
5.387500e+03 2.912500e+03 1.200000e+03 1.529020e-01 3.784842e-02 9.095008e-02 1.736120e-02 1.254963e-01 2.462666e-02 1.612821e-01 1.775222e-02
5.487500e+03 2.912500e+03 1.200000e+03 6.280569e-02 3.784842e-02 9.105212e-02 1.736120e-02 9.204205e-02 2.462666e-02 1.681994e-01 1.775222e-02
5.587500e+03 2.912500e+03 1.200000e+03 1.256530e-01 3.784842e-02 7.728560e-02 1.736120e-02 1.352426e-01 2.462666e-02 1.687339e-01 1.775222e-02
5.687500e+03 2.912500e+03 1.200000e+03 9.514537e-02 3.784842e-02 8.527024e-02 1.736120e-02 7.180584e-02 2.462666e-02 1.790526e-01 1.775222e-02
5.787500e+03 2.912500e+03 1.200000e+03 1.179387e-01 3.784842e-02 7.098949e-02 1.736120e-02 5.839997e-02 2.462666e-02 1.690494e-01 1.775222e-02
5.887500e+03 2.912500e+03 1.225000e+03 1.692153e-01 3.784842e-02 1.085953e-01 1.736120e-02 1.145992e-01 2.462666e-02 1.655472e-01 1.775222e-02
5.987500e+03 2.912500e+03 1.225000e+03 1.525213e-01 3.784842e-02 8.279252e-02 1.736120e-02 1.199497e-01 2.462666e-02 1.490040e-01 1.775222e-02
6.087500e+03 2.912500e+03 1.250000e+03 2.069766e-01 3.784842e-02 3.966528e-02 1.736120e-02 1.584086e-01 2.462666e-02 1.286882e-01 1.775222e-02
6.187500e+03 2.912500e+03 1.250000e+03 2.379459e-01 3.784842e-02 8.105886e-02 1.736120e-02 1.853012e-01 2.462666e-02 9.914186e-02 1.775222e-02
6.287500e+03 2.912500e+03 1.250000e+03 2.597051e-01 3.784842e-02 6.792253e-03 1.736120e-02 1.307009e-01 2.462666e-02 8.929455e-02 1.775222e-02
6.387500e+03 2.912500e+03 1.250000e+03 3.003886e-01 3.784842e-02 1.969086e-03 1.736120e-02 2.491821e-01 2.462666e-02 5.325957e-02 1.775222e-02
6.487500e+03 2.912500e+03 1.250000e+03 2.499903e-01 3.784842e-02 3.979773e-02 1.736120e-02 1.460919e-01 2.462666e-02 6.929960e-02 1.775222e-02
6.587500e+03 2.912500e+03 1.250000e+03 2.230015e-01 3.784842e-02 -1.044125e-02 1.736120e-02 1.708878e-01 2.462666e-02 9.967520e-02 1.775222e-02
6.687500e+03 2.912500e+03 1.250000e+03 2.459210e-01 3.784842e-02 3.863234e-03 1.736120e-02 1.058616e-01 2.462666e-02 8.445373e-02 1.775222e-02
6.787500e+03 2.912500e+03 1.275000e+03 2.178013e-01 3.784842e-02 5.010210e-02 1.736120e-02 1.195689e-01 2.462666e-02 9.962999e-02 1.775222e-02
6.887500e+03 2.912500e+03 1.275000e+03 2.197087e-01 3.784842e-02 5.616380e-02 1.736120e-02 1.246636e-01 2.462666e-02 1.218785e-01 1.775222e-02
6.987500e+03 2.912500e+03 1.275000e+03 1.880248e-01 3.784842e-02 7.845600e-02 1.736120e-02 1.248604e-01 2.462666e-02 9.881455e-02 1.775222e-02
3.487500e+03 3.012500e+03 1.225000e+03 -1.917646e-02 3.784842e-02 1.723371e-02 1.736120e-02 -4.276619e-02 2.462666e-02 2.145562e-02 1.775222e-02
3.587500e+03 3.012500e+03 1.225000e+03 5.165224e-02 3.784842e-02 -1.046451e-02 1.736120e-02 -1.798276e-02 2.462666e-02 5.278670e-02 1.775222e-02
3.687500e+03 3.012500e+03 1.225000e+03 5.830757e-02 3.784842e-02 3.788305e-02 1.736120e-02 -8.472612e-03 2.462666e-02 4.904279e-02 1.775222e-02
3.787500e+03 3.012500e+03 1.225000e+03 3.384002e-02 3.784842e-02 1.435567e-02 1.736120e-02 -1.963091e-02 2.462666e-02 9.760842e-03 1.775222e-02
3.887500e+03 3.012500e+03 1.225000e+03 -6.602811e-03 3.784842e-02 -2.418573e-03 1.736120e-02 -3.224341e-02 2.462666e-02 7.354736e-02 1.775222e-02
3.987500e+03 3.012500e+03 1.225000e+03 3.887532e-02 3.784842e-02 4.909996e-02 1.736120e-02 6.599768e-04 2.462666e-02 6.387743e-02 1.775222e-02
4.087500e+03 3.012500e+03 1.225000e+03 -1.080865e-02 3.784842e-02 4.240813e-02 1.736120e-02 3.482199e-02 2.462666e-02 9.066077e-02 1.775222e-02
4.187500e+03 3.012500e+03 1.225000e+03 -7.708205e-03 3.784842e-02 3.349601e-02 1.736120e-02 9.478007e-03 2.462666e-02 8.856908e-02 1.775222e-02
4.287500e+03 3.012500e+03 1.225000e+03 3.945117e-02 3.784842e-02 2.964867e-02 1.736120e-02 5.912535e-02 2.462666e-02 9.278561e-02 1.775222e-02
4.387500e+03 3.012500e+03 1.225000e+03 1.285773e-02 3.784842e-02 5.804984e-02 1.736120e-02 1.013190e-01 2.462666e-02 1.078292e-01 1.775222e-02
4.487500e+03 3.012500e+03 1.200000e+03 1.079030e-01 3.784842e-02 9.351594e-02 1.736120e-02 9.839498e-02 2.462666e-02 9.226380e-02 1.775222e-02
4.587500e+03 3.012500e+03 1.150000e+03 5.500246e-02 3.784842e-02 7.299084e-02 1.736120e-02 1.242089e-01 2.462666e-02 9.640739e-02 1.775222e-02
4.687500e+03 3.012500e+03 1.150000e+03 8.105786e-02 3.784842e-02 5.420410e-02 1.736120e-02 1.196028e-01 2.462666e-02 1.618914e-01 1.775222e-02
4.787500e+03 3.012500e+03 1.150000e+03 9.552138e-02 3.784842e-02 2.633308e-02 1.736120e-02 1.200577e-01 2.462666e-02 1.476295e-01 1.775222e-02
4.887500e+03 3.012500e+03 1.175000e+03 6.284897e-02 3.784842e-02 3.385957e-02 1.736120e-02 1.381750e-01 2.462666e-02 1.658964e-01 1.775222e-02
4.987500e+03 3.012500e+03 1.175000e+03 5.264687e-02 3.784842e-02 3.909367e-02 1.736120e-02 1.670357e-01 2.462666e-02 1.849728e-01 1.775222e-02
5.087500e+03 3.012500e+03 1.200000e+03 8.342268e-02 3.784842e-02 4.389989e-02 1.736120e-02 1.370084e-01 2.462666e-02 1.486171e-01 1.775222e-02
5.187500e+03 3.012500e+03 1.200000e+03 5.438245e-02 3.784842e-02 2.725797e-02 1.736120e-02 1.671776e-01 2.462666e-02 1.660780e-01 1.775222e-02
5.287500e+03 3.012500e+03 1.200000e+03 1.042131e-01 3.784842e-02 5.065414e-02 1.736120e-02 1.062393e-01 2.462666e-02 1.741175e-01 1.775222e-02
5.387500e+03 3.012500e+03 1.225000e+03 6.889062e-02 3.784842e-02 4.098663e-02 1.736120e-02 7.085663e-02 2.462666e-02 1.453850e-01 1.775222e-02
5.487500e+03 3.012500e+03 1.200000e+03 8.006536e-02 3.784842e-02 7.771399e-02 1.736120e-02 6.689764e-02 2.462666e-02 1.820776e-01 1.775222e-02
5.587500e+03 3.012500e+03 1.200000e+03 1.118839e-01 3.784842e-02 6.604290e-02 1.736120e-02 8.292944e-02 2.462666e-02 1.736219e-01 1.775222e-02
5.687500e+03 3.012500e+03 1.200000e+03 1.470079e-01 3.784842e-02 9.708395e-02 1.736120e-02 8.722181e-02 2.462666e-02 1.654824e-01 1.775222e-02
5.787500e+03 3.012500e+03 1.225000e+03 1.366735e-01 3.784842e-02 7.626294e-02 1.736120e-02 8.917765e-02 2.462666e-02 1.648773e-01 1.775222e-02
5.887500e+03 3.012500e+03 1.225000e+03 1.045466e-01 3.784842e-02 3.030882e-02 1.736120e-02 1.562905e-01 2.462666e-02 1.387339e-01 1.775222e-02
5.987500e+03 3.012500e+03 1.225000e+03 2.516810e-01 3.784842e-02 6.894698e-03 1.736120e-02 2.292193e-01 2.462666e-02 9.894014e-02 1.775222e-02
6.087500e+03 3.012500e+03 1.225000e+03 3.068726e-01 3.784842e-02 -2.346037e-02 1.736120e-02 3.260066e-01 2.462666e-02 8.993708e-02 1.775222e-02
6.187500e+03 3.012500e+03 1.225000e+03 2.830204e-01 3.784842e-02 -3.342287e-02 1.736120e-02 1.771833e-01 2.462666e-02 1.169341e-01 1.775222e-02
6.287500e+03 3.012500e+03 1.250000e+03 1.997327e-01 3.784842e-02 -1.889703e-02 1.736120e-02 2.020847e-01 2.462666e-02 1.314186e-01 1.775222e-02
6.387500e+03 3.012500e+03 1.275000e+03 2.453182e-01 3.784842e-02 3.194084e-02 1.736120e-02 1.317502e-01 2.462666e-02 1.195935e-01 1.775222e-02
6.487500e+03 3.012500e+03 1.275000e+03 1.529436e-01 3.784842e-02 5.095859e-02 1.736120e-02 1.567982e-01 2.462666e-02 8.702555e-02 1.775222e-02
6.587500e+03 3.012500e+03 1.275000e+03 1.477194e-01 3.784842e-02 4.180725e-02 1.736120e-02 1.503439e-01 2.462666e-02 9.696310e-02 1.775222e-02
6.687500e+03 3.012500e+03 1.275000e+03 1.846093e-01 3.784842e-02 6.193071e-02 1.736120e-02 1.478086e-01 2.462666e-02 1.256087e-01 1.775222e-02
6.787500e+03 3.012500e+03 1.250000e+03 1.930201e-01 3.784842e-02 5.321522e-02 1.736120e-02 6.843797e-02 2.462666e-02 7.859884e-02 1.775222e-02
6.887500e+03 3.012500e+03 1.300000e+03 1.271445e-01 3.784842e-02 6.701833e-02 1.736120e-02 1.268616e-01 2.462666e-02 1.240236e-01 1.775222e-02
6.987500e+03 3.012500e+03 1.275000e+03 1.545162e-01 3.784842e-02 6.883585e-02 1.736120e-02 9.600353e-02 2.462666e-02 1.180514e-01 1.775222e-02
3.487500e+03 3.112500e+03 1.225000e+03 2.063851e-02 3.784842e-02 3.838165e-02 1.736120e-02 -6.605559e-02 2.462666e-02 7.268443e-02 1.775222e-02
3.587500e+03 3.112500e+03 1.250000e+03 1.884111e-02 3.784842e-02 7.801371e-03 1.736120e-02 -3.093699e-02 2.462666e-02 8.673365e-02 1.775222e-02
3.687500e+03 3.112500e+03 1.225000e+03 4.788194e-02 3.784842e-02 2.300923e-02 1.736120e-02 -8.164958e-03 2.462666e-02 6.267172e-02 1.775222e-02
3.787500e+03 3.112500e+03 1.225000e+03 5.723142e-02 3.784842e-02 -1.001834e-03 1.736120e-02 3.769840e-03 2.462666e-02 8.117555e-02 1.775222e-02
3.887500e+03 3.112500e+03 1.225000e+03 1.019800e-01 3.784842e-02 1.655162e-02 1.736120e-02 -3.378213e-02 2.462666e-02 6.785795e-02 1.775222e-02
3.987500e+03 3.112500e+03 1.250000e+03 -1.032647e-02 3.784842e-02 5.840370e-02 1.736120e-02 -1.535714e-02 2.462666e-02 9.213360e-02 1.775222e-02
4.087500e+03 3.112500e+03 1.225000e+03 3.257578e-02 3.784842e-02 2.404247e-02 1.736120e-02 -4.717477e-03 2.462666e-02 9.131935e-02 1.775222e-02
4.187500e+03 3.112500e+03 1.250000e+03 9.907244e-02 3.784842e-02 4.050604e-02 1.736120e-02 4.445963e-02 2.462666e-02 1.059231e-01 1.775222e-02
4.287500e+03 3.112500e+03 1.225000e+03 7.634666e-02 3.784842e-02 2.730319e-02 1.736120e-02 5.876553e-02 2.462666e-02 1.104524e-01 1.775222e-02
4.387500e+03 3.112500e+03 1.225000e+03 3.515913e-02 3.784842e-02 3.431981e-02 1.736120e-02 1.093820e-01 2.462666e-02 5.908437e-02 1.775222e-02
4.487500e+03 3.112500e+03 1.200000e+03 5.145448e-02 3.784842e-02 5.845874e-02 1.736120e-02 1.050441e-01 2.462666e-02 7.510411e-02 1.775222e-02
4.587500e+03 3.112500e+03 1.175000e+03 2.338350e-02 3.784842e-02 6.723638e-02 1.736120e-02 1.374412e-01 2.462666e-02 1.145224e-01 1.775222e-02
4.687500e+03 3.112500e+03 1.150000e+03 6.059262e-02 3.784842e-02 7.208288e-02 1.736120e-02 1.273441e-01 2.462666e-02 1.765445e-01 1.775222e-02
4.787500e+03 3.112500e+03 1.150000e+03 7.296588e-02 3.784842e-02 4.490241e-02 1.736120e-02 6.760037e-02 2.462666e-02 1.633375e-01 1.775222e-02
4.887500e+03 3.112500e+03 1.175000e+03 1.088918e-01 3.784842e-02 4.474200e-02 1.736120e-02 1.170223e-01 2.462666e-02 1.303066e-01 1.775222e-02
4.987500e+03 3.112500e+03 1.175000e+03 7.149292e-02 3.784842e-02 2.608146e-02 1.736120e-02 1.679986e-01 2.462666e-02 1.383944e-01 1.775222e-02
5.087500e+03 3.112500e+03 1.200000e+03 7.626201e-02 3.784842e-02 1.368182e-02 1.736120e-02 1.606156e-01 2.462666e-02 1.657872e-01 1.775222e-02
5.187500e+03 3.112500e+03 1.225000e+03 6.523354e-02 3.784842e-02 4.271218e-02 1.736120e-02 1.578720e-01 2.462666e-02 9.752815e-02 1.775222e-02
5.287500e+03 3.112500e+03 1.200000e+03 6.819272e-02 3.784842e-02 6.362473e-02 1.736120e-02 1.180355e-01 2.462666e-02 1.643816e-01 1.775222e-02
5.387500e+03 3.112500e+03 1.225000e+03 7.157379e-02 3.784842e-02 6.902082e-02 1.736120e-02 1.253098e-01 2.462666e-02 1.673025e-01 1.775222e-02
5.487500e+03 3.112500e+03 1.225000e+03 7.541468e-02 3.784842e-02 5.434445e-02 1.736120e-02 8.907590e-02 2.462666e-02 1.379336e-01 1.775222e-02
5.587500e+03 3.112500e+03 1.200000e+03 4.354947e-02 3.784842e-02 5.402519e-02 1.736120e-02 1.308055e-01 2.462666e-02 1.787367e-01 1.775222e-02
5.687500e+03 3.112500e+03 1.200000e+03 1.497667e-01 3.784842e-02 6.268359e-02 1.736120e-02 1.359904e-01 2.462666e-02 1.441828e-01 1.775222e-02
5.787500e+03 3.112500e+03 1.225000e+03 1.358012e-01 3.784842e-02 3.395368e-02 1.736120e-02 1.553590e-01 2.462666e-02 1.166158e-01 1.775222e-02
5.887500e+03 3.112500e+03 1.225000e+03 1.497914e-01 3.784842e-02 -3.120312e-03 1.736120e-02 2.249535e-01 2.462666e-02 8.702625e-02 1.775222e-02
5.987500e+03 3.112500e+03 1.225000e+03 1.897064e-01 3.784842e-02 -7.473657e-03 1.736120e-02 2.551418e-01 2.462666e-02 6.359402e-02 1.775222e-02
6.087500e+03 3.112500e+03 1.250000e+03 1.657079e-01 3.784842e-02 1.919998e-02 1.736120e-02 2.388003e-01 2.462666e-02 6.192509e-02 1.775222e-02
6.187500e+03 3.112500e+03 1.225000e+03 9.183444e-02 3.784842e-02 3.849693e-02 1.736120e-02 2.069267e-01 2.462666e-02 9.010334e-02 1.775222e-02
6.287500e+03 3.112500e+03 1.250000e+03 6.553335e-02 3.784842e-02 3.555605e-02 1.736120e-02 1.413410e-01 2.462666e-02 1.387211e-01 1.775222e-02
6.387500e+03 3.112500e+03 1.275000e+03 1.639755e-01 3.784842e-02 4.725145e-02 1.736120e-02 1.342974e-01 2.462666e-02 1.334199e-01 1.775222e-02
6.487500e+03 3.112500e+03 1.300000e+03 1.798859e-01 3.784842e-02 2.589539e-02 1.736120e-02 1.437773e-01 2.462666e-02 1.403874e-01 1.775222e-02
6.587500e+03 3.112500e+03 1.300000e+03 1.509491e-01 3.784842e-02 2.860483e-02 1.736120e-02 1.272908e-01 2.462666e-02 9.485634e-02 1.775222e-02
6.687500e+03 3.112500e+03 1.275000e+03 1.888459e-01 3.784842e-02 6.244055e-02 1.736120e-02 1.822233e-01 2.462666e-02 1.090418e-01 1.775222e-02
6.787500e+03 3.112500e+03 1.250000e+03 2.032865e-01 3.784842e-02 8.635658e-02 1.736120e-02 1.207902e-01 2.462666e-02 7.856961e-02 1.775222e-02
6.887500e+03 3.112500e+03 1.275000e+03 1.026127e-01 3.784842e-02 8.160672e-02 1.736120e-02 9.829437e-02 2.462666e-02 1.692025e-01 1.775222e-02
6.987500e+03 3.112500e+03 1.300000e+03 1.380822e-01 3.784842e-02 9.061872e-02 1.736120e-02 9.421224e-02 2.462666e-02 8.366212e-02 1.775222e-02
3.487500e+03 3.212500e+03 1.225000e+03 3.944920e-02 3.784842e-02 -6.075278e-03 1.736120e-02 -1.278366e-01 2.462666e-02 8.387065e-02 1.775222e-02
3.587500e+03 3.212500e+03 1.225000e+03 2.806854e-02 3.784842e-02 3.476686e-03 1.736120e-02 -5.800477e-02 2.462666e-02 9.440332e-02 1.775222e-02
3.687500e+03 3.212500e+03 1.250000e+03 4.019715e-02 3.784842e-02 1.351554e-02 1.736120e-02 6.292238e-03 2.462666e-02 5.226622e-02 1.775222e-02
3.787500e+03 3.212500e+03 1.225000e+03 1.106586e-02 3.784842e-02 4.606212e-02 1.736120e-02 1.076121e-02 2.462666e-02 6.808606e-02 1.775222e-02
3.887500e+03 3.212500e+03 1.200000e+03 2.816979e-03 3.784842e-02 3.019269e-02 1.736120e-02 3.749585e-03 2.462666e-02 8.450555e-02 1.775222e-02
3.987500e+03 3.212500e+03 1.200000e+03 1.262405e-01 3.784842e-02 -2.517967e-02 1.736120e-02 -9.996276e-03 2.462666e-02 1.167392e-01 1.775222e-02
4.087500e+03 3.212500e+03 1.225000e+03 2.983831e-02 3.784842e-02 -2.104793e-03 1.736120e-02 2.281606e-02 2.462666e-02 1.016555e-01 1.775222e-02
4.187500e+03 3.212500e+03 1.225000e+03 1.217538e-01 3.784842e-02 2.108817e-02 1.736120e-02 4.947704e-02 2.462666e-02 9.683728e-02 1.775222e-02
4.287500e+03 3.212500e+03 1.200000e+03 4.823902e-02 3.784842e-02 2.459875e-02 1.736120e-02 1.077458e-01 2.462666e-02 1.042948e-01 1.775222e-02
4.387500e+03 3.212500e+03 1.200000e+03 9.103540e-02 3.784842e-02 8.101023e-03 1.736120e-02 1.230427e-01 2.462666e-02 1.190772e-01 1.775222e-02
4.487500e+03 3.212500e+03 1.175000e+03 1.016332e-01 3.784842e-02 2.035814e-02 1.736120e-02 1.144647e-01 2.462666e-02 1.235002e-01 1.775222e-02
4.587500e+03 3.212500e+03 1.150000e+03 8.062956e-02 3.784842e-02 1.874189e-02 1.736120e-02 1.321243e-01 2.462666e-02 1.563619e-01 1.775222e-02
4.687500e+03 3.212500e+03 1.150000e+03 9.737084e-02 3.784842e-02 1.611651e-02 1.736120e-02 1.299994e-01 2.462666e-02 1.353471e-01 1.775222e-02
4.787500e+03 3.212500e+03 1.150000e+03 5.627103e-02 3.784842e-02 4.264263e-02 1.736120e-02 1.224679e-01 2.462666e-02 1.387042e-01 1.775222e-02
4.887500e+03 3.212500e+03 1.175000e+03 8.055281e-02 3.784842e-02 7.656582e-03 1.736120e-02 1.776239e-01 2.462666e-02 1.579505e-01 1.775222e-02
4.987500e+03 3.212500e+03 1.200000e+03 8.138929e-02 3.784842e-02 4.889839e-02 1.736120e-02 1.345934e-01 2.462666e-02 1.571969e-01 1.775222e-02
5.087500e+03 3.212500e+03 1.200000e+03 4.394826e-02 3.784842e-02 4.365435e-02 1.736120e-02 1.519373e-01 2.462666e-02 1.478301e-01 1.775222e-02
5.187500e+03 3.212500e+03 1.225000e+03 -1.381847e-02 3.784842e-02 6.344780e-02 1.736120e-02 1.526915e-01 2.462666e-02 1.919936e-01 1.775222e-02
5.287500e+03 3.212500e+03 1.225000e+03 -3.663007e-02 3.784842e-02 4.771044e-02 1.736120e-02 1.214129e-01 2.462666e-02 1.263672e-01 1.775222e-02
5.387500e+03 3.212500e+03 1.225000e+03 4.963193e-02 3.784842e-02 3.305219e-02 1.736120e-02 1.395534e-01 2.462666e-02 1.726007e-01 1.775222e-02
5.487500e+03 3.212500e+03 1.250000e+03 3.389412e-02 3.784842e-02 6.083013e-02 1.736120e-02 1.419637e-01 2.462666e-02 1.694229e-01 1.775222e-02
5.587500e+03 3.212500e+03 1.225000e+03 6.753094e-02 3.784842e-02 4.959541e-02 1.736120e-02 1.664473e-01 2.462666e-02 1.580558e-01 1.775222e-02
5.687500e+03 3.212500e+03 1.200000e+03 1.894747e-01 3.784842e-02 2.805171e-02 1.736120e-02 1.621857e-01 2.462666e-02 1.489983e-01 1.775222e-02
5.787500e+03 3.212500e+03 1.225000e+03 1.415644e-01 3.784842e-02 -1.455264e-02 1.736120e-02 1.776737e-01 2.462666e-02 1.322574e-01 1.775222e-02
5.887500e+03 3.212500e+03 1.250000e+03 1.498185e-01 3.784842e-02 1.129852e-02 1.736120e-02 2.031293e-01 2.462666e-02 1.047598e-01 1.775222e-02
5.987500e+03 3.212500e+03 1.250000e+03 1.533525e-01 3.784842e-02 6.230286e-02 1.736120e-02 2.160121e-01 2.462666e-02 9.242485e-02 1.775222e-02
6.087500e+03 3.212500e+03 1.250000e+03 1.368492e-01 3.784842e-02 3.798139e-02 1.736120e-02 1.409042e-01 2.462666e-02 1.048924e-01 1.775222e-02
6.187500e+03 3.212500e+03 1.250000e+03 6.660375e-02 3.784842e-02 5.811684e-02 1.736120e-02 1.440180e-01 2.462666e-02 9.738753e-02 1.775222e-02
6.287500e+03 3.212500e+03 1.250000e+03 1.318979e-01 3.784842e-02 7.558714e-02 1.736120e-02 1.591324e-01 2.462666e-02 1.112772e-01 1.775222e-02
6.387500e+03 3.212500e+03 1.250000e+03 9.148141e-02 3.784842e-02 5.462432e-02 1.736120e-02 1.414883e-01 2.462666e-02 1.287610e-01 1.775222e-02
6.487500e+03 3.212500e+03 1.275000e+03 8.295400e-02 3.784842e-02 8.422226e-02 1.736120e-02 9.852768e-02 2.462666e-02 1.169499e-01 1.775222e-02
6.587500e+03 3.212500e+03 1.300000e+03 1.267055e-01 3.784842e-02 1.051153e-01 1.736120e-02 1.060387e-01 2.462666e-02 8.243265e-02 1.775222e-02
6.687500e+03 3.212500e+03 1.275000e+03 9.055364e-02 3.784842e-02 1.025832e-01 1.736120e-02 1.171843e-01 2.462666e-02 1.019671e-01 1.775222e-02
6.787500e+03 3.212500e+03 1.275000e+03 1.333642e-01 3.784842e-02 1.019315e-01 1.736120e-02 8.037608e-02 2.462666e-02 9.976467e-02 1.775222e-02
6.887500e+03 3.212500e+03 1.275000e+03 1.358994e-01 3.784842e-02 8.695648e-02 1.736120e-02 1.318235e-01 2.462666e-02 7.140251e-02 1.775222e-02
6.987500e+03 3.212500e+03 1.300000e+03 1.262188e-01 3.784842e-02 9.401777e-02 1.736120e-02 7.670502e-02 2.462666e-02 1.120503e-01 1.775222e-02
3.487500e+03 3.312500e+03 1.200000e+03 9.454061e-06 3.784842e-02 1.399146e-02 1.736120e-02 -3.011365e-02 2.462666e-02 4.259284e-02 1.775222e-02
3.587500e+03 3.312500e+03 1.225000e+03 3.702546e-02 3.784842e-02 4.766130e-02 1.736120e-02 -4.064451e-02 2.462666e-02 4.427231e-02 1.775222e-02
3.687500e+03 3.312500e+03 1.250000e+03 -2.776983e-03 3.784842e-02 3.474183e-02 1.736120e-02 9.108163e-03 2.462666e-02 4.678498e-02 1.775222e-02
3.787500e+03 3.312500e+03 1.225000e+03 1.077169e-01 3.784842e-02 1.830038e-02 1.736120e-02 -1.961002e-02 2.462666e-02 5.615238e-02 1.775222e-02
3.887500e+03 3.312500e+03 1.200000e+03 4.606199e-03 3.784842e-02 6.881471e-02 1.736120e-02 -1.169095e-02 2.462666e-02 5.686755e-02 1.775222e-02
3.987500e+03 3.312500e+03 1.200000e+03 1.256135e-01 3.784842e-02 2.205533e-02 1.736120e-02 2.612293e-02 2.462666e-02 5.982510e-02 1.775222e-02
4.087500e+03 3.312500e+03 1.200000e+03 9.820499e-02 3.784842e-02 3.293686e-02 1.736120e-02 3.137375e-03 2.462666e-02 1.202280e-01 1.775222e-02
4.187500e+03 3.312500e+03 1.225000e+03 4.707105e-02 3.784842e-02 -1.589905e-02 1.736120e-02 2.566288e-02 2.462666e-02 1.141632e-01 1.775222e-02
4.287500e+03 3.312500e+03 1.225000e+03 4.835328e-02 3.784842e-02 3.570848e-02 1.736120e-02 1.001733e-01 2.462666e-02 8.530996e-02 1.775222e-02
4.387500e+03 3.312500e+03 1.200000e+03 5.019042e-02 3.784842e-02 2.857402e-02 1.736120e-02 1.007905e-01 2.462666e-02 8.743434e-02 1.775222e-02
4.487500e+03 3.312500e+03 1.150000e+03 4.771320e-02 3.784842e-02 4.548816e-02 1.736120e-02 1.112561e-01 2.462666e-02 7.183778e-02 1.775222e-02
4.587500e+03 3.312500e+03 1.150000e+03 8.387109e-02 3.784842e-02 8.697046e-03 1.736120e-02 1.120741e-01 2.462666e-02 1.336498e-01 1.775222e-02
4.687500e+03 3.312500e+03 1.150000e+03 9.539867e-02 3.784842e-02 2.818045e-02 1.736120e-02 9.489255e-02 2.462666e-02 1.270677e-01 1.775222e-02
4.787500e+03 3.312500e+03 1.175000e+03 1.255847e-03 3.784842e-02 4.612487e-02 1.736120e-02 1.123931e-01 2.462666e-02 1.341812e-01 1.775222e-02
4.887500e+03 3.312500e+03 1.175000e+03 4.178992e-02 3.784842e-02 2.155480e-02 1.736120e-02 1.813148e-01 2.462666e-02 1.102136e-01 1.775222e-02
4.987500e+03 3.312500e+03 1.200000e+03 3.172005e-02 3.784842e-02 2.590475e-02 1.736120e-02 1.654239e-01 2.462666e-02 1.593090e-01 1.775222e-02
5.087500e+03 3.312500e+03 1.225000e+03 -3.887333e-02 3.784842e-02 4.684515e-02 1.736120e-02 1.636963e-01 2.462666e-02 1.641821e-01 1.775222e-02
5.187500e+03 3.312500e+03 1.225000e+03 2.086387e-02 3.784842e-02 8.451714e-02 1.736120e-02 1.847558e-01 2.462666e-02 1.248818e-01 1.775222e-02
5.287500e+03 3.312500e+03 1.225000e+03 2.501738e-02 3.784842e-02 4.757136e-02 1.736120e-02 1.312670e-01 2.462666e-02 1.488611e-01 1.775222e-02
5.387500e+03 3.312500e+03 1.225000e+03 -1.140839e-01 3.784842e-02 3.140955e-02 1.736120e-02 1.178508e-01 2.462666e-02 1.805447e-01 1.775222e-02
5.487500e+03 3.312500e+03 1.250000e+03 4.007368e-02 3.784842e-02 8.715937e-03 1.736120e-02 2.307584e-01 2.462666e-02 1.221646e-01 1.775222e-02
5.587500e+03 3.312500e+03 1.225000e+03 6.409221e-02 3.784842e-02 -1.742049e-02 1.736120e-02 2.164429e-01 2.462666e-02 1.296512e-01 1.775222e-02
5.687500e+03 3.312500e+03 1.225000e+03 1.445208e-01 3.784842e-02 -2.417032e-02 1.736120e-02 2.513868e-01 2.462666e-02 1.239273e-01 1.775222e-02
5.787500e+03 3.312500e+03 1.225000e+03 8.866966e-02 3.784842e-02 -7.599697e-03 1.736120e-02 1.728775e-01 2.462666e-02 9.252831e-02 1.775222e-02
5.887500e+03 3.312500e+03 1.250000e+03 5.323783e-02 3.784842e-02 2.300285e-02 1.736120e-02 2.087606e-01 2.462666e-02 1.147201e-01 1.775222e-02
5.987500e+03 3.312500e+03 1.250000e+03 6.051013e-02 3.784842e-02 1.142678e-02 1.736120e-02 2.374012e-01 2.462666e-02 1.311853e-01 1.775222e-02
6.087500e+03 3.312500e+03 1.250000e+03 5.102352e-02 3.784842e-02 6.474761e-02 1.736120e-02 1.194719e-01 2.462666e-02 8.845066e-02 1.775222e-02
6.187500e+03 3.312500e+03 1.275000e+03 4.289163e-02 3.784842e-02 3.002218e-02 1.736120e-02 1.658600e-01 2.462666e-02 1.229115e-01 1.775222e-02
6.287500e+03 3.312500e+03 1.275000e+03 6.436907e-02 3.784842e-02 2.066567e-02 1.736120e-02 1.104347e-01 2.462666e-02 1.183220e-01 1.775222e-02
6.387500e+03 3.312500e+03 1.275000e+03 5.220226e-02 3.784842e-02 8.479603e-02 1.736120e-02 1.178830e-01 2.462666e-02 1.135688e-01 1.775222e-02
6.487500e+03 3.312500e+03 1.300000e+03 5.245900e-02 3.784842e-02 4.804152e-02 1.736120e-02 9.873705e-02 2.462666e-02 1.146276e-01 1.775222e-02
6.587500e+03 3.312500e+03 1.300000e+03 1.053513e-01 3.784842e-02 9.290354e-02 1.736120e-02 1.606838e-01 2.462666e-02 1.152884e-01 1.775222e-02
6.687500e+03 3.312500e+03 1.275000e+03 9.057216e-02 3.784842e-02 8.467796e-02 1.736120e-02 1.259103e-01 2.462666e-02 8.927338e-02 1.775222e-02
6.787500e+03 3.312500e+03 1.275000e+03 9.901834e-02 3.784842e-02 8.734280e-02 1.736120e-02 1.152017e-01 2.462666e-02 8.606889e-02 1.775222e-02
6.887500e+03 3.312500e+03 1.275000e+03 6.462093e-02 3.784842e-02 7.832350e-02 1.736120e-02 5.939120e-02 2.462666e-02 1.156802e-01 1.775222e-02
6.987500e+03 3.312500e+03 1.275000e+03 1.408694e-01 3.784842e-02 7.976214e-02 1.736120e-02 7.464723e-02 2.462666e-02 1.144661e-01 1.775222e-02
3.487500e+03 3.412500e+03 1.225000e+03 4.799924e-02 3.784842e-02 2.036036e-02 1.736120e-02 -1.560802e-02 2.462666e-02 4.656191e-02 1.775222e-02
3.587500e+03 3.412500e+03 1.225000e+03 -4.705105e-02 3.784842e-02 -4.185473e-03 1.736120e-02 -5.688646e-02 2.462666e-02 9.780381e-02 1.775222e-02
3.687500e+03 3.412500e+03 1.250000e+03 5.132899e-02 3.784842e-02 -1.748816e-02 1.736120e-02 1.790662e-02 2.462666e-02 6.255118e-02 1.775222e-02
3.787500e+03 3.412500e+03 1.250000e+03 1.922462e-02 3.784842e-02 2.654883e-02 1.736120e-02 7.891568e-02 2.462666e-02 9.446283e-02 1.775222e-02
3.887500e+03 3.412500e+03 1.225000e+03 5.154267e-02 3.784842e-02 -2.108818e-02 1.736120e-02 4.509851e-02 2.462666e-02 5.103503e-02 1.775222e-02
3.987500e+03 3.412500e+03 1.200000e+03 4.843080e-02 3.784842e-02 1.206522e-02 1.736120e-02 2.795287e-02 2.462666e-02 1.005165e-01 1.775222e-02
4.087500e+03 3.412500e+03 1.175000e+03 1.089038e-01 3.784842e-02 3.248714e-02 1.736120e-02 3.771173e-02 2.462666e-02 1.068852e-01 1.775222e-02
4.187500e+03 3.412500e+03 1.200000e+03 2.169656e-02 3.784842e-02 -2.379053e-02 1.736120e-02 1.181509e-02 2.462666e-02 1.069405e-01 1.775222e-02
4.287500e+03 3.412500e+03 1.200000e+03 5.483867e-02 3.784842e-02 -7.649623e-03 1.736120e-02 5.662502e-02 2.462666e-02 9.788736e-02 1.775222e-02
4.387500e+03 3.412500e+03 1.175000e+03 1.451850e-01 3.784842e-02 8.361169e-03 1.736120e-02 7.501618e-02 2.462666e-02 8.151094e-02 1.775222e-02
4.487500e+03 3.412500e+03 1.150000e+03 1.003073e-01 3.784842e-02 1.123547e-02 1.736120e-02 8.416794e-02 2.462666e-02 1.206306e-01 1.775222e-02
4.587500e+03 3.412500e+03 1.150000e+03 4.195045e-02 3.784842e-02 2.079127e-02 1.736120e-02 9.752883e-02 2.462666e-02 1.192285e-01 1.775222e-02
4.687500e+03 3.412500e+03 1.150000e+03 5.396183e-02 3.784842e-02 4.545587e-02 1.736120e-02 1.244997e-01 2.462666e-02 1.562543e-01 1.775222e-02
4.787500e+03 3.412500e+03 1.175000e+03 1.212292e-02 3.784842e-02 3.629649e-02 1.736120e-02 1.443419e-01 2.462666e-02 1.540609e-01 1.775222e-02
4.887500e+03 3.412500e+03 1.175000e+03 2.606800e-03 3.784842e-02 6.735625e-02 1.736120e-02 1.985672e-01 2.462666e-02 1.369279e-01 1.775222e-02
4.987500e+03 3.412500e+03 1.175000e+03 -6.454006e-02 3.784842e-02 8.749843e-02 1.736120e-02 1.861766e-01 2.462666e-02 1.344528e-01 1.775222e-02
5.087500e+03 3.412500e+03 1.175000e+03 -2.343541e-03 3.784842e-02 8.893531e-02 1.736120e-02 1.741634e-01 2.462666e-02 1.345285e-01 1.775222e-02
5.187500e+03 3.412500e+03 1.200000e+03 9.801127e-03 3.784842e-02 3.103712e-02 1.736120e-02 1.095963e-01 2.462666e-02 1.313036e-01 1.775222e-02
5.287500e+03 3.412500e+03 1.225000e+03 -1.903063e-02 3.784842e-02 1.125671e-02 1.736120e-02 2.000022e-01 2.462666e-02 1.271945e-01 1.775222e-02
5.387500e+03 3.412500e+03 1.250000e+03 -2.654934e-02 3.784842e-02 3.928709e-03 1.736120e-02 1.694662e-01 2.462666e-02 1.390458e-01 1.775222e-02
5.487500e+03 3.412500e+03 1.250000e+03 -9.374284e-04 3.784842e-02 3.097378e-02 1.736120e-02 1.627829e-01 2.462666e-02 1.365320e-01 1.775222e-02
5.587500e+03 3.412500e+03 1.250000e+03 4.473379e-02 3.784842e-02 2.606630e-02 1.736120e-02 2.003103e-01 2.462666e-02 1.009235e-01 1.775222e-02
5.687500e+03 3.412500e+03 1.225000e+03 -1.142524e-03 3.784842e-02 4.038922e-02 1.736120e-02 1.609020e-01 2.462666e-02 1.174556e-01 1.775222e-02
5.787500e+03 3.412500e+03 1.225000e+03 -3.049549e-02 3.784842e-02 4.437695e-02 1.736120e-02 1.593573e-01 2.462666e-02 1.634734e-01 1.775222e-02
5.887500e+03 3.412500e+03 1.250000e+03 -3.666684e-02 3.784842e-02 1.710689e-02 1.736120e-02 1.075773e-01 2.462666e-02 1.475126e-01 1.775222e-02
5.987500e+03 3.412500e+03 1.250000e+03 4.522810e-02 3.784842e-02 6.706118e-02 1.736120e-02 1.245303e-01 2.462666e-02 1.371068e-01 1.775222e-02
6.087500e+03 3.412500e+03 1.250000e+03 -3.698847e-02 3.784842e-02 4.807683e-02 1.736120e-02 1.450961e-01 2.462666e-02 1.273883e-01 1.775222e-02
6.187500e+03 3.412500e+03 1.275000e+03 4.809044e-02 3.784842e-02 4.520124e-02 1.736120e-02 1.216465e-01 2.462666e-02 1.214704e-01 1.775222e-02
6.287500e+03 3.412500e+03 1.300000e+03 5.054013e-02 3.784842e-02 9.038397e-02 1.736120e-02 1.611901e-01 2.462666e-02 1.356874e-01 1.775222e-02
6.387500e+03 3.412500e+03 1.275000e+03 5.609308e-02 3.784842e-02 5.865975e-02 1.736120e-02 9.652579e-02 2.462666e-02 9.863114e-02 1.775222e-02
6.487500e+03 3.412500e+03 1.300000e+03 8.714370e-02 3.784842e-02 8.618050e-02 1.736120e-02 1.419317e-01 2.462666e-02 1.391291e-01 1.775222e-02
6.587500e+03 3.412500e+03 1.325000e+03 -1.553476e-02 3.784842e-02 7.930125e-02 1.736120e-02 1.220860e-01 2.462666e-02 1.045777e-01 1.775222e-02
6.687500e+03 3.412500e+03 1.300000e+03 8.060028e-02 3.784842e-02 1.266405e-01 1.736120e-02 1.064304e-01 2.462666e-02 1.006239e-01 1.775222e-02
6.787500e+03 3.412500e+03 1.275000e+03 4.771636e-03 3.784842e-02 4.301739e-02 1.736120e-02 9.828682e-02 2.462666e-02 1.312768e-01 1.775222e-02
6.887500e+03 3.412500e+03 1.300000e+03 8.603979e-02 3.784842e-02 7.980582e-02 1.736120e-02 8.040869e-02 2.462666e-02 9.571265e-02 1.775222e-02
6.987500e+03 3.412500e+03 1.300000e+03 8.787108e-02 3.784842e-02 1.170816e-01 1.736120e-02 8.524743e-02 2.462666e-02 1.302291e-01 1.775222e-02
3.487500e+03 3.512500e+03 1.225000e+03 -9.355227e-03 3.784842e-02 1.351140e-02 1.736120e-02 1.465095e-02 2.462666e-02 4.968578e-02 1.775222e-02
3.587500e+03 3.512500e+03 1.225000e+03 6.402581e-02 3.784842e-02 9.859431e-03 1.736120e-02 1.584288e-02 2.462666e-02 5.809269e-02 1.775222e-02
3.687500e+03 3.512500e+03 1.225000e+03 9.212060e-02 3.784842e-02 1.026547e-02 1.736120e-02 7.234960e-03 2.462666e-02 5.125344e-02 1.775222e-02
3.787500e+03 3.512500e+03 1.225000e+03 9.887376e-02 3.784842e-02 7.448171e-03 1.736120e-02 2.770667e-02 2.462666e-02 7.238532e-02 1.775222e-02
3.887500e+03 3.512500e+03 1.225000e+03 7.870437e-02 3.784842e-02 1.590211e-02 1.736120e-02 4.449937e-02 2.462666e-02 7.633198e-02 1.775222e-02
3.987500e+03 3.512500e+03 1.225000e+03 8.016471e-02 3.784842e-02 6.367886e-02 1.736120e-02 6.491740e-02 2.462666e-02 7.562471e-02 1.775222e-02
4.087500e+03 3.512500e+03 1.175000e+03 8.357524e-02 3.784842e-02 9.381131e-03 1.736120e-02 7.641056e-02 2.462666e-02 1.156952e-01 1.775222e-02
4.187500e+03 3.512500e+03 1.175000e+03 1.709486e-01 3.784842e-02 2.952688e-03 1.736120e-02 3.466059e-02 2.462666e-02 9.755253e-02 1.775222e-02
4.287500e+03 3.512500e+03 1.200000e+03 9.425368e-02 3.784842e-02 1.542423e-02 1.736120e-02 8.972220e-02 2.462666e-02 1.027353e-01 1.775222e-02
4.387500e+03 3.512500e+03 1.175000e+03 6.563381e-02 3.784842e-02 -3.110434e-02 1.736120e-02 1.148972e-01 2.462666e-02 1.107844e-01 1.775222e-02
4.487500e+03 3.512500e+03 1.150000e+03 5.446522e-02 3.784842e-02 -1.948919e-02 1.736120e-02 9.843009e-02 2.462666e-02 1.436562e-01 1.775222e-02
4.587500e+03 3.512500e+03 1.150000e+03 4.553635e-02 3.784842e-02 -2.044119e-02 1.736120e-02 6.415644e-02 2.462666e-02 1.667088e-01 1.775222e-02
4.687500e+03 3.512500e+03 1.175000e+03 8.097974e-02 3.784842e-02 5.659606e-02 1.736120e-02 6.101997e-02 2.462666e-02 1.711011e-01 1.775222e-02
4.787500e+03 3.512500e+03 1.175000e+03 1.439700e-02 3.784842e-02 3.278415e-02 1.736120e-02 1.093079e-01 2.462666e-02 1.813105e-01 1.775222e-02
4.887500e+03 3.512500e+03 1.175000e+03 -2.436868e-02 3.784842e-02 7.058915e-02 1.736120e-02 1.521496e-01 2.462666e-02 1.715529e-01 1.775222e-02
4.987500e+03 3.512500e+03 1.175000e+03 -1.061387e-01 3.784842e-02 8.824029e-02 1.736120e-02 1.716987e-01 2.462666e-02 1.406781e-01 1.775222e-02
5.087500e+03 3.512500e+03 1.200000e+03 -1.795509e-01 3.784842e-02 1.042508e-01 1.736120e-02 1.660253e-01 2.462666e-02 1.748178e-01 1.775222e-02
5.187500e+03 3.512500e+03 1.200000e+03 -4.089839e-02 3.784842e-02 4.343018e-02 1.736120e-02 2.770869e-01 2.462666e-02 8.161019e-02 1.775222e-02
5.287500e+03 3.512500e+03 1.200000e+03 -3.213602e-02 3.784842e-02 3.256977e-02 1.736120e-02 2.283983e-01 2.462666e-02 1.184366e-01 1.775222e-02
5.387500e+03 3.512500e+03 1.225000e+03 -6.338376e-02 3.784842e-02 8.676882e-02 1.736120e-02 1.622377e-01 2.462666e-02 1.273007e-01 1.775222e-02
5.487500e+03 3.512500e+03 1.250000e+03 -5.817059e-02 3.784842e-02 4.364369e-02 1.736120e-02 2.187558e-01 2.462666e-02 1.365360e-01 1.775222e-02
5.587500e+03 3.512500e+03 1.250000e+03 -1.651133e-02 3.784842e-02 6.194905e-02 1.736120e-02 2.148854e-01 2.462666e-02 1.326559e-01 1.775222e-02
5.687500e+03 3.512500e+03 1.250000e+03 -5.980925e-03 3.784842e-02 6.536615e-02 1.736120e-02 2.361854e-01 2.462666e-02 1.332686e-01 1.775222e-02
5.787500e+03 3.512500e+03 1.225000e+03 -1.422992e-01 3.784842e-02 3.839137e-02 1.736120e-02 1.906475e-01 2.462666e-02 1.498563e-01 1.775222e-02
5.887500e+03 3.512500e+03 1.225000e+03 -8.645179e-02 3.784842e-02 1.583911e-02 1.736120e-02 1.516998e-01 2.462666e-02 1.227749e-01 1.775222e-02
5.987500e+03 3.512500e+03 1.250000e+03 -2.509611e-02 3.784842e-02 6.160442e-02 1.736120e-02 1.664519e-01 2.462666e-02 1.386769e-01 1.775222e-02
6.087500e+03 3.512500e+03 1.275000e+03 -8.880077e-02 3.784842e-02 2.950607e-02 1.736120e-02 1.203812e-01 2.462666e-02 1.584790e-01 1.775222e-02
6.187500e+03 3.512500e+03 1.300000e+03 3.913030e-02 3.784842e-02 3.740329e-02 1.736120e-02 1.238493e-01 2.462666e-02 1.311929e-01 1.775222e-02
6.287500e+03 3.512500e+03 1.300000e+03 -7.697380e-02 3.784842e-02 8.779605e-02 1.736120e-02 9.458306e-02 2.462666e-02 1.461086e-01 1.775222e-02
6.387500e+03 3.512500e+03 1.275000e+03 1.592342e-02 3.784842e-02 6.669167e-02 1.736120e-02 1.163324e-01 2.462666e-02 1.163533e-01 1.775222e-02
6.487500e+03 3.512500e+03 1.300000e+03 -4.644521e-03 3.784842e-02 9.757819e-02 1.736120e-02 1.415752e-01 2.462666e-02 1.318769e-01 1.775222e-02
6.587500e+03 3.512500e+03 1.325000e+03 3.169140e-02 3.784842e-02 6.774418e-02 1.736120e-02 1.314263e-01 2.462666e-02 1.075071e-01 1.775222e-02
6.687500e+03 3.512500e+03 1.325000e+03 4.818984e-02 3.784842e-02 7.797969e-02 1.736120e-02 1.102458e-01 2.462666e-02 1.083581e-01 1.775222e-02
6.787500e+03 3.512500e+03 1.300000e+03 4.990785e-02 3.784842e-02 1.041331e-01 1.736120e-02 1.260682e-01 2.462666e-02 7.441468e-02 1.775222e-02
6.887500e+03 3.512500e+03 1.300000e+03 3.132532e-02 3.784842e-02 1.022710e-01 1.736120e-02 1.123348e-01 2.462666e-02 7.945272e-02 1.775222e-02
6.987500e+03 3.512500e+03 1.300000e+03 7.406678e-02 3.784842e-02 6.172754e-02 1.736120e-02 1.520842e-01 2.462666e-02 1.353930e-01 1.775222e-02
3.487500e+03 3.612500e+03 1.225000e+03 -2.918595e-03 3.784842e-02 3.780931e-02 1.736120e-02 1.868682e-04 2.462666e-02 5.729730e-02 1.775222e-02
3.587500e+03 3.612500e+03 1.200000e+03 6.413565e-02 3.784842e-02 5.519427e-02 1.736120e-02 5.115566e-03 2.462666e-02 3.706762e-02 1.775222e-02
3.687500e+03 3.612500e+03 1.200000e+03 8.708335e-02 3.784842e-02 6.971925e-03 1.736120e-02 5.874350e-02 2.462666e-02 8.164329e-02 1.775222e-02
3.787500e+03 3.612500e+03 1.200000e+03 1.120246e-01 3.784842e-02 -3.811501e-02 1.736120e-02 3.747487e-02 2.462666e-02 6.305405e-02 1.775222e-02
3.887500e+03 3.612500e+03 1.200000e+03 1.105010e-01 3.784842e-02 -2.486573e-02 1.736120e-02 8.088907e-02 2.462666e-02 8.297801e-02 1.775222e-02
3.987500e+03 3.612500e+03 1.200000e+03 8.676730e-02 3.784842e-02 -4.339841e-03 1.736120e-02 6.760040e-03 2.462666e-02 8.896697e-02 1.775222e-02
4.087500e+03 3.612500e+03 1.175000e+03 6.020825e-02 3.784842e-02 7.975183e-03 1.736120e-02 8.463742e-02 2.462666e-02 8.678400e-02 1.775222e-02
4.187500e+03 3.612500e+03 1.175000e+03 7.798508e-02 3.784842e-02 -8.128044e-03 1.736120e-02 1.280826e-01 2.462666e-02 1.441192e-01 1.775222e-02
4.287500e+03 3.612500e+03 1.175000e+03 7.139304e-02 3.784842e-02 -2.347895e-02 1.736120e-02 7.859146e-02 2.462666e-02 1.150242e-01 1.775222e-02
4.387500e+03 3.612500e+03 1.150000e+03 1.371327e-01 3.784842e-02 -1.062660e-02 1.736120e-02 9.151759e-02 2.462666e-02 1.043779e-01 1.775222e-02
4.487500e+03 3.612500e+03 1.150000e+03 7.531812e-02 3.784842e-02 1.056978e-02 1.736120e-02 6.780457e-02 2.462666e-02 1.514611e-01 1.775222e-02
4.587500e+03 3.612500e+03 1.150000e+03 7.771016e-02 3.784842e-02 -2.276178e-02 1.736120e-02 7.178167e-02 2.462666e-02 1.403618e-01 1.775222e-02
4.687500e+03 3.612500e+03 1.175000e+03 1.657496e-02 3.784842e-02 1.713848e-02 1.736120e-02 5.270487e-02 2.462666e-02 1.632227e-01 1.775222e-02
4.787500e+03 3.612500e+03 1.175000e+03 -1.049561e-02 3.784842e-02 1.739196e-02 1.736120e-02 2.659682e-02 2.462666e-02 1.598207e-01 1.775222e-02
4.887500e+03 3.612500e+03 1.175000e+03 5.061980e-02 3.784842e-02 -5.272493e-02 1.736120e-02 -1.132886e-03 2.462666e-02 2.110867e-01 1.775222e-02
4.987500e+03 3.612500e+03 1.200000e+03 3.389186e-02 3.784842e-02 3.132458e-02 1.736120e-02 9.599734e-02 2.462666e-02 1.561934e-01 1.775222e-02
5.087500e+03 3.612500e+03 1.200000e+03 -1.406327e-01 3.784842e-02 9.611460e-02 1.736120e-02 3.128707e-01 2.462666e-02 5.727083e-02 1.775222e-02
5.187500e+03 3.612500e+03 1.200000e+03 -1.292243e-01 3.784842e-02 7.351677e-02 1.736120e-02 2.519426e-01 2.462666e-02 8.894370e-02 1.775222e-02
5.287500e+03 3.612500e+03 1.225000e+03 -1.658094e-01 3.784842e-02 7.075447e-02 1.736120e-02 1.484425e-01 2.462666e-02 1.463913e-01 1.775222e-02
5.387500e+03 3.612500e+03 1.250000e+03 -1.130145e-01 3.784842e-02 7.866483e-02 1.736120e-02 1.848439e-01 2.462666e-02 1.236828e-01 1.775222e-02
5.487500e+03 3.612500e+03 1.275000e+03 -1.423894e-01 3.784842e-02 6.200563e-02 1.736120e-02 1.486793e-01 2.462666e-02 1.033184e-01 1.775222e-02
5.587500e+03 3.612500e+03 1.275000e+03 -8.684240e-02 3.784842e-02 8.326847e-02 1.736120e-02 1.595563e-01 2.462666e-02 1.140271e-01 1.775222e-02
5.687500e+03 3.612500e+03 1.250000e+03 -1.314345e-01 3.784842e-02 7.456808e-02 1.736120e-02 1.832124e-01 2.462666e-02 1.198969e-01 1.775222e-02
5.787500e+03 3.612500e+03 1.250000e+03 -4.148206e-02 3.784842e-02 5.433665e-02 1.736120e-02 1.758581e-01 2.462666e-02 1.358221e-01 1.775222e-02
5.887500e+03 3.612500e+03 1.250000e+03 -9.543865e-02 3.784842e-02 5.251845e-02 1.736120e-02 1.394772e-01 2.462666e-02 1.371270e-01 1.775222e-02
5.987500e+03 3.612500e+03 1.250000e+03 -5.568058e-02 3.784842e-02 2.817493e-02 1.736120e-02 1.490048e-01 2.462666e-02 1.042761e-01 1.775222e-02
6.087500e+03 3.612500e+03 1.275000e+03 -3.143389e-02 3.784842e-02 3.719777e-02 1.736120e-02 1.062532e-01 2.462666e-02 1.573449e-01 1.775222e-02
6.187500e+03 3.612500e+03 1.300000e+03 -6.380723e-02 3.784842e-02 6.819257e-02 1.736120e-02 1.413312e-01 2.462666e-02 1.212137e-01 1.775222e-02
6.287500e+03 3.612500e+03 1.300000e+03 1.932572e-02 3.784842e-02 6.929062e-02 1.736120e-02 1.107100e-01 2.462666e-02 1.273894e-01 1.775222e-02
6.387500e+03 3.612500e+03 1.300000e+03 -3.151398e-02 3.784842e-02 9.318737e-02 1.736120e-02 1.324787e-01 2.462666e-02 1.175212e-01 1.775222e-02
6.487500e+03 3.612500e+03 1.300000e+03 -5.175715e-02 3.784842e-02 1.118385e-01 1.736120e-02 1.210349e-01 2.462666e-02 1.152407e-01 1.775222e-02
6.587500e+03 3.612500e+03 1.325000e+03 -2.839833e-02 3.784842e-02 6.989371e-02 1.736120e-02 1.160690e-01 2.462666e-02 1.123870e-01 1.775222e-02
6.687500e+03 3.612500e+03 1.325000e+03 -1.379599e-02 3.784842e-02 1.220038e-01 1.736120e-02 1.224049e-01 2.462666e-02 1.079230e-01 1.775222e-02
6.787500e+03 3.612500e+03 1.325000e+03 -7.260303e-03 3.784842e-02 8.452427e-02 1.736120e-02 1.048218e-01 2.462666e-02 1.247714e-01 1.775222e-02
6.887500e+03 3.612500e+03 1.300000e+03 -3.772977e-02 3.784842e-02 1.158131e-01 1.736120e-02 1.204133e-01 2.462666e-02 1.227668e-01 1.775222e-02
6.987500e+03 3.612500e+03 1.300000e+03 -4.201247e-02 3.784842e-02 9.556910e-02 1.736120e-02 1.121118e-01 2.462666e-02 6.993955e-02 1.775222e-02
3.487500e+03 3.712500e+03 1.250000e+03 3.408793e-02 3.784842e-02 -8.064563e-03 1.736120e-02 5.246012e-03 2.462666e-02 6.247258e-02 1.775222e-02
3.587500e+03 3.712500e+03 1.225000e+03 3.728814e-02 3.784842e-02 1.915406e-02 1.736120e-02 2.039341e-02 2.462666e-02 4.687939e-02 1.775222e-02
3.687500e+03 3.712500e+03 1.200000e+03 7.836336e-02 3.784842e-02 2.122035e-02 1.736120e-02 4.440419e-02 2.462666e-02 5.290262e-02 1.775222e-02
3.787500e+03 3.712500e+03 1.175000e+03 4.504084e-02 3.784842e-02 3.057965e-02 1.736120e-02 4.854747e-02 2.462666e-02 4.934909e-02 1.775222e-02
3.887500e+03 3.712500e+03 1.175000e+03 6.902706e-02 3.784842e-02 -8.649878e-03 1.736120e-02 6.574158e-02 2.462666e-02 7.635909e-02 1.775222e-02
3.987500e+03 3.712500e+03 1.175000e+03 1.166603e-01 3.784842e-02 -1.555589e-02 1.736120e-02 6.540119e-02 2.462666e-02 7.795009e-02 1.775222e-02
4.087500e+03 3.712500e+03 1.175000e+03 1.267110e-01 3.784842e-02 3.497702e-02 1.736120e-02 1.106035e-01 2.462666e-02 9.881605e-02 1.775222e-02
4.187500e+03 3.712500e+03 1.150000e+03 1.281356e-01 3.784842e-02 -3.167227e-02 1.736120e-02 4.448841e-02 2.462666e-02 8.106172e-02 1.775222e-02
4.287500e+03 3.712500e+03 1.150000e+03 1.316694e-01 3.784842e-02 6.020802e-03 1.736120e-02 6.525553e-02 2.462666e-02 1.172153e-01 1.775222e-02
4.387500e+03 3.712500e+03 1.150000e+03 1.633362e-01 3.784842e-02 9.929005e-04 1.736120e-02 7.131408e-02 2.462666e-02 1.021570e-01 1.775222e-02
4.487500e+03 3.712500e+03 1.150000e+03 1.131553e-01 3.784842e-02 -3.774216e-04 1.736120e-02 4.478390e-02 2.462666e-02 1.578079e-01 1.775222e-02
4.587500e+03 3.712500e+03 1.150000e+03 6.421463e-02 3.784842e-02 9.382229e-03 1.736120e-02 2.855343e-03 2.462666e-02 1.586663e-01 1.775222e-02
4.687500e+03 3.712500e+03 1.175000e+03 1.957978e-02 3.784842e-02 -1.109693e-02 1.736120e-02 6.081877e-02 2.462666e-02 1.859531e-01 1.775222e-02
4.787500e+03 3.712500e+03 1.175000e+03 -4.605038e-02 3.784842e-02 -2.959061e-02 1.736120e-02 -1.595677e-02 2.462666e-02 1.542924e-01 1.775222e-02
4.887500e+03 3.712500e+03 1.200000e+03 -2.294401e-02 3.784842e-02 -1.488732e-02 1.736120e-02 3.998285e-02 2.462666e-02 1.869993e-01 1.775222e-02
4.987500e+03 3.712500e+03 1.200000e+03 1.503019e-02 3.784842e-02 -9.719685e-02 1.736120e-02 3.566260e-02 2.462666e-02 1.941244e-01 1.775222e-02
5.087500e+03 3.712500e+03 1.225000e+03 -5.551683e-02 3.784842e-02 -5.365786e-02 1.736120e-02 -2.509498e-03 2.462666e-02 1.684234e-01 1.775222e-02
5.187500e+03 3.712500e+03 1.225000e+03 -2.100180e-01 3.784842e-02 1.462339e-01 1.736120e-02 2.661074e-01 2.462666e-02 9.295201e-02 1.775222e-02
5.287500e+03 3.712500e+03 1.225000e+03 -2.596711e-01 3.784842e-02 1.159080e-01 1.736120e-02 1.539055e-01 2.462666e-02 1.065243e-01 1.775222e-02
5.387500e+03 3.712500e+03 1.250000e+03 -1.493681e-01 3.784842e-02 7.496225e-02 1.736120e-02 1.334137e-01 2.462666e-02 1.287259e-01 1.775222e-02
5.487500e+03 3.712500e+03 1.250000e+03 -2.206187e-01 3.784842e-02 5.038989e-02 1.736120e-02 2.057006e-01 2.462666e-02 1.151468e-01 1.775222e-02
5.587500e+03 3.712500e+03 1.275000e+03 -1.210578e-01 3.784842e-02 6.352314e-02 1.736120e-02 1.858652e-01 2.462666e-02 1.077184e-01 1.775222e-02
5.687500e+03 3.712500e+03 1.275000e+03 -1.622240e-01 3.784842e-02 6.012757e-02 1.736120e-02 1.711368e-01 2.462666e-02 1.395632e-01 1.775222e-02
5.787500e+03 3.712500e+03 1.275000e+03 -1.350258e-01 3.784842e-02 7.929946e-02 1.736120e-02 1.451964e-01 2.462666e-02 1.175975e-01 1.775222e-02
5.887500e+03 3.712500e+03 1.250000e+03 -1.944922e-01 3.784842e-02 6.376172e-02 1.736120e-02 1.541529e-01 2.462666e-02 8.880763e-02 1.775222e-02
5.987500e+03 3.712500e+03 1.250000e+03 -6.392944e-02 3.784842e-02 6.655094e-02 1.736120e-02 1.157054e-01 2.462666e-02 1.501232e-01 1.775222e-02
6.087500e+03 3.712500e+03 1.275000e+03 -7.657371e-02 3.784842e-02 6.490530e-02 1.736120e-02 1.236678e-01 2.462666e-02 1.526499e-01 1.775222e-02
6.187500e+03 3.712500e+03 1.300000e+03 -8.302407e-02 3.784842e-02 8.315851e-02 1.736120e-02 1.298747e-01 2.462666e-02 1.250917e-01 1.775222e-02
6.287500e+03 3.712500e+03 1.325000e+03 -3.628320e-02 3.784842e-02 4.376663e-02 1.736120e-02 1.714995e-01 2.462666e-02 1.159896e-01 1.775222e-02
6.387500e+03 3.712500e+03 1.325000e+03 -4.418175e-03 3.784842e-02 5.418473e-02 1.736120e-02 1.309143e-01 2.462666e-02 1.111319e-01 1.775222e-02
6.487500e+03 3.712500e+03 1.325000e+03 -2.434954e-02 3.784842e-02 6.986582e-02 1.736120e-02 7.852998e-02 2.462666e-02 1.163401e-01 1.775222e-02
6.587500e+03 3.712500e+03 1.325000e+03 -1.952578e-02 3.784842e-02 9.572989e-02 1.736120e-02 1.437373e-01 2.462666e-02 1.120985e-01 1.775222e-02
6.687500e+03 3.712500e+03 1.350000e+03 4.432137e-02 3.784842e-02 8.049919e-02 1.736120e-02 1.412338e-01 2.462666e-02 9.980687e-02 1.775222e-02
6.787500e+03 3.712500e+03 1.350000e+03 -3.969846e-02 3.784842e-02 8.950511e-02 1.736120e-02 1.346584e-01 2.462666e-02 1.046922e-01 1.775222e-02
6.887500e+03 3.712500e+03 1.325000e+03 1.668814e-02 3.784842e-02 7.974865e-02 1.736120e-02 5.744073e-02 2.462666e-02 1.099454e-01 1.775222e-02
6.987500e+03 3.712500e+03 1.300000e+03 3.262172e-02 3.784842e-02 8.267163e-02 1.736120e-02 1.198890e-01 2.462666e-02 1.050048e-01 1.775222e-02
3.487500e+03 3.812500e+03 1.225000e+03 2.244381e-02 3.784842e-02 1.911229e-03 1.736120e-02 1.681764e-02 2.462666e-02 5.098557e-02 1.775222e-02
3.587500e+03 3.812500e+03 1.225000e+03 1.177696e-01 3.784842e-02 2.909418e-02 1.736120e-02 -1.649266e-03 2.462666e-02 2.440734e-02 1.775222e-02
3.687500e+03 3.812500e+03 1.200000e+03 1.685913e-01 3.784842e-02 1.915646e-02 1.736120e-02 2.647217e-02 2.462666e-02 4.441760e-02 1.775222e-02
3.787500e+03 3.812500e+03 1.200000e+03 5.172690e-02 3.784842e-02 3.079444e-02 1.736120e-02 6.803445e-02 2.462666e-02 3.891873e-02 1.775222e-02
3.887500e+03 3.812500e+03 1.175000e+03 1.077981e-01 3.784842e-02 -5.180777e-03 1.736120e-02 7.821536e-02 2.462666e-02 8.252336e-02 1.775222e-02
3.987500e+03 3.812500e+03 1.175000e+03 8.998431e-02 3.784842e-02 1.521489e-02 1.736120e-02 7.536280e-02 2.462666e-02 7.760059e-02 1.775222e-02
4.087500e+03 3.812500e+03 1.150000e+03 8.136380e-02 3.784842e-02 -8.579750e-03 1.736120e-02 4.145306e-02 2.462666e-02 9.133135e-02 1.775222e-02
4.187500e+03 3.812500e+03 1.150000e+03 9.558197e-02 3.784842e-02 -4.273125e-02 1.736120e-02 5.837767e-02 2.462666e-02 1.165561e-01 1.775222e-02
4.287500e+03 3.812500e+03 1.150000e+03 1.024225e-01 3.784842e-02 5.630215e-03 1.736120e-02 2.112056e-02 2.462666e-02 1.041096e-01 1.775222e-02
4.387500e+03 3.812500e+03 1.150000e+03 1.099463e-01 3.784842e-02 3.173976e-02 1.736120e-02 6.749168e-02 2.462666e-02 1.042234e-01 1.775222e-02
4.487500e+03 3.812500e+03 1.150000e+03 2.394010e-02 3.784842e-02 4.375854e-02 1.736120e-02 1.918804e-02 2.462666e-02 1.495953e-01 1.775222e-02
4.587500e+03 3.812500e+03 1.150000e+03 1.393555e-02 3.784842e-02 6.915471e-02 1.736120e-02 2.322859e-02 2.462666e-02 1.512269e-01 1.775222e-02
4.687500e+03 3.812500e+03 1.175000e+03 -3.701378e-02 3.784842e-02 1.508243e-03 1.736120e-02 1.339993e-02 2.462666e-02 1.457370e-01 1.775222e-02
4.787500e+03 3.812500e+03 1.175000e+03 -2.729410e-02 3.784842e-02 1.432796e-02 1.736120e-02 -1.623966e-02 2.462666e-02 1.653041e-01 1.775222e-02
4.887500e+03 3.812500e+03 1.200000e+03 -7.767225e-02 3.784842e-02 -1.447452e-02 1.736120e-02 2.251276e-02 2.462666e-02 1.431763e-01 1.775222e-02
4.987500e+03 3.812500e+03 1.200000e+03 -7.102218e-02 3.784842e-02 -7.394392e-02 1.736120e-02 6.350360e-02 2.462666e-02 1.632845e-01 1.775222e-02
5.087500e+03 3.812500e+03 1.225000e+03 -3.572226e-02 3.784842e-02 -5.479802e-02 1.736120e-02 -5.359090e-03 2.462666e-02 2.087902e-01 1.775222e-02
5.187500e+03 3.812500e+03 1.250000e+03 -1.450352e-01 3.784842e-02 3.566625e-02 1.736120e-02 5.256274e-02 2.462666e-02 1.724448e-01 1.775222e-02
5.287500e+03 3.812500e+03 1.225000e+03 -2.637626e-01 3.784842e-02 1.225184e-01 1.736120e-02 1.476018e-01 2.462666e-02 1.164623e-01 1.775222e-02
5.387500e+03 3.812500e+03 1.250000e+03 -2.248921e-01 3.784842e-02 6.666279e-02 1.736120e-02 1.415019e-01 2.462666e-02 1.187898e-01 1.775222e-02
5.487500e+03 3.812500e+03 1.275000e+03 -1.968941e-01 3.784842e-02 7.165596e-02 1.736120e-02 1.812839e-01 2.462666e-02 1.029754e-01 1.775222e-02
5.587500e+03 3.812500e+03 1.275000e+03 -1.755270e-01 3.784842e-02 1.007373e-01 1.736120e-02 1.851780e-01 2.462666e-02 1.145755e-01 1.775222e-02
5.687500e+03 3.812500e+03 1.300000e+03 -1.893589e-01 3.784842e-02 9.891586e-02 1.736120e-02 1.794864e-01 2.462666e-02 8.781401e-02 1.775222e-02
5.787500e+03 3.812500e+03 1.300000e+03 -2.202618e-01 3.784842e-02 6.532884e-02 1.736120e-02 1.805540e-01 2.462666e-02 1.107406e-01 1.775222e-02
5.887500e+03 3.812500e+03 1.275000e+03 -1.590925e-01 3.784842e-02 5.271691e-02 1.736120e-02 2.117764e-01 2.462666e-02 1.130256e-01 1.775222e-02
5.987500e+03 3.812500e+03 1.250000e+03 -1.333243e-01 3.784842e-02 7.447717e-02 1.736120e-02 1.814799e-01 2.462666e-02 1.425953e-01 1.775222e-02
6.087500e+03 3.812500e+03 1.250000e+03 -1.656117e-01 3.784842e-02 6.562400e-02 1.736120e-02 1.934543e-01 2.462666e-02 1.176558e-01 1.775222e-02
6.187500e+03 3.812500e+03 1.250000e+03 -7.991291e-02 3.784842e-02 5.967426e-02 1.736120e-02 1.706353e-01 2.462666e-02 1.223466e-01 1.775222e-02
6.287500e+03 3.812500e+03 1.300000e+03 -8.349498e-02 3.784842e-02 2.323997e-02 1.736120e-02 1.705594e-01 2.462666e-02 1.244321e-01 1.775222e-02
6.387500e+03 3.812500e+03 1.300000e+03 -8.463681e-02 3.784842e-02 7.330110e-02 1.736120e-02 1.111438e-01 2.462666e-02 9.632935e-02 1.775222e-02
6.487500e+03 3.812500e+03 1.300000e+03 -7.371776e-02 3.784842e-02 9.671242e-02 1.736120e-02 1.237350e-01 2.462666e-02 1.350179e-01 1.775222e-02
6.587500e+03 3.812500e+03 1.325000e+03 -2.285233e-02 3.784842e-02 7.758334e-02 1.736120e-02 1.286217e-01 2.462666e-02 1.241669e-01 1.775222e-02
6.687500e+03 3.812500e+03 1.350000e+03 -2.428823e-02 3.784842e-02 6.164062e-02 1.736120e-02 1.501843e-01 2.462666e-02 8.322574e-02 1.775222e-02
6.787500e+03 3.812500e+03 1.375000e+03 -1.045492e-01 3.784842e-02 1.047565e-01 1.736120e-02 7.209725e-02 2.462666e-02 1.073203e-01 1.775222e-02
6.887500e+03 3.812500e+03 1.350000e+03 -6.568842e-02 3.784842e-02 8.464324e-02 1.736120e-02 1.039063e-01 2.462666e-02 7.984116e-02 1.775222e-02
6.987500e+03 3.812500e+03 1.325000e+03 -3.592146e-02 3.784842e-02 9.517888e-02 1.736120e-02 1.107753e-01 2.462666e-02 6.033723e-02 1.775222e-02
3.487500e+03 3.912500e+03 1.225000e+03 7.154577e-02 3.784842e-02 3.055295e-02 1.736120e-02 -3.238499e-02 2.462666e-02 4.245924e-02 1.775222e-02
3.587500e+03 3.912500e+03 1.225000e+03 5.506217e-02 3.784842e-02 5.869789e-02 1.736120e-02 3.221777e-02 2.462666e-02 2.489089e-02 1.775222e-02
3.687500e+03 3.912500e+03 1.225000e+03 5.846787e-02 3.784842e-02 6.621090e-02 1.736120e-02 9.056220e-03 2.462666e-02 5.873710e-02 1.775222e-02
3.787500e+03 3.912500e+03 1.200000e+03 1.122907e-01 3.784842e-02 8.156303e-03 1.736120e-02 8.517449e-03 2.462666e-02 2.534190e-02 1.775222e-02
3.887500e+03 3.912500e+03 1.200000e+03 1.219470e-01 3.784842e-02 1.182499e-02 1.736120e-02 8.113320e-02 2.462666e-02 1.096807e-02 1.775222e-02
3.987500e+03 3.912500e+03 1.175000e+03 1.303150e-01 3.784842e-02 1.715227e-02 1.736120e-02 9.819833e-02 2.462666e-02 9.458849e-02 1.775222e-02
4.087500e+03 3.912500e+03 1.150000e+03 1.558751e-01 3.784842e-02 -1.895466e-02 1.736120e-02 7.026849e-02 2.462666e-02 7.982854e-02 1.775222e-02
4.187500e+03 3.912500e+03 1.150000e+03 6.024630e-02 3.784842e-02 -5.369154e-03 1.736120e-02 3.457789e-02 2.462666e-02 1.065300e-01 1.775222e-02
4.287500e+03 3.912500e+03 1.150000e+03 9.343386e-02 3.784842e-02 2.066962e-02 1.736120e-02 2.954276e-02 2.462666e-02 1.217922e-01 1.775222e-02
4.387500e+03 3.912500e+03 1.125000e+03 8.080099e-02 3.784842e-02 3.942306e-02 1.736120e-02 6.456852e-02 2.462666e-02 1.441752e-01 1.775222e-02
4.487500e+03 3.912500e+03 1.150000e+03 9.996096e-02 3.784842e-02 3.482182e-02 1.736120e-02 -1.007416e-02 2.462666e-02 1.302262e-01 1.775222e-02
4.587500e+03 3.912500e+03 1.150000e+03 6.029548e-02 3.784842e-02 4.172335e-02 1.736120e-02 -7.117054e-02 2.462666e-02 1.775259e-01 1.775222e-02
4.687500e+03 3.912500e+03 1.175000e+03 4.642429e-02 3.784842e-02 2.558240e-02 1.736120e-02 -1.254568e-02 2.462666e-02 1.846102e-01 1.775222e-02
4.787500e+03 3.912500e+03 1.175000e+03 -4.537166e-02 3.784842e-02 2.405653e-02 1.736120e-02 -1.916432e-02 2.462666e-02 1.607940e-01 1.775222e-02
4.887500e+03 3.912500e+03 1.225000e+03 -3.086772e-02 3.784842e-02 -4.404950e-03 1.736120e-02 -1.407739e-02 2.462666e-02 1.288364e-01 1.775222e-02
4.987500e+03 3.912500e+03 1.200000e+03 -6.896795e-02 3.784842e-02 -3.547114e-02 1.736120e-02 3.864521e-02 2.462666e-02 1.629342e-01 1.775222e-02
5.087500e+03 3.912500e+03 1.225000e+03 -1.304098e-01 3.784842e-02 -7.173488e-02 1.736120e-02 7.734192e-03 2.462666e-02 1.337593e-01 1.775222e-02
5.187500e+03 3.912500e+03 1.225000e+03 -1.225833e-01 3.784842e-02 -6.050956e-02 1.736120e-02 4.042614e-02 2.462666e-02 1.443613e-01 1.775222e-02
5.287500e+03 3.912500e+03 1.225000e+03 -6.815152e-02 3.784842e-02 -1.086449e-01 1.736120e-02 -3.063228e-02 2.462666e-02 1.984310e-01 1.775222e-02
5.387500e+03 3.912500e+03 1.250000e+03 -2.140479e-01 3.784842e-02 2.261514e-02 1.736120e-02 4.901928e-02 2.462666e-02 1.702569e-01 1.775222e-02
5.487500e+03 3.912500e+03 1.275000e+03 -2.997023e-01 3.784842e-02 5.276901e-02 1.736120e-02 1.068192e-01 2.462666e-02 1.447880e-01 1.775222e-02
5.587500e+03 3.912500e+03 1.275000e+03 -1.745380e-01 3.784842e-02 8.471473e-02 1.736120e-02 1.981032e-01 2.462666e-02 6.678862e-02 1.775222e-02
5.687500e+03 3.912500e+03 1.300000e+03 -2.265785e-01 3.784842e-02 6.163605e-02 1.736120e-02 2.165216e-01 2.462666e-02 8.156538e-02 1.775222e-02
5.787500e+03 3.912500e+03 1.300000e+03 -1.789340e-01 3.784842e-02 7.529651e-02 1.736120e-02 1.410285e-01 2.462666e-02 9.602828e-02 1.775222e-02
5.887500e+03 3.912500e+03 1.275000e+03 -3.226336e-01 3.784842e-02 6.406818e-02 1.736120e-02 1.296640e-01 2.462666e-02 1.506262e-01 1.775222e-02
5.987500e+03 3.912500e+03 1.250000e+03 -1.667808e-01 3.784842e-02 5.800839e-02 1.736120e-02 1.921584e-01 2.462666e-02 1.118649e-01 1.775222e-02
6.087500e+03 3.912500e+03 1.250000e+03 -1.876024e-01 3.784842e-02 4.461773e-02 1.736120e-02 1.886323e-01 2.462666e-02 1.411259e-01 1.775222e-02
6.187500e+03 3.912500e+03 1.275000e+03 -1.204542e-01 3.784842e-02 8.118612e-02 1.736120e-02 1.593764e-01 2.462666e-02 1.065449e-01 1.775222e-02
6.287500e+03 3.912500e+03 1.275000e+03 -7.590984e-02 3.784842e-02 5.716979e-02 1.736120e-02 1.463416e-01 2.462666e-02 1.404728e-01 1.775222e-02
6.387500e+03 3.912500e+03 1.275000e+03 -1.274365e-01 3.784842e-02 1.008276e-01 1.736120e-02 1.754446e-01 2.462666e-02 1.160900e-01 1.775222e-02
6.487500e+03 3.912500e+03 1.300000e+03 -3.518104e-02 3.784842e-02 9.245598e-02 1.736120e-02 1.230793e-01 2.462666e-02 1.287420e-01 1.775222e-02
6.587500e+03 3.912500e+03 1.300000e+03 -7.968505e-02 3.784842e-02 8.968201e-02 1.736120e-02 1.733889e-01 2.462666e-02 9.707244e-02 1.775222e-02
6.687500e+03 3.912500e+03 1.325000e+03 -4.388938e-02 3.784842e-02 5.638461e-02 1.736120e-02 1.038043e-01 2.462666e-02 8.731692e-02 1.775222e-02
6.787500e+03 3.912500e+03 1.375000e+03 5.477070e-03 3.784842e-02 7.281958e-02 1.736120e-02 1.221246e-01 2.462666e-02 1.096810e-01 1.775222e-02
6.887500e+03 3.912500e+03 1.375000e+03 -4.963195e-02 3.784842e-02 8.799874e-02 1.736120e-02 1.447239e-01 2.462666e-02 8.374102e-02 1.775222e-02
6.987500e+03 3.912500e+03 1.350000e+03 -1.011373e-02 3.784842e-02 7.007681e-02 1.736120e-02 1.385093e-01 2.462666e-02 9.663380e-02 1.775222e-02
3.487500e+03 4.012500e+03 1.225000e+03 5.531193e-02 3.784842e-02 3.780766e-02 1.736120e-02 5.309516e-02 2.462666e-02 3.169462e-02 1.775222e-02
3.587500e+03 4.012500e+03 1.200000e+03 1.689002e-01 3.784842e-02 2.400054e-02 1.736120e-02 6.837028e-02 2.462666e-02 4.685419e-02 1.775222e-02
3.687500e+03 4.012500e+03 1.200000e+03 1.398807e-01 3.784842e-02 1.852147e-02 1.736120e-02 5.315316e-02 2.462666e-02 3.456160e-02 1.775222e-02
3.787500e+03 4.012500e+03 1.175000e+03 1.024137e-01 3.784842e-02 2.703834e-02 1.736120e-02 3.635120e-02 2.462666e-02 3.719131e-02 1.775222e-02
3.887500e+03 4.012500e+03 1.175000e+03 1.120060e-01 3.784842e-02 1.392345e-02 1.736120e-02 6.675926e-02 2.462666e-02 2.807855e-02 1.775222e-02
3.987500e+03 4.012500e+03 1.150000e+03 1.277279e-01 3.784842e-02 3.978206e-03 1.736120e-02 1.088650e-01 2.462666e-02 7.667705e-02 1.775222e-02
4.087500e+03 4.012500e+03 1.150000e+03 1.263801e-01 3.784842e-02 -1.781823e-03 1.736120e-02 6.802655e-02 2.462666e-02 9.299326e-02 1.775222e-02
4.187500e+03 4.012500e+03 1.150000e+03 8.039385e-02 3.784842e-02 2.784653e-02 1.736120e-02 6.754581e-02 2.462666e-02 7.328728e-02 1.775222e-02
4.287500e+03 4.012500e+03 1.150000e+03 6.691737e-02 3.784842e-02 2.300841e-02 1.736120e-02 -3.526954e-02 2.462666e-02 9.957405e-02 1.775222e-02
4.387500e+03 4.012500e+03 1.150000e+03 3.002649e-02 3.784842e-02 2.539838e-02 1.736120e-02 1.804287e-02 2.462666e-02 1.001096e-01 1.775222e-02
4.487500e+03 4.012500e+03 1.150000e+03 7.183467e-02 3.784842e-02 2.419376e-02 1.736120e-02 -4.401614e-02 2.462666e-02 1.650005e-01 1.775222e-02
4.587500e+03 4.012500e+03 1.175000e+03 -4.403295e-03 3.784842e-02 2.615719e-02 1.736120e-02 -3.721734e-03 2.462666e-02 1.337720e-01 1.775222e-02
4.687500e+03 4.012500e+03 1.175000e+03 -6.745425e-02 3.784842e-02 9.117879e-03 1.736120e-02 -6.916257e-02 2.462666e-02 1.521560e-01 1.775222e-02
4.787500e+03 4.012500e+03 1.175000e+03 -6.236199e-03 3.784842e-02 -1.781877e-02 1.736120e-02 -7.150709e-02 2.462666e-02 1.342230e-01 1.775222e-02
4.887500e+03 4.012500e+03 1.225000e+03 -1.433802e-01 3.784842e-02 3.666554e-02 1.736120e-02 1.030017e-02 2.462666e-02 1.452973e-01 1.775222e-02
4.987500e+03 4.012500e+03 1.225000e+03 -6.649520e-02 3.784842e-02 -2.208113e-02 1.736120e-02 3.900427e-02 2.462666e-02 1.350271e-01 1.775222e-02
5.087500e+03 4.012500e+03 1.225000e+03 -1.644267e-01 3.784842e-02 -4.493729e-02 1.736120e-02 3.692525e-02 2.462666e-02 1.917723e-01 1.775222e-02
5.187500e+03 4.012500e+03 1.225000e+03 -1.789836e-01 3.784842e-02 -6.084537e-02 1.736120e-02 -2.453021e-02 2.462666e-02 1.515635e-01 1.775222e-02
5.287500e+03 4.012500e+03 1.250000e+03 -1.930791e-01 3.784842e-02 -6.172117e-02 1.736120e-02 4.122530e-02 2.462666e-02 1.734491e-01 1.775222e-02
5.387500e+03 4.012500e+03 1.250000e+03 -1.956213e-01 3.784842e-02 -9.168689e-02 1.736120e-02 -6.151685e-03 2.462666e-02 1.734793e-01 1.775222e-02
5.487500e+03 4.012500e+03 1.275000e+03 -1.686979e-01 3.784842e-02 -1.295399e-01 1.736120e-02 -2.568333e-02 2.462666e-02 1.940772e-01 1.775222e-02
5.587500e+03 4.012500e+03 1.275000e+03 -2.569449e-01 3.784842e-02 4.362984e-02 1.736120e-02 1.057504e-01 2.462666e-02 1.213868e-01 1.775222e-02
5.687500e+03 4.012500e+03 1.300000e+03 -2.665028e-01 3.784842e-02 6.627973e-02 1.736120e-02 1.454994e-01 2.462666e-02 8.152501e-02 1.775222e-02
5.787500e+03 4.012500e+03 1.275000e+03 -2.491292e-01 3.784842e-02 7.642242e-02 1.736120e-02 2.045441e-01 2.462666e-02 5.968780e-02 1.775222e-02
5.887500e+03 4.012500e+03 1.275000e+03 -2.790301e-01 3.784842e-02 8.102037e-02 1.736120e-02 1.778331e-01 2.462666e-02 7.855069e-02 1.775222e-02
5.987500e+03 4.012500e+03 1.250000e+03 -1.803946e-01 3.784842e-02 7.062118e-02 1.736120e-02 2.212709e-01 2.462666e-02 1.203129e-01 1.775222e-02
6.087500e+03 4.012500e+03 1.275000e+03 -2.048377e-01 3.784842e-02 7.099882e-02 1.736120e-02 2.024046e-01 2.462666e-02 1.123599e-01 1.775222e-02
6.187500e+03 4.012500e+03 1.300000e+03 -1.126880e-01 3.784842e-02 6.576207e-02 1.736120e-02 1.954189e-01 2.462666e-02 1.016953e-01 1.775222e-02
6.287500e+03 4.012500e+03 1.300000e+03 -1.892622e-01 3.784842e-02 7.968556e-02 1.736120e-02 1.728642e-01 2.462666e-02 1.285173e-01 1.775222e-02
6.387500e+03 4.012500e+03 1.300000e+03 -1.108847e-01 3.784842e-02 1.032061e-01 1.736120e-02 1.705284e-01 2.462666e-02 1.300785e-01 1.775222e-02
6.487500e+03 4.012500e+03 1.325000e+03 -8.645181e-02 3.784842e-02 9.290237e-02 1.736120e-02 1.291958e-01 2.462666e-02 1.330975e-01 1.775222e-02
6.587500e+03 4.012500e+03 1.325000e+03 -1.255813e-01 3.784842e-02 7.877068e-02 1.736120e-02 7.780936e-02 2.462666e-02 8.973847e-02 1.775222e-02
6.687500e+03 4.012500e+03 1.350000e+03 -4.952045e-02 3.784842e-02 8.262078e-02 1.736120e-02 9.456191e-02 2.462666e-02 8.571237e-02 1.775222e-02
6.787500e+03 4.012500e+03 1.375000e+03 -2.139953e-02 3.784842e-02 5.024991e-02 1.736120e-02 1.162373e-01 2.462666e-02 7.486471e-02 1.775222e-02
6.887500e+03 4.012500e+03 1.375000e+03 -3.543384e-02 3.784842e-02 8.928878e-02 1.736120e-02 1.071671e-01 2.462666e-02 9.728549e-02 1.775222e-02
6.987500e+03 4.012500e+03 1.375000e+03 -2.751661e-02 3.784842e-02 5.008296e-02 1.736120e-02 1.258962e-01 2.462666e-02 6.665351e-02 1.775222e-02
3.487500e+03 4.112500e+03 1.200000e+03 1.165029e-01 3.784842e-02 5.260536e-02 1.736120e-02 7.865212e-02 2.462666e-02 2.631234e-02 1.775222e-02
3.587500e+03 4.112500e+03 1.175000e+03 2.076266e-01 3.784842e-02 4.483085e-02 1.736120e-02 7.953992e-02 2.462666e-02 1.543496e-02 1.775222e-02
3.687500e+03 4.112500e+03 1.175000e+03 1.852480e-01 3.784842e-02 2.068376e-02 1.736120e-02 6.632314e-02 2.462666e-02 1.590808e-02 1.775222e-02
3.787500e+03 4.112500e+03 1.175000e+03 1.437275e-01 3.784842e-02 4.366832e-02 1.736120e-02 9.202443e-02 2.462666e-02 6.430603e-02 1.775222e-02
3.887500e+03 4.112500e+03 1.150000e+03 1.700894e-01 3.784842e-02 3.189723e-02 1.736120e-02 8.551285e-02 2.462666e-02 1.484734e-02 1.775222e-02
3.987500e+03 4.112500e+03 1.150000e+03 1.673222e-01 3.784842e-02 4.553424e-02 1.736120e-02 7.276112e-02 2.462666e-02 5.378509e-02 1.775222e-02
4.087500e+03 4.112500e+03 1.150000e+03 9.768505e-02 3.784842e-02 6.355692e-02 1.736120e-02 5.506844e-02 2.462666e-02 9.324626e-02 1.775222e-02
4.187500e+03 4.112500e+03 1.150000e+03 1.024224e-01 3.784842e-02 4.598642e-02 1.736120e-02 2.785123e-02 2.462666e-02 8.126501e-02 1.775222e-02
4.287500e+03 4.112500e+03 1.150000e+03 5.449156e-02 3.784842e-02 5.431806e-02 1.736120e-02 6.433089e-03 2.462666e-02 1.226699e-01 1.775222e-02
4.387500e+03 4.112500e+03 1.150000e+03 -3.507430e-02 3.784842e-02 6.218219e-02 1.736120e-02 1.067788e-02 2.462666e-02 1.346837e-01 1.775222e-02
4.487500e+03 4.112500e+03 1.175000e+03 5.142115e-02 3.784842e-02 1.475049e-02 1.736120e-02 -7.529188e-02 2.462666e-02 1.429900e-01 1.775222e-02
4.587500e+03 4.112500e+03 1.175000e+03 2.556887e-02 3.784842e-02 1.731557e-02 1.736120e-02 -7.432905e-02 2.462666e-02 1.594033e-01 1.775222e-02
4.687500e+03 4.112500e+03 1.200000e+03 4.905546e-03 3.784842e-02 2.625179e-03 1.736120e-02 -2.902314e-02 2.462666e-02 1.240475e-01 1.775222e-02
4.787500e+03 4.112500e+03 1.200000e+03 -6.537822e-02 3.784842e-02 -9.548174e-04 1.736120e-02 -8.633942e-04 2.462666e-02 1.004852e-01 1.775222e-02
4.887500e+03 4.112500e+03 1.200000e+03 -1.358131e-01 3.784842e-02 -1.343174e-03 1.736120e-02 -4.513233e-02 2.462666e-02 8.385045e-02 1.775222e-02
4.987500e+03 4.112500e+03 1.225000e+03 -1.122574e-01 3.784842e-02 4.859054e-03 1.736120e-02 -1.219568e-02 2.462666e-02 7.975316e-02 1.775222e-02
5.087500e+03 4.112500e+03 1.225000e+03 -2.050205e-01 3.784842e-02 -2.518554e-02 1.736120e-02 -2.721252e-02 2.462666e-02 1.459364e-01 1.775222e-02
5.187500e+03 4.112500e+03 1.250000e+03 -2.361592e-01 3.784842e-02 1.249381e-02 1.736120e-02 -3.691283e-03 2.462666e-02 1.433182e-01 1.775222e-02
5.287500e+03 4.112500e+03 1.250000e+03 -2.246470e-01 3.784842e-02 -4.970529e-02 1.736120e-02 3.795622e-02 2.462666e-02 1.408363e-01 1.775222e-02
5.387500e+03 4.112500e+03 1.275000e+03 -2.579877e-01 3.784842e-02 -3.618233e-02 1.736120e-02 1.211100e-02 2.462666e-02 1.587420e-01 1.775222e-02
5.487500e+03 4.112500e+03 1.275000e+03 -2.701784e-01 3.784842e-02 -6.399721e-02 1.736120e-02 2.760172e-02 2.462666e-02 1.587462e-01 1.775222e-02
5.587500e+03 4.112500e+03 1.275000e+03 -1.670076e-01 3.784842e-02 -1.138372e-01 1.736120e-02 -2.787627e-02 2.462666e-02 1.903409e-01 1.775222e-02
5.687500e+03 4.112500e+03 1.275000e+03 -1.861530e-01 3.784842e-02 -5.521062e-02 1.736120e-02 4.836775e-02 2.462666e-02 1.762816e-01 1.775222e-02
5.787500e+03 4.112500e+03 1.300000e+03 -2.415177e-01 3.784842e-02 7.347750e-02 1.736120e-02 1.611631e-01 2.462666e-02 9.570281e-02 1.775222e-02
5.887500e+03 4.112500e+03 1.300000e+03 -2.157170e-01 3.784842e-02 4.707088e-02 1.736120e-02 1.689793e-01 2.462666e-02 8.601840e-02 1.775222e-02
5.987500e+03 4.112500e+03 1.275000e+03 -2.612587e-01 3.784842e-02 9.481697e-02 1.736120e-02 2.068581e-01 2.462666e-02 1.170203e-01 1.775222e-02
6.087500e+03 4.112500e+03 1.275000e+03 -1.923956e-01 3.784842e-02 5.984101e-02 1.736120e-02 2.014988e-01 2.462666e-02 1.441927e-01 1.775222e-02
6.187500e+03 4.112500e+03 1.300000e+03 -1.490037e-01 3.784842e-02 7.590418e-02 1.736120e-02 1.677496e-01 2.462666e-02 1.153491e-01 1.775222e-02
6.287500e+03 4.112500e+03 1.325000e+03 -1.785093e-01 3.784842e-02 7.515691e-02 1.736120e-02 1.608189e-01 2.462666e-02 9.703959e-02 1.775222e-02
6.387500e+03 4.112500e+03 1.300000e+03 -1.845293e-01 3.784842e-02 9.822380e-02 1.736120e-02 1.695456e-01 2.462666e-02 8.935246e-02 1.775222e-02
6.487500e+03 4.112500e+03 1.350000e+03 -1.919444e-01 3.784842e-02 6.555045e-02 1.736120e-02 1.638664e-01 2.462666e-02 9.386140e-02 1.775222e-02
6.587500e+03 4.112500e+03 1.350000e+03 -1.079477e-01 3.784842e-02 9.819171e-02 1.736120e-02 1.936842e-01 2.462666e-02 1.200889e-01 1.775222e-02
6.687500e+03 4.112500e+03 1.375000e+03 -1.193220e-01 3.784842e-02 7.383062e-02 1.736120e-02 1.338986e-01 2.462666e-02 1.249069e-01 1.775222e-02
6.787500e+03 4.112500e+03 1.400000e+03 -1.065193e-01 3.784842e-02 1.320156e-01 1.736120e-02 9.107241e-02 2.462666e-02 9.486509e-02 1.775222e-02
6.887500e+03 4.112500e+03 1.400000e+03 -4.384758e-02 3.784842e-02 7.174372e-02 1.736120e-02 1.381759e-01 2.462666e-02 8.209835e-02 1.775222e-02
6.987500e+03 4.112500e+03 1.375000e+03 3.130396e-03 3.784842e-02 6.891366e-02 1.736120e-02 1.420412e-01 2.462666e-02 7.458878e-02 1.775222e-02
3.487500e+03 4.212500e+03 1.175000e+03 1.569442e-01 3.784842e-02 9.164769e-02 1.736120e-02 4.387657e-02 2.462666e-02 7.461728e-03 1.775222e-02
3.587500e+03 4.212500e+03 1.175000e+03 1.944032e-01 3.784842e-02 9.078839e-02 1.736120e-02 3.741671e-02 2.462666e-02 2.118547e-02 1.775222e-02
3.687500e+03 4.212500e+03 1.175000e+03 2.054282e-01 3.784842e-02 5.812044e-02 1.736120e-02 7.228492e-02 2.462666e-02 2.327022e-02 1.775222e-02
3.787500e+03 4.212500e+03 1.150000e+03 5.889629e-02 3.784842e-02 3.873009e-02 1.736120e-02 8.918109e-02 2.462666e-02 3.355355e-02 1.775222e-02
3.887500e+03 4.212500e+03 1.150000e+03 1.493382e-01 3.784842e-02 4.343772e-02 1.736120e-02 7.325951e-02 2.462666e-02 1.100487e-02 1.775222e-02
3.987500e+03 4.212500e+03 1.150000e+03 1.334398e-01 3.784842e-02 6.144495e-02 1.736120e-02 4.624457e-02 2.462666e-02 3.876111e-02 1.775222e-02
4.087500e+03 4.212500e+03 1.150000e+03 1.133055e-01 3.784842e-02 5.285718e-02 1.736120e-02 1.011537e-01 2.462666e-02 5.965749e-02 1.775222e-02
4.187500e+03 4.212500e+03 1.125000e+03 1.087206e-01 3.784842e-02 5.060569e-02 1.736120e-02 7.774167e-02 2.462666e-02 7.972882e-02 1.775222e-02
4.287500e+03 4.212500e+03 1.150000e+03 1.066580e-01 3.784842e-02 4.219933e-02 1.736120e-02 -7.521243e-03 2.462666e-02 1.480471e-01 1.775222e-02
4.387500e+03 4.212500e+03 1.175000e+03 -4.051027e-02 3.784842e-02 6.622296e-02 1.736120e-02 -5.105926e-02 2.462666e-02 1.258761e-01 1.775222e-02
4.487500e+03 4.212500e+03 1.175000e+03 -4.350056e-02 3.784842e-02 8.285344e-02 1.736120e-02 -3.574727e-02 2.462666e-02 1.284710e-01 1.775222e-02
4.587500e+03 4.212500e+03 1.175000e+03 -1.696133e-02 3.784842e-02 4.725997e-02 1.736120e-02 -5.684009e-02 2.462666e-02 1.250515e-01 1.775222e-02
4.687500e+03 4.212500e+03 1.200000e+03 -3.196353e-03 3.784842e-02 3.252779e-02 1.736120e-02 -8.878239e-02 2.462666e-02 9.781130e-02 1.775222e-02
4.787500e+03 4.212500e+03 1.225000e+03 7.658275e-03 3.784842e-02 4.027629e-02 1.736120e-02 -7.437841e-02 2.462666e-02 1.062960e-01 1.775222e-02
4.887500e+03 4.212500e+03 1.225000e+03 -4.763721e-02 3.784842e-02 2.392118e-02 1.736120e-02 -7.289941e-02 2.462666e-02 1.023377e-01 1.775222e-02
4.987500e+03 4.212500e+03 1.225000e+03 -1.157570e-01 3.784842e-02 1.133144e-02 1.736120e-02 -3.196621e-02 2.462666e-02 8.271862e-02 1.775222e-02
5.087500e+03 4.212500e+03 1.250000e+03 -1.215201e-01 3.784842e-02 -1.397390e-02 1.736120e-02 -1.338402e-02 2.462666e-02 1.075448e-01 1.775222e-02
5.187500e+03 4.212500e+03 1.250000e+03 -1.833079e-01 3.784842e-02 -9.343656e-03 1.736120e-02 -9.723815e-03 2.462666e-02 7.818032e-02 1.775222e-02
5.287500e+03 4.212500e+03 1.275000e+03 -1.675540e-01 3.784842e-02 -2.689266e-02 1.736120e-02 1.441713e-02 2.462666e-02 5.820515e-02 1.775222e-02
5.387500e+03 4.212500e+03 1.300000e+03 -1.308982e-01 3.784842e-02 -2.380108e-02 1.736120e-02 7.725910e-02 2.462666e-02 1.553960e-01 1.775222e-02
5.487500e+03 4.212500e+03 1.325000e+03 -1.867869e-01 3.784842e-02 1.022850e-03 1.736120e-02 6.014743e-02 2.462666e-02 1.331142e-01 1.775222e-02
5.587500e+03 4.212500e+03 1.325000e+03 -1.762222e-01 3.784842e-02 -2.461179e-02 1.736120e-02 8.231684e-02 2.462666e-02 1.317138e-01 1.775222e-02
5.687500e+03 4.212500e+03 1.300000e+03 -2.548174e-01 3.784842e-02 -6.867490e-02 1.736120e-02 5.175758e-02 2.462666e-02 1.534050e-01 1.775222e-02
5.787500e+03 4.212500e+03 1.300000e+03 -2.256154e-01 3.784842e-02 -7.408273e-02 1.736120e-02 6.031854e-02 2.462666e-02 1.528231e-01 1.775222e-02
5.887500e+03 4.212500e+03 1.300000e+03 -2.321871e-01 3.784842e-02 5.375398e-02 1.736120e-02 1.193507e-01 2.462666e-02 1.205042e-01 1.775222e-02
5.987500e+03 4.212500e+03 1.275000e+03 -3.181250e-01 3.784842e-02 1.115277e-01 1.736120e-02 1.905807e-01 2.462666e-02 9.180655e-02 1.775222e-02
6.087500e+03 4.212500e+03 1.275000e+03 -2.931108e-01 3.784842e-02 1.025094e-01 1.736120e-02 2.095046e-01 2.462666e-02 8.172638e-02 1.775222e-02
6.187500e+03 4.212500e+03 1.300000e+03 -2.382063e-01 3.784842e-02 8.901187e-02 1.736120e-02 2.022969e-01 2.462666e-02 6.329972e-02 1.775222e-02
6.287500e+03 4.212500e+03 1.325000e+03 -2.074066e-01 3.784842e-02 7.096565e-02 1.736120e-02 1.700311e-01 2.462666e-02 1.006741e-01 1.775222e-02
6.387500e+03 4.212500e+03 1.325000e+03 -1.646423e-01 3.784842e-02 1.125176e-01 1.736120e-02 1.674303e-01 2.462666e-02 1.241329e-01 1.775222e-02
6.487500e+03 4.212500e+03 1.325000e+03 -1.557770e-01 3.784842e-02 8.907168e-02 1.736120e-02 1.808784e-01 2.462666e-02 1.025572e-01 1.775222e-02
6.587500e+03 4.212500e+03 1.350000e+03 -1.243712e-01 3.784842e-02 6.390369e-02 1.736120e-02 1.252235e-01 2.462666e-02 1.043258e-01 1.775222e-02
6.687500e+03 4.212500e+03 1.375000e+03 -8.301157e-02 3.784842e-02 1.172936e-01 1.736120e-02 1.391576e-01 2.462666e-02 6.982735e-02 1.775222e-02
6.787500e+03 4.212500e+03 1.400000e+03 -4.832866e-02 3.784842e-02 7.468724e-02 1.736120e-02 1.048874e-01 2.462666e-02 1.140978e-01 1.775222e-02
6.887500e+03 4.212500e+03 1.400000e+03 -1.908438e-02 3.784842e-02 1.048092e-01 1.736120e-02 1.792789e-01 2.462666e-02 7.813377e-02 1.775222e-02
6.987500e+03 4.212500e+03 1.400000e+03 -8.482848e-02 3.784842e-02 1.029314e-01 1.736120e-02 1.280894e-01 2.462666e-02 1.071953e-01 1.775222e-02
3.487500e+03 4.312500e+03 1.175000e+03 1.674446e-01 3.784842e-02 7.504407e-02 1.736120e-02 2.117805e-02 2.462666e-02 3.393731e-02 1.775222e-02
3.587500e+03 4.312500e+03 1.175000e+03 2.243620e-01 3.784842e-02 1.169620e-01 1.736120e-02 6.037956e-02 2.462666e-02 2.566968e-03 1.775222e-02
3.687500e+03 4.312500e+03 1.150000e+03 1.921158e-01 3.784842e-02 8.469594e-02 1.736120e-02 9.722075e-02 2.462666e-02 2.211335e-02 1.775222e-02
3.787500e+03 4.312500e+03 1.150000e+03 1.902609e-01 3.784842e-02 6.956199e-02 1.736120e-02 7.290404e-02 2.462666e-02 7.176569e-03 1.775222e-02
3.887500e+03 4.312500e+03 1.150000e+03 2.162346e-01 3.784842e-02 7.610020e-02 1.736120e-02 3.543217e-02 2.462666e-02 5.172981e-02 1.775222e-02
3.987500e+03 4.312500e+03 1.150000e+03 1.984310e-01 3.784842e-02 7.987230e-02 1.736120e-02 3.581394e-02 2.462666e-02 4.493783e-02 1.775222e-02
4.087500e+03 4.312500e+03 1.125000e+03 1.651188e-01 3.784842e-02 1.024194e-01 1.736120e-02 1.923228e-02 2.462666e-02 8.691227e-02 1.775222e-02
4.187500e+03 4.312500e+03 1.150000e+03 1.038779e-01 3.784842e-02 1.140541e-01 1.736120e-02 3.756592e-02 2.462666e-02 7.696989e-02 1.775222e-02
4.287500e+03 4.312500e+03 1.175000e+03 3.948533e-02 3.784842e-02 8.882098e-02 1.736120e-02 2.164919e-02 2.462666e-02 1.075586e-01 1.775222e-02
4.387500e+03 4.312500e+03 1.175000e+03 2.879698e-02 3.784842e-02 1.063963e-01 1.736120e-02 -5.955020e-02 2.462666e-02 1.151145e-01 1.775222e-02
4.487500e+03 4.312500e+03 1.175000e+03 1.817123e-02 3.784842e-02 1.151851e-01 1.736120e-02 -1.007946e-01 2.462666e-02 1.515923e-01 1.775222e-02
4.587500e+03 4.312500e+03 1.200000e+03 5.867399e-02 3.784842e-02 9.298704e-02 1.736120e-02 -8.978997e-02 2.462666e-02 1.034406e-01 1.775222e-02
4.687500e+03 4.312500e+03 1.225000e+03 -2.795367e-02 3.784842e-02 7.348316e-02 1.736120e-02 -5.819435e-02 2.462666e-02 8.920648e-02 1.775222e-02
4.787500e+03 4.312500e+03 1.225000e+03 -2.434352e-04 3.784842e-02 1.585864e-02 1.736120e-02 -9.627133e-02 2.462666e-02 7.897263e-02 1.775222e-02
4.887500e+03 4.312500e+03 1.250000e+03 -1.011732e-01 3.784842e-02 4.961808e-02 1.736120e-02 -7.576643e-02 2.462666e-02 6.283873e-02 1.775222e-02
4.987500e+03 4.312500e+03 1.250000e+03 -1.147572e-01 3.784842e-02 1.704531e-02 1.736120e-02 -4.531126e-02 2.462666e-02 7.378257e-02 1.775222e-02
5.087500e+03 4.312500e+03 1.250000e+03 -4.574917e-02 3.784842e-02 2.365637e-02 1.736120e-02 -5.899053e-02 2.462666e-02 9.811819e-02 1.775222e-02
5.187500e+03 4.312500e+03 1.275000e+03 -1.407991e-01 3.784842e-02 2.207794e-03 1.736120e-02 -1.109596e-02 2.462666e-02 1.190154e-01 1.775222e-02
5.287500e+03 4.312500e+03 1.300000e+03 -1.374936e-01 3.784842e-02 1.923568e-03 1.736120e-02 -1.268667e-02 2.462666e-02 7.751680e-02 1.775222e-02
5.387500e+03 4.312500e+03 1.350000e+03 -1.439842e-01 3.784842e-02 7.148315e-03 1.736120e-02 4.574589e-02 2.462666e-02 1.233432e-01 1.775222e-02
5.487500e+03 4.312500e+03 1.350000e+03 -1.004112e-01 3.784842e-02 6.961552e-03 1.736120e-02 4.638599e-02 2.462666e-02 1.084883e-01 1.775222e-02
5.587500e+03 4.312500e+03 1.350000e+03 -2.019835e-01 3.784842e-02 -9.003578e-03 1.736120e-02 6.903072e-02 2.462666e-02 1.365037e-01 1.775222e-02
5.687500e+03 4.312500e+03 1.325000e+03 -1.943910e-01 3.784842e-02 -4.540389e-03 1.736120e-02 8.313415e-02 2.462666e-02 1.215306e-01 1.775222e-02
5.787500e+03 4.312500e+03 1.300000e+03 -2.566983e-01 3.784842e-02 -2.570649e-02 1.736120e-02 6.963611e-02 2.462666e-02 1.199675e-01 1.775222e-02
5.887500e+03 4.312500e+03 1.300000e+03 -2.176837e-01 3.784842e-02 -4.123639e-02 1.736120e-02 7.074669e-02 2.462666e-02 1.525381e-01 1.775222e-02
5.987500e+03 4.312500e+03 1.275000e+03 -1.961736e-01 3.784842e-02 -4.988149e-02 1.736120e-02 8.041685e-02 2.462666e-02 1.896327e-01 1.775222e-02
6.087500e+03 4.312500e+03 1.275000e+03 -2.957879e-01 3.784842e-02 1.381937e-01 1.736120e-02 2.643813e-01 2.462666e-02 4.720877e-02 1.775222e-02
6.187500e+03 4.312500e+03 1.275000e+03 -3.160524e-01 3.784842e-02 1.117590e-01 1.736120e-02 2.457942e-01 2.462666e-02 8.676824e-02 1.775222e-02
6.287500e+03 4.312500e+03 1.325000e+03 -2.114627e-01 3.784842e-02 1.042763e-01 1.736120e-02 1.696817e-01 2.462666e-02 9.353750e-02 1.775222e-02
6.387500e+03 4.312500e+03 1.350000e+03 -1.728084e-01 3.784842e-02 9.197861e-02 1.736120e-02 1.694189e-01 2.462666e-02 8.553676e-02 1.775222e-02
6.487500e+03 4.312500e+03 1.350000e+03 -2.187417e-01 3.784842e-02 8.928160e-02 1.736120e-02 1.627496e-01 2.462666e-02 1.248519e-01 1.775222e-02
6.587500e+03 4.312500e+03 1.350000e+03 -1.370735e-01 3.784842e-02 5.645582e-02 1.736120e-02 1.231267e-01 2.462666e-02 9.048231e-02 1.775222e-02
6.687500e+03 4.312500e+03 1.375000e+03 -9.732376e-02 3.784842e-02 5.146667e-02 1.736120e-02 1.540423e-01 2.462666e-02 8.504836e-02 1.775222e-02
6.787500e+03 4.312500e+03 1.400000e+03 -8.837620e-02 3.784842e-02 8.566435e-02 1.736120e-02 1.350285e-01 2.462666e-02 1.138666e-01 1.775222e-02
6.887500e+03 4.312500e+03 1.400000e+03 -1.115603e-01 3.784842e-02 1.086037e-01 1.736120e-02 9.725752e-02 2.462666e-02 7.848962e-02 1.775222e-02
6.987500e+03 4.312500e+03 1.425000e+03 -4.105188e-02 3.784842e-02 1.133982e-01 1.736120e-02 1.331805e-01 2.462666e-02 8.899786e-02 1.775222e-02
3.487500e+03 4.412500e+03 1.175000e+03 1.356253e-01 3.784842e-02 1.202669e-01 1.736120e-02 5.132042e-02 2.462666e-02 5.913981e-02 1.775222e-02
3.587500e+03 4.412500e+03 1.150000e+03 1.312166e-01 3.784842e-02 1.514989e-01 1.736120e-02 1.056994e-01 2.462666e-02 1.142293e-02 1.775222e-02
3.687500e+03 4.412500e+03 1.150000e+03 1.209271e-01 3.784842e-02 1.204137e-01 1.736120e-02 8.726318e-02 2.462666e-02 2.979501e-02 1.775222e-02
3.787500e+03 4.412500e+03 1.125000e+03 2.015979e-01 3.784842e-02 8.457282e-02 1.736120e-02 1.004240e-01 2.462666e-02 1.363419e-03 1.775222e-02
3.887500e+03 4.412500e+03 1.125000e+03 2.084364e-01 3.784842e-02 9.479622e-02 1.736120e-02 5.159056e-02 2.462666e-02 4.189771e-02 1.775222e-02
3.987500e+03 4.412500e+03 1.125000e+03 1.446435e-01 3.784842e-02 8.322749e-02 1.736120e-02 2.802844e-02 2.462666e-02 4.707145e-02 1.775222e-02
4.087500e+03 4.412500e+03 1.150000e+03 1.036282e-01 3.784842e-02 1.586200e-01 1.736120e-02 6.502105e-03 2.462666e-02 7.753775e-02 1.775222e-02
4.187500e+03 4.412500e+03 1.150000e+03 9.510551e-02 3.784842e-02 1.061621e-01 1.736120e-02 -9.095630e-03 2.462666e-02 8.908280e-02 1.775222e-02
4.287500e+03 4.412500e+03 1.175000e+03 1.158481e-01 3.784842e-02 1.172290e-01 1.736120e-02 -2.517376e-02 2.462666e-02 8.127388e-02 1.775222e-02
4.387500e+03 4.412500e+03 1.175000e+03 6.037816e-02 3.784842e-02 1.355279e-01 1.736120e-02 -3.932224e-02 2.462666e-02 1.427910e-01 1.775222e-02
4.487500e+03 4.412500e+03 1.200000e+03 3.262515e-02 3.784842e-02 9.198076e-02 1.736120e-02 -8.933104e-02 2.462666e-02 1.113309e-01 1.775222e-02
4.587500e+03 4.412500e+03 1.225000e+03 4.394410e-02 3.784842e-02 1.026092e-01 1.736120e-02 -3.980584e-02 2.462666e-02 7.391946e-02 1.775222e-02
4.687500e+03 4.412500e+03 1.225000e+03 9.512714e-02 3.784842e-02 6.593100e-02 1.736120e-02 -1.056732e-01 2.462666e-02 3.086997e-02 1.775222e-02
4.787500e+03 4.412500e+03 1.250000e+03 1.296355e-02 3.784842e-02 3.752484e-02 1.736120e-02 -9.635240e-02 2.462666e-02 3.983097e-02 1.775222e-02
4.887500e+03 4.412500e+03 1.250000e+03 8.520092e-03 3.784842e-02 5.228202e-02 1.736120e-02 -8.323804e-02 2.462666e-02 1.068805e-01 1.775222e-02
4.987500e+03 4.412500e+03 1.250000e+03 -4.168433e-02 3.784842e-02 3.768285e-02 1.736120e-02 -7.515590e-02 2.462666e-02 3.173398e-02 1.775222e-02
5.087500e+03 4.412500e+03 1.250000e+03 8.711631e-03 3.784842e-02 2.595418e-02 1.736120e-02 -8.000409e-02 2.462666e-02 7.065722e-02 1.775222e-02
5.187500e+03 4.412500e+03 1.275000e+03 -2.926112e-02 3.784842e-02 -8.016764e-04 1.736120e-02 -1.629961e-02 2.462666e-02 7.517316e-02 1.775222e-02
5.287500e+03 4.412500e+03 1.300000e+03 5.911175e-03 3.784842e-02 2.819025e-02 1.736120e-02 2.547693e-02 2.462666e-02 1.104042e-01 1.775222e-02
5.387500e+03 4.412500e+03 1.350000e+03 -1.495325e-01 3.784842e-02 3.268187e-02 1.736120e-02 1.589432e-02 2.462666e-02 9.594734e-02 1.775222e-02
5.487500e+03 4.412500e+03 1.375000e+03 -1.153490e-01 3.784842e-02 -1.718195e-02 1.736120e-02 1.126374e-02 2.462666e-02 7.135041e-02 1.775222e-02
5.587500e+03 4.412500e+03 1.375000e+03 -1.612406e-01 3.784842e-02 9.094009e-03 1.736120e-02 5.025445e-02 2.462666e-02 7.392235e-02 1.775222e-02
5.687500e+03 4.412500e+03 1.350000e+03 -1.051353e-01 3.784842e-02 5.387360e-03 1.736120e-02 5.922312e-02 2.462666e-02 8.398613e-02 1.775222e-02
5.787500e+03 4.412500e+03 1.325000e+03 -1.546214e-01 3.784842e-02 -2.339282e-02 1.736120e-02 5.963207e-02 2.462666e-02 8.952298e-02 1.775222e-02
5.887500e+03 4.412500e+03 1.325000e+03 -2.014966e-01 3.784842e-02 -1.773336e-02 1.736120e-02 7.399768e-02 2.462666e-02 1.094651e-01 1.775222e-02
5.987500e+03 4.412500e+03 1.300000e+03 -1.729386e-01 3.784842e-02 -1.426274e-02 1.736120e-02 3.364580e-02 2.462666e-02 1.315200e-01 1.775222e-02
6.087500e+03 4.412500e+03 1.275000e+03 -2.187796e-01 3.784842e-02 -8.197127e-02 1.736120e-02 1.102180e-01 2.462666e-02 2.100461e-01 1.775222e-02
6.187500e+03 4.412500e+03 1.275000e+03 -3.814527e-01 3.784842e-02 1.568279e-01 1.736120e-02 2.825518e-01 2.462666e-02 6.847179e-02 1.775222e-02
6.287500e+03 4.412500e+03 1.300000e+03 -2.022105e-01 3.784842e-02 7.990294e-02 1.736120e-02 2.963407e-01 2.462666e-02 8.636478e-02 1.775222e-02
6.387500e+03 4.412500e+03 1.325000e+03 -1.354131e-01 3.784842e-02 6.178047e-02 1.736120e-02 2.414299e-01 2.462666e-02 1.175016e-01 1.775222e-02
6.487500e+03 4.412500e+03 1.325000e+03 -1.296344e-01 3.784842e-02 9.148041e-02 1.736120e-02 1.665195e-01 2.462666e-02 8.658471e-02 1.775222e-02
6.587500e+03 4.412500e+03 1.375000e+03 -8.137616e-02 3.784842e-02 6.825021e-02 1.736120e-02 1.597582e-01 2.462666e-02 1.095635e-01 1.775222e-02
6.687500e+03 4.412500e+03 1.375000e+03 -1.248228e-01 3.784842e-02 6.731632e-02 1.736120e-02 1.681543e-01 2.462666e-02 9.451760e-02 1.775222e-02
6.787500e+03 4.412500e+03 1.400000e+03 -1.252318e-01 3.784842e-02 8.972265e-02 1.736120e-02 1.852319e-01 2.462666e-02 1.082863e-01 1.775222e-02
6.887500e+03 4.412500e+03 1.400000e+03 -3.413475e-02 3.784842e-02 5.772573e-02 1.736120e-02 1.206746e-01 2.462666e-02 9.718157e-02 1.775222e-02
6.987500e+03 4.412500e+03 1.425000e+03 -7.284986e-02 3.784842e-02 5.586447e-02 1.736120e-02 1.479581e-01 2.462666e-02 8.186955e-02 1.775222e-02
3.487500e+03 4.512500e+03 1.175000e+03 2.030706e-01 3.784842e-02 1.435657e-01 1.736120e-02 2.015178e-02 2.462666e-02 2.306524e-02 1.775222e-02
3.587500e+03 4.512500e+03 1.175000e+03 1.712852e-01 3.784842e-02 1.715325e-01 1.736120e-02 6.756580e-02 2.462666e-02 3.570299e-02 1.775222e-02
3.687500e+03 4.512500e+03 1.150000e+03 2.663420e-01 3.784842e-02 1.038829e-01 1.736120e-02 5.866213e-02 2.462666e-02 2.510250e-02 1.775222e-02
3.787500e+03 4.512500e+03 1.125000e+03 2.832604e-01 3.784842e-02 1.489056e-01 1.736120e-02 8.038830e-02 2.462666e-02 3.548174e-02 1.775222e-02
3.887500e+03 4.512500e+03 1.125000e+03 2.236886e-01 3.784842e-02 1.514455e-01 1.736120e-02 7.114287e-02 2.462666e-02 3.562820e-02 1.775222e-02
3.987500e+03 4.512500e+03 1.125000e+03 1.792244e-01 3.784842e-02 1.580825e-01 1.736120e-02 6.157179e-03 2.462666e-02 5.104336e-02 1.775222e-02
4.087500e+03 4.512500e+03 1.150000e+03 1.464001e-01 3.784842e-02 1.549240e-01 1.736120e-02 -4.231261e-02 2.462666e-02 7.616030e-02 1.775222e-02
4.187500e+03 4.512500e+03 1.150000e+03 1.531456e-01 3.784842e-02 1.259957e-01 1.736120e-02 8.870317e-03 2.462666e-02 9.345006e-02 1.775222e-02
4.287500e+03 4.512500e+03 1.175000e+03 1.752609e-01 3.784842e-02 1.026071e-01 1.736120e-02 -5.769077e-02 2.462666e-02 7.929174e-02 1.775222e-02
4.387500e+03 4.512500e+03 1.175000e+03 1.426612e-01 3.784842e-02 1.500064e-01 1.736120e-02 -8.749714e-02 2.462666e-02 6.851833e-02 1.775222e-02
4.487500e+03 4.512500e+03 1.200000e+03 1.283133e-01 3.784842e-02 1.398578e-01 1.736120e-02 -6.276461e-02 2.462666e-02 7.545956e-02 1.775222e-02
4.587500e+03 4.512500e+03 1.225000e+03 1.340745e-01 3.784842e-02 9.900468e-02 1.736120e-02 -8.810432e-02 2.462666e-02 8.181947e-02 1.775222e-02
4.687500e+03 4.512500e+03 1.250000e+03 6.486997e-02 3.784842e-02 6.772121e-02 1.736120e-02 -1.289270e-01 2.462666e-02 9.542000e-02 1.775222e-02
4.787500e+03 4.512500e+03 1.250000e+03 4.695468e-02 3.784842e-02 8.240293e-02 1.736120e-02 -7.690296e-02 2.462666e-02 5.034605e-02 1.775222e-02
4.887500e+03 4.512500e+03 1.275000e+03 1.131376e-02 3.784842e-02 5.769154e-02 1.736120e-02 -8.168535e-02 2.462666e-02 4.171421e-02 1.775222e-02
4.987500e+03 4.512500e+03 1.275000e+03 6.539772e-02 3.784842e-02 4.859064e-02 1.736120e-02 -6.494003e-02 2.462666e-02 5.012179e-02 1.775222e-02
5.087500e+03 4.512500e+03 1.275000e+03 -2.324527e-02 3.784842e-02 2.718028e-02 1.736120e-02 -5.477184e-02 2.462666e-02 7.150919e-02 1.775222e-02
5.187500e+03 4.512500e+03 1.275000e+03 -5.054518e-02 3.784842e-02 5.864287e-02 1.736120e-02 1.492124e-03 2.462666e-02 5.683285e-02 1.775222e-02
5.287500e+03 4.512500e+03 1.300000e+03 -9.984484e-02 3.784842e-02 2.070628e-02 1.736120e-02 -2.072328e-02 2.462666e-02 6.341556e-02 1.775222e-02
5.387500e+03 4.512500e+03 1.325000e+03 -3.256271e-02 3.784842e-02 -4.224527e-03 1.736120e-02 2.340748e-02 2.462666e-02 6.372803e-02 1.775222e-02
5.487500e+03 4.512500e+03 1.375000e+03 -3.028298e-02 3.784842e-02 3.161309e-02 1.736120e-02 -2.166855e-02 2.462666e-02 7.830273e-02 1.775222e-02
5.587500e+03 4.512500e+03 1.375000e+03 -1.734875e-02 3.784842e-02 3.957011e-02 1.736120e-02 -2.941144e-02 2.462666e-02 1.070888e-01 1.775222e-02
5.687500e+03 4.512500e+03 1.350000e+03 -7.608928e-02 3.784842e-02 5.011361e-02 1.736120e-02 2.214936e-02 2.462666e-02 5.441530e-02 1.775222e-02
5.787500e+03 4.512500e+03 1.325000e+03 -1.064767e-01 3.784842e-02 1.128187e-02 1.736120e-02 2.198428e-02 2.462666e-02 7.129645e-02 1.775222e-02
5.887500e+03 4.512500e+03 1.325000e+03 -1.118929e-01 3.784842e-02 4.162419e-03 1.736120e-02 5.119831e-02 2.462666e-02 1.008281e-01 1.775222e-02
5.987500e+03 4.512500e+03 1.300000e+03 -1.413787e-01 3.784842e-02 -2.935768e-02 1.736120e-02 1.012884e-01 2.462666e-02 1.267625e-01 1.775222e-02
6.087500e+03 4.512500e+03 1.300000e+03 -1.963936e-01 3.784842e-02 -2.327360e-03 1.736120e-02 6.424302e-02 2.462666e-02 1.472586e-01 1.775222e-02
6.187500e+03 4.512500e+03 1.275000e+03 -1.538085e-01 3.784842e-02 -7.045140e-02 1.736120e-02 9.124412e-02 2.462666e-02 1.853490e-01 1.775222e-02
6.287500e+03 4.512500e+03 1.300000e+03 -1.951527e-01 3.784842e-02 1.184910e-01 1.736120e-02 2.523622e-01 2.462666e-02 3.818533e-02 1.775222e-02
6.387500e+03 4.512500e+03 1.300000e+03 -2.395787e-01 3.784842e-02 1.065665e-01 1.736120e-02 2.456769e-01 2.462666e-02 4.387652e-02 1.775222e-02
6.487500e+03 4.512500e+03 1.325000e+03 -2.600903e-01 3.784842e-02 1.114134e-01 1.736120e-02 2.539245e-01 2.462666e-02 7.715793e-02 1.775222e-02
6.587500e+03 4.512500e+03 1.350000e+03 -1.359096e-01 3.784842e-02 6.692637e-02 1.736120e-02 1.402631e-01 2.462666e-02 8.153081e-02 1.775222e-02
6.687500e+03 4.512500e+03 1.375000e+03 -1.446507e-01 3.784842e-02 8.596986e-02 1.736120e-02 1.800793e-01 2.462666e-02 9.353565e-02 1.775222e-02
6.787500e+03 4.512500e+03 1.375000e+03 -1.049134e-01 3.784842e-02 8.025584e-02 1.736120e-02 2.242548e-01 2.462666e-02 1.073019e-01 1.775222e-02
6.887500e+03 4.512500e+03 1.425000e+03 -6.276867e-02 3.784842e-02 7.611068e-02 1.736120e-02 1.197657e-01 2.462666e-02 1.142318e-01 1.775222e-02
6.987500e+03 4.512500e+03 1.450000e+03 -9.854505e-02 3.784842e-02 4.722727e-02 1.736120e-02 8.944875e-02 2.462666e-02 1.024655e-01 1.775222e-02
3.487500e+03 4.612500e+03 1.175000e+03 2.128203e-01 3.784842e-02 1.858020e-01 1.736120e-02 5.928507e-02 2.462666e-02 5.071829e-02 1.775222e-02
3.587500e+03 4.612500e+03 1.175000e+03 2.780466e-01 3.784842e-02 1.230697e-01 1.736120e-02 1.267056e-01 2.462666e-02 1.289782e-02 1.775222e-02
3.687500e+03 4.612500e+03 1.150000e+03 3.104053e-01 3.784842e-02 1.572435e-01 1.736120e-02 1.307456e-01 2.462666e-02 2.398890e-02 1.775222e-02
3.787500e+03 4.612500e+03 1.125000e+03 2.284721e-01 3.784842e-02 1.421406e-01 1.736120e-02 7.371833e-02 2.462666e-02 3.612896e-02 1.775222e-02
3.887500e+03 4.612500e+03 1.125000e+03 2.426988e-01 3.784842e-02 1.430426e-01 1.736120e-02 5.113690e-02 2.462666e-02 2.903394e-02 1.775222e-02
3.987500e+03 4.612500e+03 1.150000e+03 2.759799e-01 3.784842e-02 1.405195e-01 1.736120e-02 1.707326e-02 2.462666e-02 6.685202e-02 1.775222e-02
4.087500e+03 4.612500e+03 1.150000e+03 2.207595e-01 3.784842e-02 1.579755e-01 1.736120e-02 7.021208e-03 2.462666e-02 6.483063e-02 1.775222e-02
4.187500e+03 4.612500e+03 1.175000e+03 1.497208e-01 3.784842e-02 1.760062e-01 1.736120e-02 -3.222257e-02 2.462666e-02 1.097432e-01 1.775222e-02
4.287500e+03 4.612500e+03 1.175000e+03 2.093142e-01 3.784842e-02 1.912026e-01 1.736120e-02 -1.954881e-02 2.462666e-02 9.349945e-02 1.775222e-02
4.387500e+03 4.612500e+03 1.200000e+03 2.333000e-01 3.784842e-02 1.402862e-01 1.736120e-02 -7.886668e-02 2.462666e-02 8.328179e-02 1.775222e-02
4.487500e+03 4.612500e+03 1.200000e+03 1.945339e-01 3.784842e-02 1.630203e-01 1.736120e-02 -1.013382e-01 2.462666e-02 7.452852e-02 1.775222e-02
4.587500e+03 4.612500e+03 1.225000e+03 1.235615e-01 3.784842e-02 1.183989e-01 1.736120e-02 -1.042437e-01 2.462666e-02 6.620620e-02 1.775222e-02
4.687500e+03 4.612500e+03 1.250000e+03 1.737817e-01 3.784842e-02 9.086997e-02 1.736120e-02 -1.541049e-01 2.462666e-02 5.005509e-02 1.775222e-02
4.787500e+03 4.612500e+03 1.250000e+03 3.339488e-02 3.784842e-02 8.046649e-02 1.736120e-02 -8.413494e-02 2.462666e-02 7.570973e-02 1.775222e-02
4.887500e+03 4.612500e+03 1.275000e+03 5.539916e-02 3.784842e-02 7.654782e-02 1.736120e-02 -9.336874e-02 2.462666e-02 3.203791e-02 1.775222e-02
4.987500e+03 4.612500e+03 1.275000e+03 3.583424e-02 3.784842e-02 5.828610e-02 1.736120e-02 -6.546505e-02 2.462666e-02 2.490668e-02 1.775222e-02
5.087500e+03 4.612500e+03 1.300000e+03 5.430323e-02 3.784842e-02 5.015155e-02 1.736120e-02 -4.928191e-02 2.462666e-02 4.192268e-02 1.775222e-02
5.187500e+03 4.612500e+03 1.300000e+03 1.785972e-02 3.784842e-02 3.470921e-02 1.736120e-02 -7.302195e-02 2.462666e-02 5.552475e-02 1.775222e-02
5.287500e+03 4.612500e+03 1.300000e+03 -2.581059e-02 3.784842e-02 4.602954e-02 1.736120e-02 -1.849968e-02 2.462666e-02 6.659608e-02 1.775222e-02
5.387500e+03 4.612500e+03 1.325000e+03 -8.511006e-03 3.784842e-02 5.840904e-02 1.736120e-02 2.768571e-03 2.462666e-02 6.729089e-02 1.775222e-02
5.487500e+03 4.612500e+03 1.375000e+03 -3.501004e-02 3.784842e-02 3.100100e-02 1.736120e-02 8.881578e-03 2.462666e-02 6.052328e-02 1.775222e-02
5.587500e+03 4.612500e+03 1.400000e+03 -7.056203e-02 3.784842e-02 4.211481e-02 1.736120e-02 -1.202887e-02 2.462666e-02 6.178233e-02 1.775222e-02
5.687500e+03 4.612500e+03 1.375000e+03 -6.012619e-02 3.784842e-02 6.444684e-02 1.736120e-02 7.050264e-02 2.462666e-02 4.227684e-02 1.775222e-02
5.787500e+03 4.612500e+03 1.350000e+03 -9.463139e-02 3.784842e-02 1.433305e-02 1.736120e-02 8.824729e-02 2.462666e-02 4.904473e-02 1.775222e-02
5.887500e+03 4.612500e+03 1.350000e+03 -3.435423e-02 3.784842e-02 4.915379e-02 1.736120e-02 3.807217e-02 2.462666e-02 4.878716e-02 1.775222e-02
5.987500e+03 4.612500e+03 1.325000e+03 -5.364133e-02 3.784842e-02 2.776895e-02 1.736120e-02 7.743589e-02 2.462666e-02 9.523743e-02 1.775222e-02
6.087500e+03 4.612500e+03 1.300000e+03 -1.112312e-01 3.784842e-02 -4.078817e-02 1.736120e-02 8.602130e-02 2.462666e-02 1.201657e-01 1.775222e-02
6.187500e+03 4.612500e+03 1.275000e+03 -1.461852e-01 3.784842e-02 -2.218415e-02 1.736120e-02 4.397191e-02 2.462666e-02 1.694745e-01 1.775222e-02
6.287500e+03 4.612500e+03 1.275000e+03 1.088545e-02 3.784842e-02 1.291942e-02 1.736120e-02 8.824174e-02 2.462666e-02 1.938494e-01 1.775222e-02
6.387500e+03 4.612500e+03 1.300000e+03 -2.347133e-01 3.784842e-02 1.050909e-01 1.736120e-02 2.736387e-01 2.462666e-02 5.773220e-02 1.775222e-02
6.487500e+03 4.612500e+03 1.325000e+03 -1.417119e-01 3.784842e-02 1.061335e-01 1.736120e-02 2.072071e-01 2.462666e-02 7.494078e-02 1.775222e-02
6.587500e+03 4.612500e+03 1.325000e+03 -1.721125e-01 3.784842e-02 9.074744e-02 1.736120e-02 2.449122e-01 2.462666e-02 5.393095e-02 1.775222e-02
6.687500e+03 4.612500e+03 1.350000e+03 -1.075468e-02 3.784842e-02 6.534946e-02 1.736120e-02 1.863158e-01 2.462666e-02 5.632674e-02 1.775222e-02
6.787500e+03 4.612500e+03 1.375000e+03 -1.326450e-01 3.784842e-02 1.139388e-01 1.736120e-02 1.494990e-01 2.462666e-02 7.672148e-02 1.775222e-02
6.887500e+03 4.612500e+03 1.400000e+03 -1.088394e-01 3.784842e-02 1.061236e-01 1.736120e-02 1.402997e-01 2.462666e-02 9.578686e-02 1.775222e-02
6.987500e+03 4.612500e+03 1.450000e+03 -1.259327e-01 3.784842e-02 1.127965e-01 1.736120e-02 8.427467e-02 2.462666e-02 5.928752e-02 1.775222e-02
3.487500e+03 4.712500e+03 1.175000e+03 2.468204e-01 3.784842e-02 1.564043e-01 1.736120e-02 1.110398e-01 2.462666e-02 4.089676e-02 1.775222e-02
3.587500e+03 4.712500e+03 1.150000e+03 2.845073e-01 3.784842e-02 1.845433e-01 1.736120e-02 8.205741e-02 2.462666e-02 -5.148918e-03 1.775222e-02
3.687500e+03 4.712500e+03 1.150000e+03 2.923432e-01 3.784842e-02 1.519475e-01 1.736120e-02 1.090347e-01 2.462666e-02 9.703339e-03 1.775222e-02
3.787500e+03 4.712500e+03 1.125000e+03 2.306945e-01 3.784842e-02 1.776389e-01 1.736120e-02 9.895766e-02 2.462666e-02 8.633062e-02 1.775222e-02
3.887500e+03 4.712500e+03 1.125000e+03 3.050480e-01 3.784842e-02 1.872328e-01 1.736120e-02 6.548134e-02 2.462666e-02 5.901143e-02 1.775222e-02
3.987500e+03 4.712500e+03 1.150000e+03 2.172739e-01 3.784842e-02 1.732126e-01 1.736120e-02 4.173482e-02 2.462666e-02 7.156915e-02 1.775222e-02
4.087500e+03 4.712500e+03 1.175000e+03 1.946620e-01 3.784842e-02 1.670301e-01 1.736120e-02 3.995447e-02 2.462666e-02 6.691108e-02 1.775222e-02
4.187500e+03 4.712500e+03 1.175000e+03 2.800574e-01 3.784842e-02 1.670922e-01 1.736120e-02 -3.168470e-02 2.462666e-02 3.708966e-02 1.775222e-02
4.287500e+03 4.712500e+03 1.175000e+03 3.203429e-01 3.784842e-02 1.405337e-01 1.736120e-02 -6.913225e-02 2.462666e-02 9.975003e-02 1.775222e-02
4.387500e+03 4.712500e+03 1.200000e+03 2.311292e-01 3.784842e-02 1.866179e-01 1.736120e-02 -1.097979e-01 2.462666e-02 9.461537e-02 1.775222e-02
4.487500e+03 4.712500e+03 1.225000e+03 2.632094e-01 3.784842e-02 1.757514e-01 1.736120e-02 -9.896716e-02 2.462666e-02 3.406814e-02 1.775222e-02
4.587500e+03 4.712500e+03 1.250000e+03 1.615269e-01 3.784842e-02 1.235931e-01 1.736120e-02 -1.224866e-01 2.462666e-02 7.609000e-02 1.775222e-02
4.687500e+03 4.712500e+03 1.250000e+03 1.532909e-01 3.784842e-02 1.242934e-01 1.736120e-02 -1.387483e-01 2.462666e-02 5.940874e-02 1.775222e-02
4.787500e+03 4.712500e+03 1.250000e+03 1.042307e-01 3.784842e-02 1.057372e-01 1.736120e-02 -1.097502e-01 2.462666e-02 8.585437e-02 1.775222e-02
4.887500e+03 4.712500e+03 1.275000e+03 1.132321e-01 3.784842e-02 8.146068e-02 1.736120e-02 -5.022932e-02 2.462666e-02 6.717478e-02 1.775222e-02
4.987500e+03 4.712500e+03 1.275000e+03 9.332085e-02 3.784842e-02 1.005473e-01 1.736120e-02 -9.156851e-02 2.462666e-02 6.904639e-02 1.775222e-02
5.087500e+03 4.712500e+03 1.300000e+03 1.142837e-01 3.784842e-02 6.676770e-02 1.736120e-02 -6.675972e-02 2.462666e-02 3.638067e-02 1.775222e-02
5.187500e+03 4.712500e+03 1.300000e+03 1.061563e-01 3.784842e-02 8.875678e-02 1.736120e-02 -3.865493e-02 2.462666e-02 1.887243e-02 1.775222e-02
5.287500e+03 4.712500e+03 1.300000e+03 6.532178e-02 3.784842e-02 6.108899e-02 1.736120e-02 -4.397538e-02 2.462666e-02 1.894971e-02 1.775222e-02
5.387500e+03 4.712500e+03 1.325000e+03 4.667402e-02 3.784842e-02 4.722065e-02 1.736120e-02 1.023028e-02 2.462666e-02 6.797759e-03 1.775222e-02
5.487500e+03 4.712500e+03 1.350000e+03 1.325806e-02 3.784842e-02 1.744724e-02 1.736120e-02 2.361285e-02 2.462666e-02 6.014338e-02 1.775222e-02
5.587500e+03 4.712500e+03 1.400000e+03 2.498908e-02 3.784842e-02 5.536740e-02 1.736120e-02 2.082888e-02 2.462666e-02 6.038044e-02 1.775222e-02
5.687500e+03 4.712500e+03 1.400000e+03 -1.600852e-03 3.784842e-02 7.352352e-02 1.736120e-02 2.352423e-02 2.462666e-02 5.885027e-02 1.775222e-02
5.787500e+03 4.712500e+03 1.350000e+03 -5.110973e-02 3.784842e-02 6.102055e-02 1.736120e-02 3.111775e-02 2.462666e-02 6.426682e-02 1.775222e-02
5.887500e+03 4.712500e+03 1.350000e+03 2.451388e-02 3.784842e-02 6.263987e-02 1.736120e-02 3.286653e-02 2.462666e-02 4.203800e-02 1.775222e-02
5.987500e+03 4.712500e+03 1.325000e+03 2.347969e-02 3.784842e-02 3.446856e-02 1.736120e-02 4.535827e-02 2.462666e-02 8.929083e-02 1.775222e-02
6.087500e+03 4.712500e+03 1.325000e+03 4.655747e-02 3.784842e-02 4.266147e-02 1.736120e-02 3.102889e-02 2.462666e-02 8.467586e-02 1.775222e-02
6.187500e+03 4.712500e+03 1.300000e+03 3.351441e-02 3.784842e-02 5.837079e-02 1.736120e-02 -6.469181e-03 2.462666e-02 8.205753e-02 1.775222e-02
6.287500e+03 4.712500e+03 1.300000e+03 8.565792e-02 3.784842e-02 3.976942e-02 1.736120e-02 2.550248e-02 2.462666e-02 1.606400e-01 1.775222e-02
6.387500e+03 4.712500e+03 1.300000e+03 -9.259757e-02 3.784842e-02 1.110008e-01 1.736120e-02 2.341315e-01 2.462666e-02 2.341905e-02 1.775222e-02
6.487500e+03 4.712500e+03 1.350000e+03 -1.209524e-01 3.784842e-02 9.900672e-02 1.736120e-02 2.578548e-01 2.462666e-02 6.177048e-02 1.775222e-02
6.587500e+03 4.712500e+03 1.350000e+03 -9.848686e-02 3.784842e-02 1.005459e-01 1.736120e-02 1.837365e-01 2.462666e-02 1.085971e-01 1.775222e-02
6.687500e+03 4.712500e+03 1.375000e+03 -1.501256e-01 3.784842e-02 1.043670e-01 1.736120e-02 1.722204e-01 2.462666e-02 6.235737e-02 1.775222e-02
6.787500e+03 4.712500e+03 1.375000e+03 -9.210493e-02 3.784842e-02 6.663209e-02 1.736120e-02 2.014989e-01 2.462666e-02 1.005092e-01 1.775222e-02
6.887500e+03 4.712500e+03 1.400000e+03 -8.936750e-02 3.784842e-02 8.980952e-02 1.736120e-02 1.169064e-01 2.462666e-02 9.834733e-02 1.775222e-02
6.987500e+03 4.712500e+03 1.425000e+03 -7.382988e-02 3.784842e-02 3.840305e-02 1.736120e-02 1.495334e-01 2.462666e-02 7.866130e-02 1.775222e-02
3.487500e+03 4.812500e+03 1.175000e+03 2.429348e-01 3.784842e-02 2.206981e-01 1.736120e-02 1.055136e-01 2.462666e-02 3.011193e-02 1.775222e-02
3.587500e+03 4.812500e+03 1.150000e+03 3.347248e-01 3.784842e-02 1.707623e-01 1.736120e-02 8.859110e-02 2.462666e-02 1.000097e-02 1.775222e-02
3.687500e+03 4.812500e+03 1.125000e+03 3.194971e-01 3.784842e-02 1.583285e-01 1.736120e-02 1.233684e-01 2.462666e-02 4.783055e-02 1.775222e-02
3.787500e+03 4.812500e+03 1.125000e+03 3.077824e-01 3.784842e-02 1.814945e-01 1.736120e-02 8.279911e-02 2.462666e-02 5.497626e-02 1.775222e-02
3.887500e+03 4.812500e+03 1.125000e+03 3.385301e-01 3.784842e-02 2.001370e-01 1.736120e-02 4.598242e-02 2.462666e-02 5.358900e-02 1.775222e-02
3.987500e+03 4.812500e+03 1.150000e+03 1.831737e-01 3.784842e-02 1.948096e-01 1.736120e-02 -6.298607e-04 2.462666e-02 8.815124e-02 1.775222e-02
4.087500e+03 4.812500e+03 1.175000e+03 2.679808e-01 3.784842e-02 1.736324e-01 1.736120e-02 -8.224317e-03 2.462666e-02 8.940473e-02 1.775222e-02
4.187500e+03 4.812500e+03 1.175000e+03 2.929508e-01 3.784842e-02 1.728563e-01 1.736120e-02 -5.283972e-03 2.462666e-02 6.285247e-02 1.775222e-02
4.287500e+03 4.812500e+03 1.175000e+03 2.202865e-01 3.784842e-02 1.658789e-01 1.736120e-02 -6.561174e-04 2.462666e-02 9.377919e-02 1.775222e-02
4.387500e+03 4.812500e+03 1.200000e+03 3.391292e-01 3.784842e-02 1.567414e-01 1.736120e-02 -3.529471e-02 2.462666e-02 8.993037e-02 1.775222e-02
4.487500e+03 4.812500e+03 1.250000e+03 2.742119e-01 3.784842e-02 1.401309e-01 1.736120e-02 -9.089400e-02 2.462666e-02 7.209279e-02 1.775222e-02
4.587500e+03 4.812500e+03 1.250000e+03 2.331511e-01 3.784842e-02 1.417744e-01 1.736120e-02 -1.061588e-01 2.462666e-02 4.600335e-02 1.775222e-02
4.687500e+03 4.812500e+03 1.275000e+03 1.921327e-01 3.784842e-02 1.590840e-01 1.736120e-02 -1.133613e-01 2.462666e-02 9.210253e-02 1.775222e-02
4.787500e+03 4.812500e+03 1.275000e+03 1.307544e-01 3.784842e-02 1.026702e-01 1.736120e-02 -1.563789e-01 2.462666e-02 6.237878e-02 1.775222e-02
4.887500e+03 4.812500e+03 1.275000e+03 1.493622e-01 3.784842e-02 1.289155e-01 1.736120e-02 -8.114667e-02 2.462666e-02 4.143581e-02 1.775222e-02
4.987500e+03 4.812500e+03 1.275000e+03 1.062594e-01 3.784842e-02 1.007994e-01 1.736120e-02 -1.149774e-01 2.462666e-02 1.605883e-02 1.775222e-02
5.087500e+03 4.812500e+03 1.275000e+03 8.355045e-02 3.784842e-02 7.642223e-02 1.736120e-02 -8.558803e-02 2.462666e-02 4.174517e-02 1.775222e-02
5.187500e+03 4.812500e+03 1.275000e+03 1.658493e-01 3.784842e-02 8.983050e-02 1.736120e-02 -4.248140e-02 2.462666e-02 4.223254e-02 1.775222e-02
5.287500e+03 4.812500e+03 1.275000e+03 6.086283e-02 3.784842e-02 3.206698e-02 1.736120e-02 -4.709565e-03 2.462666e-02 3.537309e-02 1.775222e-02
5.387500e+03 4.812500e+03 1.300000e+03 7.412932e-02 3.784842e-02 5.954770e-02 1.736120e-02 -1.650779e-02 2.462666e-02 2.966362e-02 1.775222e-02
5.487500e+03 4.812500e+03 1.350000e+03 5.768889e-02 3.784842e-02 5.393569e-02 1.736120e-02 -4.716936e-02 2.462666e-02 7.461826e-02 1.775222e-02
5.587500e+03 4.812500e+03 1.375000e+03 1.258837e-01 3.784842e-02 4.635836e-02 1.736120e-02 2.668159e-02 2.462666e-02 8.149945e-02 1.775222e-02
5.687500e+03 4.812500e+03 1.400000e+03 7.848167e-02 3.784842e-02 1.064943e-01 1.736120e-02 3.698300e-02 2.462666e-02 6.905830e-02 1.775222e-02
5.787500e+03 4.812500e+03 1.375000e+03 4.011579e-02 3.784842e-02 6.750945e-02 1.736120e-02 3.781305e-02 2.462666e-02 5.583485e-02 1.775222e-02
5.887500e+03 4.812500e+03 1.350000e+03 9.328019e-02 3.784842e-02 9.073370e-02 1.736120e-02 1.077322e-02 2.462666e-02 5.403746e-02 1.775222e-02
5.987500e+03 4.812500e+03 1.350000e+03 1.222851e-01 3.784842e-02 5.308950e-02 1.736120e-02 8.477446e-02 2.462666e-02 4.273355e-02 1.775222e-02
6.087500e+03 4.812500e+03 1.350000e+03 8.904344e-02 3.784842e-02 7.162940e-02 1.736120e-02 6.200355e-02 2.462666e-02 7.611117e-02 1.775222e-02
6.187500e+03 4.812500e+03 1.325000e+03 1.516472e-01 3.784842e-02 4.158198e-02 1.736120e-02 1.962134e-02 2.462666e-02 6.254718e-02 1.775222e-02
6.287500e+03 4.812500e+03 1.300000e+03 2.155673e-01 3.784842e-02 8.551268e-02 1.736120e-02 1.113129e-02 2.462666e-02 1.009454e-01 1.775222e-02
6.387500e+03 4.812500e+03 1.300000e+03 1.966072e-01 3.784842e-02 6.769233e-02 1.736120e-02 4.968660e-02 2.462666e-02 1.538192e-01 1.775222e-02
6.487500e+03 4.812500e+03 1.325000e+03 -1.087542e-01 3.784842e-02 8.954084e-02 1.736120e-02 2.049036e-01 2.462666e-02 4.534056e-02 1.775222e-02
6.587500e+03 4.812500e+03 1.350000e+03 -1.032711e-01 3.784842e-02 1.272523e-01 1.736120e-02 1.942136e-01 2.462666e-02 5.049373e-02 1.775222e-02
6.687500e+03 4.812500e+03 1.375000e+03 -5.749584e-02 3.784842e-02 7.006275e-02 1.736120e-02 1.686330e-01 2.462666e-02 7.919122e-02 1.775222e-02
6.787500e+03 4.812500e+03 1.400000e+03 -1.059467e-01 3.784842e-02 7.627214e-02 1.736120e-02 1.418738e-01 2.462666e-02 9.974633e-02 1.775222e-02
6.887500e+03 4.812500e+03 1.400000e+03 -7.321671e-02 3.784842e-02 9.573754e-02 1.736120e-02 8.439790e-02 2.462666e-02 4.643870e-02 1.775222e-02
6.987500e+03 4.812500e+03 1.425000e+03 -1.142310e-01 3.784842e-02 7.788416e-02 1.736120e-02 1.371970e-01 2.462666e-02 9.288724e-02 1.775222e-02
3.487500e+03 4.912500e+03 1.175000e+03 3.091315e-01 3.784842e-02 1.488897e-01 1.736120e-02 1.343934e-01 2.462666e-02 4.311557e-02 1.775222e-02
3.587500e+03 4.912500e+03 1.125000e+03 3.034395e-01 3.784842e-02 1.769264e-01 1.736120e-02 1.525351e-01 2.462666e-02 6.641397e-02 1.775222e-02
3.687500e+03 4.912500e+03 1.125000e+03 2.872923e-01 3.784842e-02 1.929488e-01 1.736120e-02 1.320508e-01 2.462666e-02 6.419926e-02 1.775222e-02
3.787500e+03 4.912500e+03 1.125000e+03 3.341053e-01 3.784842e-02 1.722359e-01 1.736120e-02 8.526937e-02 2.462666e-02 5.051463e-02 1.775222e-02
3.887500e+03 4.912500e+03 1.125000e+03 3.025176e-01 3.784842e-02 1.877524e-01 1.736120e-02 3.798675e-02 2.462666e-02 1.142326e-01 1.775222e-02
3.987500e+03 4.912500e+03 1.150000e+03 2.757855e-01 3.784842e-02 1.820575e-01 1.736120e-02 3.385048e-03 2.462666e-02 6.540890e-02 1.775222e-02
4.087500e+03 4.912500e+03 1.175000e+03 2.561125e-01 3.784842e-02 2.027147e-01 1.736120e-02 4.478658e-02 2.462666e-02 4.734063e-02 1.775222e-02
4.187500e+03 4.912500e+03 1.175000e+03 3.002173e-01 3.784842e-02 2.362899e-01 1.736120e-02 -1.210953e-03 2.462666e-02 1.047928e-01 1.775222e-02
4.287500e+03 4.912500e+03 1.200000e+03 3.265704e-01 3.784842e-02 2.073605e-01 1.736120e-02 -2.935265e-02 2.462666e-02 8.881759e-02 1.775222e-02
4.387500e+03 4.912500e+03 1.200000e+03 2.350227e-01 3.784842e-02 2.017314e-01 1.736120e-02 -9.983602e-04 2.462666e-02 9.575204e-02 1.775222e-02
4.487500e+03 4.912500e+03 1.225000e+03 2.068377e-01 3.784842e-02 1.416951e-01 1.736120e-02 -7.269066e-02 2.462666e-02 1.036750e-01 1.775222e-02
4.587500e+03 4.912500e+03 1.250000e+03 2.436955e-01 3.784842e-02 1.784206e-01 1.736120e-02 -1.111460e-01 2.462666e-02 1.062861e-01 1.775222e-02
4.687500e+03 4.912500e+03 1.275000e+03 2.187739e-01 3.784842e-02 1.685997e-01 1.736120e-02 -1.035408e-01 2.462666e-02 6.358519e-02 1.775222e-02
4.787500e+03 4.912500e+03 1.300000e+03 1.923090e-01 3.784842e-02 1.197532e-01 1.736120e-02 -6.528328e-02 2.462666e-02 2.977200e-02 1.775222e-02
4.887500e+03 4.912500e+03 1.300000e+03 2.217535e-01 3.784842e-02 1.359120e-01 1.736120e-02 -1.054208e-01 2.462666e-02 4.501827e-02 1.775222e-02
4.987500e+03 4.912500e+03 1.275000e+03 8.240821e-02 3.784842e-02 8.603358e-02 1.736120e-02 -1.018231e-01 2.462666e-02 7.460853e-02 1.775222e-02
5.087500e+03 4.912500e+03 1.275000e+03 1.376087e-01 3.784842e-02 1.277698e-01 1.736120e-02 -2.812307e-02 2.462666e-02 4.464975e-02 1.775222e-02
5.187500e+03 4.912500e+03 1.275000e+03 1.671571e-01 3.784842e-02 1.122416e-01 1.736120e-02 -3.667837e-02 2.462666e-02 4.107462e-02 1.775222e-02
5.287500e+03 4.912500e+03 1.275000e+03 1.331261e-01 3.784842e-02 8.374249e-02 1.736120e-02 2.284761e-02 2.462666e-02 3.456654e-02 1.775222e-02
5.387500e+03 4.912500e+03 1.300000e+03 1.926623e-01 3.784842e-02 1.116042e-01 1.736120e-02 4.433475e-02 2.462666e-02 4.253609e-02 1.775222e-02
5.487500e+03 4.912500e+03 1.325000e+03 1.656821e-01 3.784842e-02 7.614514e-02 1.736120e-02 -3.679075e-02 2.462666e-02 5.167569e-02 1.775222e-02
5.587500e+03 4.912500e+03 1.350000e+03 1.540704e-01 3.784842e-02 1.087264e-01 1.736120e-02 -3.146546e-02 2.462666e-02 7.928321e-02 1.775222e-02
5.687500e+03 4.912500e+03 1.375000e+03 1.546840e-01 3.784842e-02 5.210998e-02 1.736120e-02 -6.852136e-03 2.462666e-02 4.665582e-02 1.775222e-02
5.787500e+03 4.912500e+03 1.400000e+03 1.516050e-01 3.784842e-02 9.209706e-02 1.736120e-02 2.613834e-02 2.462666e-02 3.588074e-02 1.775222e-02
5.887500e+03 4.912500e+03 1.375000e+03 1.448674e-01 3.784842e-02 1.111506e-01 1.736120e-02 -8.130010e-03 2.462666e-02 2.717167e-02 1.775222e-02
5.987500e+03 4.912500e+03 1.375000e+03 1.462449e-01 3.784842e-02 8.858166e-02 1.736120e-02 -2.124032e-02 2.462666e-02 7.171146e-02 1.775222e-02
6.087500e+03 4.912500e+03 1.350000e+03 1.793632e-01 3.784842e-02 1.118134e-01 1.736120e-02 -3.662405e-02 2.462666e-02 5.124005e-02 1.775222e-02
6.187500e+03 4.912500e+03 1.350000e+03 2.326198e-01 3.784842e-02 1.196086e-01 1.736120e-02 -2.331687e-02 2.462666e-02 5.039446e-02 1.775222e-02
6.287500e+03 4.912500e+03 1.325000e+03 2.617427e-01 3.784842e-02 1.193020e-01 1.736120e-02 -3.637597e-02 2.462666e-02 8.509252e-02 1.775222e-02
6.387500e+03 4.912500e+03 1.300000e+03 3.159514e-01 3.784842e-02 1.032129e-01 1.736120e-02 -4.826592e-02 2.462666e-02 1.197902e-01 1.775222e-02
6.487500e+03 4.912500e+03 1.325000e+03 -1.349828e-02 3.784842e-02 1.364430e-01 1.736120e-02 2.015068e-01 2.462666e-02 1.345538e-02 1.775222e-02
6.587500e+03 4.912500e+03 1.325000e+03 -6.512436e-02 3.784842e-02 1.240276e-01 1.736120e-02 1.881272e-01 2.462666e-02 3.453441e-02 1.775222e-02
6.687500e+03 4.912500e+03 1.350000e+03 -1.173939e-01 3.784842e-02 1.000479e-01 1.736120e-02 1.373728e-01 2.462666e-02 7.963489e-02 1.775222e-02
6.787500e+03 4.912500e+03 1.400000e+03 -7.937120e-02 3.784842e-02 9.926563e-02 1.736120e-02 1.513507e-01 2.462666e-02 5.292235e-02 1.775222e-02
6.887500e+03 4.912500e+03 1.425000e+03 -4.898903e-02 3.784842e-02 8.584965e-02 1.736120e-02 1.477017e-01 2.462666e-02 7.879833e-02 1.775222e-02
6.987500e+03 4.912500e+03 1.450000e+03 -1.466208e-02 3.784842e-02 5.000985e-02 1.736120e-02 1.093022e-01 2.462666e-02 6.032622e-02 1.775222e-02
3.487500e+03 5.012500e+03 1.150000e+03 2.708905e-01 3.784842e-02 1.730194e-01 1.736120e-02 1.676854e-01 2.462666e-02 2.377750e-02 1.775222e-02
3.587500e+03 5.012500e+03 1.125000e+03 3.297258e-01 3.784842e-02 1.783067e-01 1.736120e-02 7.397221e-02 2.462666e-02 5.257548e-02 1.775222e-02
3.687500e+03 5.012500e+03 1.125000e+03 3.784478e-01 3.784842e-02 2.010869e-01 1.736120e-02 1.122887e-01 2.462666e-02 4.074345e-02 1.775222e-02
3.787500e+03 5.012500e+03 1.125000e+03 3.012649e-01 3.784842e-02 1.860092e-01 1.736120e-02 6.780102e-02 2.462666e-02 5.186680e-02 1.775222e-02
3.887500e+03 5.012500e+03 1.150000e+03 2.770570e-01 3.784842e-02 2.183831e-01 1.736120e-02 4.676753e-02 2.462666e-02 1.032615e-01 1.775222e-02
3.987500e+03 5.012500e+03 1.175000e+03 2.583879e-01 3.784842e-02 2.114575e-01 1.736120e-02 2.023823e-02 2.462666e-02 7.750223e-02 1.775222e-02
4.087500e+03 5.012500e+03 1.175000e+03 2.826942e-01 3.784842e-02 1.980219e-01 1.736120e-02 3.484387e-03 2.462666e-02 6.543576e-02 1.775222e-02
4.187500e+03 5.012500e+03 1.200000e+03 2.822515e-01 3.784842e-02 2.110940e-01 1.736120e-02 2.403076e-02 2.462666e-02 8.719530e-02 1.775222e-02
4.287500e+03 5.012500e+03 1.200000e+03 2.457752e-01 3.784842e-02 1.762029e-01 1.736120e-02 -7.786680e-03 2.462666e-02 7.882209e-02 1.775222e-02
4.387500e+03 5.012500e+03 1.225000e+03 2.856129e-01 3.784842e-02 1.700760e-01 1.736120e-02 -4.640121e-02 2.462666e-02 7.932380e-02 1.775222e-02
4.487500e+03 5.012500e+03 1.225000e+03 3.508469e-01 3.784842e-02 1.988966e-01 1.736120e-02 -6.480267e-02 2.462666e-02 5.985179e-02 1.775222e-02
4.587500e+03 5.012500e+03 1.250000e+03 3.096417e-01 3.784842e-02 1.593637e-01 1.736120e-02 -7.215574e-02 2.462666e-02 6.067921e-02 1.775222e-02
4.687500e+03 5.012500e+03 1.275000e+03 2.443898e-01 3.784842e-02 1.617629e-01 1.736120e-02 -1.085744e-01 2.462666e-02 6.285451e-02 1.775222e-02
4.787500e+03 5.012500e+03 1.300000e+03 2.480231e-01 3.784842e-02 1.825703e-01 1.736120e-02 -1.187278e-01 2.462666e-02 6.363233e-02 1.775222e-02
4.887500e+03 5.012500e+03 1.300000e+03 1.401482e-01 3.784842e-02 1.609977e-01 1.736120e-02 -7.000116e-02 2.462666e-02 7.550604e-02 1.775222e-02
4.987500e+03 5.012500e+03 1.300000e+03 2.417932e-01 3.784842e-02 1.521268e-01 1.736120e-02 -1.162531e-01 2.462666e-02 1.560542e-02 1.775222e-02
5.087500e+03 5.012500e+03 1.275000e+03 1.706424e-01 3.784842e-02 1.581361e-01 1.736120e-02 -3.627133e-02 2.462666e-02 5.565427e-02 1.775222e-02
5.187500e+03 5.012500e+03 1.275000e+03 2.694132e-01 3.784842e-02 1.407208e-01 1.736120e-02 -2.423385e-02 2.462666e-02 4.871749e-03 1.775222e-02
5.287500e+03 5.012500e+03 1.275000e+03 2.546423e-01 3.784842e-02 1.201744e-01 1.736120e-02 -9.656285e-03 2.462666e-02 6.269380e-02 1.775222e-02
5.387500e+03 5.012500e+03 1.300000e+03 2.094865e-01 3.784842e-02 1.153271e-01 1.736120e-02 -2.801675e-02 2.462666e-02 3.420902e-02 1.775222e-02
5.487500e+03 5.012500e+03 1.300000e+03 3.001561e-01 3.784842e-02 1.126435e-01 1.736120e-02 -4.747943e-02 2.462666e-02 3.274744e-02 1.775222e-02
5.587500e+03 5.012500e+03 1.325000e+03 2.924348e-01 3.784842e-02 1.138059e-01 1.736120e-02 -4.156178e-02 2.462666e-02 5.335771e-02 1.775222e-02
5.687500e+03 5.012500e+03 1.325000e+03 2.208977e-01 3.784842e-02 1.207569e-01 1.736120e-02 2.492419e-02 2.462666e-02 8.207534e-02 1.775222e-02
5.787500e+03 5.012500e+03 1.375000e+03 2.346701e-01 3.784842e-02 8.188536e-02 1.736120e-02 -2.021235e-02 2.462666e-02 3.126917e-02 1.775222e-02
5.887500e+03 5.012500e+03 1.400000e+03 1.908462e-01 3.784842e-02 1.016440e-01 1.736120e-02 -1.068413e-02 2.462666e-02 4.905880e-02 1.775222e-02
5.987500e+03 5.012500e+03 1.400000e+03 1.956377e-01 3.784842e-02 1.009751e-01 1.736120e-02 1.185723e-02 2.462666e-02 6.908187e-02 1.775222e-02
6.087500e+03 5.012500e+03 1.375000e+03 2.401865e-01 3.784842e-02 1.596513e-01 1.736120e-02 8.776430e-03 2.462666e-02 8.027056e-02 1.775222e-02
6.187500e+03 5.012500e+03 1.375000e+03 2.576067e-01 3.784842e-02 1.264963e-01 1.736120e-02 3.953241e-03 2.462666e-02 7.010160e-02 1.775222e-02
6.287500e+03 5.012500e+03 1.350000e+03 3.349617e-01 3.784842e-02 1.159002e-01 1.736120e-02 -3.272317e-02 2.462666e-02 6.591604e-02 1.775222e-02
6.387500e+03 5.012500e+03 1.325000e+03 2.649924e-01 3.784842e-02 1.070863e-01 1.736120e-02 -5.646230e-02 2.462666e-02 9.531100e-02 1.775222e-02
6.487500e+03 5.012500e+03 1.300000e+03 2.949224e-02 3.784842e-02 1.649867e-01 1.736120e-02 2.036376e-01 2.462666e-02 1.703543e-02 1.775222e-02
6.587500e+03 5.012500e+03 1.325000e+03 -6.373075e-02 3.784842e-02 1.121924e-01 1.736120e-02 1.979705e-01 2.462666e-02 4.018832e-02 1.775222e-02
6.687500e+03 5.012500e+03 1.350000e+03 -6.746243e-02 3.784842e-02 9.378540e-02 1.736120e-02 1.173682e-01 2.462666e-02 4.326532e-02 1.775222e-02
6.787500e+03 5.012500e+03 1.375000e+03 -5.652846e-03 3.784842e-02 6.194455e-02 1.736120e-02 1.197705e-01 2.462666e-02 3.672083e-02 1.775222e-02
6.887500e+03 5.012500e+03 1.375000e+03 -5.682711e-02 3.784842e-02 6.339471e-02 1.736120e-02 1.325481e-01 2.462666e-02 1.029540e-01 1.775222e-02
6.987500e+03 5.012500e+03 1.400000e+03 1.792533e-02 3.784842e-02 4.544185e-02 1.736120e-02 1.214313e-01 2.462666e-02 5.243098e-02 1.775222e-02
3.487500e+03 5.112500e+03 1.150000e+03 3.516681e-01 3.784842e-02 1.611378e-01 1.736120e-02 1.748979e-01 2.462666e-02 3.802895e-02 1.775222e-02
3.587500e+03 5.112500e+03 1.125000e+03 2.704422e-01 3.784842e-02 1.719584e-01 1.736120e-02 9.865243e-02 2.462666e-02 9.637573e-02 1.775222e-02
3.687500e+03 5.112500e+03 1.125000e+03 2.979158e-01 3.784842e-02 2.126321e-01 1.736120e-02 8.370050e-02 2.462666e-02 6.093667e-02 1.775222e-02
3.787500e+03 5.112500e+03 1.150000e+03 2.370906e-01 3.784842e-02 1.990527e-01 1.736120e-02 3.295471e-02 2.462666e-02 9.152084e-02 1.775222e-02
3.887500e+03 5.112500e+03 1.150000e+03 2.783016e-01 3.784842e-02 2.389360e-01 1.736120e-02 5.184322e-02 2.462666e-02 9.036886e-02 1.775222e-02
3.987500e+03 5.112500e+03 1.175000e+03 1.992181e-01 3.784842e-02 2.192058e-01 1.736120e-02 1.299011e-02 2.462666e-02 1.019920e-01 1.775222e-02
4.087500e+03 5.112500e+03 1.200000e+03 2.206871e-01 3.784842e-02 1.728007e-01 1.736120e-02 4.546522e-03 2.462666e-02 5.728404e-02 1.775222e-02
4.187500e+03 5.112500e+03 1.200000e+03 2.123968e-01 3.784842e-02 2.066044e-01 1.736120e-02 3.858048e-02 2.462666e-02 7.842584e-02 1.775222e-02
4.287500e+03 5.112500e+03 1.200000e+03 3.227212e-01 3.784842e-02 1.976466e-01 1.736120e-02 -1.686390e-02 2.462666e-02 9.692520e-02 1.775222e-02
4.387500e+03 5.112500e+03 1.200000e+03 3.131090e-01 3.784842e-02 2.079283e-01 1.736120e-02 -3.968060e-02 2.462666e-02 9.125965e-02 1.775222e-02
4.487500e+03 5.112500e+03 1.225000e+03 3.052696e-01 3.784842e-02 2.163360e-01 1.736120e-02 -7.906307e-02 2.462666e-02 9.962411e-02 1.775222e-02
4.587500e+03 5.112500e+03 1.275000e+03 2.912116e-01 3.784842e-02 2.114899e-01 1.736120e-02 -7.579090e-02 2.462666e-02 6.734994e-02 1.775222e-02
4.687500e+03 5.112500e+03 1.300000e+03 2.339478e-01 3.784842e-02 1.840010e-01 1.736120e-02 -1.008118e-01 2.462666e-02 8.100235e-02 1.775222e-02
4.787500e+03 5.112500e+03 1.300000e+03 2.761134e-01 3.784842e-02 1.469531e-01 1.736120e-02 -5.910008e-02 2.462666e-02 6.075917e-02 1.775222e-02
4.887500e+03 5.112500e+03 1.325000e+03 2.321746e-01 3.784842e-02 2.148893e-01 1.736120e-02 -6.378596e-02 2.462666e-02 7.319653e-02 1.775222e-02
4.987500e+03 5.112500e+03 1.325000e+03 3.117686e-01 3.784842e-02 1.398806e-01 1.736120e-02 -7.969721e-02 2.462666e-02 9.113859e-02 1.775222e-02
5.087500e+03 5.112500e+03 1.300000e+03 3.218773e-01 3.784842e-02 1.522914e-01 1.736120e-02 -3.292742e-03 2.462666e-02 1.139720e-02 1.775222e-02
5.187500e+03 5.112500e+03 1.275000e+03 3.516584e-01 3.784842e-02 1.849838e-01 1.736120e-02 -3.062402e-02 2.462666e-02 1.198512e-02 1.775222e-02
5.287500e+03 5.112500e+03 1.275000e+03 3.959459e-01 3.784842e-02 1.398553e-01 1.736120e-02 -1.429303e-02 2.462666e-02 2.384367e-02 1.775222e-02
5.387500e+03 5.112500e+03 1.275000e+03 3.829378e-01 3.784842e-02 1.301315e-01 1.736120e-02 5.627097e-02 2.462666e-02 4.612538e-02 1.775222e-02
5.487500e+03 5.112500e+03 1.300000e+03 4.378544e-01 3.784842e-02 1.341693e-01 1.736120e-02 -3.489033e-02 2.462666e-02 6.331419e-02 1.775222e-02
5.587500e+03 5.112500e+03 1.300000e+03 3.330506e-01 3.784842e-02 1.599902e-01 1.736120e-02 2.398467e-03 2.462666e-02 1.818112e-02 1.775222e-02
5.687500e+03 5.112500e+03 1.325000e+03 4.999082e-01 3.784842e-02 1.163340e-01 1.736120e-02 -5.418671e-02 2.462666e-02 6.864077e-02 1.775222e-02
5.787500e+03 5.112500e+03 1.350000e+03 3.341412e-01 3.784842e-02 1.316517e-01 1.736120e-02 1.237863e-02 2.462666e-02 5.946547e-02 1.775222e-02
5.887500e+03 5.112500e+03 1.375000e+03 2.987467e-01 3.784842e-02 1.261649e-01 1.736120e-02 -5.487199e-02 2.462666e-02 4.875437e-02 1.775222e-02
5.987500e+03 5.112500e+03 1.425000e+03 2.980626e-01 3.784842e-02 1.006089e-01 1.736120e-02 -9.288633e-03 2.462666e-02 7.223428e-02 1.775222e-02
6.087500e+03 5.112500e+03 1.400000e+03 2.817305e-01 3.784842e-02 1.196754e-01 1.736120e-02 1.504596e-02 2.462666e-02 7.831689e-02 1.775222e-02
6.187500e+03 5.112500e+03 1.375000e+03 2.689976e-01 3.784842e-02 1.321206e-01 1.736120e-02 -2.556619e-02 2.462666e-02 5.717319e-02 1.775222e-02
6.287500e+03 5.112500e+03 1.350000e+03 3.654512e-01 3.784842e-02 1.552032e-01 1.736120e-02 -6.779484e-02 2.462666e-02 7.200523e-02 1.775222e-02
6.387500e+03 5.112500e+03 1.325000e+03 3.263726e-01 3.784842e-02 9.649234e-02 1.736120e-02 -8.823265e-02 2.462666e-02 9.108028e-02 1.775222e-02
6.487500e+03 5.112500e+03 1.300000e+03 4.509518e-01 3.784842e-02 5.980228e-02 1.736120e-02 -1.748841e-01 2.462666e-02 1.115542e-01 1.775222e-02
6.587500e+03 5.112500e+03 1.325000e+03 -6.155242e-02 3.784842e-02 1.605835e-01 1.736120e-02 2.065825e-01 2.462666e-02 2.155519e-02 1.775222e-02
6.687500e+03 5.112500e+03 1.350000e+03 2.673981e-02 3.784842e-02 8.087675e-02 1.736120e-02 1.327203e-01 2.462666e-02 2.227702e-02 1.775222e-02
6.787500e+03 5.112500e+03 1.350000e+03 -3.080523e-02 3.784842e-02 1.061550e-01 1.736120e-02 1.576329e-01 2.462666e-02 1.815947e-02 1.775222e-02
6.887500e+03 5.112500e+03 1.350000e+03 -1.123613e-02 3.784842e-02 7.329518e-02 1.736120e-02 1.471825e-01 2.462666e-02 5.213156e-02 1.775222e-02
6.987500e+03 5.112500e+03 1.375000e+03 -4.847875e-02 3.784842e-02 6.969883e-02 1.736120e-02 1.391528e-01 2.462666e-02 4.339119e-02 1.775222e-02
3.487500e+03 5.212500e+03 1.125000e+03 3.358554e-01 3.784842e-02 1.795470e-01 1.736120e-02 1.287354e-01 2.462666e-02 5.141965e-02 1.775222e-02
3.587500e+03 5.212500e+03 1.125000e+03 2.149511e-01 3.784842e-02 2.009096e-01 1.736120e-02 1.356841e-01 2.462666e-02 7.818100e-02 1.775222e-02
3.687500e+03 5.212500e+03 1.125000e+03 2.611927e-01 3.784842e-02 2.383659e-01 1.736120e-02 1.190553e-01 2.462666e-02 1.086220e-01 1.775222e-02
3.787500e+03 5.212500e+03 1.150000e+03 2.546902e-01 3.784842e-02 2.169045e-01 1.736120e-02 8.578071e-02 2.462666e-02 8.051618e-02 1.775222e-02
3.887500e+03 5.212500e+03 1.150000e+03 1.923462e-01 3.784842e-02 2.006567e-01 1.736120e-02 8.308244e-02 2.462666e-02 7.289933e-02 1.775222e-02
3.987500e+03 5.212500e+03 1.175000e+03 2.276678e-01 3.784842e-02 2.315679e-01 1.736120e-02 2.414434e-02 2.462666e-02 9.739609e-02 1.775222e-02
4.087500e+03 5.212500e+03 1.175000e+03 2.110028e-01 3.784842e-02 1.696326e-01 1.736120e-02 1.480031e-03 2.462666e-02 8.175461e-02 1.775222e-02
4.187500e+03 5.212500e+03 1.200000e+03 3.153195e-01 3.784842e-02 1.933785e-01 1.736120e-02 1.423040e-02 2.462666e-02 9.453585e-02 1.775222e-02
4.287500e+03 5.212500e+03 1.200000e+03 2.889333e-01 3.784842e-02 1.743991e-01 1.736120e-02 -2.669569e-04 2.462666e-02 7.318972e-02 1.775222e-02
4.387500e+03 5.212500e+03 1.225000e+03 2.173851e-01 3.784842e-02 1.824170e-01 1.736120e-02 -3.545331e-02 2.462666e-02 9.151489e-02 1.775222e-02
4.487500e+03 5.212500e+03 1.225000e+03 3.210917e-01 3.784842e-02 2.058319e-01 1.736120e-02 -8.150068e-02 2.462666e-02 9.456097e-02 1.775222e-02
4.587500e+03 5.212500e+03 1.250000e+03 3.731138e-01 3.784842e-02 1.782106e-01 1.736120e-02 -5.972272e-02 2.462666e-02 9.001834e-02 1.775222e-02
4.687500e+03 5.212500e+03 1.275000e+03 3.383156e-01 3.784842e-02 2.296018e-01 1.736120e-02 -9.019397e-02 2.462666e-02 8.331640e-02 1.775222e-02
4.787500e+03 5.212500e+03 1.300000e+03 2.802711e-01 3.784842e-02 1.596028e-01 1.736120e-02 -9.720833e-02 2.462666e-02 6.660268e-02 1.775222e-02
4.887500e+03 5.212500e+03 1.300000e+03 3.293420e-01 3.784842e-02 1.567210e-01 1.736120e-02 -7.080495e-02 2.462666e-02 5.865763e-02 1.775222e-02
4.987500e+03 5.212500e+03 1.325000e+03 2.497561e-01 3.784842e-02 1.399958e-01 1.736120e-02 -5.944138e-02 2.462666e-02 8.775880e-02 1.775222e-02
5.087500e+03 5.212500e+03 1.325000e+03 3.698270e-01 3.784842e-02 1.690812e-01 1.736120e-02 -2.458525e-02 2.462666e-02 5.497680e-02 1.775222e-02
5.187500e+03 5.212500e+03 1.300000e+03 3.993222e-01 3.784842e-02 1.672954e-01 1.736120e-02 -4.233033e-02 2.462666e-02 5.695767e-02 1.775222e-02
5.287500e+03 5.212500e+03 1.275000e+03 4.322071e-01 3.784842e-02 1.487791e-01 1.736120e-02 3.266505e-02 2.462666e-02 2.037913e-02 1.775222e-02
5.387500e+03 5.212500e+03 1.275000e+03 3.397906e-01 3.784842e-02 1.342297e-01 1.736120e-02 -8.559603e-04 2.462666e-02 4.920721e-02 1.775222e-02
5.487500e+03 5.212500e+03 1.275000e+03 4.678853e-01 3.784842e-02 1.284744e-01 1.736120e-02 1.132734e-02 2.462666e-02 2.775460e-02 1.775222e-02
5.587500e+03 5.212500e+03 1.300000e+03 4.151155e-01 3.784842e-02 1.014754e-01 1.736120e-02 -1.887223e-02 2.462666e-02 4.764576e-02 1.775222e-02
5.687500e+03 5.212500e+03 1.300000e+03 3.976122e-01 3.784842e-02 1.526673e-01 1.736120e-02 -2.592059e-03 2.462666e-02 4.856799e-02 1.775222e-02
5.787500e+03 5.212500e+03 1.325000e+03 3.742200e-01 3.784842e-02 1.343219e-01 1.736120e-02 -4.872268e-02 2.462666e-02 3.571186e-02 1.775222e-02
5.887500e+03 5.212500e+03 1.350000e+03 4.412653e-01 3.784842e-02 1.628987e-01 1.736120e-02 -8.552244e-03 2.462666e-02 7.299165e-02 1.775222e-02
5.987500e+03 5.212500e+03 1.375000e+03 3.553429e-01 3.784842e-02 1.126280e-01 1.736120e-02 -2.304146e-02 2.462666e-02 4.760496e-02 1.775222e-02
6.087500e+03 5.212500e+03 1.400000e+03 3.529023e-01 3.784842e-02 1.070111e-01 1.736120e-02 -2.548721e-02 2.462666e-02 4.769053e-02 1.775222e-02
6.187500e+03 5.212500e+03 1.400000e+03 3.148313e-01 3.784842e-02 9.649661e-02 1.736120e-02 -3.464541e-02 2.462666e-02 6.273337e-02 1.775222e-02
6.287500e+03 5.212500e+03 1.350000e+03 2.528591e-01 3.784842e-02 8.009644e-02 1.736120e-02 -4.113293e-02 2.462666e-02 6.554025e-02 1.775222e-02
6.387500e+03 5.212500e+03 1.350000e+03 2.991372e-01 3.784842e-02 9.447445e-02 1.736120e-02 -9.773206e-02 2.462666e-02 5.089344e-02 1.775222e-02
6.487500e+03 5.212500e+03 1.325000e+03 3.767103e-01 3.784842e-02 6.044863e-02 1.736120e-02 -9.024548e-02 2.462666e-02 9.181086e-02 1.775222e-02
6.587500e+03 5.212500e+03 1.325000e+03 1.485138e-01 3.784842e-02 1.421874e-01 1.736120e-02 6.178950e-02 2.462666e-02 2.639732e-02 1.775222e-02
6.687500e+03 5.212500e+03 1.325000e+03 -6.610761e-02 3.784842e-02 1.066573e-01 1.736120e-02 1.596474e-01 2.462666e-02 7.677805e-03 1.775222e-02
6.787500e+03 5.212500e+03 1.325000e+03 -2.403625e-03 3.784842e-02 6.275259e-02 1.736120e-02 1.255804e-01 2.462666e-02 8.280530e-03 1.775222e-02
6.887500e+03 5.212500e+03 1.325000e+03 3.825963e-02 3.784842e-02 7.029617e-02 1.736120e-02 1.533750e-01 2.462666e-02 3.891010e-02 1.775222e-02
6.987500e+03 5.212500e+03 1.350000e+03 -4.894572e-04 3.784842e-02 5.594568e-02 1.736120e-02 1.357990e-01 2.462666e-02 5.326977e-02 1.775222e-02
3.487500e+03 5.312500e+03 1.125000e+03 2.389907e-01 3.784842e-02 2.071410e-01 1.736120e-02 1.530273e-01 2.462666e-02 8.818979e-02 1.775222e-02
3.587500e+03 5.312500e+03 1.125000e+03 2.228668e-01 3.784842e-02 1.737914e-01 1.736120e-02 1.369270e-01 2.462666e-02 8.760036e-02 1.775222e-02
3.687500e+03 5.312500e+03 1.150000e+03 2.666012e-01 3.784842e-02 2.056777e-01 1.736120e-02 8.676559e-02 2.462666e-02 8.106379e-02 1.775222e-02
3.787500e+03 5.312500e+03 1.150000e+03 2.297539e-01 3.784842e-02 1.698051e-01 1.736120e-02 9.092767e-02 2.462666e-02 7.745092e-02 1.775222e-02
3.887500e+03 5.312500e+03 1.150000e+03 2.420612e-01 3.784842e-02 2.121296e-01 1.736120e-02 3.186095e-02 2.462666e-02 7.557174e-02 1.775222e-02
3.987500e+03 5.312500e+03 1.150000e+03 2.317023e-01 3.784842e-02 1.947069e-01 1.736120e-02 3.261674e-02 2.462666e-02 9.036818e-02 1.775222e-02
4.087500e+03 5.312500e+03 1.175000e+03 2.571056e-01 3.784842e-02 1.868573e-01 1.736120e-02 7.185875e-03 2.462666e-02 5.388505e-02 1.775222e-02
4.187500e+03 5.312500e+03 1.175000e+03 1.851230e-01 3.784842e-02 2.113746e-01 1.736120e-02 2.046692e-02 2.462666e-02 1.174470e-01 1.775222e-02
4.287500e+03 5.312500e+03 1.200000e+03 2.404335e-01 3.784842e-02 1.521253e-01 1.736120e-02 1.770251e-02 2.462666e-02 1.381463e-01 1.775222e-02
4.387500e+03 5.312500e+03 1.225000e+03 3.196804e-01 3.784842e-02 1.781268e-01 1.736120e-02 -7.569627e-03 2.462666e-02 9.659813e-02 1.775222e-02
4.487500e+03 5.312500e+03 1.225000e+03 2.924119e-01 3.784842e-02 2.051882e-01 1.736120e-02 -2.303606e-02 2.462666e-02 8.236667e-02 1.775222e-02
4.587500e+03 5.312500e+03 1.225000e+03 2.266459e-01 3.784842e-02 2.096118e-01 1.736120e-02 -9.071837e-02 2.462666e-02 5.803912e-02 1.775222e-02
4.687500e+03 5.312500e+03 1.250000e+03 3.204966e-01 3.784842e-02 1.887672e-01 1.736120e-02 -4.707201e-02 2.462666e-02 7.998121e-02 1.775222e-02
4.787500e+03 5.312500e+03 1.250000e+03 3.357857e-01 3.784842e-02 1.902439e-01 1.736120e-02 -1.021236e-01 2.462666e-02 7.953250e-02 1.775222e-02
4.887500e+03 5.312500e+03 1.275000e+03 4.231110e-01 3.784842e-02 1.757370e-01 1.736120e-02 -5.452693e-02 2.462666e-02 5.606544e-02 1.775222e-02
4.987500e+03 5.312500e+03 1.300000e+03 3.424965e-01 3.784842e-02 1.714938e-01 1.736120e-02 -2.311991e-02 2.462666e-02 6.125519e-02 1.775222e-02
5.087500e+03 5.312500e+03 1.325000e+03 3.036053e-01 3.784842e-02 1.525795e-01 1.736120e-02 -8.024674e-03 2.462666e-02 6.698848e-02 1.775222e-02
5.187500e+03 5.312500e+03 1.325000e+03 3.758163e-01 3.784842e-02 1.864956e-01 1.736120e-02 -8.398487e-04 2.462666e-02 3.425481e-02 1.775222e-02
5.287500e+03 5.312500e+03 1.300000e+03 3.914040e-01 3.784842e-02 1.613474e-01 1.736120e-02 1.211787e-02 2.462666e-02 3.331391e-02 1.775222e-02
5.387500e+03 5.312500e+03 1.275000e+03 4.388729e-01 3.784842e-02 1.577797e-01 1.736120e-02 3.802807e-02 2.462666e-02 2.025729e-02 1.775222e-02
5.487500e+03 5.312500e+03 1.275000e+03 4.640790e-01 3.784842e-02 1.487510e-01 1.736120e-02 2.165914e-03 2.462666e-02 3.445419e-02 1.775222e-02
5.587500e+03 5.312500e+03 1.275000e+03 5.610556e-01 3.784842e-02 1.497668e-01 1.736120e-02 -1.232352e-02 2.462666e-02 6.803877e-02 1.775222e-02
5.687500e+03 5.312500e+03 1.300000e+03 4.349833e-01 3.784842e-02 1.162180e-01 1.736120e-02 -3.571023e-02 2.462666e-02 4.783674e-02 1.775222e-02
5.787500e+03 5.312500e+03 1.300000e+03 3.404580e-01 3.784842e-02 1.096106e-01 1.736120e-02 -1.453198e-02 2.462666e-02 4.463719e-02 1.775222e-02
5.887500e+03 5.312500e+03 1.325000e+03 3.923489e-01 3.784842e-02 1.434256e-01 1.736120e-02 -3.739230e-02 2.462666e-02 2.385550e-02 1.775222e-02
5.987500e+03 5.312500e+03 1.350000e+03 4.040528e-01 3.784842e-02 1.173592e-01 1.736120e-02 -4.390816e-02 2.462666e-02 5.857372e-02 1.775222e-02
6.087500e+03 5.312500e+03 1.350000e+03 3.356101e-01 3.784842e-02 1.462557e-01 1.736120e-02 -6.118298e-02 2.462666e-02 2.934344e-02 1.775222e-02
6.187500e+03 5.312500e+03 1.375000e+03 3.533900e-01 3.784842e-02 6.176610e-02 1.736120e-02 -4.025863e-02 2.462666e-02 5.562295e-02 1.775222e-02
6.287500e+03 5.312500e+03 1.375000e+03 2.831320e-01 3.784842e-02 1.296670e-01 1.736120e-02 -9.949371e-02 2.462666e-02 3.944336e-02 1.775222e-02
6.387500e+03 5.312500e+03 1.350000e+03 2.063721e-01 3.784842e-02 1.344809e-01 1.736120e-02 -2.216577e-02 2.462666e-02 8.576374e-02 1.775222e-02
6.487500e+03 5.312500e+03 1.350000e+03 3.030524e-01 3.784842e-02 9.961385e-02 1.736120e-02 -9.919334e-02 2.462666e-02 4.331081e-02 1.775222e-02
6.587500e+03 5.312500e+03 1.325000e+03 3.291917e-01 3.784842e-02 7.162820e-02 1.736120e-02 -1.151517e-01 2.462666e-02 1.011630e-01 1.775222e-02
6.687500e+03 5.312500e+03 1.325000e+03 2.137256e-02 3.784842e-02 1.022231e-01 1.736120e-02 1.354403e-01 2.462666e-02 -1.142162e-02 1.775222e-02
6.787500e+03 5.312500e+03 1.325000e+03 -1.579536e-02 3.784842e-02 7.040478e-02 1.736120e-02 1.208082e-01 2.462666e-02 4.365390e-02 1.775222e-02
6.887500e+03 5.312500e+03 1.325000e+03 5.589114e-02 3.784842e-02 2.280616e-02 1.736120e-02 1.040416e-01 2.462666e-02 1.348583e-02 1.775222e-02
6.987500e+03 5.312500e+03 1.350000e+03 -5.219340e-02 3.784842e-02 5.867748e-02 1.736120e-02 8.752894e-02 2.462666e-02 5.717632e-02 1.775222e-02
3.487500e+03 5.412500e+03 1.125000e+03 1.752871e-01 3.784842e-02 1.830864e-01 1.736120e-02 1.651446e-01 2.462666e-02 1.015906e-01 1.775222e-02
3.587500e+03 5.412500e+03 1.150000e+03 2.040822e-01 3.784842e-02 1.894689e-01 1.736120e-02 9.079018e-02 2.462666e-02 8.976936e-02 1.775222e-02
3.687500e+03 5.412500e+03 1.150000e+03 2.107823e-01 3.784842e-02 2.379066e-01 1.736120e-02 1.165377e-01 2.462666e-02 9.321492e-02 1.775222e-02
3.787500e+03 5.412500e+03 1.150000e+03 2.159192e-01 3.784842e-02 1.871947e-01 1.736120e-02 6.808215e-02 2.462666e-02 8.896197e-02 1.775222e-02
3.887500e+03 5.412500e+03 1.150000e+03 2.621801e-01 3.784842e-02 1.927781e-01 1.736120e-02 9.420773e-02 2.462666e-02 9.843319e-02 1.775222e-02
3.987500e+03 5.412500e+03 1.175000e+03 1.842142e-01 3.784842e-02 1.815850e-01 1.736120e-02 3.228377e-02 2.462666e-02 9.450347e-02 1.775222e-02
4.087500e+03 5.412500e+03 1.175000e+03 2.143835e-01 3.784842e-02 1.617517e-01 1.736120e-02 5.205018e-04 2.462666e-02 1.095457e-01 1.775222e-02
4.187500e+03 5.412500e+03 1.200000e+03 2.038529e-01 3.784842e-02 1.839074e-01 1.736120e-02 2.132556e-02 2.462666e-02 1.114932e-01 1.775222e-02
4.287500e+03 5.412500e+03 1.225000e+03 1.981344e-01 3.784842e-02 1.854435e-01 1.736120e-02 -2.827719e-02 2.462666e-02 8.523110e-02 1.775222e-02
4.387500e+03 5.412500e+03 1.225000e+03 2.353966e-01 3.784842e-02 2.117993e-01 1.736120e-02 -3.736448e-02 2.462666e-02 6.691084e-02 1.775222e-02
4.487500e+03 5.412500e+03 1.250000e+03 1.702391e-01 3.784842e-02 1.805998e-01 1.736120e-02 -7.299442e-02 2.462666e-02 6.453054e-02 1.775222e-02
4.587500e+03 5.412500e+03 1.275000e+03 2.368157e-01 3.784842e-02 1.905837e-01 1.736120e-02 -3.951593e-02 2.462666e-02 8.631204e-02 1.775222e-02
4.687500e+03 5.412500e+03 1.250000e+03 2.919499e-01 3.784842e-02 2.125872e-01 1.736120e-02 -5.731446e-02 2.462666e-02 1.082867e-01 1.775222e-02
4.787500e+03 5.412500e+03 1.250000e+03 3.031443e-01 3.784842e-02 2.034086e-01 1.736120e-02 -5.337001e-02 2.462666e-02 6.324585e-02 1.775222e-02
4.887500e+03 5.412500e+03 1.275000e+03 3.241735e-01 3.784842e-02 1.912071e-01 1.736120e-02 -6.206406e-02 2.462666e-02 7.947154e-02 1.775222e-02
4.987500e+03 5.412500e+03 1.275000e+03 3.327949e-01 3.784842e-02 1.809870e-01 1.736120e-02 -6.416845e-02 2.462666e-02 7.326381e-02 1.775222e-02
5.087500e+03 5.412500e+03 1.275000e+03 4.118678e-01 3.784842e-02 1.859157e-01 1.736120e-02 -1.382211e-02 2.462666e-02 5.013091e-02 1.775222e-02
5.187500e+03 5.412500e+03 1.325000e+03 3.938798e-01 3.784842e-02 1.357202e-01 1.736120e-02 2.157938e-02 2.462666e-02 4.162424e-02 1.775222e-02
5.287500e+03 5.412500e+03 1.325000e+03 3.154571e-01 3.784842e-02 1.716988e-01 1.736120e-02 -3.605895e-02 2.462666e-02 4.534239e-02 1.775222e-02
5.387500e+03 5.412500e+03 1.300000e+03 3.401878e-01 3.784842e-02 1.543479e-01 1.736120e-02 1.510856e-02 2.462666e-02 2.783069e-02 1.775222e-02
5.487500e+03 5.412500e+03 1.275000e+03 4.936561e-01 3.784842e-02 1.904192e-01 1.736120e-02 -2.170588e-03 2.462666e-02 2.654244e-02 1.775222e-02
5.587500e+03 5.412500e+03 1.275000e+03 4.509594e-01 3.784842e-02 1.743834e-01 1.736120e-02 4.943849e-02 2.462666e-02 3.965628e-02 1.775222e-02
5.687500e+03 5.412500e+03 1.300000e+03 4.435494e-01 3.784842e-02 1.544352e-01 1.736120e-02 -5.223535e-02 2.462666e-02 1.898323e-02 1.775222e-02
5.787500e+03 5.412500e+03 1.300000e+03 4.286753e-01 3.784842e-02 1.471695e-01 1.736120e-02 -3.938504e-03 2.462666e-02 3.774257e-02 1.775222e-02
5.887500e+03 5.412500e+03 1.300000e+03 4.312435e-01 3.784842e-02 1.441890e-01 1.736120e-02 -3.154578e-02 2.462666e-02 3.470512e-02 1.775222e-02
5.987500e+03 5.412500e+03 1.325000e+03 3.974845e-01 3.784842e-02 1.003955e-01 1.736120e-02 -4.720843e-02 2.462666e-02 5.182555e-02 1.775222e-02
6.087500e+03 5.412500e+03 1.325000e+03 3.374274e-01 3.784842e-02 1.063384e-01 1.736120e-02 -7.860395e-02 2.462666e-02 6.659966e-02 1.775222e-02
6.187500e+03 5.412500e+03 1.350000e+03 3.331122e-01 3.784842e-02 7.725270e-02 1.736120e-02 -8.495466e-02 2.462666e-02 6.029001e-02 1.775222e-02
6.287500e+03 5.412500e+03 1.350000e+03 2.993408e-01 3.784842e-02 1.202296e-01 1.736120e-02 -6.113761e-02 2.462666e-02 5.787769e-02 1.775222e-02
6.387500e+03 5.412500e+03 1.400000e+03 2.128867e-01 3.784842e-02 1.205599e-01 1.736120e-02 -7.547938e-02 2.462666e-02 8.533186e-02 1.775222e-02
6.487500e+03 5.412500e+03 1.400000e+03 2.550477e-01 3.784842e-02 8.230658e-02 1.736120e-02 -2.711110e-02 2.462666e-02 5.037301e-02 1.775222e-02
6.587500e+03 5.412500e+03 1.375000e+03 2.725361e-01 3.784842e-02 7.469667e-02 1.736120e-02 -8.277030e-02 2.462666e-02 5.480918e-02 1.775222e-02
6.687500e+03 5.412500e+03 1.350000e+03 1.587631e-01 3.784842e-02 8.012518e-02 1.736120e-02 -5.138514e-02 2.462666e-02 3.835589e-02 1.775222e-02
6.787500e+03 5.412500e+03 1.325000e+03 3.756952e-02 3.784842e-02 8.090808e-02 1.736120e-02 4.847801e-02 2.462666e-02 -4.202153e-03 1.775222e-02
6.887500e+03 5.412500e+03 1.325000e+03 1.548580e-02 3.784842e-02 6.356500e-02 1.736120e-02 9.435022e-02 2.462666e-02 3.707767e-02 1.775222e-02
6.987500e+03 5.412500e+03 1.325000e+03 -3.798975e-03 3.784842e-02 1.126870e-01 1.736120e-02 8.500373e-02 2.462666e-02 4.167454e-02 1.775222e-02
3.487500e+03 5.512500e+03 1.125000e+03 1.426391e-01 3.784842e-02 1.822089e-01 1.736120e-02 1.893846e-01 2.462666e-02 8.734166e-02 1.775222e-02
3.587500e+03 5.512500e+03 1.150000e+03 1.284232e-01 3.784842e-02 2.081380e-01 1.736120e-02 1.114842e-01 2.462666e-02 7.944480e-02 1.775222e-02
3.687500e+03 5.512500e+03 1.150000e+03 1.593738e-01 3.784842e-02 1.926408e-01 1.736120e-02 8.199530e-02 2.462666e-02 7.689820e-02 1.775222e-02
3.787500e+03 5.512500e+03 1.175000e+03 1.143905e-01 3.784842e-02 2.181490e-01 1.736120e-02 5.711469e-02 2.462666e-02 6.533065e-02 1.775222e-02
3.887500e+03 5.512500e+03 1.150000e+03 1.526736e-01 3.784842e-02 1.950924e-01 1.736120e-02 1.029921e-01 2.462666e-02 1.031780e-01 1.775222e-02
3.987500e+03 5.512500e+03 1.175000e+03 2.168413e-01 3.784842e-02 1.963726e-01 1.736120e-02 6.424601e-02 2.462666e-02 1.038249e-01 1.775222e-02
4.087500e+03 5.512500e+03 1.175000e+03 1.920281e-01 3.784842e-02 1.711509e-01 1.736120e-02 -2.495246e-02 2.462666e-02 1.048505e-01 1.775222e-02
4.187500e+03 5.512500e+03 1.200000e+03 1.725420e-01 3.784842e-02 1.707265e-01 1.736120e-02 1.682514e-02 2.462666e-02 1.056536e-01 1.775222e-02
4.287500e+03 5.512500e+03 1.200000e+03 2.033450e-01 3.784842e-02 1.805837e-01 1.736120e-02 3.604333e-03 2.462666e-02 8.011436e-02 1.775222e-02
4.387500e+03 5.512500e+03 1.225000e+03 1.465912e-01 3.784842e-02 1.849832e-01 1.736120e-02 3.467302e-02 2.462666e-02 1.135179e-01 1.775222e-02
4.487500e+03 5.512500e+03 1.250000e+03 1.895827e-01 3.784842e-02 1.842244e-01 1.736120e-02 -3.475171e-02 2.462666e-02 9.186610e-02 1.775222e-02
4.587500e+03 5.512500e+03 1.275000e+03 2.030307e-01 3.784842e-02 1.651425e-01 1.736120e-02 -3.003546e-03 2.462666e-02 9.215598e-02 1.775222e-02
4.687500e+03 5.512500e+03 1.275000e+03 2.188505e-01 3.784842e-02 1.927423e-01 1.736120e-02 -5.306772e-02 2.462666e-02 5.649757e-02 1.775222e-02
4.787500e+03 5.512500e+03 1.275000e+03 2.919049e-01 3.784842e-02 1.919841e-01 1.736120e-02 -3.141823e-02 2.462666e-02 1.067752e-01 1.775222e-02
4.887500e+03 5.512500e+03 1.300000e+03 2.700059e-01 3.784842e-02 1.650617e-01 1.736120e-02 -4.213306e-02 2.462666e-02 7.715506e-02 1.775222e-02
4.987500e+03 5.512500e+03 1.300000e+03 3.527471e-01 3.784842e-02 1.677212e-01 1.736120e-02 3.829834e-04 2.462666e-02 5.276116e-02 1.775222e-02
5.087500e+03 5.512500e+03 1.275000e+03 3.383827e-01 3.784842e-02 1.849985e-01 1.736120e-02 -2.930557e-02 2.462666e-02 2.085220e-02 1.775222e-02
5.187500e+03 5.512500e+03 1.300000e+03 3.452811e-01 3.784842e-02 1.519709e-01 1.736120e-02 1.069628e-03 2.462666e-02 2.812362e-02 1.775222e-02
5.287500e+03 5.512500e+03 1.325000e+03 3.390885e-01 3.784842e-02 1.552918e-01 1.736120e-02 2.632248e-02 2.462666e-02 7.089856e-02 1.775222e-02
5.387500e+03 5.512500e+03 1.300000e+03 3.223573e-01 3.784842e-02 1.512549e-01 1.736120e-02 9.824290e-03 2.462666e-02 6.518742e-02 1.775222e-02
5.487500e+03 5.512500e+03 1.300000e+03 3.643402e-01 3.784842e-02 1.433880e-01 1.736120e-02 5.524004e-02 2.462666e-02 1.284889e-02 1.775222e-02
5.587500e+03 5.512500e+03 1.300000e+03 3.578982e-01 3.784842e-02 1.430113e-01 1.736120e-02 -1.903966e-02 2.462666e-02 7.063842e-02 1.775222e-02
5.687500e+03 5.512500e+03 1.300000e+03 3.441977e-01 3.784842e-02 1.540147e-01 1.736120e-02 -1.463335e-03 2.462666e-02 2.463949e-02 1.775222e-02
5.787500e+03 5.512500e+03 1.300000e+03 3.417660e-01 3.784842e-02 1.407564e-01 1.736120e-02 -3.334268e-02 2.462666e-02 1.630385e-02 1.775222e-02
5.887500e+03 5.512500e+03 1.300000e+03 3.736205e-01 3.784842e-02 1.184788e-01 1.736120e-02 -3.003720e-02 2.462666e-02 4.809070e-02 1.775222e-02
5.987500e+03 5.512500e+03 1.300000e+03 3.752739e-01 3.784842e-02 1.195844e-01 1.736120e-02 -1.066032e-01 2.462666e-02 5.930171e-02 1.775222e-02
6.087500e+03 5.512500e+03 1.300000e+03 4.040741e-01 3.784842e-02 1.370259e-01 1.736120e-02 -8.040539e-02 2.462666e-02 5.941358e-02 1.775222e-02
6.187500e+03 5.512500e+03 1.325000e+03 2.431383e-01 3.784842e-02 9.373901e-02 1.736120e-02 -1.067162e-01 2.462666e-02 7.978944e-02 1.775222e-02
6.287500e+03 5.512500e+03 1.375000e+03 2.942073e-01 3.784842e-02 7.692246e-02 1.736120e-02 -7.956526e-02 2.462666e-02 4.784144e-02 1.775222e-02
6.387500e+03 5.512500e+03 1.400000e+03 2.830842e-01 3.784842e-02 8.523036e-02 1.736120e-02 -9.490342e-02 2.462666e-02 3.616051e-02 1.775222e-02
6.487500e+03 5.512500e+03 1.425000e+03 2.142459e-01 3.784842e-02 1.028093e-01 1.736120e-02 -8.186709e-02 2.462666e-02 1.321561e-02 1.775222e-02
6.587500e+03 5.512500e+03 1.400000e+03 1.636227e-01 3.784842e-02 5.222973e-02 1.736120e-02 4.666211e-03 2.462666e-02 1.257815e-02 1.775222e-02
6.687500e+03 5.512500e+03 1.350000e+03 1.833430e-01 3.784842e-02 5.287163e-02 1.736120e-02 -4.582660e-02 2.462666e-02 5.190771e-02 1.775222e-02
6.787500e+03 5.512500e+03 1.350000e+03 1.036511e-01 3.784842e-02 9.010963e-02 1.736120e-02 7.496226e-02 2.462666e-02 2.549934e-02 1.775222e-02
6.887500e+03 5.512500e+03 1.350000e+03 -8.881889e-03 3.784842e-02 7.316855e-02 1.736120e-02 8.877908e-02 2.462666e-02 2.542184e-02 1.775222e-02
6.987500e+03 5.512500e+03 1.325000e+03 4.411521e-02 3.784842e-02 4.809414e-02 1.736120e-02 1.159388e-01 2.462666e-02 4.715658e-02 1.775222e-02


DATATYPE MTT
FREQUENCY 50.09995
N_RECV 1117
19987.5 -12.5 975.0 i i i i i i i i
3.487500e+03 2.512500e+03 1.250000e+03 2.755272e-02 3.415861e-02 -7.771508e-03 2.299876e-02 4.273454e-03 2.336938e-02 2.085156e-02 1.971639e-02
3.587500e+03 2.512500e+03 1.225000e+03 -2.739569e-02 3.415861e-02 2.591654e-02 2.299876e-02 -2.487714e-02 2.336938e-02 -3.273528e-02 1.971639e-02
3.687500e+03 2.512500e+03 1.225000e+03 1.757773e-02 3.415861e-02 8.620663e-03 2.299876e-02 3.686851e-02 2.336938e-02 -2.335162e-03 1.971639e-02
3.787500e+03 2.512500e+03 1.200000e+03 -8.537705e-03 3.415861e-02 1.835133e-02 2.299876e-02 6.084547e-03 2.336938e-02 2.944739e-03 1.971639e-02
3.887500e+03 2.512500e+03 1.200000e+03 1.879230e-02 3.415861e-02 2.197500e-02 2.299876e-02 1.836686e-02 2.336938e-02 -2.357059e-02 1.971639e-02
3.987500e+03 2.512500e+03 1.200000e+03 1.025619e-01 3.415861e-02 4.351961e-03 2.299876e-02 -2.288831e-02 2.336938e-02 2.382296e-03 1.971639e-02
4.087500e+03 2.512500e+03 1.200000e+03 4.291988e-02 3.415861e-02 -2.267146e-02 2.299876e-02 4.919910e-02 2.336938e-02 -2.348540e-02 1.971639e-02
4.187500e+03 2.512500e+03 1.200000e+03 2.535521e-02 3.415861e-02 -1.085832e-02 2.299876e-02 -1.762088e-02 2.336938e-02 4.313028e-02 1.971639e-02
4.287500e+03 2.512500e+03 1.200000e+03 3.605855e-02 3.415861e-02 -2.628502e-02 2.299876e-02 2.647744e-03 2.336938e-02 6.793053e-02 1.971639e-02
4.387500e+03 2.512500e+03 1.200000e+03 1.359502e-02 3.415861e-02 2.259974e-02 2.299876e-02 -2.863057e-03 2.336938e-02 4.935011e-02 1.971639e-02
4.487500e+03 2.512500e+03 1.200000e+03 3.587816e-02 3.415861e-02 3.975033e-02 2.299876e-02 -1.157657e-03 2.336938e-02 5.744491e-02 1.971639e-02
4.587500e+03 2.512500e+03 1.175000e+03 4.940165e-02 3.415861e-02 -7.338492e-03 2.299876e-02 3.948888e-02 2.336938e-02 2.502447e-02 1.971639e-02
4.687500e+03 2.512500e+03 1.175000e+03 5.610172e-02 3.415861e-02 2.998586e-02 2.299876e-02 7.403096e-02 2.336938e-02 3.352565e-02 1.971639e-02
4.787500e+03 2.512500e+03 1.150000e+03 9.907906e-02 3.415861e-02 2.554416e-02 2.299876e-02 -1.485993e-02 2.336938e-02 5.816060e-02 1.971639e-02
4.887500e+03 2.512500e+03 1.150000e+03 -1.106161e-02 3.415861e-02 7.579730e-02 2.299876e-02 -1.356365e-02 2.336938e-02 7.463836e-02 1.971639e-02
4.987500e+03 2.512500e+03 1.150000e+03 -3.502837e-02 3.415861e-02 1.530660e-01 2.299876e-02 -7.281023e-02 2.336938e-02 1.171228e-01 1.971639e-02
5.087500e+03 2.512500e+03 1.175000e+03 5.943200e-02 3.415861e-02 7.658662e-02 2.299876e-02 -4.852895e-02 2.336938e-02 9.390195e-02 1.971639e-02
5.187500e+03 2.512500e+03 1.175000e+03 1.235701e-01 3.415861e-02 3.463347e-02 2.299876e-02 -3.249088e-02 2.336938e-02 1.016573e-01 1.971639e-02
5.287500e+03 2.512500e+03 1.200000e+03 8.585192e-02 3.415861e-02 1.235970e-02 2.299876e-02 -2.952312e-02 2.336938e-02 1.067610e-01 1.971639e-02
5.387500e+03 2.512500e+03 1.200000e+03 1.052391e-01 3.415861e-02 5.332823e-02 2.299876e-02 -8.165056e-03 2.336938e-02 1.033684e-01 1.971639e-02
5.487500e+03 2.512500e+03 1.200000e+03 1.435734e-01 3.415861e-02 7.544200e-02 2.299876e-02 -4.738877e-02 2.336938e-02 7.787946e-02 1.971639e-02
5.587500e+03 2.512500e+03 1.225000e+03 6.936820e-02 3.415861e-02 9.559472e-02 2.299876e-02 -5.268958e-02 2.336938e-02 9.803289e-02 1.971639e-02
5.687500e+03 2.512500e+03 1.225000e+03 1.541295e-01 3.415861e-02 8.996197e-02 2.299876e-02 -4.524019e-02 2.336938e-02 8.948596e-02 1.971639e-02
5.787500e+03 2.512500e+03 1.250000e+03 2.763567e-02 3.415861e-02 7.385280e-02 2.299876e-02 -2.661828e-02 2.336938e-02 1.096599e-01 1.971639e-02
5.887500e+03 2.512500e+03 1.225000e+03 1.246875e-01 3.415861e-02 1.262238e-01 2.299876e-02 -7.176780e-02 2.336938e-02 7.498594e-02 1.971639e-02
5.987500e+03 2.512500e+03 1.225000e+03 9.995349e-02 3.415861e-02 9.732865e-02 2.299876e-02 6.364048e-03 2.336938e-02 9.380012e-02 1.971639e-02
6.087500e+03 2.512500e+03 1.225000e+03 1.580971e-01 3.415861e-02 9.233575e-02 2.299876e-02 -7.737891e-03 2.336938e-02 9.790290e-02 1.971639e-02
6.187500e+03 2.512500e+03 1.225000e+03 1.749621e-01 3.415861e-02 7.507777e-02 2.299876e-02 -5.276336e-02 2.336938e-02 1.103110e-01 1.971639e-02
6.287500e+03 2.512500e+03 1.250000e+03 1.583021e-01 3.415861e-02 1.430128e-01 2.299876e-02 9.339894e-03 2.336938e-02 1.255556e-01 1.971639e-02
6.387500e+03 2.512500e+03 1.250000e+03 1.060876e-01 3.415861e-02 1.137032e-01 2.299876e-02 6.509385e-03 2.336938e-02 9.867543e-02 1.971639e-02
6.487500e+03 2.512500e+03 1.250000e+03 1.812297e-01 3.415861e-02 1.525875e-01 2.299876e-02 5.233458e-03 2.336938e-02 9.422328e-02 1.971639e-02
6.587500e+03 2.512500e+03 1.250000e+03 1.443362e-01 3.415861e-02 1.640190e-01 2.299876e-02 2.171625e-02 2.336938e-02 1.310869e-01 1.971639e-02
6.687500e+03 2.512500e+03 1.250000e+03 8.892573e-02 3.415861e-02 1.411713e-01 2.299876e-02 3.335911e-02 2.336938e-02 9.830754e-02 1.971639e-02
6.787500e+03 2.512500e+03 1.250000e+03 1.356523e-01 3.415861e-02 1.695989e-01 2.299876e-02 7.297282e-02 2.336938e-02 1.067659e-01 1.971639e-02
6.887500e+03 2.512500e+03 1.250000e+03 2.943893e-01 3.415861e-02 1.135965e-01 2.299876e-02 7.271660e-02 2.336938e-02 9.641072e-02 1.971639e-02
6.987500e+03 2.512500e+03 1.250000e+03 2.124901e-01 3.415861e-02 1.303669e-01 2.299876e-02 4.970125e-02 2.336938e-02 1.040968e-01 1.971639e-02
3.487500e+03 2.612500e+03 1.225000e+03 3.183716e-02 3.415861e-02 -1.897054e-02 2.299876e-02 2.201381e-02 2.336938e-02 -2.561266e-02 1.971639e-02
3.587500e+03 2.612500e+03 1.225000e+03 4.600728e-04 3.415861e-02 5.983162e-02 2.299876e-02 -1.623016e-02 2.336938e-02 -2.931650e-02 1.971639e-02
3.687500e+03 2.612500e+03 1.225000e+03 -3.030463e-02 3.415861e-02 8.800623e-03 2.299876e-02 -7.077519e-03 2.336938e-02 1.653309e-02 1.971639e-02
3.787500e+03 2.612500e+03 1.225000e+03 4.802608e-03 3.415861e-02 5.696207e-02 2.299876e-02 6.749204e-02 2.336938e-02 3.016240e-03 1.971639e-02
3.887500e+03 2.612500e+03 1.200000e+03 -9.307405e-03 3.415861e-02 4.851268e-02 2.299876e-02 4.014598e-02 2.336938e-02 -1.455678e-02 1.971639e-02
3.987500e+03 2.612500e+03 1.200000e+03 -8.584531e-03 3.415861e-02 8.605094e-02 2.299876e-02 7.894432e-02 2.336938e-02 1.528343e-03 1.971639e-02
4.087500e+03 2.612500e+03 1.200000e+03 2.507466e-02 3.415861e-02 6.161433e-02 2.299876e-02 2.698926e-02 2.336938e-02 -3.269628e-02 1.971639e-02
4.187500e+03 2.612500e+03 1.175000e+03 2.405488e-02 3.415861e-02 2.937085e-02 2.299876e-02 4.351086e-02 2.336938e-02 -2.548517e-03 1.971639e-02
4.287500e+03 2.612500e+03 1.175000e+03 4.500484e-02 3.415861e-02 1.617897e-02 2.299876e-02 3.533830e-03 2.336938e-02 4.750895e-02 1.971639e-02
4.387500e+03 2.612500e+03 1.175000e+03 3.049727e-02 3.415861e-02 -1.095256e-02 2.299876e-02 3.162111e-02 2.336938e-02 5.233786e-02 1.971639e-02
4.487500e+03 2.612500e+03 1.175000e+03 6.689038e-02 3.415861e-02 3.803291e-02 2.299876e-02 2.595575e-02 2.336938e-02 7.092604e-02 1.971639e-02
4.587500e+03 2.612500e+03 1.175000e+03 -9.765527e-04 3.415861e-02 1.929460e-02 2.299876e-02 5.466956e-02 2.336938e-02 3.157512e-02 1.971639e-02
4.687500e+03 2.612500e+03 1.150000e+03 6.153211e-02 3.415861e-02 3.663938e-02 2.299876e-02 3.055707e-02 2.336938e-02 5.935495e-02 1.971639e-02
4.787500e+03 2.612500e+03 1.150000e+03 3.687483e-02 3.415861e-02 6.085095e-02 2.299876e-02 -2.159044e-02 2.336938e-02 9.480123e-02 1.971639e-02
4.887500e+03 2.612500e+03 1.175000e+03 4.738522e-02 3.415861e-02 6.981332e-02 2.299876e-02 3.464442e-02 2.336938e-02 1.295364e-01 1.971639e-02
4.987500e+03 2.612500e+03 1.175000e+03 9.390874e-02 3.415861e-02 5.752650e-02 2.299876e-02 1.309468e-02 2.336938e-02 7.687221e-02 1.971639e-02
5.087500e+03 2.612500e+03 1.175000e+03 6.119500e-02 3.415861e-02 6.916240e-02 2.299876e-02 1.734471e-02 2.336938e-02 1.019122e-01 1.971639e-02
5.187500e+03 2.612500e+03 1.175000e+03 1.283955e-01 3.415861e-02 1.017609e-01 2.299876e-02 -3.769830e-03 2.336938e-02 1.329270e-01 1.971639e-02
5.287500e+03 2.612500e+03 1.200000e+03 1.438589e-01 3.415861e-02 8.667118e-02 2.299876e-02 -1.215370e-02 2.336938e-02 1.157206e-01 1.971639e-02
5.387500e+03 2.612500e+03 1.200000e+03 1.056589e-01 3.415861e-02 4.969783e-02 2.299876e-02 4.652374e-02 2.336938e-02 1.262359e-01 1.971639e-02
5.487500e+03 2.612500e+03 1.200000e+03 2.144471e-01 3.415861e-02 3.253266e-02 2.299876e-02 -3.602282e-02 2.336938e-02 1.067637e-01 1.971639e-02
5.587500e+03 2.612500e+03 1.225000e+03 1.743019e-01 3.415861e-02 3.923871e-02 2.299876e-02 -2.595391e-02 2.336938e-02 1.248667e-01 1.971639e-02
5.687500e+03 2.612500e+03 1.225000e+03 1.334967e-01 3.415861e-02 3.538140e-02 2.299876e-02 -4.190688e-02 2.336938e-02 1.088708e-01 1.971639e-02
5.787500e+03 2.612500e+03 1.250000e+03 1.202458e-01 3.415861e-02 4.469662e-02 2.299876e-02 -2.327796e-02 2.336938e-02 1.769213e-01 1.971639e-02
5.887500e+03 2.612500e+03 1.250000e+03 7.340930e-02 3.415861e-02 9.365230e-02 2.299876e-02 3.143248e-02 2.336938e-02 9.473665e-02 1.971639e-02
5.987500e+03 2.612500e+03 1.225000e+03 1.500980e-01 3.415861e-02 1.397335e-01 2.299876e-02 2.959799e-02 2.336938e-02 8.583173e-02 1.971639e-02
6.087500e+03 2.612500e+03 1.225000e+03 1.113536e-01 3.415861e-02 9.278983e-02 2.299876e-02 -1.893882e-02 2.336938e-02 1.338953e-01 1.971639e-02
6.187500e+03 2.612500e+03 1.225000e+03 1.945043e-01 3.415861e-02 7.797086e-02 2.299876e-02 5.305651e-03 2.336938e-02 1.300807e-01 1.971639e-02
6.287500e+03 2.612500e+03 1.250000e+03 1.326612e-01 3.415861e-02 8.644362e-02 2.299876e-02 9.411867e-03 2.336938e-02 1.255105e-01 1.971639e-02
6.387500e+03 2.612500e+03 1.250000e+03 1.513088e-01 3.415861e-02 1.392569e-01 2.299876e-02 -2.912713e-02 2.336938e-02 1.227491e-01 1.971639e-02
6.487500e+03 2.612500e+03 1.250000e+03 1.467964e-01 3.415861e-02 1.039527e-01 2.299876e-02 1.118998e-02 2.336938e-02 8.282860e-02 1.971639e-02
6.587500e+03 2.612500e+03 1.250000e+03 1.639689e-01 3.415861e-02 1.109596e-01 2.299876e-02 5.608729e-02 2.336938e-02 1.045678e-01 1.971639e-02
6.687500e+03 2.612500e+03 1.275000e+03 1.612562e-01 3.415861e-02 1.147013e-01 2.299876e-02 7.790580e-02 2.336938e-02 9.625163e-02 1.971639e-02
6.787500e+03 2.612500e+03 1.250000e+03 2.870003e-01 3.415861e-02 1.199880e-01 2.299876e-02 1.060842e-01 2.336938e-02 3.642161e-02 1.971639e-02
6.887500e+03 2.612500e+03 1.250000e+03 3.848920e-01 3.415861e-02 2.615410e-02 2.299876e-02 1.003806e-01 2.336938e-02 6.163689e-02 1.971639e-02
6.987500e+03 2.612500e+03 1.250000e+03 3.879758e-01 3.415861e-02 -3.847951e-02 2.299876e-02 7.191366e-02 2.336938e-02 9.071706e-02 1.971639e-02
3.487500e+03 2.712500e+03 1.225000e+03 3.982738e-02 3.415861e-02 -3.131050e-02 2.299876e-02 -3.703465e-02 2.336938e-02 1.766611e-02 1.971639e-02
3.587500e+03 2.712500e+03 1.225000e+03 7.662811e-02 3.415861e-02 5.248313e-02 2.299876e-02 4.133025e-02 2.336938e-02 1.456419e-02 1.971639e-02
3.687500e+03 2.712500e+03 1.225000e+03 -1.242099e-02 3.415861e-02 9.547062e-03 2.299876e-02 2.398778e-02 2.336938e-02 -2.471356e-02 1.971639e-02
3.787500e+03 2.712500e+03 1.225000e+03 7.462461e-02 3.415861e-02 4.358181e-02 2.299876e-02 1.244074e-02 2.336938e-02 1.469268e-02 1.971639e-02
3.887500e+03 2.712500e+03 1.225000e+03 4.648568e-03 3.415861e-02 4.033675e-03 2.299876e-02 8.087698e-03 2.336938e-02 -2.791031e-02 1.971639e-02
3.987500e+03 2.712500e+03 1.225000e+03 -4.223844e-02 3.415861e-02 2.947003e-03 2.299876e-02 6.354453e-03 2.336938e-02 -2.363240e-02 1.971639e-02
4.087500e+03 2.712500e+03 1.200000e+03 4.784896e-02 3.415861e-02 5.097166e-02 2.299876e-02 -1.457372e-03 2.336938e-02 -3.363647e-03 1.971639e-02
4.187500e+03 2.712500e+03 1.200000e+03 2.583057e-02 3.415861e-02 6.087698e-02 2.299876e-02 1.723351e-02 2.336938e-02 -3.926483e-02 1.971639e-02
4.287500e+03 2.712500e+03 1.175000e+03 2.266628e-02 3.415861e-02 6.617023e-02 2.299876e-02 6.884827e-02 2.336938e-02 2.761700e-02 1.971639e-02
4.387500e+03 2.712500e+03 1.175000e+03 -3.769575e-02 3.415861e-02 6.051500e-02 2.299876e-02 -1.756852e-02 2.336938e-02 4.868099e-02 1.971639e-02
4.487500e+03 2.712500e+03 1.175000e+03 -6.465345e-04 3.415861e-02 6.504650e-02 2.299876e-02 2.949521e-02 2.336938e-02 3.938618e-02 1.971639e-02
4.587500e+03 2.712500e+03 1.175000e+03 1.230255e-01 3.415861e-02 5.838395e-02 2.299876e-02 3.947343e-02 2.336938e-02 4.499795e-02 1.971639e-02
4.687500e+03 2.712500e+03 1.150000e+03 1.544071e-02 3.415861e-02 6.833583e-02 2.299876e-02 2.948104e-03 2.336938e-02 7.995370e-02 1.971639e-02
4.787500e+03 2.712500e+03 1.150000e+03 6.338215e-02 3.415861e-02 1.001816e-01 2.299876e-02 2.787688e-02 2.336938e-02 1.073518e-01 1.971639e-02
4.887500e+03 2.712500e+03 1.175000e+03 1.045705e-01 3.415861e-02 2.038250e-02 2.299876e-02 1.314970e-02 2.336938e-02 1.293339e-01 1.971639e-02
4.987500e+03 2.712500e+03 1.175000e+03 7.061653e-02 3.415861e-02 5.053667e-02 2.299876e-02 -1.982834e-02 2.336938e-02 1.526502e-01 1.971639e-02
5.087500e+03 2.712500e+03 1.200000e+03 4.970030e-02 3.415861e-02 8.200773e-02 2.299876e-02 1.973513e-02 2.336938e-02 1.007843e-01 1.971639e-02
5.187500e+03 2.712500e+03 1.200000e+03 9.807784e-02 3.415861e-02 9.298315e-02 2.299876e-02 4.434848e-02 2.336938e-02 1.312999e-01 1.971639e-02
5.287500e+03 2.712500e+03 1.175000e+03 1.401384e-01 3.415861e-02 1.106568e-01 2.299876e-02 7.405282e-03 2.336938e-02 1.251796e-01 1.971639e-02
5.387500e+03 2.712500e+03 1.200000e+03 1.792665e-01 3.415861e-02 4.677945e-02 2.299876e-02 -1.182892e-02 2.336938e-02 1.242235e-01 1.971639e-02
5.487500e+03 2.712500e+03 1.200000e+03 1.539870e-01 3.415861e-02 6.093988e-02 2.299876e-02 2.517414e-02 2.336938e-02 1.413891e-01 1.971639e-02
5.587500e+03 2.712500e+03 1.225000e+03 1.220836e-01 3.415861e-02 4.267482e-02 2.299876e-02 1.635465e-02 2.336938e-02 1.179769e-01 1.971639e-02
5.687500e+03 2.712500e+03 1.225000e+03 1.505928e-01 3.415861e-02 5.500191e-02 2.299876e-02 -1.746638e-02 2.336938e-02 9.730591e-02 1.971639e-02
5.787500e+03 2.712500e+03 1.225000e+03 1.764561e-01 3.415861e-02 3.187779e-02 2.299876e-02 -8.543019e-02 2.336938e-02 1.636121e-01 1.971639e-02
5.887500e+03 2.712500e+03 1.250000e+03 9.916478e-02 3.415861e-02 7.332252e-02 2.299876e-02 -1.525624e-02 2.336938e-02 9.743328e-02 1.971639e-02
5.987500e+03 2.712500e+03 1.250000e+03 1.503336e-01 3.415861e-02 1.075445e-01 2.299876e-02 2.203459e-03 2.336938e-02 1.194081e-01 1.971639e-02
6.087500e+03 2.712500e+03 1.250000e+03 7.397769e-02 3.415861e-02 1.311367e-01 2.299876e-02 3.307490e-02 2.336938e-02 9.763971e-02 1.971639e-02
6.187500e+03 2.712500e+03 1.225000e+03 1.603478e-01 3.415861e-02 1.365189e-01 2.299876e-02 3.458879e-02 2.336938e-02 9.090903e-02 1.971639e-02
6.287500e+03 2.712500e+03 1.225000e+03 1.450504e-01 3.415861e-02 1.014359e-01 2.299876e-02 -1.579728e-03 2.336938e-02 1.256460e-01 1.971639e-02
6.387500e+03 2.712500e+03 1.250000e+03 2.928045e-01 3.415861e-02 6.443811e-02 2.299876e-02 6.607006e-02 2.336938e-02 1.223537e-01 1.971639e-02
6.487500e+03 2.712500e+03 1.250000e+03 3.116535e-01 3.415861e-02 4.758551e-02 2.299876e-02 1.267421e-01 2.336938e-02 9.878487e-02 1.971639e-02
6.587500e+03 2.712500e+03 1.275000e+03 3.654017e-01 3.415861e-02 1.625206e-02 2.299876e-02 7.448987e-02 2.336938e-02 1.009862e-01 1.971639e-02
6.687500e+03 2.712500e+03 1.275000e+03 3.313122e-01 3.415861e-02 4.294695e-03 2.299876e-02 9.767638e-02 2.336938e-02 9.820212e-02 1.971639e-02
6.787500e+03 2.712500e+03 1.275000e+03 3.033457e-01 3.415861e-02 -5.045668e-03 2.299876e-02 1.399886e-01 2.336938e-02 7.468762e-02 1.971639e-02
6.887500e+03 2.712500e+03 1.250000e+03 4.058871e-01 3.415861e-02 -2.244714e-03 2.299876e-02 1.902292e-01 2.336938e-02 3.358915e-02 1.971639e-02
6.987500e+03 2.712500e+03 1.250000e+03 3.842323e-01 3.415861e-02 -8.182145e-02 2.299876e-02 8.612564e-02 2.336938e-02 3.584498e-02 1.971639e-02
3.487500e+03 2.812500e+03 1.200000e+03 8.105214e-02 3.415861e-02 2.104515e-02 2.299876e-02 -2.774168e-02 2.336938e-02 3.482649e-02 1.971639e-02
3.587500e+03 2.812500e+03 1.225000e+03 4.391802e-02 3.415861e-02 2.154987e-02 2.299876e-02 -5.535211e-02 2.336938e-02 2.781403e-02 1.971639e-02
3.687500e+03 2.812500e+03 1.225000e+03 1.046831e-01 3.415861e-02 3.027228e-02 2.299876e-02 -4.398052e-02 2.336938e-02 5.851147e-03 1.971639e-02
3.787500e+03 2.812500e+03 1.200000e+03 6.065813e-02 3.415861e-02 4.781840e-02 2.299876e-02 2.675912e-02 2.336938e-02 -3.416129e-02 1.971639e-02
3.887500e+03 2.812500e+03 1.200000e+03 4.662658e-02 3.415861e-02 9.680628e-03 2.299876e-02 -2.234618e-03 2.336938e-02 -1.097503e-02 1.971639e-02
3.987500e+03 2.812500e+03 1.200000e+03 4.362957e-02 3.415861e-02 7.310865e-02 2.299876e-02 4.375508e-02 2.336938e-02 3.178462e-02 1.971639e-02
4.087500e+03 2.812500e+03 1.200000e+03 1.052668e-02 3.415861e-02 5.154005e-02 2.299876e-02 2.438058e-02 2.336938e-02 2.086018e-02 1.971639e-02
4.187500e+03 2.812500e+03 1.175000e+03 -3.694992e-02 3.415861e-02 6.567978e-02 2.299876e-02 2.243005e-02 2.336938e-02 8.608774e-03 1.971639e-02
4.287500e+03 2.812500e+03 1.200000e+03 -1.227111e-02 3.415861e-02 8.507531e-02 2.299876e-02 -1.504336e-02 2.336938e-02 3.876832e-02 1.971639e-02
4.387500e+03 2.812500e+03 1.200000e+03 4.621069e-03 3.415861e-02 1.544220e-01 2.299876e-02 1.523015e-02 2.336938e-02 4.171213e-02 1.971639e-02
4.487500e+03 2.812500e+03 1.200000e+03 4.407464e-02 3.415861e-02 9.642026e-02 2.299876e-02 4.759250e-02 2.336938e-02 4.220370e-02 1.971639e-02
4.587500e+03 2.812500e+03 1.175000e+03 1.095969e-01 3.415861e-02 4.600232e-02 2.299876e-02 4.909153e-02 2.336938e-02 5.544017e-02 1.971639e-02
4.687500e+03 2.812500e+03 1.150000e+03 6.388324e-02 3.415861e-02 5.325654e-03 2.299876e-02 5.288534e-02 2.336938e-02 1.077282e-01 1.971639e-02
4.787500e+03 2.812500e+03 1.150000e+03 6.460395e-02 3.415861e-02 2.678641e-02 2.299876e-02 -3.691514e-03 2.336938e-02 1.121275e-01 1.971639e-02
4.887500e+03 2.812500e+03 1.175000e+03 8.437454e-02 3.415861e-02 5.765823e-03 2.299876e-02 3.711658e-02 2.336938e-02 1.192306e-01 1.971639e-02
4.987500e+03 2.812500e+03 1.200000e+03 3.648536e-02 3.415861e-02 4.907706e-02 2.299876e-02 8.629681e-03 2.336938e-02 1.570178e-01 1.971639e-02
5.087500e+03 2.812500e+03 1.200000e+03 1.005586e-01 3.415861e-02 1.004660e-01 2.299876e-02 7.971798e-02 2.336938e-02 9.530691e-02 1.971639e-02
5.187500e+03 2.812500e+03 1.200000e+03 1.246829e-01 3.415861e-02 5.986632e-02 2.299876e-02 2.378878e-02 2.336938e-02 1.430549e-01 1.971639e-02
5.287500e+03 2.812500e+03 1.200000e+03 1.744853e-01 3.415861e-02 6.157109e-02 2.299876e-02 7.837486e-02 2.336938e-02 9.029613e-02 1.971639e-02
5.387500e+03 2.812500e+03 1.200000e+03 1.255823e-01 3.415861e-02 2.478780e-02 2.299876e-02 5.146388e-02 2.336938e-02 1.031106e-01 1.971639e-02
5.487500e+03 2.812500e+03 1.200000e+03 1.413629e-01 3.415861e-02 6.221790e-02 2.299876e-02 5.072842e-03 2.336938e-02 1.164294e-01 1.971639e-02
5.587500e+03 2.812500e+03 1.225000e+03 1.967552e-01 3.415861e-02 -3.759558e-03 2.299876e-02 6.473735e-02 2.336938e-02 1.202849e-01 1.971639e-02
5.687500e+03 2.812500e+03 1.225000e+03 1.704595e-01 3.415861e-02 5.188374e-02 2.299876e-02 -1.766817e-02 2.336938e-02 1.215237e-01 1.971639e-02
5.787500e+03 2.812500e+03 1.225000e+03 1.267213e-01 3.415861e-02 8.992813e-02 2.299876e-02 -8.372145e-03 2.336938e-02 1.435391e-01 1.971639e-02
5.887500e+03 2.812500e+03 1.250000e+03 1.679853e-01 3.415861e-02 5.412884e-02 2.299876e-02 -2.453779e-03 2.336938e-02 1.346830e-01 1.971639e-02
5.987500e+03 2.812500e+03 1.250000e+03 1.385387e-01 3.415861e-02 5.462123e-02 2.299876e-02 5.743392e-02 2.336938e-02 1.342891e-01 1.971639e-02
6.087500e+03 2.812500e+03 1.250000e+03 2.304381e-01 3.415861e-02 9.518819e-02 2.299876e-02 4.024031e-02 2.336938e-02 9.495732e-02 1.971639e-02
6.187500e+03 2.812500e+03 1.250000e+03 1.938576e-01 3.415861e-02 1.150071e-01 2.299876e-02 6.027814e-02 2.336938e-02 1.070902e-01 1.971639e-02
6.287500e+03 2.812500e+03 1.250000e+03 1.861957e-01 3.415861e-02 1.145835e-01 2.299876e-02 8.511053e-02 2.336938e-02 1.121288e-01 1.971639e-02
6.387500e+03 2.812500e+03 1.250000e+03 2.306833e-01 3.415861e-02 7.829153e-02 2.299876e-02 9.419301e-02 2.336938e-02 1.084657e-01 1.971639e-02
6.487500e+03 2.812500e+03 1.250000e+03 3.669364e-01 3.415861e-02 -3.285534e-02 2.299876e-02 1.836650e-01 2.336938e-02 6.323637e-02 1.971639e-02
6.587500e+03 2.812500e+03 1.250000e+03 3.991232e-01 3.415861e-02 -8.585325e-02 2.299876e-02 1.823874e-01 2.336938e-02 6.973948e-03 1.971639e-02
6.687500e+03 2.812500e+03 1.250000e+03 4.154895e-01 3.415861e-02 -1.452594e-01 2.299876e-02 9.010389e-02 2.336938e-02 1.208137e-01 1.971639e-02
6.787500e+03 2.812500e+03 1.275000e+03 3.524079e-01 3.415861e-02 -7.345576e-02 2.299876e-02 1.133801e-01 2.336938e-02 6.199380e-02 1.971639e-02
6.887500e+03 2.812500e+03 1.275000e+03 3.000636e-01 3.415861e-02 -3.965217e-02 2.299876e-02 8.842591e-02 2.336938e-02 9.868168e-02 1.971639e-02
6.987500e+03 2.812500e+03 1.275000e+03 2.781241e-01 3.415861e-02 -1.882241e-02 2.299876e-02 6.820987e-02 2.336938e-02 9.802478e-02 1.971639e-02
3.487500e+03 2.912500e+03 1.225000e+03 3.113630e-02 3.415861e-02 4.297481e-02 2.299876e-02 -7.042229e-02 2.336938e-02 4.344091e-02 1.971639e-02
3.587500e+03 2.912500e+03 1.225000e+03 8.287666e-02 3.415861e-02 6.110364e-02 2.299876e-02 -4.878120e-02 2.336938e-02 3.525186e-02 1.971639e-02
3.687500e+03 2.912500e+03 1.250000e+03 -1.306430e-02 3.415861e-02 3.870282e-02 2.299876e-02 3.535827e-02 2.336938e-02 -1.708742e-02 1.971639e-02
3.787500e+03 2.912500e+03 1.225000e+03 2.376339e-02 3.415861e-02 1.516842e-02 2.299876e-02 1.276027e-02 2.336938e-02 1.798154e-02 1.971639e-02
3.887500e+03 2.912500e+03 1.225000e+03 -8.103131e-03 3.415861e-02 7.896334e-02 2.299876e-02 3.855257e-02 2.336938e-02 1.518771e-02 1.971639e-02
3.987500e+03 2.912500e+03 1.225000e+03 1.195304e-02 3.415861e-02 1.151415e-01 2.299876e-02 2.264804e-02 2.336938e-02 2.723693e-02 1.971639e-02
4.087500e+03 2.912500e+03 1.200000e+03 -1.254465e-02 3.415861e-02 9.106020e-02 2.299876e-02 -1.361831e-02 2.336938e-02 -1.227256e-03 1.971639e-02
4.187500e+03 2.912500e+03 1.200000e+03 5.581827e-02 3.415861e-02 6.599223e-02 2.299876e-02 -2.834848e-02 2.336938e-02 4.099877e-02 1.971639e-02
4.287500e+03 2.912500e+03 1.225000e+03 1.242135e-02 3.415861e-02 1.139416e-01 2.299876e-02 5.028365e-02 2.336938e-02 -2.949764e-02 1.971639e-02
4.387500e+03 2.912500e+03 1.200000e+03 4.784240e-02 3.415861e-02 1.033187e-01 2.299876e-02 3.094067e-02 2.336938e-02 5.315877e-02 1.971639e-02
4.487500e+03 2.912500e+03 1.200000e+03 7.403326e-03 3.415861e-02 2.604171e-02 2.299876e-02 9.684771e-02 2.336938e-02 5.234523e-02 1.971639e-02
4.587500e+03 2.912500e+03 1.150000e+03 6.646703e-02 3.415861e-02 4.257627e-02 2.299876e-02 5.603018e-02 2.336938e-02 6.252282e-02 1.971639e-02
4.687500e+03 2.912500e+03 1.150000e+03 6.098090e-02 3.415861e-02 4.201481e-02 2.299876e-02 6.577901e-02 2.336938e-02 7.921333e-02 1.971639e-02
4.787500e+03 2.912500e+03 1.150000e+03 8.676536e-02 3.415861e-02 -6.118840e-03 2.299876e-02 2.389648e-02 2.336938e-02 1.320928e-01 1.971639e-02
4.887500e+03 2.912500e+03 1.175000e+03 7.028132e-02 3.415861e-02 4.723485e-02 2.299876e-02 2.539186e-02 2.336938e-02 8.553452e-02 1.971639e-02
4.987500e+03 2.912500e+03 1.175000e+03 9.612231e-02 3.415861e-02 2.835403e-03 2.299876e-02 3.097968e-02 2.336938e-02 1.501013e-01 1.971639e-02
5.087500e+03 2.912500e+03 1.200000e+03 1.984311e-01 3.415861e-02 3.423111e-02 2.299876e-02 6.558482e-02 2.336938e-02 1.506232e-01 1.971639e-02
5.187500e+03 2.912500e+03 1.200000e+03 1.724368e-01 3.415861e-02 1.567779e-02 2.299876e-02 8.754789e-02 2.336938e-02 1.243927e-01 1.971639e-02
5.287500e+03 2.912500e+03 1.200000e+03 1.977390e-01 3.415861e-02 2.648967e-02 2.299876e-02 1.171633e-01 2.336938e-02 1.054427e-01 1.971639e-02
5.387500e+03 2.912500e+03 1.200000e+03 1.133941e-01 3.415861e-02 5.797640e-02 2.299876e-02 2.911803e-02 2.336938e-02 1.204498e-01 1.971639e-02
5.487500e+03 2.912500e+03 1.200000e+03 1.455546e-01 3.415861e-02 3.703872e-02 2.299876e-02 3.371059e-02 2.336938e-02 8.437241e-02 1.971639e-02
5.587500e+03 2.912500e+03 1.200000e+03 1.540692e-01 3.415861e-02 8.877942e-02 2.299876e-02 -1.863213e-02 2.336938e-02 1.424324e-01 1.971639e-02
5.687500e+03 2.912500e+03 1.200000e+03 1.291729e-01 3.415861e-02 8.797121e-02 2.299876e-02 -1.444851e-02 2.336938e-02 1.603915e-01 1.971639e-02
5.787500e+03 2.912500e+03 1.200000e+03 8.356717e-02 3.415861e-02 8.408921e-02 2.299876e-02 2.273472e-02 2.336938e-02 1.798712e-01 1.971639e-02
5.887500e+03 2.912500e+03 1.225000e+03 1.654777e-01 3.415861e-02 1.048649e-01 2.299876e-02 3.821198e-02 2.336938e-02 1.199341e-01 1.971639e-02
5.987500e+03 2.912500e+03 1.225000e+03 1.482027e-01 3.415861e-02 7.202013e-02 2.299876e-02 5.052236e-03 2.336938e-02 1.316900e-01 1.971639e-02
6.087500e+03 2.912500e+03 1.250000e+03 2.112479e-01 3.415861e-02 -1.858918e-03 2.299876e-02 3.994228e-02 2.336938e-02 7.801446e-02 1.971639e-02
6.187500e+03 2.912500e+03 1.250000e+03 2.571593e-01 3.415861e-02 1.513402e-02 2.299876e-02 1.375281e-01 2.336938e-02 9.522423e-02 1.971639e-02
6.287500e+03 2.912500e+03 1.250000e+03 2.910935e-01 3.415861e-02 -7.261572e-02 2.299876e-02 1.426991e-01 2.336938e-02 1.107317e-01 1.971639e-02
6.387500e+03 2.912500e+03 1.250000e+03 2.885112e-01 3.415861e-02 -4.115345e-02 2.299876e-02 2.406728e-01 2.336938e-02 2.821830e-02 1.971639e-02
6.487500e+03 2.912500e+03 1.250000e+03 3.101357e-01 3.415861e-02 -4.056845e-02 2.299876e-02 1.941993e-01 2.336938e-02 1.880841e-02 1.971639e-02
6.587500e+03 2.912500e+03 1.250000e+03 2.354963e-01 3.415861e-02 -2.366929e-02 2.299876e-02 1.101248e-01 2.336938e-02 1.047248e-01 1.971639e-02
6.687500e+03 2.912500e+03 1.250000e+03 2.541940e-01 3.415861e-02 6.123440e-03 2.299876e-02 9.071011e-02 2.336938e-02 1.145383e-01 1.971639e-02
6.787500e+03 2.912500e+03 1.275000e+03 1.902228e-01 3.415861e-02 1.203844e-02 2.299876e-02 7.960579e-02 2.336938e-02 1.087141e-01 1.971639e-02
6.887500e+03 2.912500e+03 1.275000e+03 2.258275e-01 3.415861e-02 -6.938821e-03 2.299876e-02 3.332423e-02 2.336938e-02 6.229170e-02 1.971639e-02
6.987500e+03 2.912500e+03 1.275000e+03 2.332926e-01 3.415861e-02 4.167347e-02 2.299876e-02 7.782784e-02 2.336938e-02 9.008828e-02 1.971639e-02
3.487500e+03 3.012500e+03 1.225000e+03 2.695831e-02 3.415861e-02 2.613580e-02 2.299876e-02 -5.382728e-03 2.336938e-02 3.973642e-02 1.971639e-02
3.587500e+03 3.012500e+03 1.225000e+03 2.427342e-02 3.415861e-02 4.055880e-02 2.299876e-02 2.607976e-02 2.336938e-02 -3.339022e-03 1.971639e-02
3.687500e+03 3.012500e+03 1.225000e+03 4.877440e-02 3.415861e-02 4.940443e-02 2.299876e-02 1.628544e-02 2.336938e-02 2.429429e-02 1.971639e-02
3.787500e+03 3.012500e+03 1.225000e+03 2.565055e-02 3.415861e-02 4.188170e-02 2.299876e-02 -1.975834e-03 2.336938e-02 -1.443648e-02 1.971639e-02
3.887500e+03 3.012500e+03 1.225000e+03 5.317104e-02 3.415861e-02 7.811348e-03 2.299876e-02 2.534257e-04 2.336938e-02 3.596529e-02 1.971639e-02
3.987500e+03 3.012500e+03 1.225000e+03 -1.446429e-02 3.415861e-02 7.308175e-02 2.299876e-02 -2.322813e-02 2.336938e-02 1.322602e-02 1.971639e-02
4.087500e+03 3.012500e+03 1.225000e+03 5.341032e-02 3.415861e-02 5.430402e-02 2.299876e-02 -3.623627e-03 2.336938e-02 2.090099e-02 1.971639e-02
4.187500e+03 3.012500e+03 1.225000e+03 5.053181e-02 3.415861e-02 8.008952e-02 2.299876e-02 -1.419248e-03 2.336938e-02 1.285078e-02 1.971639e-02
4.287500e+03 3.012500e+03 1.225000e+03 2.175983e-02 3.415861e-02 7.546426e-02 2.299876e-02 4.384751e-02 2.336938e-02 2.541613e-02 1.971639e-02
4.387500e+03 3.012500e+03 1.225000e+03 3.490458e-02 3.415861e-02 5.130602e-02 2.299876e-02 5.742550e-02 2.336938e-02 1.317402e-02 1.971639e-02
4.487500e+03 3.012500e+03 1.200000e+03 8.570881e-02 3.415861e-02 7.825125e-02 2.299876e-02 5.527452e-02 2.336938e-02 4.818307e-02 1.971639e-02
4.587500e+03 3.012500e+03 1.150000e+03 2.850724e-02 3.415861e-02 1.952906e-02 2.299876e-02 1.048047e-01 2.336938e-02 6.543160e-02 1.971639e-02
4.687500e+03 3.012500e+03 1.150000e+03 7.706495e-02 3.415861e-02 5.319792e-02 2.299876e-02 8.773083e-02 2.336938e-02 1.032700e-01 1.971639e-02
4.787500e+03 3.012500e+03 1.150000e+03 1.057080e-01 3.415861e-02 5.316442e-02 2.299876e-02 6.988016e-02 2.336938e-02 1.020058e-01 1.971639e-02
4.887500e+03 3.012500e+03 1.175000e+03 1.021764e-01 3.415861e-02 6.801552e-02 2.299876e-02 5.615360e-02 2.336938e-02 1.279621e-01 1.971639e-02
4.987500e+03 3.012500e+03 1.175000e+03 1.054413e-01 3.415861e-02 6.106229e-02 2.299876e-02 1.060083e-01 2.336938e-02 1.259496e-01 1.971639e-02
5.087500e+03 3.012500e+03 1.200000e+03 1.084236e-01 3.415861e-02 3.293196e-02 2.299876e-02 6.893749e-02 2.336938e-02 1.060102e-01 1.971639e-02
5.187500e+03 3.012500e+03 1.200000e+03 1.414196e-01 3.415861e-02 -1.274506e-02 2.299876e-02 8.218462e-02 2.336938e-02 1.017971e-01 1.971639e-02
5.287500e+03 3.012500e+03 1.200000e+03 7.682403e-02 3.415861e-02 -4.452196e-03 2.299876e-02 9.750711e-02 2.336938e-02 1.254379e-01 1.971639e-02
5.387500e+03 3.012500e+03 1.225000e+03 1.576919e-01 3.415861e-02 7.573393e-02 2.299876e-02 5.176118e-02 2.336938e-02 1.047750e-01 1.971639e-02
5.487500e+03 3.012500e+03 1.200000e+03 1.219781e-01 3.415861e-02 3.350826e-02 2.299876e-02 4.970347e-02 2.336938e-02 1.072192e-01 1.971639e-02
5.587500e+03 3.012500e+03 1.200000e+03 6.672039e-02 3.415861e-02 6.314589e-02 2.299876e-02 -4.762939e-03 2.336938e-02 1.391236e-01 1.971639e-02
5.687500e+03 3.012500e+03 1.200000e+03 8.396184e-02 3.415861e-02 9.482950e-02 2.299876e-02 3.450273e-02 2.336938e-02 1.198202e-01 1.971639e-02
5.787500e+03 3.012500e+03 1.225000e+03 8.174121e-02 3.415861e-02 5.504368e-02 2.299876e-02 1.302687e-02 2.336938e-02 8.331683e-02 1.971639e-02
5.887500e+03 3.012500e+03 1.225000e+03 1.443290e-01 3.415861e-02 1.001432e-02 2.299876e-02 6.022184e-02 2.336938e-02 1.413145e-01 1.971639e-02
5.987500e+03 3.012500e+03 1.225000e+03 2.439341e-01 3.415861e-02 -6.249780e-02 2.299876e-02 1.426072e-01 2.336938e-02 8.904481e-02 1.971639e-02
6.087500e+03 3.012500e+03 1.225000e+03 3.741814e-01 3.415861e-02 -1.113989e-01 2.299876e-02 2.154635e-01 2.336938e-02 5.682425e-02 1.971639e-02
6.187500e+03 3.012500e+03 1.225000e+03 3.160657e-01 3.415861e-02 -1.345033e-01 2.299876e-02 1.552247e-01 2.336938e-02 7.713348e-02 1.971639e-02
6.287500e+03 3.012500e+03 1.250000e+03 3.085472e-01 3.415861e-02 -1.241049e-01 2.299876e-02 1.310844e-01 2.336938e-02 7.665635e-02 1.971639e-02
6.387500e+03 3.012500e+03 1.275000e+03 2.263991e-01 3.415861e-02 -7.535918e-02 2.299876e-02 1.169317e-01 2.336938e-02 7.516754e-02 1.971639e-02
6.487500e+03 3.012500e+03 1.275000e+03 1.719702e-01 3.415861e-02 -4.034496e-02 2.299876e-02 1.489536e-01 2.336938e-02 6.636953e-02 1.971639e-02
6.587500e+03 3.012500e+03 1.275000e+03 2.260717e-01 3.415861e-02 2.961226e-02 2.299876e-02 8.959830e-02 2.336938e-02 7.464228e-02 1.971639e-02
6.687500e+03 3.012500e+03 1.275000e+03 1.917536e-01 3.415861e-02 3.653775e-02 2.299876e-02 6.854210e-02 2.336938e-02 5.850717e-02 1.971639e-02
6.787500e+03 3.012500e+03 1.250000e+03 1.832826e-01 3.415861e-02 2.174502e-02 2.299876e-02 7.079331e-02 2.336938e-02 8.432098e-02 1.971639e-02
6.887500e+03 3.012500e+03 1.300000e+03 1.448279e-01 3.415861e-02 3.974086e-02 2.299876e-02 6.419033e-02 2.336938e-02 8.013153e-02 1.971639e-02
6.987500e+03 3.012500e+03 1.275000e+03 1.131636e-01 3.415861e-02 7.669039e-02 2.299876e-02 1.047075e-02 2.336938e-02 5.878676e-02 1.971639e-02
3.487500e+03 3.112500e+03 1.225000e+03 3.443485e-02 3.415861e-02 1.783443e-02 2.299876e-02 -1.743474e-02 2.336938e-02 5.783306e-02 1.971639e-02
3.587500e+03 3.112500e+03 1.250000e+03 4.350300e-02 3.415861e-02 -7.141662e-04 2.299876e-02 -2.578157e-02 2.336938e-02 2.528356e-02 1.971639e-02
3.687500e+03 3.112500e+03 1.225000e+03 2.637359e-04 3.415861e-02 5.143981e-02 2.299876e-02 8.143382e-03 2.336938e-02 7.221849e-03 1.971639e-02
3.787500e+03 3.112500e+03 1.225000e+03 7.247200e-02 3.415861e-02 -5.939757e-03 2.299876e-02 1.269068e-02 2.336938e-02 3.185049e-03 1.971639e-02
3.887500e+03 3.112500e+03 1.225000e+03 5.705788e-02 3.415861e-02 9.858775e-03 2.299876e-02 1.371965e-02 2.336938e-02 -2.124874e-02 1.971639e-02
3.987500e+03 3.112500e+03 1.250000e+03 7.063014e-02 3.415861e-02 4.916328e-02 2.299876e-02 -2.906875e-02 2.336938e-02 3.263582e-02 1.971639e-02
4.087500e+03 3.112500e+03 1.225000e+03 2.940561e-03 3.415861e-02 2.894480e-02 2.299876e-02 6.458938e-03 2.336938e-02 1.677457e-02 1.971639e-02
4.187500e+03 3.112500e+03 1.250000e+03 1.304155e-02 3.415861e-02 5.328501e-02 2.299876e-02 4.330002e-02 2.336938e-02 3.149142e-02 1.971639e-02
4.287500e+03 3.112500e+03 1.225000e+03 -1.434679e-03 3.415861e-02 6.559455e-02 2.299876e-02 4.864737e-02 2.336938e-02 4.137821e-02 1.971639e-02
4.387500e+03 3.112500e+03 1.225000e+03 8.423918e-02 3.415861e-02 1.457998e-02 2.299876e-02 7.744246e-02 2.336938e-02 3.584969e-02 1.971639e-02
4.487500e+03 3.112500e+03 1.200000e+03 9.131666e-02 3.415861e-02 1.939807e-02 2.299876e-02 6.467840e-02 2.336938e-02 -3.800384e-03 1.971639e-02
4.587500e+03 3.112500e+03 1.175000e+03 8.940294e-02 3.415861e-02 4.752047e-02 2.299876e-02 1.154323e-01 2.336938e-02 1.082041e-01 1.971639e-02
4.687500e+03 3.112500e+03 1.150000e+03 1.485959e-01 3.415861e-02 4.381625e-02 2.299876e-02 6.950752e-02 2.336938e-02 1.158711e-01 1.971639e-02
4.787500e+03 3.112500e+03 1.150000e+03 8.159355e-02 3.415861e-02 4.701469e-02 2.299876e-02 1.003819e-01 2.336938e-02 1.030347e-01 1.971639e-02
4.887500e+03 3.112500e+03 1.175000e+03 9.168583e-02 3.415861e-02 2.783469e-02 2.299876e-02 9.889466e-02 2.336938e-02 1.128442e-01 1.971639e-02
4.987500e+03 3.112500e+03 1.175000e+03 7.586012e-02 3.415861e-02 -7.447775e-03 2.299876e-02 1.572492e-01 2.336938e-02 1.203274e-01 1.971639e-02
5.087500e+03 3.112500e+03 1.200000e+03 1.230860e-01 3.415861e-02 -2.754209e-02 2.299876e-02 1.104641e-01 2.336938e-02 8.867970e-02 1.971639e-02
5.187500e+03 3.112500e+03 1.225000e+03 4.449140e-02 3.415861e-02 2.165139e-02 2.299876e-02 9.097036e-02 2.336938e-02 8.817775e-02 1.971639e-02
5.287500e+03 3.112500e+03 1.200000e+03 4.163980e-02 3.415861e-02 3.159815e-02 2.299876e-02 9.497814e-02 2.336938e-02 1.368579e-01 1.971639e-02
5.387500e+03 3.112500e+03 1.225000e+03 7.054411e-02 3.415861e-02 3.152003e-02 2.299876e-02 2.286212e-02 2.336938e-02 1.274874e-01 1.971639e-02
5.487500e+03 3.112500e+03 1.225000e+03 5.948883e-02 3.415861e-02 3.125977e-02 2.299876e-02 7.594076e-02 2.336938e-02 1.409563e-01 1.971639e-02
5.587500e+03 3.112500e+03 1.200000e+03 9.958525e-02 3.415861e-02 9.344391e-02 2.299876e-02 4.752036e-02 2.336938e-02 1.433949e-01 1.971639e-02
5.687500e+03 3.112500e+03 1.200000e+03 1.763982e-01 3.415861e-02 1.013181e-03 2.299876e-02 6.039174e-02 2.336938e-02 1.111738e-01 1.971639e-02
5.787500e+03 3.112500e+03 1.225000e+03 1.206409e-01 3.415861e-02 -6.563322e-03 2.299876e-02 1.089302e-01 2.336938e-02 1.537994e-01 1.971639e-02
5.887500e+03 3.112500e+03 1.225000e+03 2.182490e-01 3.415861e-02 -2.471399e-02 2.299876e-02 2.116351e-01 2.336938e-02 5.257451e-02 1.971639e-02
5.987500e+03 3.112500e+03 1.225000e+03 2.677875e-01 3.415861e-02 -1.026344e-01 2.299876e-02 2.159957e-01 2.336938e-02 4.830603e-02 1.971639e-02
6.087500e+03 3.112500e+03 1.250000e+03 1.678870e-01 3.415861e-02 -2.928764e-02 2.299876e-02 1.351854e-01 2.336938e-02 7.284392e-02 1.971639e-02
6.187500e+03 3.112500e+03 1.225000e+03 1.875453e-01 3.415861e-02 -4.811544e-02 2.299876e-02 1.324727e-01 2.336938e-02 7.949051e-02 1.971639e-02
6.287500e+03 3.112500e+03 1.250000e+03 1.542706e-01 3.415861e-02 -1.270027e-02 2.299876e-02 9.725010e-02 2.336938e-02 1.108413e-01 1.971639e-02
6.387500e+03 3.112500e+03 1.275000e+03 1.809676e-01 3.415861e-02 1.390257e-02 2.299876e-02 6.933095e-02 2.336938e-02 9.168608e-02 1.971639e-02
6.487500e+03 3.112500e+03 1.300000e+03 1.742761e-01 3.415861e-02 8.898731e-02 2.299876e-02 7.244875e-02 2.336938e-02 7.155313e-02 1.971639e-02
6.587500e+03 3.112500e+03 1.300000e+03 1.679680e-01 3.415861e-02 2.043681e-02 2.299876e-02 7.433475e-02 2.336938e-02 5.107967e-02 1.971639e-02
6.687500e+03 3.112500e+03 1.275000e+03 9.021893e-02 3.415861e-02 4.013776e-02 2.299876e-02 1.015702e-01 2.336938e-02 7.925371e-02 1.971639e-02
6.787500e+03 3.112500e+03 1.250000e+03 1.240255e-01 3.415861e-02 6.765153e-02 2.299876e-02 5.745851e-02 2.336938e-02 6.569714e-02 1.971639e-02
6.887500e+03 3.112500e+03 1.275000e+03 1.065020e-01 3.415861e-02 5.535573e-02 2.299876e-02 5.372339e-02 2.336938e-02 7.449613e-02 1.971639e-02
6.987500e+03 3.112500e+03 1.300000e+03 1.168641e-01 3.415861e-02 1.386305e-02 2.299876e-02 -7.009818e-03 2.336938e-02 8.478398e-02 1.971639e-02
3.487500e+03 3.212500e+03 1.225000e+03 3.697983e-02 3.415861e-02 1.881191e-02 2.299876e-02 -4.138256e-02 2.336938e-02 2.951187e-02 1.971639e-02
3.587500e+03 3.212500e+03 1.225000e+03 3.559703e-02 3.415861e-02 -1.513467e-02 2.299876e-02 -7.095260e-02 2.336938e-02 5.608278e-02 1.971639e-02
3.687500e+03 3.212500e+03 1.250000e+03 5.190401e-02 3.415861e-02 1.322613e-02 2.299876e-02 3.674192e-03 2.336938e-02 -3.654336e-03 1.971639e-02
3.787500e+03 3.212500e+03 1.225000e+03 -6.881346e-03 3.415861e-02 5.080922e-02 2.299876e-02 2.541706e-02 2.336938e-02 -9.773635e-03 1.971639e-02
3.887500e+03 3.212500e+03 1.200000e+03 6.528721e-02 3.415861e-02 3.602333e-02 2.299876e-02 2.680424e-02 2.336938e-02 3.841095e-02 1.971639e-02
3.987500e+03 3.212500e+03 1.200000e+03 8.635615e-02 3.415861e-02 5.894945e-03 2.299876e-02 1.311270e-03 2.336938e-02 8.329043e-02 1.971639e-02
4.087500e+03 3.212500e+03 1.225000e+03 8.436242e-02 3.415861e-02 -1.659485e-02 2.299876e-02 1.751573e-02 2.336938e-02 2.455158e-02 1.971639e-02
4.187500e+03 3.212500e+03 1.225000e+03 9.994283e-02 3.415861e-02 6.010529e-03 2.299876e-02 -2.233622e-02 2.336938e-02 2.919442e-02 1.971639e-02
4.287500e+03 3.212500e+03 1.200000e+03 9.336479e-02 3.415861e-02 -1.091359e-02 2.299876e-02 1.094980e-01 2.336938e-02 4.808016e-02 1.971639e-02
4.387500e+03 3.212500e+03 1.200000e+03 1.436293e-01 3.415861e-02 2.340922e-02 2.299876e-02 9.670284e-02 2.336938e-02 3.754378e-02 1.971639e-02
4.487500e+03 3.212500e+03 1.175000e+03 1.424219e-01 3.415861e-02 3.149870e-03 2.299876e-02 1.028029e-01 2.336938e-02 5.562172e-02 1.971639e-02
4.587500e+03 3.212500e+03 1.150000e+03 1.192884e-01 3.415861e-02 -7.831264e-03 2.299876e-02 9.140704e-02 2.336938e-02 8.550335e-02 1.971639e-02
4.687500e+03 3.212500e+03 1.150000e+03 1.001741e-01 3.415861e-02 4.617949e-02 2.299876e-02 7.493997e-02 2.336938e-02 9.059102e-02 1.971639e-02
4.787500e+03 3.212500e+03 1.150000e+03 5.738102e-02 3.415861e-02 4.741465e-02 2.299876e-02 1.065811e-01 2.336938e-02 9.905599e-02 1.971639e-02
4.887500e+03 3.212500e+03 1.175000e+03 1.368097e-01 3.415861e-02 2.212518e-02 2.299876e-02 1.119941e-01 2.336938e-02 1.136938e-01 1.971639e-02
4.987500e+03 3.212500e+03 1.200000e+03 8.095063e-02 3.415861e-02 1.826184e-02 2.299876e-02 1.176613e-01 2.336938e-02 1.029755e-01 1.971639e-02
5.087500e+03 3.212500e+03 1.200000e+03 3.764728e-02 3.415861e-02 5.021403e-03 2.299876e-02 6.050908e-02 2.336938e-02 1.280800e-01 1.971639e-02
5.187500e+03 3.212500e+03 1.225000e+03 5.449124e-02 3.415861e-02 2.950801e-02 2.299876e-02 8.263181e-02 2.336938e-02 1.213500e-01 1.971639e-02
5.287500e+03 3.212500e+03 1.225000e+03 3.312814e-02 3.415861e-02 5.045540e-02 2.299876e-02 7.600997e-02 2.336938e-02 1.242405e-01 1.971639e-02
5.387500e+03 3.212500e+03 1.225000e+03 1.304943e-02 3.415861e-02 -1.787439e-03 2.299876e-02 5.856998e-02 2.336938e-02 1.645094e-01 1.971639e-02
5.487500e+03 3.212500e+03 1.250000e+03 2.638203e-02 3.415861e-02 5.482317e-02 2.299876e-02 8.498111e-02 2.336938e-02 1.385875e-01 1.971639e-02
5.587500e+03 3.212500e+03 1.225000e+03 3.947471e-02 3.415861e-02 -1.047364e-03 2.299876e-02 1.255330e-01 2.336938e-02 9.216555e-02 1.971639e-02
5.687500e+03 3.212500e+03 1.200000e+03 1.552881e-01 3.415861e-02 -7.267358e-02 2.299876e-02 1.145441e-01 2.336938e-02 9.526272e-02 1.971639e-02
5.787500e+03 3.212500e+03 1.225000e+03 1.938691e-01 3.415861e-02 -9.222805e-02 2.299876e-02 1.249752e-01 2.336938e-02 9.234237e-02 1.971639e-02
5.887500e+03 3.212500e+03 1.250000e+03 1.643674e-01 3.415861e-02 -6.373319e-02 2.299876e-02 1.304855e-01 2.336938e-02 1.000507e-01 1.971639e-02
5.987500e+03 3.212500e+03 1.250000e+03 9.439159e-02 3.415861e-02 -6.849966e-02 2.299876e-02 1.245255e-01 2.336938e-02 5.632625e-02 1.971639e-02
6.087500e+03 3.212500e+03 1.250000e+03 1.340318e-01 3.415861e-02 -4.292345e-02 2.299876e-02 6.106205e-02 2.336938e-02 1.114911e-01 1.971639e-02
6.187500e+03 3.212500e+03 1.250000e+03 1.406899e-01 3.415861e-02 -1.366283e-03 2.299876e-02 1.085750e-01 2.336938e-02 1.083308e-01 1.971639e-02
6.287500e+03 3.212500e+03 1.250000e+03 1.075147e-01 3.415861e-02 -2.764075e-02 2.299876e-02 5.834833e-02 2.336938e-02 9.352180e-02 1.971639e-02
6.387500e+03 3.212500e+03 1.250000e+03 1.186674e-01 3.415861e-02 -1.047579e-02 2.299876e-02 2.163788e-02 2.336938e-02 9.308302e-02 1.971639e-02
6.487500e+03 3.212500e+03 1.275000e+03 8.261457e-02 3.415861e-02 8.449048e-02 2.299876e-02 1.019054e-01 2.336938e-02 1.368352e-01 1.971639e-02
6.587500e+03 3.212500e+03 1.300000e+03 1.000626e-01 3.415861e-02 5.440335e-02 2.299876e-02 9.252316e-02 2.336938e-02 9.718091e-02 1.971639e-02
6.687500e+03 3.212500e+03 1.275000e+03 1.082692e-01 3.415861e-02 5.641595e-02 2.299876e-02 5.266006e-02 2.336938e-02 1.058541e-01 1.971639e-02
6.787500e+03 3.212500e+03 1.275000e+03 1.279733e-01 3.415861e-02 4.117813e-02 2.299876e-02 4.204213e-02 2.336938e-02 9.465035e-02 1.971639e-02
6.887500e+03 3.212500e+03 1.275000e+03 9.773253e-02 3.415861e-02 5.175422e-02 2.299876e-02 -9.789589e-04 2.336938e-02 9.851736e-02 1.971639e-02
6.987500e+03 3.212500e+03 1.300000e+03 9.769726e-02 3.415861e-02 5.421654e-02 2.299876e-02 5.744642e-02 2.336938e-02 8.923224e-02 1.971639e-02
3.487500e+03 3.312500e+03 1.200000e+03 2.217414e-02 3.415861e-02 3.994784e-02 2.299876e-02 -4.858616e-02 2.336938e-02 4.540042e-02 1.971639e-02
3.587500e+03 3.312500e+03 1.225000e+03 6.052638e-02 3.415861e-02 1.161106e-02 2.299876e-02 -3.806179e-02 2.336938e-02 5.751432e-02 1.971639e-02
3.687500e+03 3.312500e+03 1.250000e+03 5.367708e-02 3.415861e-02 2.719876e-03 2.299876e-02 1.409970e-02 2.336938e-02 -6.072093e-03 1.971639e-02
3.787500e+03 3.312500e+03 1.225000e+03 9.932083e-02 3.415861e-02 5.712066e-02 2.299876e-02 1.500618e-03 2.336938e-02 5.917596e-02 1.971639e-02
3.887500e+03 3.312500e+03 1.200000e+03 2.870060e-02 3.415861e-02 -8.491990e-03 2.299876e-02 6.650611e-02 2.336938e-02 1.929124e-02 1.971639e-02
3.987500e+03 3.312500e+03 1.200000e+03 9.964499e-02 3.415861e-02 2.768354e-02 2.299876e-02 3.158961e-02 2.336938e-02 3.632195e-02 1.971639e-02
4.087500e+03 3.312500e+03 1.200000e+03 1.779442e-01 3.415861e-02 -4.466333e-02 2.299876e-02 -9.807335e-03 2.336938e-02 4.334205e-02 1.971639e-02
4.187500e+03 3.312500e+03 1.225000e+03 1.054583e-01 3.415861e-02 1.202720e-02 2.299876e-02 2.586848e-02 2.336938e-02 4.902318e-02 1.971639e-02
4.287500e+03 3.312500e+03 1.225000e+03 1.104529e-01 3.415861e-02 4.589468e-02 2.299876e-02 6.378591e-02 2.336938e-02 6.904314e-02 1.971639e-02
4.387500e+03 3.312500e+03 1.200000e+03 1.374108e-01 3.415861e-02 1.727886e-02 2.299876e-02 9.912128e-02 2.336938e-02 3.131489e-02 1.971639e-02
4.487500e+03 3.312500e+03 1.150000e+03 1.348934e-01 3.415861e-02 1.057103e-02 2.299876e-02 1.198808e-01 2.336938e-02 4.171637e-02 1.971639e-02
4.587500e+03 3.312500e+03 1.150000e+03 1.642125e-01 3.415861e-02 2.161893e-02 2.299876e-02 9.392106e-02 2.336938e-02 6.804988e-02 1.971639e-02
4.687500e+03 3.312500e+03 1.150000e+03 2.819085e-02 3.415861e-02 1.392925e-02 2.299876e-02 8.228834e-02 2.336938e-02 9.358053e-02 1.971639e-02
4.787500e+03 3.312500e+03 1.175000e+03 5.606848e-02 3.415861e-02 -5.100856e-03 2.299876e-02 7.264678e-02 2.336938e-02 1.156341e-01 1.971639e-02
4.887500e+03 3.312500e+03 1.175000e+03 3.745925e-02 3.415861e-02 2.620236e-02 2.299876e-02 1.240907e-01 2.336938e-02 1.167773e-01 1.971639e-02
4.987500e+03 3.312500e+03 1.200000e+03 7.011542e-02 3.415861e-02 -9.636752e-03 2.299876e-02 1.143126e-01 2.336938e-02 1.115050e-01 1.971639e-02
5.087500e+03 3.312500e+03 1.225000e+03 2.658705e-02 3.415861e-02 -6.725446e-03 2.299876e-02 8.724590e-02 2.336938e-02 1.145777e-01 1.971639e-02
5.187500e+03 3.312500e+03 1.225000e+03 1.172723e-02 3.415861e-02 8.767069e-03 2.299876e-02 5.944830e-02 2.336938e-02 1.210941e-01 1.971639e-02
5.287500e+03 3.312500e+03 1.225000e+03 4.446508e-02 3.415861e-02 3.257885e-03 2.299876e-02 4.548404e-02 2.336938e-02 1.075924e-01 1.971639e-02
5.387500e+03 3.312500e+03 1.225000e+03 -1.521577e-02 3.415861e-02 2.312370e-02 2.299876e-02 6.426201e-02 2.336938e-02 1.608706e-01 1.971639e-02
5.487500e+03 3.312500e+03 1.250000e+03 1.126802e-01 3.415861e-02 -1.388837e-02 2.299876e-02 1.428174e-01 2.336938e-02 6.716605e-02 1.971639e-02
5.587500e+03 3.312500e+03 1.225000e+03 1.151605e-01 3.415861e-02 -1.076779e-01 2.299876e-02 1.974823e-01 2.336938e-02 4.880487e-02 1.971639e-02
5.687500e+03 3.312500e+03 1.225000e+03 1.613916e-01 3.415861e-02 -1.350063e-01 2.299876e-02 1.335275e-01 2.336938e-02 6.634364e-02 1.971639e-02
5.787500e+03 3.312500e+03 1.225000e+03 4.266842e-02 3.415861e-02 -7.374823e-02 2.299876e-02 1.003562e-01 2.336938e-02 9.133417e-02 1.971639e-02
5.887500e+03 3.312500e+03 1.250000e+03 2.596208e-02 3.415861e-02 -2.944913e-02 2.299876e-02 1.695679e-01 2.336938e-02 8.974122e-02 1.971639e-02
5.987500e+03 3.312500e+03 1.250000e+03 1.251085e-01 3.415861e-02 -6.859866e-02 2.299876e-02 8.290811e-02 2.336938e-02 1.222996e-01 1.971639e-02
6.087500e+03 3.312500e+03 1.250000e+03 7.091637e-02 3.415861e-02 -1.971129e-02 2.299876e-02 8.294821e-02 2.336938e-02 7.938894e-02 1.971639e-02
6.187500e+03 3.312500e+03 1.275000e+03 8.366034e-02 3.415861e-02 2.322437e-02 2.299876e-02 5.995357e-02 2.336938e-02 1.048455e-01 1.971639e-02
6.287500e+03 3.312500e+03 1.275000e+03 6.879640e-02 3.415861e-02 3.480920e-02 2.299876e-02 5.504535e-02 2.336938e-02 9.498856e-02 1.971639e-02
6.387500e+03 3.312500e+03 1.275000e+03 1.250147e-01 3.415861e-02 3.241502e-02 2.299876e-02 7.156599e-02 2.336938e-02 1.115752e-01 1.971639e-02
6.487500e+03 3.312500e+03 1.300000e+03 8.366212e-02 3.415861e-02 6.533548e-02 2.299876e-02 6.928466e-02 2.336938e-02 6.365402e-02 1.971639e-02
6.587500e+03 3.312500e+03 1.300000e+03 7.666591e-02 3.415861e-02 7.354650e-02 2.299876e-02 8.933940e-02 2.336938e-02 1.023462e-01 1.971639e-02
6.687500e+03 3.312500e+03 1.275000e+03 3.806853e-02 3.415861e-02 6.607706e-02 2.299876e-02 5.990934e-02 2.336938e-02 9.362280e-02 1.971639e-02
6.787500e+03 3.312500e+03 1.275000e+03 4.463182e-02 3.415861e-02 2.198560e-02 2.299876e-02 6.001291e-02 2.336938e-02 1.126405e-01 1.971639e-02
6.887500e+03 3.312500e+03 1.275000e+03 8.125748e-02 3.415861e-02 6.045748e-02 2.299876e-02 7.778288e-02 2.336938e-02 1.122299e-01 1.971639e-02
6.987500e+03 3.312500e+03 1.275000e+03 9.466844e-02 3.415861e-02 5.891202e-02 2.299876e-02 6.413937e-02 2.336938e-02 1.104706e-01 1.971639e-02
3.487500e+03 3.412500e+03 1.225000e+03 -1.906365e-03 3.415861e-02 1.812147e-02 2.299876e-02 -2.440974e-02 2.336938e-02 6.551456e-02 1.971639e-02
3.587500e+03 3.412500e+03 1.225000e+03 4.078601e-03 3.415861e-02 -2.193965e-02 2.299876e-02 -1.423960e-02 2.336938e-02 1.541148e-02 1.971639e-02
3.687500e+03 3.412500e+03 1.250000e+03 4.309573e-02 3.415861e-02 -1.319385e-02 2.299876e-02 -1.358777e-02 2.336938e-02 3.533237e-02 1.971639e-02
3.787500e+03 3.412500e+03 1.250000e+03 9.533585e-02 3.415861e-02 5.357715e-04 2.299876e-02 5.345887e-02 2.336938e-02 2.825404e-02 1.971639e-02
3.887500e+03 3.412500e+03 1.225000e+03 6.649329e-02 3.415861e-02 3.529972e-02 2.299876e-02 -4.205964e-03 2.336938e-02 1.536183e-02 1.971639e-02
3.987500e+03 3.412500e+03 1.200000e+03 7.045092e-02 3.415861e-02 -2.286594e-02 2.299876e-02 5.983343e-02 2.336938e-02 2.755732e-02 1.971639e-02
4.087500e+03 3.412500e+03 1.175000e+03 1.227374e-01 3.415861e-02 -2.792369e-02 2.299876e-02 4.365185e-02 2.336938e-02 3.082312e-02 1.971639e-02
4.187500e+03 3.412500e+03 1.200000e+03 1.386388e-01 3.415861e-02 1.468055e-02 2.299876e-02 7.678120e-04 2.336938e-02 5.206816e-02 1.971639e-02
4.287500e+03 3.412500e+03 1.200000e+03 1.105934e-01 3.415861e-02 -9.842070e-03 2.299876e-02 7.947003e-02 2.336938e-02 6.069583e-02 1.971639e-02
4.387500e+03 3.412500e+03 1.175000e+03 1.846706e-01 3.415861e-02 -1.200484e-02 2.299876e-02 1.177081e-01 2.336938e-02 5.800574e-02 1.971639e-02
4.487500e+03 3.412500e+03 1.150000e+03 1.166089e-01 3.415861e-02 1.472382e-02 2.299876e-02 9.683606e-02 2.336938e-02 2.987618e-02 1.971639e-02
4.587500e+03 3.412500e+03 1.150000e+03 1.298545e-01 3.415861e-02 -2.597676e-02 2.299876e-02 3.338054e-02 2.336938e-02 6.663722e-02 1.971639e-02
4.687500e+03 3.412500e+03 1.150000e+03 7.362431e-02 3.415861e-02 5.983501e-02 2.299876e-02 4.249983e-02 2.336938e-02 6.923923e-02 1.971639e-02
4.787500e+03 3.412500e+03 1.175000e+03 6.816715e-02 3.415861e-02 -3.642769e-02 2.299876e-02 6.155080e-02 2.336938e-02 1.102051e-01 1.971639e-02
4.887500e+03 3.412500e+03 1.175000e+03 2.548255e-02 3.415861e-02 3.073397e-02 2.299876e-02 1.874846e-01 2.336938e-02 3.733346e-02 1.971639e-02
4.987500e+03 3.412500e+03 1.175000e+03 3.446055e-02 3.415861e-02 5.890700e-03 2.299876e-02 1.109382e-01 2.336938e-02 7.482917e-02 1.971639e-02
5.087500e+03 3.412500e+03 1.175000e+03 -9.717151e-04 3.415861e-02 1.216017e-02 2.299876e-02 1.029464e-01 2.336938e-02 9.144935e-02 1.971639e-02
5.187500e+03 3.412500e+03 1.200000e+03 -1.139416e-02 3.415861e-02 2.111334e-02 2.299876e-02 7.398943e-02 2.336938e-02 1.124621e-01 1.971639e-02
5.287500e+03 3.412500e+03 1.225000e+03 1.001417e-01 3.415861e-02 -4.446546e-02 2.299876e-02 1.516434e-01 2.336938e-02 1.210526e-01 1.971639e-02
5.387500e+03 3.412500e+03 1.250000e+03 6.662646e-02 3.415861e-02 -5.209851e-02 2.299876e-02 1.516903e-01 2.336938e-02 1.292527e-01 1.971639e-02
5.487500e+03 3.412500e+03 1.250000e+03 1.287954e-02 3.415861e-02 -1.237922e-02 2.299876e-02 1.492216e-01 2.336938e-02 9.173651e-02 1.971639e-02
5.587500e+03 3.412500e+03 1.250000e+03 -4.484187e-03 3.415861e-02 -3.150818e-02 2.299876e-02 1.550382e-01 2.336938e-02 4.955296e-02 1.971639e-02
5.687500e+03 3.412500e+03 1.225000e+03 2.073918e-02 3.415861e-02 -2.457850e-02 2.299876e-02 1.556326e-01 2.336938e-02 8.736644e-02 1.971639e-02
5.787500e+03 3.412500e+03 1.225000e+03 6.181823e-02 3.415861e-02 -1.334044e-02 2.299876e-02 9.302988e-02 2.336938e-02 1.094618e-01 1.971639e-02
5.887500e+03 3.412500e+03 1.250000e+03 7.130617e-03 3.415861e-02 -2.257076e-02 2.299876e-02 6.946546e-02 2.336938e-02 9.476765e-02 1.971639e-02
5.987500e+03 3.412500e+03 1.250000e+03 4.664049e-02 3.415861e-02 1.567369e-02 2.299876e-02 1.037079e-01 2.336938e-02 9.803551e-02 1.971639e-02
6.087500e+03 3.412500e+03 1.250000e+03 5.173077e-03 3.415861e-02 3.019232e-02 2.299876e-02 8.066160e-02 2.336938e-02 8.233859e-02 1.971639e-02
6.187500e+03 3.412500e+03 1.275000e+03 5.161540e-02 3.415861e-02 6.638984e-02 2.299876e-02 7.638359e-02 2.336938e-02 1.097706e-01 1.971639e-02
6.287500e+03 3.412500e+03 1.300000e+03 2.596798e-02 3.415861e-02 6.588055e-02 2.299876e-02 8.777731e-02 2.336938e-02 1.199521e-01 1.971639e-02
6.387500e+03 3.412500e+03 1.275000e+03 4.500670e-02 3.415861e-02 6.281689e-02 2.299876e-02 2.722921e-02 2.336938e-02 9.504385e-02 1.971639e-02
6.487500e+03 3.412500e+03 1.300000e+03 -1.069781e-02 3.415861e-02 2.738322e-02 2.299876e-02 9.839822e-02 2.336938e-02 1.168631e-01 1.971639e-02
6.587500e+03 3.412500e+03 1.325000e+03 7.139213e-03 3.415861e-02 3.114921e-02 2.299876e-02 6.860604e-02 2.336938e-02 1.103844e-01 1.971639e-02
6.687500e+03 3.412500e+03 1.300000e+03 -2.157371e-02 3.415861e-02 8.517078e-02 2.299876e-02 9.022612e-02 2.336938e-02 1.094920e-01 1.971639e-02
6.787500e+03 3.412500e+03 1.275000e+03 8.109062e-03 3.415861e-02 6.413879e-02 2.299876e-02 6.198735e-02 2.336938e-02 7.374613e-02 1.971639e-02
6.887500e+03 3.412500e+03 1.300000e+03 -3.679724e-03 3.415861e-02 7.546666e-02 2.299876e-02 3.741820e-02 2.336938e-02 8.270397e-02 1.971639e-02
6.987500e+03 3.412500e+03 1.300000e+03 3.154708e-02 3.415861e-02 6.443465e-02 2.299876e-02 4.121565e-02 2.336938e-02 9.153253e-02 1.971639e-02
3.487500e+03 3.512500e+03 1.225000e+03 1.371840e-01 3.415861e-02 6.160800e-03 2.299876e-02 -2.205288e-02 2.336938e-02 2.023393e-02 1.971639e-02
3.587500e+03 3.512500e+03 1.225000e+03 7.175377e-02 3.415861e-02 -4.122624e-02 2.299876e-02 5.265038e-03 2.336938e-02 -1.480449e-03 1.971639e-02
3.687500e+03 3.512500e+03 1.225000e+03 1.427586e-01 3.415861e-02 -3.850660e-02 2.299876e-02 -4.635921e-03 2.336938e-02 2.200503e-02 1.971639e-02
3.787500e+03 3.512500e+03 1.225000e+03 1.116068e-01 3.415861e-02 -1.201807e-02 2.299876e-02 3.125058e-03 2.336938e-02 9.820474e-03 1.971639e-02
3.887500e+03 3.512500e+03 1.225000e+03 1.029555e-01 3.415861e-02 1.883185e-02 2.299876e-02 2.086953e-02 2.336938e-02 3.767177e-02 1.971639e-02
3.987500e+03 3.512500e+03 1.225000e+03 1.426338e-01 3.415861e-02 5.706490e-02 2.299876e-02 6.321928e-02 2.336938e-02 -2.510979e-02 1.971639e-02
4.087500e+03 3.512500e+03 1.175000e+03 1.366891e-01 3.415861e-02 4.980367e-02 2.299876e-02 5.369043e-02 2.336938e-02 4.959563e-02 1.971639e-02
4.187500e+03 3.512500e+03 1.175000e+03 1.215747e-01 3.415861e-02 2.400319e-02 2.299876e-02 2.191112e-03 2.336938e-02 7.257991e-02 1.971639e-02
4.287500e+03 3.512500e+03 1.200000e+03 1.239666e-01 3.415861e-02 -1.771700e-02 2.299876e-02 1.965702e-02 2.336938e-02 7.131528e-02 1.971639e-02
4.387500e+03 3.512500e+03 1.175000e+03 1.087063e-01 3.415861e-02 2.112472e-02 2.299876e-02 7.053951e-02 2.336938e-02 -1.967338e-02 1.971639e-02
4.487500e+03 3.512500e+03 1.150000e+03 1.092867e-01 3.415861e-02 -1.089344e-02 2.299876e-02 7.686624e-02 2.336938e-02 6.796785e-02 1.971639e-02
4.587500e+03 3.512500e+03 1.150000e+03 1.043985e-01 3.415861e-02 4.443303e-02 2.299876e-02 4.391481e-02 2.336938e-02 7.320177e-02 1.971639e-02
4.687500e+03 3.512500e+03 1.175000e+03 2.593991e-02 3.415861e-02 6.010123e-04 2.299876e-02 3.126162e-02 2.336938e-02 1.072559e-01 1.971639e-02
4.787500e+03 3.512500e+03 1.175000e+03 -1.843130e-02 3.415861e-02 1.754319e-03 2.299876e-02 2.625261e-02 2.336938e-02 9.071837e-02 1.971639e-02
4.887500e+03 3.512500e+03 1.175000e+03 -2.635359e-02 3.415861e-02 3.884622e-02 2.299876e-02 1.191922e-01 2.336938e-02 8.860559e-02 1.971639e-02
4.987500e+03 3.512500e+03 1.175000e+03 -1.059003e-01 3.415861e-02 8.351118e-02 2.299876e-02 1.583255e-01 2.336938e-02 6.579774e-02 1.971639e-02
5.087500e+03 3.512500e+03 1.200000e+03 -9.710475e-02 3.415861e-02 7.771235e-02 2.299876e-02 1.099518e-01 2.336938e-02 8.115983e-02 1.971639e-02
5.187500e+03 3.512500e+03 1.200000e+03 1.755295e-02 3.415861e-02 -1.362085e-02 2.299876e-02 2.392317e-01 2.336938e-02 5.371424e-02 1.971639e-02
5.287500e+03 3.512500e+03 1.200000e+03 -2.852606e-03 3.415861e-02 2.054263e-04 2.299876e-02 1.222234e-01 2.336938e-02 8.666623e-02 1.971639e-02
5.387500e+03 3.512500e+03 1.225000e+03 -3.852907e-02 3.415861e-02 -4.729568e-02 2.299876e-02 1.047036e-01 2.336938e-02 1.510264e-01 1.971639e-02
5.487500e+03 3.512500e+03 1.250000e+03 -9.059160e-02 3.415861e-02 -1.933566e-02 2.299876e-02 1.535348e-01 2.336938e-02 4.358732e-02 1.971639e-02
5.587500e+03 3.512500e+03 1.250000e+03 -9.951153e-02 3.415861e-02 -4.004566e-02 2.299876e-02 1.344264e-01 2.336938e-02 5.890278e-02 1.971639e-02
5.687500e+03 3.512500e+03 1.250000e+03 -5.304953e-02 3.415861e-02 -8.240401e-03 2.299876e-02 9.733427e-02 2.336938e-02 7.047866e-02 1.971639e-02
5.787500e+03 3.512500e+03 1.225000e+03 -1.481652e-02 3.415861e-02 6.816827e-03 2.299876e-02 1.286124e-01 2.336938e-02 9.749572e-02 1.971639e-02
5.887500e+03 3.512500e+03 1.225000e+03 -2.090506e-02 3.415861e-02 2.205213e-03 2.299876e-02 8.622971e-02 2.336938e-02 1.041482e-01 1.971639e-02
5.987500e+03 3.512500e+03 1.250000e+03 -9.564023e-02 3.415861e-02 -6.900944e-04 2.299876e-02 1.037434e-01 2.336938e-02 1.304287e-01 1.971639e-02
6.087500e+03 3.512500e+03 1.275000e+03 2.199143e-02 3.415861e-02 -2.848055e-02 2.299876e-02 9.130440e-02 2.336938e-02 1.058627e-01 1.971639e-02
6.187500e+03 3.512500e+03 1.300000e+03 1.356759e-02 3.415861e-02 4.852302e-02 2.299876e-02 9.325410e-02 2.336938e-02 1.572943e-01 1.971639e-02
6.287500e+03 3.512500e+03 1.300000e+03 1.150496e-02 3.415861e-02 2.797787e-02 2.299876e-02 2.945721e-02 2.336938e-02 1.161359e-01 1.971639e-02
6.387500e+03 3.512500e+03 1.275000e+03 -8.343370e-02 3.415861e-02 8.968985e-02 2.299876e-02 9.827748e-02 2.336938e-02 1.091272e-01 1.971639e-02
6.487500e+03 3.512500e+03 1.300000e+03 -2.352260e-02 3.415861e-02 9.177857e-03 2.299876e-02 7.376658e-02 2.336938e-02 8.421815e-02 1.971639e-02
6.587500e+03 3.512500e+03 1.325000e+03 4.333246e-03 3.415861e-02 5.947915e-02 2.299876e-02 1.795524e-02 2.336938e-02 1.026284e-01 1.971639e-02
6.687500e+03 3.512500e+03 1.325000e+03 1.002530e-02 3.415861e-02 3.726353e-02 2.299876e-02 1.017499e-01 2.336938e-02 7.640974e-02 1.971639e-02
6.787500e+03 3.512500e+03 1.300000e+03 6.228438e-03 3.415861e-02 6.185787e-02 2.299876e-02 1.022605e-01 2.336938e-02 9.959990e-02 1.971639e-02
6.887500e+03 3.512500e+03 1.300000e+03 -4.903766e-03 3.415861e-02 3.249852e-02 2.299876e-02 8.048226e-02 2.336938e-02 1.061280e-01 1.971639e-02
6.987500e+03 3.512500e+03 1.300000e+03 1.063667e-01 3.415861e-02 8.477000e-02 2.299876e-02 4.295632e-02 2.336938e-02 1.064342e-01 1.971639e-02
3.487500e+03 3.612500e+03 1.225000e+03 1.451145e-01 3.415861e-02 9.463343e-03 2.299876e-02 -2.707229e-03 2.336938e-02 1.430194e-02 1.971639e-02
3.587500e+03 3.612500e+03 1.200000e+03 3.175848e-02 3.415861e-02 2.088244e-02 2.299876e-02 5.262229e-02 2.336938e-02 1.613872e-02 1.971639e-02
3.687500e+03 3.612500e+03 1.200000e+03 7.029315e-02 3.415861e-02 4.045820e-02 2.299876e-02 1.944222e-02 2.336938e-02 1.500472e-02 1.971639e-02
3.787500e+03 3.612500e+03 1.200000e+03 9.786015e-02 3.415861e-02 -4.817181e-02 2.299876e-02 1.738042e-02 2.336938e-02 2.848805e-02 1.971639e-02
3.887500e+03 3.612500e+03 1.200000e+03 1.714237e-01 3.415861e-02 -1.960769e-03 2.299876e-02 7.506271e-02 2.336938e-02 4.154495e-02 1.971639e-02
3.987500e+03 3.612500e+03 1.200000e+03 1.353752e-01 3.415861e-02 -1.312835e-02 2.299876e-02 3.472424e-02 2.336938e-02 2.419777e-02 1.971639e-02
4.087500e+03 3.612500e+03 1.175000e+03 1.403278e-01 3.415861e-02 2.369478e-02 2.299876e-02 4.682610e-02 2.336938e-02 -2.313195e-02 1.971639e-02
4.187500e+03 3.612500e+03 1.175000e+03 1.484752e-01 3.415861e-02 -4.801517e-02 2.299876e-02 5.228727e-02 2.336938e-02 3.265571e-02 1.971639e-02
4.287500e+03 3.612500e+03 1.175000e+03 1.671015e-01 3.415861e-02 -3.094870e-02 2.299876e-02 1.602721e-02 2.336938e-02 6.503432e-02 1.971639e-02
4.387500e+03 3.612500e+03 1.150000e+03 1.536120e-01 3.415861e-02 -3.811400e-03 2.299876e-02 6.431592e-02 2.336938e-02 3.847827e-02 1.971639e-02
4.487500e+03 3.612500e+03 1.150000e+03 1.271527e-01 3.415861e-02 -1.608353e-02 2.299876e-02 5.529880e-02 2.336938e-02 4.496301e-02 1.971639e-02
4.587500e+03 3.612500e+03 1.150000e+03 7.437065e-02 3.415861e-02 -3.069124e-02 2.299876e-02 5.606230e-02 2.336938e-02 8.063241e-02 1.971639e-02
4.687500e+03 3.612500e+03 1.175000e+03 5.932393e-02 3.415861e-02 -1.632285e-03 2.299876e-02 1.893079e-02 2.336938e-02 1.061042e-01 1.971639e-02
4.787500e+03 3.612500e+03 1.175000e+03 7.095569e-02 3.415861e-02 -6.068527e-02 2.299876e-02 -2.430250e-02 2.336938e-02 1.245397e-01 1.971639e-02
4.887500e+03 3.612500e+03 1.175000e+03 1.673633e-01 3.415861e-02 -1.314220e-01 2.299876e-02 -2.261047e-02 2.336938e-02 7.008799e-02 1.971639e-02
4.987500e+03 3.612500e+03 1.200000e+03 -4.183894e-02 3.415861e-02 3.428510e-02 2.299876e-02 5.765258e-02 2.336938e-02 1.340883e-01 1.971639e-02
5.087500e+03 3.612500e+03 1.200000e+03 -1.287525e-01 3.415861e-02 8.358507e-02 2.299876e-02 2.595717e-01 2.336938e-02 -2.359163e-02 1.971639e-02
5.187500e+03 3.612500e+03 1.200000e+03 -1.277129e-01 3.415861e-02 5.729720e-02 2.299876e-02 2.386153e-01 2.336938e-02 5.838196e-02 1.971639e-02
5.287500e+03 3.612500e+03 1.225000e+03 -7.869553e-02 3.415861e-02 1.576513e-02 2.299876e-02 1.212372e-01 2.336938e-02 7.415511e-02 1.971639e-02
5.387500e+03 3.612500e+03 1.250000e+03 -1.482622e-01 3.415861e-02 -9.011627e-03 2.299876e-02 1.524874e-01 2.336938e-02 7.529033e-02 1.971639e-02
5.487500e+03 3.612500e+03 1.275000e+03 -8.992591e-02 3.415861e-02 -5.496957e-03 2.299876e-02 1.036564e-01 2.336938e-02 7.115758e-02 1.971639e-02
5.587500e+03 3.612500e+03 1.275000e+03 -1.598005e-01 3.415861e-02 3.097087e-02 2.299876e-02 1.216324e-01 2.336938e-02 5.244135e-02 1.971639e-02
5.687500e+03 3.612500e+03 1.250000e+03 -1.030848e-01 3.415861e-02 1.088740e-02 2.299876e-02 1.334844e-01 2.336938e-02 9.051766e-02 1.971639e-02
5.787500e+03 3.612500e+03 1.250000e+03 -8.411325e-02 3.415861e-02 2.403163e-02 2.299876e-02 1.449193e-01 2.336938e-02 6.679734e-02 1.971639e-02
5.887500e+03 3.612500e+03 1.250000e+03 -1.273334e-01 3.415861e-02 1.774275e-02 2.299876e-02 9.506627e-02 2.336938e-02 9.806649e-02 1.971639e-02
5.987500e+03 3.612500e+03 1.250000e+03 -4.852203e-02 3.415861e-02 5.945815e-02 2.299876e-02 7.610469e-02 2.336938e-02 8.874013e-02 1.971639e-02
6.087500e+03 3.612500e+03 1.275000e+03 -6.842948e-02 3.415861e-02 -1.428104e-03 2.299876e-02 8.578054e-02 2.336938e-02 9.289023e-02 1.971639e-02
6.187500e+03 3.612500e+03 1.300000e+03 -5.117761e-02 3.415861e-02 5.782084e-02 2.299876e-02 3.223400e-02 2.336938e-02 8.409374e-02 1.971639e-02
6.287500e+03 3.612500e+03 1.300000e+03 -7.774197e-02 3.415861e-02 4.708433e-02 2.299876e-02 5.978366e-02 2.336938e-02 9.124176e-02 1.971639e-02
6.387500e+03 3.612500e+03 1.300000e+03 -4.610380e-02 3.415861e-02 3.029459e-02 2.299876e-02 6.454152e-02 2.336938e-02 1.288663e-01 1.971639e-02
6.487500e+03 3.612500e+03 1.300000e+03 -5.770754e-02 3.415861e-02 3.285354e-02 2.299876e-02 4.152835e-02 2.336938e-02 1.626218e-01 1.971639e-02
6.587500e+03 3.612500e+03 1.325000e+03 -4.313572e-02 3.415861e-02 8.716641e-02 2.299876e-02 3.153886e-02 2.336938e-02 1.041491e-01 1.971639e-02
6.687500e+03 3.612500e+03 1.325000e+03 -2.803883e-02 3.415861e-02 6.293584e-02 2.299876e-02 6.069291e-02 2.336938e-02 1.033561e-01 1.971639e-02
6.787500e+03 3.612500e+03 1.325000e+03 -5.954170e-02 3.415861e-02 4.916259e-03 2.299876e-02 4.554787e-02 2.336938e-02 8.869544e-02 1.971639e-02
6.887500e+03 3.612500e+03 1.300000e+03 1.317749e-02 3.415861e-02 8.889700e-02 2.299876e-02 2.228891e-02 2.336938e-02 8.214628e-02 1.971639e-02
6.987500e+03 3.612500e+03 1.300000e+03 2.286474e-02 3.415861e-02 6.749640e-02 2.299876e-02 5.021392e-02 2.336938e-02 8.711499e-02 1.971639e-02
3.487500e+03 3.712500e+03 1.250000e+03 7.897911e-02 3.415861e-02 7.017525e-03 2.299876e-02 -4.413046e-02 2.336938e-02 3.229546e-02 1.971639e-02
3.587500e+03 3.712500e+03 1.225000e+03 3.290042e-02 3.415861e-02 6.466452e-03 2.299876e-02 2.299067e-02 2.336938e-02 4.171024e-02 1.971639e-02
3.687500e+03 3.712500e+03 1.200000e+03 1.117124e-01 3.415861e-02 -6.752609e-03 2.299876e-02 8.166665e-02 2.336938e-02 1.496568e-02 1.971639e-02
3.787500e+03 3.712500e+03 1.175000e+03 9.866359e-02 3.415861e-02 4.427699e-02 2.299876e-02 6.838475e-02 2.336938e-02 -1.588790e-02 1.971639e-02
3.887500e+03 3.712500e+03 1.175000e+03 1.603036e-01 3.415861e-02 -5.691835e-03 2.299876e-02 5.798426e-02 2.336938e-02 -2.197840e-03 1.971639e-02
3.987500e+03 3.712500e+03 1.175000e+03 1.843672e-01 3.415861e-02 -7.465581e-02 2.299876e-02 6.492427e-02 2.336938e-02 -1.937780e-03 1.971639e-02
4.087500e+03 3.712500e+03 1.175000e+03 6.335389e-02 3.415861e-02 -3.240091e-02 2.299876e-02 4.608027e-02 2.336938e-02 2.891962e-02 1.971639e-02
4.187500e+03 3.712500e+03 1.150000e+03 2.068968e-01 3.415861e-02 -4.814217e-02 2.299876e-02 3.935307e-02 2.336938e-02 2.735341e-02 1.971639e-02
4.287500e+03 3.712500e+03 1.150000e+03 1.361429e-01 3.415861e-02 -7.267195e-02 2.299876e-02 8.947968e-02 2.336938e-02 2.638423e-02 1.971639e-02
4.387500e+03 3.712500e+03 1.150000e+03 1.307998e-01 3.415861e-02 -2.012991e-02 2.299876e-02 3.523439e-02 2.336938e-02 4.614199e-02 1.971639e-02
4.487500e+03 3.712500e+03 1.150000e+03 1.314475e-01 3.415861e-02 -4.888484e-02 2.299876e-02 -2.196784e-02 2.336938e-02 3.721085e-02 1.971639e-02
4.587500e+03 3.712500e+03 1.150000e+03 2.968061e-02 3.415861e-02 -1.421269e-02 2.299876e-02 -2.007102e-02 2.336938e-02 9.565474e-02 1.971639e-02
4.687500e+03 3.712500e+03 1.175000e+03 7.161000e-02 3.415861e-02 -4.135410e-02 2.299876e-02 -2.430296e-02 2.336938e-02 9.261936e-02 1.971639e-02
4.787500e+03 3.712500e+03 1.175000e+03 -5.683585e-03 3.415861e-02 -2.969679e-02 2.299876e-02 -3.734784e-02 2.336938e-02 9.096587e-02 1.971639e-02
4.887500e+03 3.712500e+03 1.200000e+03 5.487099e-02 3.415861e-02 -9.954158e-02 2.299876e-02 -2.383594e-03 2.336938e-02 1.034357e-01 1.971639e-02
4.987500e+03 3.712500e+03 1.200000e+03 9.414040e-02 3.415861e-02 -1.360234e-01 2.299876e-02 -4.369616e-03 2.336938e-02 8.268917e-02 1.971639e-02
5.087500e+03 3.712500e+03 1.225000e+03 5.069827e-02 3.415861e-02 -1.626190e-01 2.299876e-02 1.340749e-02 2.336938e-02 1.350909e-01 1.971639e-02
5.187500e+03 3.712500e+03 1.225000e+03 -2.112127e-01 3.415861e-02 1.362605e-01 2.299876e-02 1.836300e-01 2.336938e-02 9.308517e-03 1.971639e-02
5.287500e+03 3.712500e+03 1.225000e+03 -2.764787e-01 3.415861e-02 3.092349e-02 2.299876e-02 1.282695e-01 2.336938e-02 6.055797e-02 1.971639e-02
5.387500e+03 3.712500e+03 1.250000e+03 -2.232602e-01 3.415861e-02 4.671256e-02 2.299876e-02 1.328102e-01 2.336938e-02 9.767755e-02 1.971639e-02
5.487500e+03 3.712500e+03 1.250000e+03 -2.062047e-01 3.415861e-02 9.381711e-02 2.299876e-02 1.254127e-01 2.336938e-02 8.533230e-02 1.971639e-02
5.587500e+03 3.712500e+03 1.275000e+03 -1.106108e-01 3.415861e-02 2.367648e-02 2.299876e-02 8.945704e-02 2.336938e-02 8.995403e-02 1.971639e-02
5.687500e+03 3.712500e+03 1.275000e+03 -2.073024e-01 3.415861e-02 3.019011e-02 2.299876e-02 1.364943e-01 2.336938e-02 6.855314e-02 1.971639e-02
5.787500e+03 3.712500e+03 1.275000e+03 -1.457621e-01 3.415861e-02 -1.492129e-02 2.299876e-02 1.261708e-01 2.336938e-02 1.000812e-01 1.971639e-02
5.887500e+03 3.712500e+03 1.250000e+03 -1.091289e-01 3.415861e-02 7.525492e-03 2.299876e-02 8.272197e-02 2.336938e-02 9.533173e-02 1.971639e-02
5.987500e+03 3.712500e+03 1.250000e+03 -1.161331e-01 3.415861e-02 1.049568e-02 2.299876e-02 1.093833e-01 2.336938e-02 1.172140e-01 1.971639e-02
6.087500e+03 3.712500e+03 1.275000e+03 -9.670127e-02 3.415861e-02 1.412318e-02 2.299876e-02 6.308661e-02 2.336938e-02 7.776251e-02 1.971639e-02
6.187500e+03 3.712500e+03 1.300000e+03 -6.525231e-02 3.415861e-02 3.543435e-02 2.299876e-02 4.117659e-02 2.336938e-02 1.181843e-01 1.971639e-02
6.287500e+03 3.712500e+03 1.325000e+03 -1.158221e-01 3.415861e-02 5.593560e-02 2.299876e-02 7.681900e-02 2.336938e-02 1.479799e-01 1.971639e-02
6.387500e+03 3.712500e+03 1.325000e+03 -8.791363e-02 3.415861e-02 -2.855971e-02 2.299876e-02 9.868589e-02 2.336938e-02 1.337538e-01 1.971639e-02
6.487500e+03 3.712500e+03 1.325000e+03 -4.205715e-02 3.415861e-02 2.006863e-02 2.299876e-02 6.803707e-02 2.336938e-02 1.338167e-01 1.971639e-02
6.587500e+03 3.712500e+03 1.325000e+03 -3.173902e-02 3.415861e-02 3.163475e-02 2.299876e-02 1.281282e-01 2.336938e-02 8.453434e-02 1.971639e-02
6.687500e+03 3.712500e+03 1.350000e+03 -2.307783e-02 3.415861e-02 3.717117e-02 2.299876e-02 3.629849e-02 2.336938e-02 1.284784e-01 1.971639e-02
6.787500e+03 3.712500e+03 1.350000e+03 -5.849231e-02 3.415861e-02 7.347856e-02 2.299876e-02 1.028978e-01 2.336938e-02 8.428479e-02 1.971639e-02
6.887500e+03 3.712500e+03 1.325000e+03 -2.905736e-02 3.415861e-02 7.029995e-02 2.299876e-02 1.064619e-01 2.336938e-02 1.055883e-01 1.971639e-02
6.987500e+03 3.712500e+03 1.300000e+03 -2.037199e-02 3.415861e-02 3.940436e-02 2.299876e-02 6.977749e-02 2.336938e-02 1.240652e-01 1.971639e-02
3.487500e+03 3.812500e+03 1.225000e+03 8.231415e-02 3.415861e-02 -4.695457e-03 2.299876e-02 3.631490e-02 2.336938e-02 2.544283e-02 1.971639e-02
3.587500e+03 3.812500e+03 1.225000e+03 7.957396e-02 3.415861e-02 1.244541e-02 2.299876e-02 8.105144e-02 2.336938e-02 -1.724904e-02 1.971639e-02
3.687500e+03 3.812500e+03 1.200000e+03 9.959503e-02 3.415861e-02 -1.990645e-02 2.299876e-02 4.144048e-02 2.336938e-02 -2.357792e-02 1.971639e-02
3.787500e+03 3.812500e+03 1.200000e+03 6.129015e-02 3.415861e-02 2.584205e-02 2.299876e-02 6.551272e-02 2.336938e-02 1.390111e-02 1.971639e-02
3.887500e+03 3.812500e+03 1.175000e+03 7.618100e-02 3.415861e-02 3.309772e-02 2.299876e-02 8.695436e-02 2.336938e-02 -8.771686e-03 1.971639e-02
3.987500e+03 3.812500e+03 1.175000e+03 7.083904e-02 3.415861e-02 -8.203401e-03 2.299876e-02 5.178989e-02 2.336938e-02 4.530541e-03 1.971639e-02
4.087500e+03 3.812500e+03 1.150000e+03 1.390959e-01 3.415861e-02 -4.177806e-02 2.299876e-02 5.455860e-02 2.336938e-02 1.545034e-02 1.971639e-02
4.187500e+03 3.812500e+03 1.150000e+03 9.108930e-02 3.415861e-02 -4.766328e-02 2.299876e-02 1.929195e-03 2.336938e-02 5.316708e-03 1.971639e-02
4.287500e+03 3.812500e+03 1.150000e+03 5.151554e-02 3.415861e-02 4.529468e-03 2.299876e-02 3.846650e-02 2.336938e-02 6.282983e-02 1.971639e-02
4.387500e+03 3.812500e+03 1.150000e+03 4.445457e-02 3.415861e-02 -2.239406e-02 2.299876e-02 -3.788051e-03 2.336938e-02 4.171747e-02 1.971639e-02
4.487500e+03 3.812500e+03 1.150000e+03 8.122548e-02 3.415861e-02 -3.173852e-02 2.299876e-02 -3.355720e-02 2.336938e-02 7.776151e-02 1.971639e-02
4.587500e+03 3.812500e+03 1.150000e+03 7.543953e-02 3.415861e-02 -3.399798e-02 2.299876e-02 -1.713541e-02 2.336938e-02 8.472952e-02 1.971639e-02
4.687500e+03 3.812500e+03 1.175000e+03 2.468678e-02 3.415861e-02 -8.522817e-03 2.299876e-02 -5.555342e-02 2.336938e-02 1.035140e-01 1.971639e-02
4.787500e+03 3.812500e+03 1.175000e+03 2.893139e-02 3.415861e-02 -4.131333e-02 2.299876e-02 -9.517242e-02 2.336938e-02 9.914250e-02 1.971639e-02
4.887500e+03 3.812500e+03 1.200000e+03 -8.336235e-03 3.415861e-02 -4.753734e-02 2.299876e-02 -7.336645e-02 2.336938e-02 1.173248e-01 1.971639e-02
4.987500e+03 3.812500e+03 1.200000e+03 8.112888e-02 3.415861e-02 -2.085506e-01 2.299876e-02 -2.245232e-03 2.336938e-02 1.004879e-01 1.971639e-02
5.087500e+03 3.812500e+03 1.225000e+03 8.806488e-02 3.415861e-02 -1.920186e-01 2.299876e-02 -7.203352e-02 2.336938e-02 1.388383e-01 1.971639e-02
5.187500e+03 3.812500e+03 1.250000e+03 -1.626786e-02 3.415861e-02 -1.073542e-01 2.299876e-02 -6.469655e-02 2.336938e-02 1.035729e-01 1.971639e-02
5.287500e+03 3.812500e+03 1.225000e+03 -3.061562e-01 3.415861e-02 1.293871e-01 2.299876e-02 1.019652e-01 2.336938e-02 6.427181e-02 1.971639e-02
5.387500e+03 3.812500e+03 1.250000e+03 -2.537469e-01 3.415861e-02 5.354115e-02 2.299876e-02 6.332469e-02 2.336938e-02 1.213447e-01 1.971639e-02
5.487500e+03 3.812500e+03 1.275000e+03 -1.779450e-01 3.415861e-02 5.815506e-02 2.299876e-02 1.014343e-01 2.336938e-02 4.481832e-02 1.971639e-02
5.587500e+03 3.812500e+03 1.275000e+03 -2.131446e-01 3.415861e-02 6.936948e-02 2.299876e-02 1.556734e-01 2.336938e-02 8.888670e-02 1.971639e-02
5.687500e+03 3.812500e+03 1.300000e+03 -1.876429e-01 3.415861e-02 2.944081e-02 2.299876e-02 1.161665e-01 2.336938e-02 6.721065e-02 1.971639e-02
5.787500e+03 3.812500e+03 1.300000e+03 -1.672443e-01 3.415861e-02 4.280883e-02 2.299876e-02 1.094576e-01 2.336938e-02 8.975962e-02 1.971639e-02
5.887500e+03 3.812500e+03 1.275000e+03 -1.205063e-01 3.415861e-02 6.495166e-02 2.299876e-02 1.066209e-01 2.336938e-02 1.086202e-01 1.971639e-02
5.987500e+03 3.812500e+03 1.250000e+03 -1.585086e-01 3.415861e-02 3.970092e-02 2.299876e-02 9.181132e-02 2.336938e-02 1.141250e-01 1.971639e-02
6.087500e+03 3.812500e+03 1.250000e+03 -7.662793e-02 3.415861e-02 7.411278e-03 2.299876e-02 7.507218e-02 2.336938e-02 1.305917e-01 1.971639e-02
6.187500e+03 3.812500e+03 1.250000e+03 -1.360696e-01 3.415861e-02 -7.619924e-03 2.299876e-02 9.554275e-02 2.336938e-02 1.266726e-01 1.971639e-02
6.287500e+03 3.812500e+03 1.300000e+03 -1.037122e-01 3.415861e-02 -1.174608e-02 2.299876e-02 6.476702e-02 2.336938e-02 1.335030e-01 1.971639e-02
6.387500e+03 3.812500e+03 1.300000e+03 -6.121191e-02 3.415861e-02 1.088372e-02 2.299876e-02 1.172690e-01 2.336938e-02 1.402631e-01 1.971639e-02
6.487500e+03 3.812500e+03 1.300000e+03 -4.163464e-02 3.415861e-02 5.143148e-02 2.299876e-02 1.047241e-01 2.336938e-02 9.743094e-02 1.971639e-02
6.587500e+03 3.812500e+03 1.325000e+03 -2.947571e-02 3.415861e-02 2.923372e-02 2.299876e-02 7.504296e-02 2.336938e-02 1.055465e-01 1.971639e-02
6.687500e+03 3.812500e+03 1.350000e+03 -7.905420e-02 3.415861e-02 3.365579e-02 2.299876e-02 4.842595e-02 2.336938e-02 1.052834e-01 1.971639e-02
6.787500e+03 3.812500e+03 1.375000e+03 -7.626158e-02 3.415861e-02 1.716954e-04 2.299876e-02 7.318706e-02 2.336938e-02 9.948241e-02 1.971639e-02
6.887500e+03 3.812500e+03 1.350000e+03 -4.908169e-02 3.415861e-02 3.542306e-02 2.299876e-02 8.801456e-02 2.336938e-02 4.922045e-02 1.971639e-02
6.987500e+03 3.812500e+03 1.325000e+03 -3.431050e-02 3.415861e-02 5.078345e-02 2.299876e-02 8.021752e-02 2.336938e-02 1.119864e-01 1.971639e-02
3.487500e+03 3.912500e+03 1.225000e+03 9.236375e-02 3.415861e-02 -1.671820e-02 2.299876e-02 -4.140554e-02 2.336938e-02 4.894954e-02 1.971639e-02
3.587500e+03 3.912500e+03 1.225000e+03 7.287734e-02 3.415861e-02 1.088654e-02 2.299876e-02 3.902710e-02 2.336938e-02 2.520677e-02 1.971639e-02
3.687500e+03 3.912500e+03 1.225000e+03 7.976740e-02 3.415861e-02 -2.697270e-03 2.299876e-02 2.101845e-02 2.336938e-02 3.837658e-02 1.971639e-02
3.787500e+03 3.912500e+03 1.200000e+03 1.148597e-01 3.415861e-02 8.804284e-03 2.299876e-02 4.970682e-02 2.336938e-02 2.276905e-04 1.971639e-02
3.887500e+03 3.912500e+03 1.200000e+03 1.542247e-01 3.415861e-02 5.169511e-03 2.299876e-02 8.217044e-02 2.336938e-02 -2.224638e-03 1.971639e-02
3.987500e+03 3.912500e+03 1.175000e+03 1.192408e-01 3.415861e-02 -4.397800e-02 2.299876e-02 5.537594e-02 2.336938e-02 -1.081022e-02 1.971639e-02
4.087500e+03 3.912500e+03 1.150000e+03 1.745159e-01 3.415861e-02 7.245633e-03 2.299876e-02 2.339171e-02 2.336938e-02 8.620524e-03 1.971639e-02
4.187500e+03 3.912500e+03 1.150000e+03 1.173840e-01 3.415861e-02 -1.429426e-02 2.299876e-02 6.076690e-02 2.336938e-02 6.091993e-02 1.971639e-02
4.287500e+03 3.912500e+03 1.150000e+03 1.675529e-01 3.415861e-02 -4.663969e-02 2.299876e-02 1.124500e-02 2.336938e-02 3.649925e-02 1.971639e-02
4.387500e+03 3.912500e+03 1.125000e+03 6.274282e-02 3.415861e-02 -3.057997e-02 2.299876e-02 1.167230e-02 2.336938e-02 7.340758e-02 1.971639e-02
4.487500e+03 3.912500e+03 1.150000e+03 1.634613e-01 3.415861e-02 -6.156747e-02 2.299876e-02 -7.257549e-02 2.336938e-02 6.643368e-02 1.971639e-02
4.587500e+03 3.912500e+03 1.150000e+03 -3.095658e-02 3.415861e-02 -7.967228e-03 2.299876e-02 -9.632377e-02 2.336938e-02 5.176789e-02 1.971639e-02
4.687500e+03 3.912500e+03 1.175000e+03 -3.843704e-02 3.415861e-02 -2.085831e-02 2.299876e-02 -1.027907e-01 2.336938e-02 7.036326e-02 1.971639e-02
4.787500e+03 3.912500e+03 1.175000e+03 4.292267e-02 3.415861e-02 -2.558889e-02 2.299876e-02 -5.494560e-02 2.336938e-02 9.610915e-02 1.971639e-02
4.887500e+03 3.912500e+03 1.225000e+03 -3.035691e-02 3.415861e-02 -7.278884e-02 2.299876e-02 -5.924594e-02 2.336938e-02 7.449477e-02 1.971639e-02
4.987500e+03 3.912500e+03 1.200000e+03 -6.006898e-02 3.415861e-02 -1.314696e-01 2.299876e-02 -3.964843e-02 2.336938e-02 7.412945e-02 1.971639e-02
5.087500e+03 3.912500e+03 1.225000e+03 -3.080492e-02 3.415861e-02 -1.229834e-01 2.299876e-02 -6.792327e-03 2.336938e-02 1.592245e-01 1.971639e-02
5.187500e+03 3.912500e+03 1.225000e+03 -7.317767e-03 3.415861e-02 -2.181229e-01 2.299876e-02 -1.203674e-01 2.336938e-02 1.805019e-01 1.971639e-02
5.287500e+03 3.912500e+03 1.225000e+03 -7.897002e-03 3.415861e-02 -2.660935e-01 2.299876e-02 -1.509346e-01 2.336938e-02 2.088776e-01 1.971639e-02
5.387500e+03 3.912500e+03 1.250000e+03 -1.376071e-01 3.415861e-02 -3.443377e-02 2.299876e-02 -1.451757e-02 2.336938e-02 1.449167e-01 1.971639e-02
5.487500e+03 3.912500e+03 1.275000e+03 -1.906211e-01 3.415861e-02 3.660164e-02 2.299876e-02 4.556037e-02 2.336938e-02 7.381086e-02 1.971639e-02
5.587500e+03 3.912500e+03 1.275000e+03 -2.210713e-01 3.415861e-02 8.978375e-02 2.299876e-02 1.376576e-01 2.336938e-02 9.746497e-02 1.971639e-02
5.687500e+03 3.912500e+03 1.300000e+03 -2.409014e-01 3.415861e-02 1.976351e-02 2.299876e-02 1.307537e-01 2.336938e-02 4.553898e-02 1.971639e-02
5.787500e+03 3.912500e+03 1.300000e+03 -1.668168e-01 3.415861e-02 8.802282e-02 2.299876e-02 1.634417e-01 2.336938e-02 5.817387e-02 1.971639e-02
5.887500e+03 3.912500e+03 1.275000e+03 -2.219049e-01 3.415861e-02 3.456719e-02 2.299876e-02 1.563901e-01 2.336938e-02 1.396510e-01 1.971639e-02
5.987500e+03 3.912500e+03 1.250000e+03 -1.569956e-01 3.415861e-02 -3.510345e-04 2.299876e-02 1.423770e-01 2.336938e-02 1.253043e-01 1.971639e-02
6.087500e+03 3.912500e+03 1.250000e+03 -1.252337e-01 3.415861e-02 1.748182e-04 2.299876e-02 1.196084e-01 2.336938e-02 1.257703e-01 1.971639e-02
6.187500e+03 3.912500e+03 1.275000e+03 -1.355248e-01 3.415861e-02 2.142542e-02 2.299876e-02 1.128033e-01 2.336938e-02 1.000068e-01 1.971639e-02
6.287500e+03 3.912500e+03 1.275000e+03 -8.098044e-02 3.415861e-02 -1.938479e-02 2.299876e-02 1.021819e-01 2.336938e-02 1.324360e-01 1.971639e-02
6.387500e+03 3.912500e+03 1.275000e+03 -1.292973e-01 3.415861e-02 -8.927131e-03 2.299876e-02 3.769886e-02 2.336938e-02 1.150699e-01 1.971639e-02
6.487500e+03 3.912500e+03 1.300000e+03 -7.021744e-02 3.415861e-02 -5.899635e-03 2.299876e-02 1.131940e-01 2.336938e-02 1.012068e-01 1.971639e-02
6.587500e+03 3.912500e+03 1.300000e+03 -2.361333e-02 3.415861e-02 2.273433e-02 2.299876e-02 5.059869e-02 2.336938e-02 1.204956e-01 1.971639e-02
6.687500e+03 3.912500e+03 1.325000e+03 -8.379099e-02 3.415861e-02 2.979245e-02 2.299876e-02 1.093465e-01 2.336938e-02 9.149512e-02 1.971639e-02
6.787500e+03 3.912500e+03 1.375000e+03 -6.397146e-02 3.415861e-02 2.423434e-02 2.299876e-02 8.126610e-02 2.336938e-02 8.457921e-02 1.971639e-02
6.887500e+03 3.912500e+03 1.375000e+03 -3.427080e-02 3.415861e-02 5.251096e-02 2.299876e-02 5.917777e-02 2.336938e-02 5.369180e-02 1.971639e-02
6.987500e+03 3.912500e+03 1.350000e+03 -6.158330e-02 3.415861e-02 3.987161e-02 2.299876e-02 8.420430e-02 2.336938e-02 6.991018e-02 1.971639e-02
3.487500e+03 4.012500e+03 1.225000e+03 5.825680e-02 3.415861e-02 -3.595974e-02 2.299876e-02 3.548242e-02 2.336938e-02 -6.500563e-04 1.971639e-02
3.587500e+03 4.012500e+03 1.200000e+03 8.638372e-02 3.415861e-02 -3.031627e-03 2.299876e-02 5.068955e-02 2.336938e-02 8.112881e-03 1.971639e-02
3.687500e+03 4.012500e+03 1.200000e+03 1.440205e-01 3.415861e-02 -1.138122e-02 2.299876e-02 2.487877e-02 2.336938e-02 -8.079884e-03 1.971639e-02
3.787500e+03 4.012500e+03 1.175000e+03 2.376648e-01 3.415861e-02 2.697488e-03 2.299876e-02 1.061688e-01 2.336938e-02 -7.517349e-03 1.971639e-02
3.887500e+03 4.012500e+03 1.175000e+03 1.592993e-01 3.415861e-02 -3.220385e-02 2.299876e-02 7.393509e-02 2.336938e-02 -3.689090e-02 1.971639e-02
3.987500e+03 4.012500e+03 1.150000e+03 1.778764e-01 3.415861e-02 -1.521361e-02 2.299876e-02 9.322453e-02 2.336938e-02 2.790944e-02 1.971639e-02
4.087500e+03 4.012500e+03 1.150000e+03 1.436059e-01 3.415861e-02 3.275344e-02 2.299876e-02 6.481357e-02 2.336938e-02 2.890677e-02 1.971639e-02
4.187500e+03 4.012500e+03 1.150000e+03 1.604413e-01 3.415861e-02 -3.120656e-02 2.299876e-02 4.111495e-02 2.336938e-02 2.275021e-02 1.971639e-02
4.287500e+03 4.012500e+03 1.150000e+03 8.045438e-02 3.415861e-02 5.236273e-03 2.299876e-02 1.864200e-02 2.336938e-02 5.184383e-02 1.971639e-02
4.387500e+03 4.012500e+03 1.150000e+03 9.668311e-02 3.415861e-02 -2.090674e-02 2.299876e-02 -5.569543e-02 2.336938e-02 6.198309e-02 1.971639e-02
4.487500e+03 4.012500e+03 1.150000e+03 3.276241e-02 3.415861e-02 -1.579402e-02 2.299876e-02 -1.009995e-01 2.336938e-02 8.946550e-02 1.971639e-02
4.587500e+03 4.012500e+03 1.175000e+03 2.326076e-02 3.415861e-02 -2.180521e-02 2.299876e-02 -1.052102e-01 2.336938e-02 1.001042e-01 1.971639e-02
4.687500e+03 4.012500e+03 1.175000e+03 -4.204386e-04 3.415861e-02 -3.090026e-02 2.299876e-02 -1.119273e-01 2.336938e-02 9.060280e-02 1.971639e-02
4.787500e+03 4.012500e+03 1.175000e+03 3.305213e-03 3.415861e-02 -6.867920e-02 2.299876e-02 -6.529272e-02 2.336938e-02 1.206115e-02 1.971639e-02
4.887500e+03 4.012500e+03 1.225000e+03 -8.576335e-02 3.415861e-02 -1.009787e-01 2.299876e-02 -8.416226e-02 2.336938e-02 4.412246e-02 1.971639e-02
4.987500e+03 4.012500e+03 1.225000e+03 -1.532990e-02 3.415861e-02 -7.538735e-02 2.299876e-02 -1.476180e-02 2.336938e-02 4.603679e-02 1.971639e-02
5.087500e+03 4.012500e+03 1.225000e+03 -4.640183e-02 3.415861e-02 -1.184387e-01 2.299876e-02 -6.604067e-02 2.336938e-02 7.510544e-02 1.971639e-02
5.187500e+03 4.012500e+03 1.225000e+03 -5.935121e-02 3.415861e-02 -1.514635e-01 2.299876e-02 -4.279984e-02 2.336938e-02 1.207894e-01 1.971639e-02
5.287500e+03 4.012500e+03 1.250000e+03 -7.102454e-02 3.415861e-02 -1.712601e-01 2.299876e-02 -7.280785e-02 2.336938e-02 1.889260e-01 1.971639e-02
5.387500e+03 4.012500e+03 1.250000e+03 -2.373541e-02 3.415861e-02 -2.126701e-01 2.299876e-02 -7.169516e-02 2.336938e-02 1.652184e-01 1.971639e-02
5.487500e+03 4.012500e+03 1.275000e+03 -6.341833e-02 3.415861e-02 -2.615234e-01 2.299876e-02 -1.526632e-01 2.336938e-02 1.809484e-01 1.971639e-02
5.587500e+03 4.012500e+03 1.275000e+03 -2.386941e-01 3.415861e-02 -4.293558e-02 2.299876e-02 7.759555e-02 2.336938e-02 9.100247e-02 1.971639e-02
5.687500e+03 4.012500e+03 1.300000e+03 -2.296420e-01 3.415861e-02 1.535387e-02 2.299876e-02 1.268260e-01 2.336938e-02 7.885197e-02 1.971639e-02
5.787500e+03 4.012500e+03 1.275000e+03 -3.029721e-01 3.415861e-02 7.131934e-02 2.299876e-02 1.390026e-01 2.336938e-02 9.226582e-02 1.971639e-02
5.887500e+03 4.012500e+03 1.275000e+03 -3.021980e-01 3.415861e-02 3.592477e-02 2.299876e-02 1.816728e-01 2.336938e-02 9.818104e-02 1.971639e-02
5.987500e+03 4.012500e+03 1.250000e+03 -1.898718e-01 3.415861e-02 1.850642e-02 2.299876e-02 1.927273e-01 2.336938e-02 1.121878e-01 1.971639e-02
6.087500e+03 4.012500e+03 1.275000e+03 -1.766314e-01 3.415861e-02 -1.326284e-02 2.299876e-02 1.577075e-01 2.336938e-02 1.011444e-01 1.971639e-02
6.187500e+03 4.012500e+03 1.300000e+03 -1.637359e-01 3.415861e-02 4.400419e-02 2.299876e-02 7.311814e-02 2.336938e-02 1.251918e-01 1.971639e-02
6.287500e+03 4.012500e+03 1.300000e+03 -2.652824e-01 3.415861e-02 5.272123e-02 2.299876e-02 1.042101e-01 2.336938e-02 1.090224e-01 1.971639e-02
6.387500e+03 4.012500e+03 1.300000e+03 -8.689796e-02 3.415861e-02 2.000290e-02 2.299876e-02 1.096615e-01 2.336938e-02 1.288343e-01 1.971639e-02
6.487500e+03 4.012500e+03 1.325000e+03 -1.625483e-01 3.415861e-02 1.418497e-02 2.299876e-02 1.235246e-01 2.336938e-02 9.747204e-02 1.971639e-02
6.587500e+03 4.012500e+03 1.325000e+03 -1.102726e-01 3.415861e-02 2.689387e-03 2.299876e-02 1.242373e-01 2.336938e-02 8.928561e-02 1.971639e-02
6.687500e+03 4.012500e+03 1.350000e+03 1.220803e-02 3.415861e-02 7.196597e-02 2.299876e-02 7.921205e-02 2.336938e-02 1.073364e-01 1.971639e-02
6.787500e+03 4.012500e+03 1.375000e+03 -7.987691e-02 3.415861e-02 8.053316e-02 2.299876e-02 3.743331e-02 2.336938e-02 9.476325e-02 1.971639e-02
6.887500e+03 4.012500e+03 1.375000e+03 -6.806291e-02 3.415861e-02 3.614946e-02 2.299876e-02 7.672020e-02 2.336938e-02 1.005317e-01 1.971639e-02
6.987500e+03 4.012500e+03 1.375000e+03 -4.132569e-02 3.415861e-02 3.609337e-02 2.299876e-02 6.817181e-02 2.336938e-02 9.062746e-02 1.971639e-02
3.487500e+03 4.112500e+03 1.200000e+03 1.575006e-01 3.415861e-02 8.001211e-02 2.299876e-02 4.509804e-02 2.336938e-02 3.296446e-02 1.971639e-02
3.587500e+03 4.112500e+03 1.175000e+03 1.502060e-01 3.415861e-02 -1.854995e-03 2.299876e-02 7.969579e-02 2.336938e-02 4.879054e-02 1.971639e-02
3.687500e+03 4.112500e+03 1.175000e+03 1.496418e-01 3.415861e-02 -2.283977e-03 2.299876e-02 9.584766e-02 2.336938e-02 -6.477715e-03 1.971639e-02
3.787500e+03 4.112500e+03 1.175000e+03 1.410295e-01 3.415861e-02 -3.156655e-02 2.299876e-02 7.010592e-02 2.336938e-02 -2.027865e-02 1.971639e-02
3.887500e+03 4.112500e+03 1.150000e+03 1.307725e-01 3.415861e-02 1.410209e-02 2.299876e-02 1.102390e-01 2.336938e-02 8.055700e-03 1.971639e-02
3.987500e+03 4.112500e+03 1.150000e+03 1.598240e-01 3.415861e-02 -2.646741e-02 2.299876e-02 7.573184e-02 2.336938e-02 -7.288297e-04 1.971639e-02
4.087500e+03 4.112500e+03 1.150000e+03 1.912516e-01 3.415861e-02 -5.331608e-02 2.299876e-02 8.440111e-02 2.336938e-02 -7.706279e-03 1.971639e-02
4.187500e+03 4.112500e+03 1.150000e+03 1.343899e-01 3.415861e-02 1.594358e-02 2.299876e-02 2.547957e-03 2.336938e-02 2.824698e-02 1.971639e-02
4.287500e+03 4.112500e+03 1.150000e+03 6.079695e-02 3.415861e-02 1.716465e-03 2.299876e-02 -1.844633e-02 2.336938e-02 4.580184e-02 1.971639e-02
4.387500e+03 4.112500e+03 1.150000e+03 1.749784e-02 3.415861e-02 -2.657842e-02 2.299876e-02 -6.404106e-02 2.336938e-02 5.151538e-02 1.971639e-02
4.487500e+03 4.112500e+03 1.175000e+03 6.219314e-02 3.415861e-02 -4.377744e-03 2.299876e-02 -5.568814e-02 2.336938e-02 7.616826e-02 1.971639e-02
4.587500e+03 4.112500e+03 1.175000e+03 1.942155e-02 3.415861e-02 2.746854e-02 2.299876e-02 -1.266252e-01 2.336938e-02 9.141340e-02 1.971639e-02
4.687500e+03 4.112500e+03 1.200000e+03 2.763252e-02 3.415861e-02 9.108659e-03 2.299876e-02 -1.347642e-01 2.336938e-02 9.485712e-02 1.971639e-02
4.787500e+03 4.112500e+03 1.200000e+03 -4.377167e-02 3.415861e-02 -3.136171e-02 2.299876e-02 -1.025385e-01 2.336938e-02 1.884643e-02 1.971639e-02
4.887500e+03 4.112500e+03 1.200000e+03 -9.627721e-02 3.415861e-02 -3.887599e-02 2.299876e-02 -8.154054e-02 2.336938e-02 2.832794e-02 1.971639e-02
4.987500e+03 4.112500e+03 1.225000e+03 -4.003215e-02 3.415861e-02 -3.176321e-02 2.299876e-02 -1.103526e-01 2.336938e-02 7.138278e-02 1.971639e-02
5.087500e+03 4.112500e+03 1.225000e+03 -1.075522e-01 3.415861e-02 -5.108870e-02 2.299876e-02 -3.417138e-02 2.336938e-02 1.101519e-01 1.971639e-02
5.187500e+03 4.112500e+03 1.250000e+03 -1.084313e-01 3.415861e-02 -4.725834e-02 2.299876e-02 -9.698146e-02 2.336938e-02 1.007506e-01 1.971639e-02
5.287500e+03 4.112500e+03 1.250000e+03 -1.278666e-01 3.415861e-02 -1.201122e-01 2.299876e-02 -4.596227e-02 2.336938e-02 7.475594e-02 1.971639e-02
5.387500e+03 4.112500e+03 1.275000e+03 -7.212848e-02 3.415861e-02 -1.456431e-01 2.299876e-02 -5.649566e-02 2.336938e-02 1.226211e-01 1.971639e-02
5.487500e+03 4.112500e+03 1.275000e+03 -1.454798e-01 3.415861e-02 -1.559814e-01 2.299876e-02 -6.626047e-02 2.336938e-02 1.414825e-01 1.971639e-02
5.587500e+03 4.112500e+03 1.275000e+03 -1.090040e-01 3.415861e-02 -2.140723e-01 2.299876e-02 -1.162337e-01 2.336938e-02 2.048397e-01 1.971639e-02
5.687500e+03 4.112500e+03 1.275000e+03 -2.179747e-01 3.415861e-02 -1.581299e-01 2.299876e-02 1.173302e-02 2.336938e-02 1.451771e-01 1.971639e-02
5.787500e+03 4.112500e+03 1.300000e+03 -2.340647e-01 3.415861e-02 -2.270409e-02 2.299876e-02 1.116167e-01 2.336938e-02 5.125102e-02 1.971639e-02
5.887500e+03 4.112500e+03 1.300000e+03 -2.097993e-01 3.415861e-02 2.829572e-02 2.299876e-02 1.364850e-01 2.336938e-02 4.259483e-02 1.971639e-02
5.987500e+03 4.112500e+03 1.275000e+03 -2.414205e-01 3.415861e-02 4.915750e-02 2.299876e-02 1.635050e-01 2.336938e-02 7.102459e-02 1.971639e-02
6.087500e+03 4.112500e+03 1.275000e+03 -2.162705e-01 3.415861e-02 7.889204e-03 2.299876e-02 1.531604e-01 2.336938e-02 1.075518e-01 1.971639e-02
6.187500e+03 4.112500e+03 1.300000e+03 -2.475423e-01 3.415861e-02 -1.190834e-02 2.299876e-02 1.405070e-01 2.336938e-02 1.294962e-01 1.971639e-02
6.287500e+03 4.112500e+03 1.325000e+03 -1.839854e-01 3.415861e-02 1.900886e-02 2.299876e-02 5.620081e-02 2.336938e-02 1.349376e-01 1.971639e-02
6.387500e+03 4.112500e+03 1.300000e+03 -1.955962e-01 3.415861e-02 5.284623e-04 2.299876e-02 7.371609e-02 2.336938e-02 1.358795e-01 1.971639e-02
6.487500e+03 4.112500e+03 1.350000e+03 -1.600120e-01 3.415861e-02 2.461944e-02 2.299876e-02 7.134034e-02 2.336938e-02 1.153673e-01 1.971639e-02
6.587500e+03 4.112500e+03 1.350000e+03 -1.840249e-01 3.415861e-02 -5.113419e-03 2.299876e-02 1.104284e-01 2.336938e-02 1.225238e-01 1.971639e-02
6.687500e+03 4.112500e+03 1.375000e+03 -1.119610e-01 3.415861e-02 4.858862e-02 2.299876e-02 2.651424e-02 2.336938e-02 1.211947e-01 1.971639e-02
6.787500e+03 4.112500e+03 1.400000e+03 -1.065888e-01 3.415861e-02 5.343535e-02 2.299876e-02 8.895940e-02 2.336938e-02 1.091834e-01 1.971639e-02
6.887500e+03 4.112500e+03 1.400000e+03 -6.796623e-02 3.415861e-02 3.579529e-02 2.299876e-02 6.196516e-02 2.336938e-02 6.968946e-02 1.971639e-02
6.987500e+03 4.112500e+03 1.375000e+03 -8.520126e-02 3.415861e-02 6.339155e-02 2.299876e-02 5.543331e-02 2.336938e-02 5.297516e-02 1.971639e-02
3.487500e+03 4.212500e+03 1.175000e+03 1.116378e-01 3.415861e-02 1.548132e-02 2.299876e-02 2.927667e-02 2.336938e-02 4.535997e-02 1.971639e-02
3.587500e+03 4.212500e+03 1.175000e+03 1.502115e-01 3.415861e-02 8.699870e-02 2.299876e-02 1.088389e-01 2.336938e-02 -1.752546e-02 1.971639e-02
3.687500e+03 4.212500e+03 1.175000e+03 2.079115e-01 3.415861e-02 3.390389e-02 2.299876e-02 1.271503e-01 2.336938e-02 2.239999e-02 1.971639e-02
3.787500e+03 4.212500e+03 1.150000e+03 1.512656e-01 3.415861e-02 -4.062036e-03 2.299876e-02 8.755034e-02 2.336938e-02 -4.653599e-02 1.971639e-02
3.887500e+03 4.212500e+03 1.150000e+03 1.953523e-01 3.415861e-02 1.909689e-03 2.299876e-02 1.067979e-01 2.336938e-02 -1.882951e-02 1.971639e-02
3.987500e+03 4.212500e+03 1.150000e+03 1.351737e-01 3.415861e-02 4.968883e-02 2.299876e-02 5.473317e-02 2.336938e-02 7.612915e-03 1.971639e-02
4.087500e+03 4.212500e+03 1.150000e+03 1.599509e-01 3.415861e-02 4.075204e-02 2.299876e-02 4.298179e-02 2.336938e-02 -4.090999e-03 1.971639e-02
4.187500e+03 4.212500e+03 1.125000e+03 1.250925e-01 3.415861e-02 3.677584e-02 2.299876e-02 2.601905e-02 2.336938e-02 5.435220e-02 1.971639e-02
4.287500e+03 4.212500e+03 1.150000e+03 9.455355e-02 3.415861e-02 3.355973e-02 2.299876e-02 -8.744815e-02 2.336938e-02 2.948725e-02 1.971639e-02
4.387500e+03 4.212500e+03 1.175000e+03 -5.862073e-03 3.415861e-02 -1.602491e-02 2.299876e-02 -7.439665e-02 2.336938e-02 5.267892e-02 1.971639e-02
4.487500e+03 4.212500e+03 1.175000e+03 2.215297e-02 3.415861e-02 2.656540e-02 2.299876e-02 -9.100793e-02 2.336938e-02 7.176560e-02 1.971639e-02
4.587500e+03 4.212500e+03 1.175000e+03 1.832678e-02 3.415861e-02 2.156877e-02 2.299876e-02 -8.710366e-02 2.336938e-02 6.586369e-02 1.971639e-02
4.687500e+03 4.212500e+03 1.200000e+03 -3.891009e-02 3.415861e-02 2.669691e-02 2.299876e-02 -1.603047e-01 2.336938e-02 8.006428e-02 1.971639e-02
4.787500e+03 4.212500e+03 1.225000e+03 -2.368408e-02 3.415861e-02 -2.286466e-02 2.299876e-02 -3.010895e-02 2.336938e-02 -5.971771e-03 1.971639e-02
4.887500e+03 4.212500e+03 1.225000e+03 -4.371889e-02 3.415861e-02 -3.685571e-02 2.299876e-02 -8.572454e-02 2.336938e-02 2.094778e-02 1.971639e-02
4.987500e+03 4.212500e+03 1.225000e+03 -4.166385e-02 3.415861e-02 -8.859454e-02 2.299876e-02 -1.107796e-01 2.336938e-02 2.601451e-02 1.971639e-02
5.087500e+03 4.212500e+03 1.250000e+03 -8.237339e-02 3.415861e-02 -2.609406e-02 2.299876e-02 -8.752703e-02 2.336938e-02 5.233432e-02 1.971639e-02
5.187500e+03 4.212500e+03 1.250000e+03 -1.402242e-01 3.415861e-02 -5.169451e-02 2.299876e-02 -4.493467e-02 2.336938e-02 7.005089e-02 1.971639e-02
5.287500e+03 4.212500e+03 1.275000e+03 -1.041969e-01 3.415861e-02 -7.485956e-02 2.299876e-02 -2.221775e-02 2.336938e-02 8.428021e-02 1.971639e-02
5.387500e+03 4.212500e+03 1.300000e+03 -1.001656e-01 3.415861e-02 -1.916771e-02 2.299876e-02 1.300556e-02 2.336938e-02 1.225429e-01 1.971639e-02
5.487500e+03 4.212500e+03 1.325000e+03 -1.445082e-01 3.415861e-02 -9.262710e-02 2.299876e-02 1.583514e-03 2.336938e-02 1.061978e-01 1.971639e-02
5.587500e+03 4.212500e+03 1.325000e+03 -1.084719e-01 3.415861e-02 -9.429181e-02 2.299876e-02 -6.106312e-02 2.336938e-02 9.443768e-02 1.971639e-02
5.687500e+03 4.212500e+03 1.300000e+03 -1.408027e-01 3.415861e-02 -1.590479e-01 2.299876e-02 -6.351211e-02 2.336938e-02 8.730911e-02 1.971639e-02
5.787500e+03 4.212500e+03 1.300000e+03 -1.791776e-01 3.415861e-02 -1.548721e-01 2.299876e-02 -1.497712e-02 2.336938e-02 1.909505e-01 1.971639e-02
5.887500e+03 4.212500e+03 1.300000e+03 -1.904623e-01 3.415861e-02 -3.202445e-02 2.299876e-02 5.461879e-02 2.336938e-02 1.033221e-01 1.971639e-02
5.987500e+03 4.212500e+03 1.275000e+03 -2.298831e-01 3.415861e-02 5.031143e-02 2.299876e-02 1.554934e-01 2.336938e-02 8.049554e-02 1.971639e-02
6.087500e+03 4.212500e+03 1.275000e+03 -2.335727e-01 3.415861e-02 5.174974e-02 2.299876e-02 1.807973e-01 2.336938e-02 7.062119e-02 1.971639e-02
6.187500e+03 4.212500e+03 1.300000e+03 -2.116274e-01 3.415861e-02 1.518676e-02 2.299876e-02 1.476440e-01 2.336938e-02 1.039558e-01 1.971639e-02
6.287500e+03 4.212500e+03 1.325000e+03 -2.087952e-01 3.415861e-02 1.719332e-02 2.299876e-02 1.346628e-01 2.336938e-02 1.556948e-01 1.971639e-02
6.387500e+03 4.212500e+03 1.325000e+03 -1.986588e-01 3.415861e-02 -2.023253e-02 2.299876e-02 1.180765e-01 2.336938e-02 1.336760e-01 1.971639e-02
6.487500e+03 4.212500e+03 1.325000e+03 -1.729717e-01 3.415861e-02 4.833121e-02 2.299876e-02 1.210446e-01 2.336938e-02 1.269293e-01 1.971639e-02
6.587500e+03 4.212500e+03 1.350000e+03 -1.116372e-01 3.415861e-02 1.693384e-02 2.299876e-02 1.081472e-01 2.336938e-02 1.304633e-01 1.971639e-02
6.687500e+03 4.212500e+03 1.375000e+03 -1.708748e-01 3.415861e-02 2.539102e-02 2.299876e-02 1.163256e-01 2.336938e-02 1.201449e-01 1.971639e-02
6.787500e+03 4.212500e+03 1.400000e+03 -4.158825e-02 3.415861e-02 4.505690e-02 2.299876e-02 7.680528e-02 2.336938e-02 8.642624e-02 1.971639e-02
6.887500e+03 4.212500e+03 1.400000e+03 -7.015029e-02 3.415861e-02 -3.002340e-03 2.299876e-02 6.918316e-02 2.336938e-02 8.017159e-02 1.971639e-02
6.987500e+03 4.212500e+03 1.400000e+03 -1.037154e-01 3.415861e-02 3.779036e-02 2.299876e-02 1.202667e-01 2.336938e-02 9.822043e-02 1.971639e-02
3.487500e+03 4.312500e+03 1.175000e+03 9.929420e-02 3.415861e-02 6.932150e-02 2.299876e-02 4.215527e-02 2.336938e-02 -1.208774e-02 1.971639e-02
3.587500e+03 4.312500e+03 1.175000e+03 1.663669e-01 3.415861e-02 3.610719e-02 2.299876e-02 8.384101e-02 2.336938e-02 -1.895907e-02 1.971639e-02
3.687500e+03 4.312500e+03 1.150000e+03 1.337846e-01 3.415861e-02 6.886834e-02 2.299876e-02 8.434692e-02 2.336938e-02 -9.771038e-03 1.971639e-02
3.787500e+03 4.312500e+03 1.150000e+03 1.916307e-01 3.415861e-02 2.458665e-02 2.299876e-02 6.673321e-02 2.336938e-02 -5.747215e-03 1.971639e-02
3.887500e+03 4.312500e+03 1.150000e+03 1.451412e-01 3.415861e-02 2.412176e-02 2.299876e-02 6.583175e-02 2.336938e-02 8.483905e-03 1.971639e-02
3.987500e+03 4.312500e+03 1.150000e+03 1.846317e-01 3.415861e-02 -1.996003e-02 2.299876e-02 8.315646e-03 2.336938e-02 -1.095685e-02 1.971639e-02
4.087500e+03 4.312500e+03 1.125000e+03 1.075969e-01 3.415861e-02 9.372614e-02 2.299876e-02 2.046640e-02 2.336938e-02 2.234654e-02 1.971639e-02
4.187500e+03 4.312500e+03 1.150000e+03 3.341820e-02 3.415861e-02 5.229675e-02 2.299876e-02 -2.173533e-02 2.336938e-02 7.913920e-03 1.971639e-02
4.287500e+03 4.312500e+03 1.175000e+03 4.261081e-02 3.415861e-02 9.089334e-02 2.299876e-02 -6.238325e-02 2.336938e-02 6.974480e-02 1.971639e-02
4.387500e+03 4.312500e+03 1.175000e+03 6.109235e-02 3.415861e-02 4.340730e-02 2.299876e-02 -9.260416e-02 2.336938e-02 7.275422e-02 1.971639e-02
4.487500e+03 4.312500e+03 1.175000e+03 8.375591e-03 3.415861e-02 3.160848e-02 2.299876e-02 -1.447469e-01 2.336938e-02 5.101422e-02 1.971639e-02
4.587500e+03 4.312500e+03 1.200000e+03 -8.237861e-03 3.415861e-02 3.717484e-02 2.299876e-02 -1.255764e-01 2.336938e-02 9.752631e-03 1.971639e-02
4.687500e+03 4.312500e+03 1.225000e+03 -4.537442e-03 3.415861e-02 2.015968e-02 2.299876e-02 -1.284736e-01 2.336938e-02 2.385877e-02 1.971639e-02
4.787500e+03 4.312500e+03 1.225000e+03 -2.953624e-02 3.415861e-02 -1.338759e-03 2.299876e-02 -8.646170e-02 2.336938e-02 -5.109798e-03 1.971639e-02
4.887500e+03 4.312500e+03 1.250000e+03 -1.731461e-02 3.415861e-02 2.602037e-02 2.299876e-02 -6.940196e-02 2.336938e-02 1.979824e-02 1.971639e-02
4.987500e+03 4.312500e+03 1.250000e+03 -3.244094e-02 3.415861e-02 2.454992e-02 2.299876e-02 -1.123770e-01 2.336938e-02 2.161230e-02 1.971639e-02
5.087500e+03 4.312500e+03 1.250000e+03 -4.523863e-02 3.415861e-02 -6.330641e-03 2.299876e-02 -1.377203e-01 2.336938e-02 4.382509e-02 1.971639e-02
5.187500e+03 4.312500e+03 1.275000e+03 -5.534783e-02 3.415861e-02 -3.018396e-02 2.299876e-02 -4.932231e-02 2.336938e-02 5.299266e-02 1.971639e-02
5.287500e+03 4.312500e+03 1.300000e+03 -7.730276e-02 3.415861e-02 -1.801555e-02 2.299876e-02 -5.231655e-02 2.336938e-02 1.017755e-01 1.971639e-02
5.387500e+03 4.312500e+03 1.350000e+03 -1.252001e-01 3.415861e-02 -1.928672e-02 2.299876e-02 -4.561812e-02 2.336938e-02 6.950899e-02 1.971639e-02
5.487500e+03 4.312500e+03 1.350000e+03 -1.178452e-01 3.415861e-02 -4.276678e-02 2.299876e-02 1.713750e-02 2.336938e-02 7.788403e-02 1.971639e-02
5.587500e+03 4.312500e+03 1.350000e+03 -1.500590e-01 3.415861e-02 -6.933102e-02 2.299876e-02 -3.626843e-02 2.336938e-02 9.923871e-02 1.971639e-02
5.687500e+03 4.312500e+03 1.325000e+03 -1.512196e-01 3.415861e-02 -8.864074e-02 2.299876e-02 -5.811943e-04 2.336938e-02 9.404096e-02 1.971639e-02
5.787500e+03 4.312500e+03 1.300000e+03 -1.808461e-01 3.415861e-02 -9.390760e-02 2.299876e-02 -2.630819e-02 2.336938e-02 1.109594e-01 1.971639e-02
5.887500e+03 4.312500e+03 1.300000e+03 -1.235124e-01 3.415861e-02 -1.404276e-01 2.299876e-02 6.566671e-03 2.336938e-02 1.375799e-01 1.971639e-02
5.987500e+03 4.312500e+03 1.275000e+03 -1.394670e-01 3.415861e-02 -1.646747e-01 2.299876e-02 -2.918040e-02 2.336938e-02 1.948478e-01 1.971639e-02
6.087500e+03 4.312500e+03 1.275000e+03 -2.848854e-01 3.415861e-02 8.265243e-02 2.299876e-02 2.166907e-01 2.336938e-02 4.048139e-02 1.971639e-02
6.187500e+03 4.312500e+03 1.275000e+03 -2.713768e-01 3.415861e-02 5.626370e-02 2.299876e-02 1.865107e-01 2.336938e-02 1.334904e-01 1.971639e-02
6.287500e+03 4.312500e+03 1.325000e+03 -2.176397e-01 3.415861e-02 5.936793e-02 2.299876e-02 1.475390e-01 2.336938e-02 1.043460e-01 1.971639e-02
6.387500e+03 4.312500e+03 1.350000e+03 -1.857010e-01 3.415861e-02 5.931394e-02 2.299876e-02 1.781156e-01 2.336938e-02 6.780359e-02 1.971639e-02
6.487500e+03 4.312500e+03 1.350000e+03 -2.045653e-01 3.415861e-02 1.024823e-01 2.299876e-02 1.571567e-01 2.336938e-02 9.533303e-02 1.971639e-02
6.587500e+03 4.312500e+03 1.350000e+03 -1.703137e-01 3.415861e-02 1.118061e-02 2.299876e-02 9.879368e-02 2.336938e-02 1.167640e-01 1.971639e-02
6.687500e+03 4.312500e+03 1.375000e+03 -8.065376e-02 3.415861e-02 5.483207e-02 2.299876e-02 5.943752e-02 2.336938e-02 1.283577e-01 1.971639e-02
6.787500e+03 4.312500e+03 1.400000e+03 -1.091555e-01 3.415861e-02 4.740208e-02 2.299876e-02 5.632196e-02 2.336938e-02 9.860125e-02 1.971639e-02
6.887500e+03 4.312500e+03 1.400000e+03 -5.681334e-04 3.415861e-02 1.586395e-02 2.299876e-02 1.217384e-01 2.336938e-02 9.920573e-02 1.971639e-02
6.987500e+03 4.312500e+03 1.425000e+03 -8.343587e-02 3.415861e-02 2.883464e-02 2.299876e-02 4.931652e-02 2.336938e-02 1.009763e-01 1.971639e-02
3.487500e+03 4.412500e+03 1.175000e+03 1.220164e-01 3.415861e-02 9.160981e-02 2.299876e-02 5.318199e-02 2.336938e-02 1.244293e-02 1.971639e-02
3.587500e+03 4.412500e+03 1.150000e+03 1.954094e-01 3.415861e-02 1.282497e-01 2.299876e-02 8.289678e-02 2.336938e-02 -5.350315e-03 1.971639e-02
3.687500e+03 4.412500e+03 1.150000e+03 1.773802e-01 3.415861e-02 1.101400e-01 2.299876e-02 1.254728e-01 2.336938e-02 -2.367800e-02 1.971639e-02
3.787500e+03 4.412500e+03 1.125000e+03 1.878977e-01 3.415861e-02 3.656415e-02 2.299876e-02 9.053955e-02 2.336938e-02 -3.280373e-02 1.971639e-02
3.887500e+03 4.412500e+03 1.125000e+03 1.112237e-01 3.415861e-02 6.897590e-02 2.299876e-02 2.997028e-02 2.336938e-02 -4.813260e-03 1.971639e-02
3.987500e+03 4.412500e+03 1.125000e+03 1.236394e-01 3.415861e-02 9.433270e-02 2.299876e-02 2.516792e-02 2.336938e-02 2.492244e-02 1.971639e-02
4.087500e+03 4.412500e+03 1.150000e+03 1.244130e-01 3.415861e-02 1.369642e-01 2.299876e-02 1.636682e-02 2.336938e-02 3.263303e-02 1.971639e-02
4.187500e+03 4.412500e+03 1.150000e+03 8.799115e-02 3.415861e-02 1.089139e-01 2.299876e-02 -3.419158e-04 2.336938e-02 4.136321e-02 1.971639e-02
4.287500e+03 4.412500e+03 1.175000e+03 3.627019e-02 3.415861e-02 1.122958e-01 2.299876e-02 -5.222354e-02 2.336938e-02 5.156330e-02 1.971639e-02
4.387500e+03 4.412500e+03 1.175000e+03 8.697953e-02 3.415861e-02 8.291901e-02 2.299876e-02 -7.256563e-02 2.336938e-02 1.368765e-02 1.971639e-02
4.487500e+03 4.412500e+03 1.200000e+03 -2.298632e-02 3.415861e-02 9.012123e-02 2.299876e-02 -9.772227e-02 2.336938e-02 2.165969e-02 1.971639e-02
4.587500e+03 4.412500e+03 1.225000e+03 -3.287935e-02 3.415861e-02 4.857178e-02 2.299876e-02 -8.112758e-02 2.336938e-02 2.294629e-02 1.971639e-02
4.687500e+03 4.412500e+03 1.225000e+03 3.646355e-02 3.415861e-02 -2.554901e-02 2.299876e-02 -8.724817e-02 2.336938e-02 1.127896e-02 1.971639e-02
4.787500e+03 4.412500e+03 1.250000e+03 -3.596138e-02 3.415861e-02 -1.397686e-02 2.299876e-02 -1.114798e-01 2.336938e-02 -3.488988e-03 1.971639e-02
4.887500e+03 4.412500e+03 1.250000e+03 2.246554e-02 3.415861e-02 2.665108e-02 2.299876e-02 -6.470164e-02 2.336938e-02 4.888932e-02 1.971639e-02
4.987500e+03 4.412500e+03 1.250000e+03 -1.128710e-02 3.415861e-02 8.120254e-03 2.299876e-02 -1.023677e-01 2.336938e-02 2.945823e-02 1.971639e-02
5.087500e+03 4.412500e+03 1.250000e+03 7.217113e-03 3.415861e-02 -1.981602e-02 2.299876e-02 -8.310943e-02 2.336938e-02 3.019895e-03 1.971639e-02
5.187500e+03 4.412500e+03 1.275000e+03 -2.278648e-02 3.415861e-02 -1.501895e-02 2.299876e-02 -6.095808e-02 2.336938e-02 3.103116e-02 1.971639e-02
5.287500e+03 4.412500e+03 1.300000e+03 -8.203293e-02 3.415861e-02 7.860249e-03 2.299876e-02 -4.015651e-02 2.336938e-02 6.294671e-02 1.971639e-02
5.387500e+03 4.412500e+03 1.350000e+03 -5.310293e-02 3.415861e-02 -4.504645e-02 2.299876e-02 -1.140414e-02 2.336938e-02 5.375223e-02 1.971639e-02
5.487500e+03 4.412500e+03 1.375000e+03 -5.845159e-02 3.415861e-02 -2.640206e-02 2.299876e-02 5.588199e-03 2.336938e-02 7.549556e-02 1.971639e-02
5.587500e+03 4.412500e+03 1.375000e+03 -5.657089e-02 3.415861e-02 -4.600283e-02 2.299876e-02 3.435129e-02 2.336938e-02 7.017197e-02 1.971639e-02
5.687500e+03 4.412500e+03 1.350000e+03 -7.736985e-02 3.415861e-02 -4.737587e-02 2.299876e-02 -1.109465e-02 2.336938e-02 5.212696e-02 1.971639e-02
5.787500e+03 4.412500e+03 1.325000e+03 -1.722405e-01 3.415861e-02 -7.907450e-02 2.299876e-02 2.046844e-02 2.336938e-02 6.913682e-02 1.971639e-02
5.887500e+03 4.412500e+03 1.325000e+03 -1.280842e-01 3.415861e-02 -1.104622e-01 2.299876e-02 -1.281867e-02 2.336938e-02 8.345238e-02 1.971639e-02
5.987500e+03 4.412500e+03 1.300000e+03 -1.646434e-01 3.415861e-02 -1.606984e-01 2.299876e-02 3.781870e-02 2.336938e-02 1.766168e-01 1.971639e-02
6.087500e+03 4.412500e+03 1.275000e+03 -7.785208e-02 3.415861e-02 -2.213840e-01 2.299876e-02 -4.764943e-02 2.336938e-02 2.404994e-01 1.971639e-02
6.187500e+03 4.412500e+03 1.275000e+03 -3.623843e-01 3.415861e-02 1.424012e-01 2.299876e-02 2.843271e-01 2.336938e-02 1.693726e-02 1.971639e-02
6.287500e+03 4.412500e+03 1.300000e+03 -2.777690e-01 3.415861e-02 7.267966e-02 2.299876e-02 2.341289e-01 2.336938e-02 9.120821e-02 1.971639e-02
6.387500e+03 4.412500e+03 1.325000e+03 -1.929142e-01 3.415861e-02 6.520676e-02 2.299876e-02 2.022504e-01 2.336938e-02 1.112655e-01 1.971639e-02
6.487500e+03 4.412500e+03 1.325000e+03 -1.837168e-01 3.415861e-02 6.228141e-03 2.299876e-02 1.495504e-01 2.336938e-02 1.238668e-01 1.971639e-02
6.587500e+03 4.412500e+03 1.375000e+03 -1.899706e-01 3.415861e-02 4.375167e-02 2.299876e-02 1.059931e-01 2.336938e-02 9.944096e-02 1.971639e-02
6.687500e+03 4.412500e+03 1.375000e+03 -1.211029e-01 3.415861e-02 -5.823723e-03 2.299876e-02 9.256518e-02 2.336938e-02 1.176891e-01 1.971639e-02
6.787500e+03 4.412500e+03 1.400000e+03 -1.260810e-01 3.415861e-02 -1.607798e-02 2.299876e-02 7.165453e-02 2.336938e-02 1.133003e-01 1.971639e-02
6.887500e+03 4.412500e+03 1.400000e+03 -8.456120e-02 3.415861e-02 1.205735e-02 2.299876e-02 1.130608e-01 2.336938e-02 9.584156e-02 1.971639e-02
6.987500e+03 4.412500e+03 1.425000e+03 -1.086610e-01 3.415861e-02 4.523523e-02 2.299876e-02 8.441535e-02 2.336938e-02 7.764817e-02 1.971639e-02
3.487500e+03 4.512500e+03 1.175000e+03 1.180820e-01 3.415861e-02 1.158867e-01 2.299876e-02 6.373382e-02 2.336938e-02 1.498796e-02 1.971639e-02
3.587500e+03 4.512500e+03 1.175000e+03 7.851332e-02 3.415861e-02 1.206040e-01 2.299876e-02 1.026384e-01 2.336938e-02 1.578587e-02 1.971639e-02
3.687500e+03 4.512500e+03 1.150000e+03 1.880859e-01 3.415861e-02 1.026211e-01 2.299876e-02 1.132779e-01 2.336938e-02 -3.550103e-02 1.971639e-02
3.787500e+03 4.512500e+03 1.125000e+03 1.744090e-01 3.415861e-02 9.256595e-02 2.299876e-02 1.279995e-01 2.336938e-02 -3.258807e-03 1.971639e-02
3.887500e+03 4.512500e+03 1.125000e+03 1.313148e-01 3.415861e-02 1.494295e-01 2.299876e-02 4.762153e-03 2.336938e-02 1.955860e-02 1.971639e-02
3.987500e+03 4.512500e+03 1.125000e+03 1.559526e-01 3.415861e-02 1.177928e-01 2.299876e-02 9.196688e-03 2.336938e-02 4.175569e-02 1.971639e-02
4.087500e+03 4.512500e+03 1.150000e+03 4.722070e-02 3.415861e-02 1.291179e-01 2.299876e-02 2.805249e-03 2.336938e-02 -5.237258e-03 1.971639e-02
4.187500e+03 4.512500e+03 1.150000e+03 1.420367e-01 3.415861e-02 1.417883e-01 2.299876e-02 -2.501559e-02 2.336938e-02 3.223841e-02 1.971639e-02
4.287500e+03 4.512500e+03 1.175000e+03 7.031019e-02 3.415861e-02 1.130996e-01 2.299876e-02 -9.469545e-02 2.336938e-02 4.803062e-02 1.971639e-02
4.387500e+03 4.512500e+03 1.175000e+03 9.094976e-02 3.415861e-02 1.353729e-01 2.299876e-02 -1.046060e-01 2.336938e-02 6.469122e-03 1.971639e-02
4.487500e+03 4.512500e+03 1.200000e+03 7.000051e-02 3.415861e-02 7.899347e-02 2.299876e-02 -1.094033e-01 2.336938e-02 6.814245e-02 1.971639e-02
4.587500e+03 4.512500e+03 1.225000e+03 1.013139e-01 3.415861e-02 9.441032e-02 2.299876e-02 -1.078239e-01 2.336938e-02 -1.640793e-02 1.971639e-02
4.687500e+03 4.512500e+03 1.250000e+03 7.426911e-02 3.415861e-02 4.750992e-02 2.299876e-02 -7.760922e-02 2.336938e-02 1.715048e-02 1.971639e-02
4.787500e+03 4.512500e+03 1.250000e+03 -2.235468e-03 3.415861e-02 1.814861e-02 2.299876e-02 -1.286271e-01 2.336938e-02 -7.657735e-04 1.971639e-02
4.887500e+03 4.512500e+03 1.275000e+03 -1.053060e-02 3.415861e-02 3.778403e-02 2.299876e-02 -1.022942e-01 2.336938e-02 2.703708e-02 1.971639e-02
4.987500e+03 4.512500e+03 1.275000e+03 7.175850e-02 3.415861e-02 5.753688e-02 2.299876e-02 -1.134488e-01 2.336938e-02 3.666028e-02 1.971639e-02
5.087500e+03 4.512500e+03 1.275000e+03 -6.770920e-02 3.415861e-02 5.619518e-03 2.299876e-02 -8.782309e-02 2.336938e-02 4.392137e-02 1.971639e-02
5.187500e+03 4.512500e+03 1.275000e+03 -8.981068e-03 3.415861e-02 -2.775915e-02 2.299876e-02 -8.441518e-02 2.336938e-02 4.891091e-02 1.971639e-02
5.287500e+03 4.512500e+03 1.300000e+03 -3.842512e-03 3.415861e-02 7.319046e-04 2.299876e-02 -6.592263e-02 2.336938e-02 8.244879e-02 1.971639e-02
5.387500e+03 4.512500e+03 1.325000e+03 -6.576686e-02 3.415861e-02 -2.782992e-02 2.299876e-02 9.058210e-03 2.336938e-02 6.342478e-02 1.971639e-02
5.487500e+03 4.512500e+03 1.375000e+03 -4.089017e-02 3.415861e-02 -1.739508e-02 2.299876e-02 -1.783656e-02 2.336938e-02 4.342815e-02 1.971639e-02
5.587500e+03 4.512500e+03 1.375000e+03 -4.724677e-02 3.415861e-02 -1.298858e-02 2.299876e-02 -5.132024e-02 2.336938e-02 3.396199e-02 1.971639e-02
5.687500e+03 4.512500e+03 1.350000e+03 -3.677098e-02 3.415861e-02 -6.942640e-03 2.299876e-02 -9.867179e-03 2.336938e-02 3.876156e-02 1.971639e-02
5.787500e+03 4.512500e+03 1.325000e+03 -5.908017e-02 3.415861e-02 -3.674477e-02 2.299876e-02 -2.569225e-02 2.336938e-02 6.691861e-02 1.971639e-02
5.887500e+03 4.512500e+03 1.325000e+03 -4.393790e-02 3.415861e-02 -4.152010e-02 2.299876e-02 8.016857e-03 2.336938e-02 7.474033e-02 1.971639e-02
5.987500e+03 4.512500e+03 1.300000e+03 -1.022387e-01 3.415861e-02 -9.020325e-02 2.299876e-02 2.761729e-02 2.336938e-02 1.291382e-01 1.971639e-02
6.087500e+03 4.512500e+03 1.300000e+03 -1.103922e-01 3.415861e-02 -1.147811e-01 2.299876e-02 -8.857266e-04 2.336938e-02 1.706730e-01 1.971639e-02
6.187500e+03 4.512500e+03 1.275000e+03 -1.027151e-01 3.415861e-02 -1.757536e-01 2.299876e-02 -3.047072e-02 2.336938e-02 2.593268e-01 1.971639e-02
6.287500e+03 4.512500e+03 1.300000e+03 -2.466912e-01 3.415861e-02 2.422467e-02 2.299876e-02 1.795547e-01 2.336938e-02 1.022839e-01 1.971639e-02
6.387500e+03 4.512500e+03 1.300000e+03 -2.756665e-01 3.415861e-02 3.701308e-02 2.299876e-02 2.049108e-01 2.336938e-02 3.487580e-02 1.971639e-02
6.487500e+03 4.512500e+03 1.325000e+03 -1.821470e-01 3.415861e-02 1.851057e-02 2.299876e-02 1.675049e-01 2.336938e-02 7.161916e-02 1.971639e-02
6.587500e+03 4.512500e+03 1.350000e+03 -1.517448e-01 3.415861e-02 5.796736e-02 2.299876e-02 1.746920e-01 2.336938e-02 1.112029e-01 1.971639e-02
6.687500e+03 4.512500e+03 1.375000e+03 -1.071286e-01 3.415861e-02 1.463470e-02 2.299876e-02 1.179410e-01 2.336938e-02 1.218216e-01 1.971639e-02
6.787500e+03 4.512500e+03 1.375000e+03 -1.348186e-01 3.415861e-02 2.079116e-02 2.299876e-02 1.200013e-01 2.336938e-02 9.271562e-02 1.971639e-02
6.887500e+03 4.512500e+03 1.425000e+03 -6.482837e-02 3.415861e-02 3.828961e-02 2.299876e-02 8.522842e-02 2.336938e-02 9.917501e-02 1.971639e-02
6.987500e+03 4.512500e+03 1.450000e+03 -6.248042e-02 3.415861e-02 3.367675e-03 2.299876e-02 1.002092e-01 2.336938e-02 8.879784e-02 1.971639e-02
3.487500e+03 4.612500e+03 1.175000e+03 7.143494e-02 3.415861e-02 1.223584e-01 2.299876e-02 5.438819e-02 2.336938e-02 8.994538e-03 1.971639e-02
3.587500e+03 4.612500e+03 1.175000e+03 1.440911e-01 3.415861e-02 8.775486e-02 2.299876e-02 9.138974e-02 2.336938e-02 -5.439604e-02 1.971639e-02
3.687500e+03 4.612500e+03 1.150000e+03 1.900623e-01 3.415861e-02 1.141282e-01 2.299876e-02 9.568680e-02 2.336938e-02 -2.976494e-02 1.971639e-02
3.787500e+03 4.612500e+03 1.125000e+03 2.601145e-01 3.415861e-02 1.059890e-01 2.299876e-02 1.448399e-03 2.336938e-02 1.821810e-02 1.971639e-02
3.887500e+03 4.612500e+03 1.125000e+03 1.223172e-01 3.415861e-02 1.383650e-01 2.299876e-02 6.530450e-03 2.336938e-02 5.536279e-03 1.971639e-02
3.987500e+03 4.612500e+03 1.150000e+03 1.324240e-01 3.415861e-02 1.141608e-01 2.299876e-02 3.089545e-02 2.336938e-02 1.420671e-02 1.971639e-02
4.087500e+03 4.612500e+03 1.150000e+03 1.450927e-01 3.415861e-02 1.486274e-01 2.299876e-02 4.181202e-03 2.336938e-02 3.245787e-02 1.971639e-02
4.187500e+03 4.612500e+03 1.175000e+03 2.140967e-01 3.415861e-02 1.363220e-01 2.299876e-02 -1.902689e-02 2.336938e-02 6.105794e-02 1.971639e-02
4.287500e+03 4.612500e+03 1.175000e+03 2.342993e-01 3.415861e-02 1.645501e-01 2.299876e-02 -7.029808e-02 2.336938e-02 3.954833e-02 1.971639e-02
4.387500e+03 4.612500e+03 1.200000e+03 1.805340e-01 3.415861e-02 1.650761e-01 2.299876e-02 -8.910010e-02 2.336938e-02 5.064991e-02 1.971639e-02
4.487500e+03 4.612500e+03 1.200000e+03 8.380395e-02 3.415861e-02 1.950485e-01 2.299876e-02 -1.237200e-01 2.336938e-02 -1.161846e-02 1.971639e-02
4.587500e+03 4.612500e+03 1.225000e+03 1.437471e-01 3.415861e-02 9.692458e-02 2.299876e-02 -1.249075e-01 2.336938e-02 -1.467132e-02 1.971639e-02
4.687500e+03 4.612500e+03 1.250000e+03 4.962577e-02 3.415861e-02 8.474108e-02 2.299876e-02 -1.219247e-01 2.336938e-02 5.219940e-03 1.971639e-02
4.787500e+03 4.612500e+03 1.250000e+03 9.349639e-02 3.415861e-02 1.047695e-01 2.299876e-02 -1.085499e-01 2.336938e-02 3.529543e-02 1.971639e-02
4.887500e+03 4.612500e+03 1.275000e+03 1.503560e-02 3.415861e-02 3.835914e-02 2.299876e-02 -1.264420e-01 2.336938e-02 3.835461e-02 1.971639e-02
4.987500e+03 4.612500e+03 1.275000e+03 8.044720e-04 3.415861e-02 6.485038e-02 2.299876e-02 -1.207850e-01 2.336938e-02 4.753468e-03 1.971639e-02
5.087500e+03 4.612500e+03 1.300000e+03 -2.707587e-03 3.415861e-02 6.485950e-02 2.299876e-02 -7.633553e-02 2.336938e-02 4.363630e-02 1.971639e-02
5.187500e+03 4.612500e+03 1.300000e+03 -1.903002e-02 3.415861e-02 1.855624e-02 2.299876e-02 -6.694291e-02 2.336938e-02 1.598783e-03 1.971639e-02
5.287500e+03 4.612500e+03 1.300000e+03 -7.448710e-03 3.415861e-02 5.377163e-03 2.299876e-02 -5.149265e-02 2.336938e-02 3.152773e-02 1.971639e-02
5.387500e+03 4.612500e+03 1.325000e+03 -2.459236e-02 3.415861e-02 1.227598e-02 2.299876e-02 -6.968168e-02 2.336938e-02 1.885561e-02 1.971639e-02
5.487500e+03 4.612500e+03 1.375000e+03 -9.551413e-04 3.415861e-02 1.191758e-02 2.299876e-02 -7.409288e-03 2.336938e-02 8.649761e-02 1.971639e-02
5.587500e+03 4.612500e+03 1.400000e+03 1.602850e-02 3.415861e-02 3.681875e-03 2.299876e-02 -1.260341e-02 2.336938e-02 8.434565e-02 1.971639e-02
5.687500e+03 4.612500e+03 1.375000e+03 -4.995164e-02 3.415861e-02 1.401992e-02 2.299876e-02 -1.271187e-02 2.336938e-02 6.261793e-02 1.971639e-02
5.787500e+03 4.612500e+03 1.350000e+03 -2.541165e-02 3.415861e-02 -3.290293e-02 2.299876e-02 -1.253533e-02 2.336938e-02 3.912556e-02 1.971639e-02
5.887500e+03 4.612500e+03 1.350000e+03 -3.942787e-02 3.415861e-02 1.778685e-02 2.299876e-02 8.442943e-03 2.336938e-02 7.859991e-02 1.971639e-02
5.987500e+03 4.612500e+03 1.325000e+03 -5.965238e-02 3.415861e-02 -8.056575e-03 2.299876e-02 -6.186697e-03 2.336938e-02 1.261346e-01 1.971639e-02
6.087500e+03 4.612500e+03 1.300000e+03 -2.773612e-02 3.415861e-02 -6.549753e-02 2.299876e-02 1.729436e-02 2.336938e-02 1.077941e-01 1.971639e-02
6.187500e+03 4.612500e+03 1.275000e+03 1.123294e-02 3.415861e-02 -1.110996e-01 2.299876e-02 -1.481584e-02 2.336938e-02 2.220122e-01 1.971639e-02
6.287500e+03 4.612500e+03 1.275000e+03 1.547793e-02 3.415861e-02 -1.665193e-01 2.299876e-02 -7.662541e-02 2.336938e-02 2.615035e-01 1.971639e-02
6.387500e+03 4.612500e+03 1.300000e+03 -2.688668e-01 3.415861e-02 6.011628e-02 2.299876e-02 2.616057e-01 2.336938e-02 4.848587e-02 1.971639e-02
6.487500e+03 4.612500e+03 1.325000e+03 -2.286452e-01 3.415861e-02 3.736723e-02 2.299876e-02 2.158588e-01 2.336938e-02 5.998290e-02 1.971639e-02
6.587500e+03 4.612500e+03 1.325000e+03 -1.921576e-01 3.415861e-02 3.800115e-02 2.299876e-02 1.767230e-01 2.336938e-02 1.228519e-01 1.971639e-02
6.687500e+03 4.612500e+03 1.350000e+03 -9.974528e-02 3.415861e-02 4.685750e-02 2.299876e-02 1.297829e-01 2.336938e-02 1.154000e-01 1.971639e-02
6.787500e+03 4.612500e+03 1.375000e+03 -8.820674e-02 3.415861e-02 9.617675e-03 2.299876e-02 1.386686e-01 2.336938e-02 9.071244e-02 1.971639e-02
6.887500e+03 4.612500e+03 1.400000e+03 -1.036609e-01 3.415861e-02 2.737873e-02 2.299876e-02 8.280200e-02 2.336938e-02 9.877730e-02 1.971639e-02
6.987500e+03 4.612500e+03 1.450000e+03 -1.452551e-01 3.415861e-02 5.141053e-02 2.299876e-02 7.807220e-02 2.336938e-02 8.356684e-02 1.971639e-02
3.487500e+03 4.712500e+03 1.175000e+03 9.699551e-02 3.415861e-02 1.628745e-01 2.299876e-02 6.558510e-02 2.336938e-02 1.471748e-02 1.971639e-02
3.587500e+03 4.712500e+03 1.150000e+03 1.503457e-01 3.415861e-02 1.432032e-01 2.299876e-02 1.089943e-01 2.336938e-02 -1.392840e-02 1.971639e-02
3.687500e+03 4.712500e+03 1.150000e+03 2.209285e-01 3.415861e-02 8.446365e-02 2.299876e-02 1.452863e-01 2.336938e-02 -3.242613e-02 1.971639e-02
3.787500e+03 4.712500e+03 1.125000e+03 2.083447e-01 3.415861e-02 1.789753e-01 2.299876e-02 6.315573e-02 2.336938e-02 -1.439675e-02 1.971639e-02
3.887500e+03 4.712500e+03 1.125000e+03 1.271097e-01 3.415861e-02 1.559456e-01 2.299876e-02 3.294255e-02 2.336938e-02 4.474390e-02 1.971639e-02
3.987500e+03 4.712500e+03 1.150000e+03 1.335073e-01 3.415861e-02 1.486954e-01 2.299876e-02 -4.881680e-03 2.336938e-02 7.820913e-02 1.971639e-02
4.087500e+03 4.712500e+03 1.175000e+03 1.919906e-01 3.415861e-02 1.882691e-01 2.299876e-02 -3.755697e-02 2.336938e-02 5.227269e-02 1.971639e-02
4.187500e+03 4.712500e+03 1.175000e+03 1.687424e-01 3.415861e-02 1.757548e-01 2.299876e-02 -2.605382e-02 2.336938e-02 3.240208e-02 1.971639e-02
4.287500e+03 4.712500e+03 1.175000e+03 1.748534e-01 3.415861e-02 1.709459e-01 2.299876e-02 -8.940360e-02 2.336938e-02 3.609252e-02 1.971639e-02
4.387500e+03 4.712500e+03 1.200000e+03 1.568106e-01 3.415861e-02 2.051756e-01 2.299876e-02 -1.191258e-01 2.336938e-02 4.269956e-02 1.971639e-02
4.487500e+03 4.712500e+03 1.225000e+03 1.674554e-01 3.415861e-02 1.337220e-01 2.299876e-02 -1.312093e-01 2.336938e-02 -1.936195e-02 1.971639e-02
4.587500e+03 4.712500e+03 1.250000e+03 1.121439e-01 3.415861e-02 2.049053e-01 2.299876e-02 -1.044588e-01 2.336938e-02 2.463843e-02 1.971639e-02
4.687500e+03 4.712500e+03 1.250000e+03 1.003541e-01 3.415861e-02 1.242746e-01 2.299876e-02 -1.424087e-01 2.336938e-02 2.280193e-02 1.971639e-02
4.787500e+03 4.712500e+03 1.250000e+03 6.909344e-02 3.415861e-02 8.817054e-02 2.299876e-02 -1.514442e-01 2.336938e-02 4.974852e-02 1.971639e-02
4.887500e+03 4.712500e+03 1.275000e+03 6.418629e-02 3.415861e-02 6.230255e-02 2.299876e-02 -1.079661e-01 2.336938e-02 -1.740902e-02 1.971639e-02
4.987500e+03 4.712500e+03 1.275000e+03 8.660746e-02 3.415861e-02 1.002492e-01 2.299876e-02 -1.233695e-01 2.336938e-02 -2.448360e-02 1.971639e-02
5.087500e+03 4.712500e+03 1.300000e+03 6.369882e-02 3.415861e-02 2.654432e-02 2.299876e-02 -8.140178e-02 2.336938e-02 5.854121e-03 1.971639e-02
5.187500e+03 4.712500e+03 1.300000e+03 4.702521e-02 3.415861e-02 6.647356e-02 2.299876e-02 -1.055886e-01 2.336938e-02 3.872154e-02 1.971639e-02
5.287500e+03 4.712500e+03 1.300000e+03 9.421368e-03 3.415861e-02 1.465203e-02 2.299876e-02 -1.708623e-02 2.336938e-02 4.955749e-02 1.971639e-02
5.387500e+03 4.712500e+03 1.325000e+03 -3.091405e-02 3.415861e-02 -9.439110e-04 2.299876e-02 -1.536294e-02 2.336938e-02 3.659449e-02 1.971639e-02
5.487500e+03 4.712500e+03 1.350000e+03 -1.495338e-02 3.415861e-02 6.560328e-02 2.299876e-02 -4.041137e-02 2.336938e-02 5.533644e-02 1.971639e-02
5.587500e+03 4.712500e+03 1.400000e+03 9.349499e-02 3.415861e-02 5.178900e-02 2.299876e-02 -1.867865e-02 2.336938e-02 3.671559e-02 1.971639e-02
5.687500e+03 4.712500e+03 1.400000e+03 -1.989890e-02 3.415861e-02 6.084029e-02 2.299876e-02 -1.136602e-03 2.336938e-02 4.555351e-02 1.971639e-02
5.787500e+03 4.712500e+03 1.350000e+03 3.919875e-02 3.415861e-02 7.328182e-02 2.299876e-02 1.732001e-02 2.336938e-02 2.322144e-02 1.971639e-02
5.887500e+03 4.712500e+03 1.350000e+03 -5.391975e-03 3.415861e-02 3.964474e-02 2.299876e-02 -2.414949e-02 2.336938e-02 6.272734e-02 1.971639e-02
5.987500e+03 4.712500e+03 1.325000e+03 3.217294e-03 3.415861e-02 -6.405885e-04 2.299876e-02 -4.851797e-03 2.336938e-02 4.660572e-02 1.971639e-02
6.087500e+03 4.712500e+03 1.325000e+03 -3.885395e-02 3.415861e-02 -1.779414e-02 2.299876e-02 1.053755e-02 2.336938e-02 8.748167e-02 1.971639e-02
6.187500e+03 4.712500e+03 1.300000e+03 1.570397e-02 3.415861e-02 1.741129e-03 2.299876e-02 -1.385390e-02 2.336938e-02 1.376359e-01 1.971639e-02
6.287500e+03 4.712500e+03 1.300000e+03 1.159786e-01 3.415861e-02 9.582472e-03 2.299876e-02 -2.036074e-02 2.336938e-02 2.157973e-01 1.971639e-02
6.387500e+03 4.712500e+03 1.300000e+03 -1.901330e-01 3.415861e-02 9.651523e-02 2.299876e-02 2.272305e-01 2.336938e-02 8.045189e-02 1.971639e-02
6.487500e+03 4.712500e+03 1.350000e+03 -1.468297e-01 3.415861e-02 8.961378e-02 2.299876e-02 1.984410e-01 2.336938e-02 4.391373e-02 1.971639e-02
6.587500e+03 4.712500e+03 1.350000e+03 -1.951441e-01 3.415861e-02 7.015953e-02 2.299876e-02 1.469294e-01 2.336938e-02 6.075580e-02 1.971639e-02
6.687500e+03 4.712500e+03 1.375000e+03 -1.176458e-01 3.415861e-02 6.622340e-02 2.299876e-02 1.502747e-01 2.336938e-02 1.068167e-01 1.971639e-02
6.787500e+03 4.712500e+03 1.375000e+03 -7.626151e-02 3.415861e-02 3.680975e-02 2.299876e-02 1.512307e-01 2.336938e-02 1.159203e-01 1.971639e-02
6.887500e+03 4.712500e+03 1.400000e+03 -8.617660e-02 3.415861e-02 4.849503e-02 2.299876e-02 1.311030e-01 2.336938e-02 7.624810e-02 1.971639e-02
6.987500e+03 4.712500e+03 1.425000e+03 -6.294349e-02 3.415861e-02 1.299462e-02 2.299876e-02 1.099162e-01 2.336938e-02 7.882283e-02 1.971639e-02
3.487500e+03 4.812500e+03 1.175000e+03 1.439607e-01 3.415861e-02 1.653542e-01 2.299876e-02 1.177167e-01 2.336938e-02 4.826144e-02 1.971639e-02
3.587500e+03 4.812500e+03 1.150000e+03 2.077946e-01 3.415861e-02 1.390455e-01 2.299876e-02 1.236900e-01 2.336938e-02 9.823108e-03 1.971639e-02
3.687500e+03 4.812500e+03 1.125000e+03 2.158670e-01 3.415861e-02 1.183529e-01 2.299876e-02 1.175128e-01 2.336938e-02 3.738116e-03 1.971639e-02
3.787500e+03 4.812500e+03 1.125000e+03 1.939711e-01 3.415861e-02 1.232657e-01 2.299876e-02 5.255832e-02 2.336938e-02 1.778471e-03 1.971639e-02
3.887500e+03 4.812500e+03 1.125000e+03 1.846970e-01 3.415861e-02 1.624211e-01 2.299876e-02 2.360680e-02 2.336938e-02 4.140302e-02 1.971639e-02
3.987500e+03 4.812500e+03 1.150000e+03 2.085090e-01 3.415861e-02 1.736325e-01 2.299876e-02 1.307335e-02 2.336938e-02 3.640421e-02 1.971639e-02
4.087500e+03 4.812500e+03 1.175000e+03 9.891190e-02 3.415861e-02 1.679387e-01 2.299876e-02 3.833079e-04 2.336938e-02 4.673878e-02 1.971639e-02
4.187500e+03 4.812500e+03 1.175000e+03 1.775454e-01 3.415861e-02 1.587981e-01 2.299876e-02 -7.218987e-02 2.336938e-02 2.270310e-02 1.971639e-02
4.287500e+03 4.812500e+03 1.175000e+03 2.305826e-01 3.415861e-02 2.057089e-01 2.299876e-02 -9.013360e-02 2.336938e-02 2.781288e-02 1.971639e-02
4.387500e+03 4.812500e+03 1.200000e+03 2.077136e-01 3.415861e-02 1.874586e-01 2.299876e-02 -1.323358e-01 2.336938e-02 4.610291e-02 1.971639e-02
4.487500e+03 4.812500e+03 1.250000e+03 1.591556e-01 3.415861e-02 1.203894e-01 2.299876e-02 -1.485041e-01 2.336938e-02 3.936800e-02 1.971639e-02
4.587500e+03 4.812500e+03 1.250000e+03 1.442108e-01 3.415861e-02 1.470520e-01 2.299876e-02 -1.505547e-01 2.336938e-02 1.486418e-02 1.971639e-02
4.687500e+03 4.812500e+03 1.275000e+03 1.316393e-01 3.415861e-02 1.369169e-01 2.299876e-02 -1.439951e-01 2.336938e-02 -3.589388e-03 1.971639e-02
4.787500e+03 4.812500e+03 1.275000e+03 6.115989e-02 3.415861e-02 9.199969e-02 2.299876e-02 -1.363338e-01 2.336938e-02 2.606467e-02 1.971639e-02
4.887500e+03 4.812500e+03 1.275000e+03 8.947911e-02 3.415861e-02 1.149535e-01 2.299876e-02 -1.002527e-01 2.336938e-02 4.506885e-02 1.971639e-02
4.987500e+03 4.812500e+03 1.275000e+03 1.273618e-01 3.415861e-02 9.748199e-02 2.299876e-02 -1.301863e-01 2.336938e-02 3.580436e-02 1.971639e-02
5.087500e+03 4.812500e+03 1.275000e+03 -1.472125e-03 3.415861e-02 5.991856e-02 2.299876e-02 -7.188140e-02 2.336938e-02 4.780108e-03 1.971639e-02
5.187500e+03 4.812500e+03 1.275000e+03 1.870381e-02 3.415861e-02 5.566896e-02 2.299876e-02 -5.206047e-02 2.336938e-02 1.038466e-02 1.971639e-02
5.287500e+03 4.812500e+03 1.275000e+03 6.766853e-02 3.415861e-02 8.424400e-02 2.299876e-02 -4.470282e-03 2.336938e-02 6.196130e-02 1.971639e-02
5.387500e+03 4.812500e+03 1.300000e+03 5.009109e-02 3.415861e-02 3.551156e-02 2.299876e-02 -2.142700e-02 2.336938e-02 6.715480e-02 1.971639e-02
5.487500e+03 4.812500e+03 1.350000e+03 1.128891e-01 3.415861e-02 4.287527e-02 2.299876e-02 -5.858604e-02 2.336938e-02 9.492178e-02 1.971639e-02
5.587500e+03 4.812500e+03 1.375000e+03 3.895515e-02 3.415861e-02 3.013309e-02 2.299876e-02 -1.469501e-02 2.336938e-02 7.909612e-02 1.971639e-02
5.687500e+03 4.812500e+03 1.400000e+03 8.764622e-02 3.415861e-02 6.835872e-02 2.299876e-02 7.294802e-05 2.336938e-02 4.732695e-02 1.971639e-02
5.787500e+03 4.812500e+03 1.375000e+03 8.103279e-02 3.415861e-02 6.003898e-02 2.299876e-02 -1.571325e-02 2.336938e-02 4.768708e-02 1.971639e-02
5.887500e+03 4.812500e+03 1.350000e+03 1.282873e-01 3.415861e-02 9.630891e-02 2.299876e-02 7.084162e-03 2.336938e-02 5.220743e-02 1.971639e-02
5.987500e+03 4.812500e+03 1.350000e+03 9.191948e-02 3.415861e-02 1.037119e-01 2.299876e-02 4.521107e-02 2.336938e-02 5.231306e-02 1.971639e-02
6.087500e+03 4.812500e+03 1.350000e+03 1.009802e-01 3.415861e-02 3.532547e-02 2.299876e-02 -1.829072e-02 2.336938e-02 7.129694e-02 1.971639e-02
6.187500e+03 4.812500e+03 1.325000e+03 7.764349e-02 3.415861e-02 4.026116e-02 2.299876e-02 -2.684431e-02 2.336938e-02 8.432548e-02 1.971639e-02
6.287500e+03 4.812500e+03 1.300000e+03 1.914303e-01 3.415861e-02 5.174896e-02 2.299876e-02 -6.534928e-02 2.336938e-02 1.688770e-01 1.971639e-02
6.387500e+03 4.812500e+03 1.300000e+03 1.651302e-01 3.415861e-02 3.850060e-02 2.299876e-02 -3.575299e-02 2.336938e-02 1.598824e-01 1.971639e-02
6.487500e+03 4.812500e+03 1.325000e+03 -1.087964e-01 3.415861e-02 4.809120e-02 2.299876e-02 2.449371e-01 2.336938e-02 1.079871e-02 1.971639e-02
6.587500e+03 4.812500e+03 1.350000e+03 -1.315703e-01 3.415861e-02 7.263284e-02 2.299876e-02 1.807548e-01 2.336938e-02 6.268008e-02 1.971639e-02
6.687500e+03 4.812500e+03 1.375000e+03 -1.637059e-01 3.415861e-02 4.856253e-02 2.299876e-02 1.211614e-01 2.336938e-02 8.642370e-02 1.971639e-02
6.787500e+03 4.812500e+03 1.400000e+03 -1.942484e-01 3.415861e-02 2.260374e-02 2.299876e-02 9.833414e-02 2.336938e-02 6.311912e-02 1.971639e-02
6.887500e+03 4.812500e+03 1.400000e+03 -1.467965e-01 3.415861e-02 5.270707e-02 2.299876e-02 9.968467e-02 2.336938e-02 5.550071e-02 1.971639e-02
6.987500e+03 4.812500e+03 1.425000e+03 -1.109066e-01 3.415861e-02 5.259666e-02 2.299876e-02 7.254137e-02 2.336938e-02 6.782566e-02 1.971639e-02
3.487500e+03 4.912500e+03 1.175000e+03 2.332594e-01 3.415861e-02 1.475859e-01 2.299876e-02 1.369501e-01 2.336938e-02 9.157641e-03 1.971639e-02
3.587500e+03 4.912500e+03 1.125000e+03 2.237797e-01 3.415861e-02 1.320174e-01 2.299876e-02 1.257299e-01 2.336938e-02 2.889207e-02 1.971639e-02
3.687500e+03 4.912500e+03 1.125000e+03 2.235564e-01 3.415861e-02 1.002775e-01 2.299876e-02 5.676692e-02 2.336938e-02 6.313020e-02 1.971639e-02
3.787500e+03 4.912500e+03 1.125000e+03 1.446785e-01 3.415861e-02 1.292806e-01 2.299876e-02 1.093116e-01 2.336938e-02 4.399038e-02 1.971639e-02
3.887500e+03 4.912500e+03 1.125000e+03 1.827519e-01 3.415861e-02 1.832025e-01 2.299876e-02 4.960906e-03 2.336938e-02 3.791456e-02 1.971639e-02
3.987500e+03 4.912500e+03 1.150000e+03 1.329752e-01 3.415861e-02 2.124317e-01 2.299876e-02 2.823593e-02 2.336938e-02 5.651865e-02 1.971639e-02
4.087500e+03 4.912500e+03 1.175000e+03 1.479280e-01 3.415861e-02 1.867718e-01 2.299876e-02 -3.742962e-02 2.336938e-02 5.911030e-02 1.971639e-02
4.187500e+03 4.912500e+03 1.175000e+03 1.424928e-01 3.415861e-02 1.744308e-01 2.299876e-02 -3.117971e-02 2.336938e-02 7.738704e-02 1.971639e-02
4.287500e+03 4.912500e+03 1.200000e+03 1.674470e-01 3.415861e-02 2.541051e-01 2.299876e-02 -1.224143e-01 2.336938e-02 6.786275e-02 1.971639e-02
4.387500e+03 4.912500e+03 1.200000e+03 1.624928e-01 3.415861e-02 1.636286e-01 2.299876e-02 -9.697438e-02 2.336938e-02 2.197846e-02 1.971639e-02
4.487500e+03 4.912500e+03 1.225000e+03 1.443331e-01 3.415861e-02 2.052566e-01 2.299876e-02 -1.023255e-01 2.336938e-02 3.408928e-02 1.971639e-02
4.587500e+03 4.912500e+03 1.250000e+03 1.745921e-01 3.415861e-02 1.808188e-01 2.299876e-02 -1.160166e-01 2.336938e-02 2.072743e-02 1.971639e-02
4.687500e+03 4.912500e+03 1.275000e+03 1.360809e-01 3.415861e-02 2.028791e-01 2.299876e-02 -1.498255e-01 2.336938e-02 7.138872e-02 1.971639e-02
4.787500e+03 4.912500e+03 1.300000e+03 9.143137e-02 3.415861e-02 1.669640e-01 2.299876e-02 -1.189288e-01 2.336938e-02 4.037802e-02 1.971639e-02
4.887500e+03 4.912500e+03 1.300000e+03 1.438892e-01 3.415861e-02 1.699252e-01 2.299876e-02 -1.184921e-01 2.336938e-02 3.990615e-02 1.971639e-02
4.987500e+03 4.912500e+03 1.275000e+03 7.863074e-02 3.415861e-02 1.519640e-01 2.299876e-02 -1.424826e-01 2.336938e-02 -2.092554e-02 1.971639e-02
5.087500e+03 4.912500e+03 1.275000e+03 1.741394e-01 3.415861e-02 1.022829e-01 2.299876e-02 -1.054103e-01 2.336938e-02 -4.369076e-02 1.971639e-02
5.187500e+03 4.912500e+03 1.275000e+03 1.539758e-01 3.415861e-02 1.139765e-01 2.299876e-02 -5.833373e-02 2.336938e-02 4.680563e-02 1.971639e-02
5.287500e+03 4.912500e+03 1.275000e+03 8.150835e-02 3.415861e-02 3.883824e-02 2.299876e-02 -3.989635e-02 2.336938e-02 2.678137e-02 1.971639e-02
5.387500e+03 4.912500e+03 1.300000e+03 7.882398e-02 3.415861e-02 5.215631e-02 2.299876e-02 1.746283e-02 2.336938e-02 6.657060e-02 1.971639e-02
5.487500e+03 4.912500e+03 1.325000e+03 1.038314e-01 3.415861e-02 4.677823e-02 2.299876e-02 -1.733446e-02 2.336938e-02 3.865503e-02 1.971639e-02
5.587500e+03 4.912500e+03 1.350000e+03 1.483824e-01 3.415861e-02 4.004321e-02 2.299876e-02 1.697334e-03 2.336938e-02 6.101171e-02 1.971639e-02
5.687500e+03 4.912500e+03 1.375000e+03 1.714027e-01 3.415861e-02 9.652558e-02 2.299876e-02 -5.172010e-02 2.336938e-02 6.144529e-02 1.971639e-02
5.787500e+03 4.912500e+03 1.400000e+03 1.056688e-01 3.415861e-02 8.947247e-02 2.299876e-02 1.994692e-02 2.336938e-02 1.193457e-02 1.971639e-02
5.887500e+03 4.912500e+03 1.375000e+03 1.000301e-01 3.415861e-02 1.078855e-01 2.299876e-02 1.446131e-02 2.336938e-02 5.061073e-02 1.971639e-02
5.987500e+03 4.912500e+03 1.375000e+03 6.589719e-02 3.415861e-02 1.341077e-01 2.299876e-02 1.010779e-02 2.336938e-02 3.722360e-02 1.971639e-02
6.087500e+03 4.912500e+03 1.350000e+03 1.212342e-01 3.415861e-02 1.379131e-01 2.299876e-02 -2.292581e-03 2.336938e-02 4.756359e-02 1.971639e-02
6.187500e+03 4.912500e+03 1.350000e+03 1.098673e-01 3.415861e-02 1.090086e-01 2.299876e-02 -1.017109e-02 2.336938e-02 1.013245e-01 1.971639e-02
6.287500e+03 4.912500e+03 1.325000e+03 1.692078e-01 3.415861e-02 8.349196e-02 2.299876e-02 -8.219494e-02 2.336938e-02 1.146626e-01 1.971639e-02
6.387500e+03 4.912500e+03 1.300000e+03 2.636416e-01 3.415861e-02 1.158858e-01 2.299876e-02 -8.153215e-02 2.336938e-02 1.674158e-01 1.971639e-02
6.487500e+03 4.912500e+03 1.325000e+03 -3.886126e-02 3.415861e-02 1.148836e-01 2.299876e-02 2.217675e-01 2.336938e-02 4.158547e-04 1.971639e-02
6.587500e+03 4.912500e+03 1.325000e+03 -8.867363e-02 3.415861e-02 7.336145e-02 2.299876e-02 1.884535e-01 2.336938e-02 5.571091e-02 1.971639e-02
6.687500e+03 4.912500e+03 1.350000e+03 -1.287288e-01 3.415861e-02 5.257754e-02 2.299876e-02 1.572578e-01 2.336938e-02 2.929338e-02 1.971639e-02
6.787500e+03 4.912500e+03 1.400000e+03 -1.216589e-01 3.415861e-02 2.930714e-02 2.299876e-02 1.182497e-01 2.336938e-02 1.091861e-01 1.971639e-02
6.887500e+03 4.912500e+03 1.425000e+03 -6.366780e-02 3.415861e-02 3.144346e-02 2.299876e-02 1.265224e-01 2.336938e-02 5.588698e-02 1.971639e-02
6.987500e+03 4.912500e+03 1.450000e+03 -2.308991e-02 3.415861e-02 2.473354e-02 2.299876e-02 9.705029e-02 2.336938e-02 7.081004e-02 1.971639e-02
3.487500e+03 5.012500e+03 1.150000e+03 1.916915e-01 3.415861e-02 1.391292e-01 2.299876e-02 1.067498e-01 2.336938e-02 2.454747e-02 1.971639e-02
3.587500e+03 5.012500e+03 1.125000e+03 3.089851e-01 3.415861e-02 1.353425e-01 2.299876e-02 1.197950e-01 2.336938e-02 4.634607e-02 1.971639e-02
3.687500e+03 5.012500e+03 1.125000e+03 2.221634e-01 3.415861e-02 1.594694e-01 2.299876e-02 1.021849e-01 2.336938e-02 2.743466e-02 1.971639e-02
3.787500e+03 5.012500e+03 1.125000e+03 1.664206e-01 3.415861e-02 1.918181e-01 2.299876e-02 1.069083e-01 2.336938e-02 2.564978e-02 1.971639e-02
3.887500e+03 5.012500e+03 1.150000e+03 1.374977e-01 3.415861e-02 1.822330e-01 2.299876e-02 4.921011e-02 2.336938e-02 3.978621e-02 1.971639e-02
3.987500e+03 5.012500e+03 1.175000e+03 1.070388e-01 3.415861e-02 2.020736e-01 2.299876e-02 2.126980e-02 2.336938e-02 4.999332e-02 1.971639e-02
4.087500e+03 5.012500e+03 1.175000e+03 1.425058e-01 3.415861e-02 2.190362e-01 2.299876e-02 -3.636340e-02 2.336938e-02 6.794184e-02 1.971639e-02
4.187500e+03 5.012500e+03 1.200000e+03 1.166637e-01 3.415861e-02 2.177682e-01 2.299876e-02 -8.033004e-02 2.336938e-02 3.410680e-02 1.971639e-02
4.287500e+03 5.012500e+03 1.200000e+03 1.056458e-01 3.415861e-02 1.880006e-01 2.299876e-02 -6.179954e-02 2.336938e-02 5.386379e-02 1.971639e-02
4.387500e+03 5.012500e+03 1.225000e+03 1.619700e-01 3.415861e-02 2.122157e-01 2.299876e-02 -8.651467e-02 2.336938e-02 6.598727e-02 1.971639e-02
4.487500e+03 5.012500e+03 1.225000e+03 2.236928e-01 3.415861e-02 1.661897e-01 2.299876e-02 -1.035061e-01 2.336938e-02 6.138218e-02 1.971639e-02
4.587500e+03 5.012500e+03 1.250000e+03 1.572627e-01 3.415861e-02 1.952399e-01 2.299876e-02 -1.340293e-01 2.336938e-02 5.614502e-02 1.971639e-02
4.687500e+03 5.012500e+03 1.275000e+03 1.808263e-01 3.415861e-02 1.920154e-01 2.299876e-02 -1.425659e-01 2.336938e-02 5.021446e-02 1.971639e-02
4.787500e+03 5.012500e+03 1.300000e+03 1.433563e-01 3.415861e-02 2.102555e-01 2.299876e-02 -1.043893e-01 2.336938e-02 8.744387e-02 1.971639e-02
4.887500e+03 5.012500e+03 1.300000e+03 1.375797e-01 3.415861e-02 1.512798e-01 2.299876e-02 -7.489745e-02 2.336938e-02 8.873178e-02 1.971639e-02
4.987500e+03 5.012500e+03 1.300000e+03 1.770712e-01 3.415861e-02 1.414352e-01 2.299876e-02 -8.973933e-02 2.336938e-02 -2.871675e-03 1.971639e-02
5.087500e+03 5.012500e+03 1.275000e+03 1.913235e-01 3.415861e-02 1.456713e-01 2.299876e-02 -7.073234e-02 2.336938e-02 3.913992e-02 1.971639e-02
5.187500e+03 5.012500e+03 1.275000e+03 2.078478e-01 3.415861e-02 1.589588e-01 2.299876e-02 -8.595550e-02 2.336938e-02 5.464452e-02 1.971639e-02
5.287500e+03 5.012500e+03 1.275000e+03 1.749762e-01 3.415861e-02 1.554713e-01 2.299876e-02 -3.866166e-02 2.336938e-02 3.085372e-02 1.971639e-02
5.387500e+03 5.012500e+03 1.300000e+03 1.868804e-01 3.415861e-02 1.133928e-01 2.299876e-02 -3.401992e-02 2.336938e-02 1.655057e-02 1.971639e-02
5.487500e+03 5.012500e+03 1.300000e+03 2.092469e-01 3.415861e-02 1.038712e-01 2.299876e-02 -4.160013e-02 2.336938e-02 5.466413e-02 1.971639e-02
5.587500e+03 5.012500e+03 1.325000e+03 1.816230e-01 3.415861e-02 1.273612e-01 2.299876e-02 -5.716532e-02 2.336938e-02 7.018906e-02 1.971639e-02
5.687500e+03 5.012500e+03 1.325000e+03 2.086870e-01 3.415861e-02 1.369609e-01 2.299876e-02 7.361328e-03 2.336938e-02 6.106379e-02 1.971639e-02
5.787500e+03 5.012500e+03 1.375000e+03 1.727144e-01 3.415861e-02 9.899919e-02 2.299876e-02 -2.997357e-02 2.336938e-02 4.668561e-02 1.971639e-02
5.887500e+03 5.012500e+03 1.400000e+03 1.591500e-01 3.415861e-02 1.207945e-01 2.299876e-02 -3.123728e-02 2.336938e-02 2.741965e-02 1.971639e-02
5.987500e+03 5.012500e+03 1.400000e+03 1.535924e-01 3.415861e-02 1.242550e-01 2.299876e-02 -1.057738e-02 2.336938e-02 5.967569e-02 1.971639e-02
6.087500e+03 5.012500e+03 1.375000e+03 2.158279e-01 3.415861e-02 9.779396e-02 2.299876e-02 6.555770e-03 2.336938e-02 3.101335e-02 1.971639e-02
6.187500e+03 5.012500e+03 1.375000e+03 1.560498e-01 3.415861e-02 1.382169e-01 2.299876e-02 -4.248963e-02 2.336938e-02 2.124418e-02 1.971639e-02
6.287500e+03 5.012500e+03 1.350000e+03 1.761437e-01 3.415861e-02 1.363371e-01 2.299876e-02 -6.904673e-02 2.336938e-02 9.184727e-02 1.971639e-02
6.387500e+03 5.012500e+03 1.325000e+03 2.358796e-01 3.415861e-02 6.721611e-02 2.299876e-02 -7.883783e-02 2.336938e-02 1.047333e-01 1.971639e-02
6.487500e+03 5.012500e+03 1.300000e+03 -1.310329e-01 3.415861e-02 1.642829e-01 2.299876e-02 1.956214e-01 2.336938e-02 -2.319313e-02 1.971639e-02
6.587500e+03 5.012500e+03 1.325000e+03 -1.051678e-01 3.415861e-02 9.946482e-02 2.299876e-02 1.870779e-01 2.336938e-02 2.777727e-02 1.971639e-02
6.687500e+03 5.012500e+03 1.350000e+03 -1.105328e-01 3.415861e-02 5.903958e-02 2.299876e-02 1.313792e-01 2.336938e-02 6.467883e-02 1.971639e-02
6.787500e+03 5.012500e+03 1.375000e+03 -5.828121e-02 3.415861e-02 5.182474e-03 2.299876e-02 1.543757e-01 2.336938e-02 8.119516e-02 1.971639e-02
6.887500e+03 5.012500e+03 1.375000e+03 -9.311854e-03 3.415861e-02 -2.124644e-02 2.299876e-02 1.208745e-01 2.336938e-02 7.200917e-02 1.971639e-02
6.987500e+03 5.012500e+03 1.400000e+03 -8.304944e-02 3.415861e-02 1.941504e-02 2.299876e-02 8.129017e-02 2.336938e-02 6.453338e-02 1.971639e-02
3.487500e+03 5.112500e+03 1.150000e+03 2.101745e-01 3.415861e-02 1.404201e-01 2.299876e-02 1.471940e-01 2.336938e-02 1.526571e-02 1.971639e-02
3.587500e+03 5.112500e+03 1.125000e+03 1.940672e-01 3.415861e-02 1.704762e-01 2.299876e-02 1.162998e-01 2.336938e-02 4.681483e-02 1.971639e-02
3.687500e+03 5.112500e+03 1.125000e+03 1.121860e-01 3.415861e-02 1.679897e-01 2.299876e-02 8.131587e-02 2.336938e-02 7.264077e-02 1.971639e-02
3.787500e+03 5.112500e+03 1.150000e+03 1.624728e-01 3.415861e-02 1.736978e-01 2.299876e-02 4.494056e-02 2.336938e-02 4.476269e-02 1.971639e-02
3.887500e+03 5.112500e+03 1.150000e+03 1.467345e-01 3.415861e-02 2.089810e-01 2.299876e-02 1.141269e-03 2.336938e-02 7.890893e-02 1.971639e-02
3.987500e+03 5.112500e+03 1.175000e+03 1.302300e-01 3.415861e-02 1.649093e-01 2.299876e-02 2.163510e-02 2.336938e-02 8.396977e-02 1.971639e-02
4.087500e+03 5.112500e+03 1.200000e+03 1.727919e-01 3.415861e-02 2.021733e-01 2.299876e-02 -2.372783e-02 2.336938e-02 5.779898e-02 1.971639e-02
4.187500e+03 5.112500e+03 1.200000e+03 1.086190e-01 3.415861e-02 1.825124e-01 2.299876e-02 -3.804936e-02 2.336938e-02 6.799734e-02 1.971639e-02
4.287500e+03 5.112500e+03 1.200000e+03 1.751371e-01 3.415861e-02 1.665851e-01 2.299876e-02 -6.799972e-02 2.336938e-02 5.794187e-02 1.971639e-02
4.387500e+03 5.112500e+03 1.200000e+03 1.748056e-01 3.415861e-02 2.161406e-01 2.299876e-02 -4.275751e-02 2.336938e-02 5.078399e-02 1.971639e-02
4.487500e+03 5.112500e+03 1.225000e+03 1.344948e-01 3.415861e-02 2.366490e-01 2.299876e-02 -1.583834e-01 2.336938e-02 1.204245e-01 1.971639e-02
4.587500e+03 5.112500e+03 1.275000e+03 2.077963e-01 3.415861e-02 1.964865e-01 2.299876e-02 -1.034031e-01 2.336938e-02 5.014302e-02 1.971639e-02
4.687500e+03 5.112500e+03 1.300000e+03 2.218610e-01 3.415861e-02 1.874168e-01 2.299876e-02 -1.155988e-01 2.336938e-02 5.567168e-02 1.971639e-02
4.787500e+03 5.112500e+03 1.300000e+03 1.586665e-01 3.415861e-02 1.750878e-01 2.299876e-02 -8.393849e-02 2.336938e-02 7.561642e-02 1.971639e-02
4.887500e+03 5.112500e+03 1.325000e+03 2.220883e-01 3.415861e-02 1.884157e-01 2.299876e-02 -1.161323e-01 2.336938e-02 3.104296e-02 1.971639e-02
4.987500e+03 5.112500e+03 1.325000e+03 2.113926e-01 3.415861e-02 1.509673e-01 2.299876e-02 -6.348197e-02 2.336938e-02 -1.774369e-03 1.971639e-02
5.087500e+03 5.112500e+03 1.300000e+03 2.157440e-01 3.415861e-02 1.538571e-01 2.299876e-02 -1.801437e-02 2.336938e-02 1.199268e-02 1.971639e-02
5.187500e+03 5.112500e+03 1.275000e+03 3.065706e-01 3.415861e-02 1.927991e-01 2.299876e-02 -3.222224e-02 2.336938e-02 3.608918e-02 1.971639e-02
5.287500e+03 5.112500e+03 1.275000e+03 2.658539e-01 3.415861e-02 2.080414e-01 2.299876e-02 2.392787e-02 2.336938e-02 -1.200838e-02 1.971639e-02
5.387500e+03 5.112500e+03 1.275000e+03 2.668129e-01 3.415861e-02 1.687381e-01 2.299876e-02 5.941505e-03 2.336938e-02 2.947582e-02 1.971639e-02
5.487500e+03 5.112500e+03 1.300000e+03 2.664996e-01 3.415861e-02 1.417836e-01 2.299876e-02 8.617040e-03 2.336938e-02 -4.919193e-03 1.971639e-02
5.587500e+03 5.112500e+03 1.300000e+03 3.051494e-01 3.415861e-02 1.583752e-01 2.299876e-02 -1.757740e-02 2.336938e-02 2.640433e-02 1.971639e-02
5.687500e+03 5.112500e+03 1.325000e+03 2.893963e-01 3.415861e-02 1.423869e-01 2.299876e-02 -3.255990e-02 2.336938e-02 2.153465e-02 1.971639e-02
5.787500e+03 5.112500e+03 1.350000e+03 2.480414e-01 3.415861e-02 1.638391e-01 2.299876e-02 -8.350181e-02 2.336938e-02 4.718785e-02 1.971639e-02
5.887500e+03 5.112500e+03 1.375000e+03 2.400230e-01 3.415861e-02 1.054738e-01 2.299876e-02 2.038241e-03 2.336938e-02 5.599875e-02 1.971639e-02
5.987500e+03 5.112500e+03 1.425000e+03 2.599529e-01 3.415861e-02 1.280120e-01 2.299876e-02 -6.585285e-02 2.336938e-02 1.220824e-02 1.971639e-02
6.087500e+03 5.112500e+03 1.400000e+03 1.772331e-01 3.415861e-02 1.628890e-01 2.299876e-02 -2.961754e-02 2.336938e-02 1.963056e-02 1.971639e-02
6.187500e+03 5.112500e+03 1.375000e+03 2.150672e-01 3.415861e-02 1.473778e-01 2.299876e-02 -5.273276e-02 2.336938e-02 4.640408e-02 1.971639e-02
6.287500e+03 5.112500e+03 1.350000e+03 2.848348e-01 3.415861e-02 1.374840e-01 2.299876e-02 -5.316315e-02 2.336938e-02 3.981825e-02 1.971639e-02
6.387500e+03 5.112500e+03 1.325000e+03 2.986332e-01 3.415861e-02 1.407072e-01 2.299876e-02 -1.192852e-01 2.336938e-02 6.045716e-02 1.971639e-02
6.487500e+03 5.112500e+03 1.300000e+03 4.435201e-01 3.415861e-02 4.231784e-02 2.299876e-02 -2.431897e-01 2.336938e-02 1.681701e-01 1.971639e-02
6.587500e+03 5.112500e+03 1.325000e+03 -1.507059e-01 3.415861e-02 1.638729e-01 2.299876e-02 1.581420e-01 2.336938e-02 -3.394774e-02 1.971639e-02
6.687500e+03 5.112500e+03 1.350000e+03 -1.303200e-01 3.415861e-02 7.839124e-02 2.299876e-02 1.848105e-01 2.336938e-02 3.185809e-02 1.971639e-02
6.787500e+03 5.112500e+03 1.350000e+03 -6.396341e-03 3.415861e-02 3.478067e-02 2.299876e-02 1.313090e-01 2.336938e-02 -7.183511e-03 1.971639e-02
6.887500e+03 5.112500e+03 1.350000e+03 -6.812270e-02 3.415861e-02 -1.623308e-03 2.299876e-02 1.191379e-01 2.336938e-02 4.154902e-02 1.971639e-02
6.987500e+03 5.112500e+03 1.375000e+03 -5.578775e-02 3.415861e-02 1.739167e-02 2.299876e-02 9.306515e-02 2.336938e-02 5.615313e-02 1.971639e-02
3.487500e+03 5.212500e+03 1.125000e+03 1.608108e-01 3.415861e-02 1.534853e-01 2.299876e-02 2.042921e-01 2.336938e-02 9.089206e-02 1.971639e-02
3.587500e+03 5.212500e+03 1.125000e+03 1.749038e-01 3.415861e-02 1.642052e-01 2.299876e-02 9.498151e-02 2.336938e-02 9.516244e-02 1.971639e-02
3.687500e+03 5.212500e+03 1.125000e+03 8.927519e-02 3.415861e-02 1.927838e-01 2.299876e-02 6.215419e-02 2.336938e-02 7.921955e-02 1.971639e-02
3.787500e+03 5.212500e+03 1.150000e+03 9.798046e-02 3.415861e-02 1.699728e-01 2.299876e-02 3.430617e-02 2.336938e-02 8.997663e-02 1.971639e-02
3.887500e+03 5.212500e+03 1.150000e+03 1.602346e-01 3.415861e-02 1.676134e-01 2.299876e-02 6.221494e-02 2.336938e-02 9.601519e-02 1.971639e-02
3.987500e+03 5.212500e+03 1.175000e+03 2.553572e-01 3.415861e-02 1.243721e-01 2.299876e-02 4.396546e-03 2.336938e-02 5.323166e-02 1.971639e-02
4.087500e+03 5.212500e+03 1.175000e+03 1.816247e-01 3.415861e-02 1.959017e-01 2.299876e-02 -1.098580e-02 2.336938e-02 3.416777e-02 1.971639e-02
4.187500e+03 5.212500e+03 1.200000e+03 2.184185e-01 3.415861e-02 2.396192e-01 2.299876e-02 -3.542514e-02 2.336938e-02 4.678914e-02 1.971639e-02
4.287500e+03 5.212500e+03 1.200000e+03 1.662084e-01 3.415861e-02 2.373017e-01 2.299876e-02 -6.008432e-02 2.336938e-02 3.018721e-02 1.971639e-02
4.387500e+03 5.212500e+03 1.225000e+03 1.268993e-01 3.415861e-02 2.339095e-01 2.299876e-02 -8.492983e-02 2.336938e-02 8.367950e-02 1.971639e-02
4.487500e+03 5.212500e+03 1.225000e+03 1.334939e-01 3.415861e-02 1.841021e-01 2.299876e-02 -1.041058e-01 2.336938e-02 3.457855e-02 1.971639e-02
4.587500e+03 5.212500e+03 1.250000e+03 2.029220e-01 3.415861e-02 2.000905e-01 2.299876e-02 -8.526038e-02 2.336938e-02 4.263325e-02 1.971639e-02
4.687500e+03 5.212500e+03 1.275000e+03 1.609793e-01 3.415861e-02 2.166286e-01 2.299876e-02 -1.334100e-01 2.336938e-02 4.418208e-02 1.971639e-02
4.787500e+03 5.212500e+03 1.300000e+03 2.347936e-01 3.415861e-02 1.859762e-01 2.299876e-02 -7.607501e-02 2.336938e-02 1.053320e-02 1.971639e-02
4.887500e+03 5.212500e+03 1.300000e+03 1.904401e-01 3.415861e-02 2.107148e-01 2.299876e-02 -6.849994e-02 2.336938e-02 3.995231e-02 1.971639e-02
4.987500e+03 5.212500e+03 1.325000e+03 2.335543e-01 3.415861e-02 1.802749e-01 2.299876e-02 -4.604964e-02 2.336938e-02 5.586057e-02 1.971639e-02
5.087500e+03 5.212500e+03 1.325000e+03 1.594750e-01 3.415861e-02 2.198398e-01 2.299876e-02 -2.426444e-02 2.336938e-02 4.969361e-02 1.971639e-02
5.187500e+03 5.212500e+03 1.300000e+03 2.665621e-01 3.415861e-02 2.229992e-01 2.299876e-02 -4.381924e-03 2.336938e-02 4.619678e-02 1.971639e-02
5.287500e+03 5.212500e+03 1.275000e+03 3.358964e-01 3.415861e-02 2.240888e-01 2.299876e-02 -6.351725e-03 2.336938e-02 2.322552e-02 1.971639e-02
5.387500e+03 5.212500e+03 1.275000e+03 3.193681e-01 3.415861e-02 1.706827e-01 2.299876e-02 2.062066e-02 2.336938e-02 -1.334696e-02 1.971639e-02
5.487500e+03 5.212500e+03 1.275000e+03 3.493599e-01 3.415861e-02 1.728376e-01 2.299876e-02 -5.728665e-03 2.336938e-02 2.379136e-02 1.971639e-02
5.587500e+03 5.212500e+03 1.300000e+03 3.702881e-01 3.415861e-02 2.104949e-01 2.299876e-02 -2.174226e-02 2.336938e-02 2.615006e-03 1.971639e-02
5.687500e+03 5.212500e+03 1.300000e+03 4.265273e-01 3.415861e-02 2.121058e-01 2.299876e-02 -3.413671e-02 2.336938e-02 3.447206e-02 1.971639e-02
5.787500e+03 5.212500e+03 1.325000e+03 3.532391e-01 3.415861e-02 1.757542e-01 2.299876e-02 -3.979309e-02 2.336938e-02 3.146163e-02 1.971639e-02
5.887500e+03 5.212500e+03 1.350000e+03 3.282311e-01 3.415861e-02 1.374291e-01 2.299876e-02 -5.096352e-02 2.336938e-02 2.910803e-02 1.971639e-02
5.987500e+03 5.212500e+03 1.375000e+03 3.201826e-01 3.415861e-02 8.627305e-02 2.299876e-02 -3.998597e-02 2.336938e-02 1.839219e-02 1.971639e-02
6.087500e+03 5.212500e+03 1.400000e+03 2.729187e-01 3.415861e-02 1.306414e-01 2.299876e-02 -3.727366e-02 2.336938e-02 3.132294e-02 1.971639e-02
6.187500e+03 5.212500e+03 1.400000e+03 2.366540e-01 3.415861e-02 1.065402e-01 2.299876e-02 -3.981327e-02 2.336938e-02 2.253172e-02 1.971639e-02
6.287500e+03 5.212500e+03 1.350000e+03 2.295925e-01 3.415861e-02 1.615848e-01 2.299876e-02 -8.237990e-02 2.336938e-02 3.653727e-02 1.971639e-02
6.387500e+03 5.212500e+03 1.350000e+03 2.925631e-01 3.415861e-02 1.048362e-01 2.299876e-02 -9.316067e-02 2.336938e-02 6.319257e-02 1.971639e-02
6.487500e+03 5.212500e+03 1.325000e+03 3.676579e-01 3.415861e-02 7.998857e-02 2.299876e-02 -2.043993e-01 2.336938e-02 9.757608e-02 1.971639e-02
6.587500e+03 5.212500e+03 1.325000e+03 1.131667e-01 3.415861e-02 1.528486e-01 2.299876e-02 7.238023e-02 2.336938e-02 -3.037826e-02 1.971639e-02
6.687500e+03 5.212500e+03 1.325000e+03 -6.200088e-02 3.415861e-02 1.144573e-01 2.299876e-02 1.661844e-01 2.336938e-02 -2.134907e-02 1.971639e-02
6.787500e+03 5.212500e+03 1.325000e+03 -4.513597e-02 3.415861e-02 8.008799e-02 2.299876e-02 9.148790e-02 2.336938e-02 3.452199e-02 1.971639e-02
6.887500e+03 5.212500e+03 1.325000e+03 -5.862043e-02 3.415861e-02 4.284348e-02 2.299876e-02 8.359766e-02 2.336938e-02 3.899734e-02 1.971639e-02
6.987500e+03 5.212500e+03 1.350000e+03 -5.600782e-02 3.415861e-02 4.903400e-02 2.299876e-02 1.008499e-01 2.336938e-02 4.673819e-02 1.971639e-02
3.487500e+03 5.312500e+03 1.125000e+03 1.096403e-01 3.415861e-02 1.361400e-01 2.299876e-02 1.107861e-01 2.336938e-02 6.392416e-02 1.971639e-02
3.587500e+03 5.312500e+03 1.125000e+03 1.183890e-01 3.415861e-02 1.783620e-01 2.299876e-02 1.237693e-01 2.336938e-02 6.255383e-02 1.971639e-02
3.687500e+03 5.312500e+03 1.150000e+03 1.522262e-01 3.415861e-02 1.565639e-01 2.299876e-02 4.120183e-02 2.336938e-02 6.675540e-02 1.971639e-02
3.787500e+03 5.312500e+03 1.150000e+03 7.846913e-02 3.415861e-02 1.809098e-01 2.299876e-02 3.570112e-02 2.336938e-02 7.038872e-02 1.971639e-02
3.887500e+03 5.312500e+03 1.150000e+03 1.431522e-01 3.415861e-02 1.844923e-01 2.299876e-02 5.992449e-02 2.336938e-02 5.755488e-02 1.971639e-02
3.987500e+03 5.312500e+03 1.150000e+03 1.085576e-01 3.415861e-02 1.661802e-01 2.299876e-02 -4.078357e-02 2.336938e-02 7.514220e-02 1.971639e-02
4.087500e+03 5.312500e+03 1.175000e+03 1.524235e-01 3.415861e-02 1.645051e-01 2.299876e-02 -5.028921e-02 2.336938e-02 8.763092e-02 1.971639e-02
4.187500e+03 5.312500e+03 1.175000e+03 1.580889e-01 3.415861e-02 2.217600e-01 2.299876e-02 -6.580490e-02 2.336938e-02 5.514303e-02 1.971639e-02
4.287500e+03 5.312500e+03 1.200000e+03 1.068039e-01 3.415861e-02 1.958824e-01 2.299876e-02 -6.072892e-02 2.336938e-02 5.631616e-02 1.971639e-02
4.387500e+03 5.312500e+03 1.225000e+03 1.196882e-01 3.415861e-02 1.905049e-01 2.299876e-02 -4.068500e-02 2.336938e-02 5.959076e-02 1.971639e-02
4.487500e+03 5.312500e+03 1.225000e+03 1.094195e-01 3.415861e-02 1.916162e-01 2.299876e-02 -4.908917e-02 2.336938e-02 6.463211e-02 1.971639e-02
4.587500e+03 5.312500e+03 1.225000e+03 1.065942e-01 3.415861e-02 2.277931e-01 2.299876e-02 -9.424264e-02 2.336938e-02 7.191717e-02 1.971639e-02
4.687500e+03 5.312500e+03 1.250000e+03 2.234857e-01 3.415861e-02 1.939389e-01 2.299876e-02 -1.036008e-01 2.336938e-02 2.366369e-02 1.971639e-02
4.787500e+03 5.312500e+03 1.250000e+03 1.777195e-01 3.415861e-02 2.033053e-01 2.299876e-02 -1.300524e-01 2.336938e-02 4.599656e-02 1.971639e-02
4.887500e+03 5.312500e+03 1.275000e+03 2.347920e-01 3.415861e-02 1.976089e-01 2.299876e-02 -6.282369e-02 2.336938e-02 7.200667e-02 1.971639e-02
4.987500e+03 5.312500e+03 1.300000e+03 2.683529e-01 3.415861e-02 2.095811e-01 2.299876e-02 -3.798679e-02 2.336938e-02 7.013603e-02 1.971639e-02
5.087500e+03 5.312500e+03 1.325000e+03 2.614971e-01 3.415861e-02 1.969448e-01 2.299876e-02 -1.483947e-02 2.336938e-02 5.277919e-02 1.971639e-02
5.187500e+03 5.312500e+03 1.325000e+03 3.309093e-01 3.415861e-02 1.889855e-01 2.299876e-02 2.921080e-02 2.336938e-02 4.919540e-02 1.971639e-02
5.287500e+03 5.312500e+03 1.300000e+03 3.205277e-01 3.415861e-02 2.213110e-01 2.299876e-02 -4.084034e-02 2.336938e-02 3.978407e-02 1.971639e-02
5.387500e+03 5.312500e+03 1.275000e+03 3.532067e-01 3.415861e-02 2.126318e-01 2.299876e-02 2.403798e-02 2.336938e-02 2.054208e-02 1.971639e-02
5.487500e+03 5.312500e+03 1.275000e+03 3.560398e-01 3.415861e-02 2.777486e-01 2.299876e-02 1.694108e-02 2.336938e-02 1.602868e-02 1.971639e-02
5.587500e+03 5.312500e+03 1.275000e+03 3.599939e-01 3.415861e-02 2.194269e-01 2.299876e-02 -6.865540e-02 2.336938e-02 4.101127e-02 1.971639e-02
5.687500e+03 5.312500e+03 1.300000e+03 4.033250e-01 3.415861e-02 2.339671e-01 2.299876e-02 -2.044375e-02 2.336938e-02 -1.857512e-03 1.971639e-02
5.787500e+03 5.312500e+03 1.300000e+03 3.690516e-01 3.415861e-02 1.553929e-01 2.299876e-02 -4.964261e-02 2.336938e-02 1.389594e-02 1.971639e-02
5.887500e+03 5.312500e+03 1.325000e+03 3.152164e-01 3.415861e-02 1.893444e-01 2.299876e-02 -4.468457e-02 2.336938e-02 2.465899e-02 1.971639e-02
5.987500e+03 5.312500e+03 1.350000e+03 3.135989e-01 3.415861e-02 1.537712e-01 2.299876e-02 -9.576135e-02 2.336938e-02 5.168362e-02 1.971639e-02
6.087500e+03 5.312500e+03 1.350000e+03 3.053698e-01 3.415861e-02 1.213698e-01 2.299876e-02 -1.055066e-01 2.336938e-02 4.313156e-02 1.971639e-02
6.187500e+03 5.312500e+03 1.375000e+03 2.751722e-01 3.415861e-02 1.295023e-01 2.299876e-02 -9.337629e-02 2.336938e-02 3.165926e-02 1.971639e-02
6.287500e+03 5.312500e+03 1.375000e+03 2.236637e-01 3.415861e-02 1.602597e-01 2.299876e-02 -7.996179e-02 2.336938e-02 6.697608e-02 1.971639e-02
6.387500e+03 5.312500e+03 1.350000e+03 1.957645e-01 3.415861e-02 1.354026e-01 2.299876e-02 -1.123554e-01 2.336938e-02 4.998122e-02 1.971639e-02
6.487500e+03 5.312500e+03 1.350000e+03 2.363570e-01 3.415861e-02 1.213830e-01 2.299876e-02 -1.418313e-01 2.336938e-02 6.360293e-02 1.971639e-02
6.587500e+03 5.312500e+03 1.325000e+03 2.618355e-01 3.415861e-02 5.735899e-02 2.299876e-02 -1.899272e-01 2.336938e-02 6.560334e-02 1.971639e-02
6.687500e+03 5.312500e+03 1.325000e+03 -4.108352e-02 3.415861e-02 1.444255e-01 2.299876e-02 1.587033e-01 2.336938e-02 -6.861143e-02 1.971639e-02
6.787500e+03 5.312500e+03 1.325000e+03 -2.634106e-03 3.415861e-02 6.132046e-02 2.299876e-02 1.554387e-01 2.336938e-02 1.071685e-02 1.971639e-02
6.887500e+03 5.312500e+03 1.325000e+03 -1.086303e-01 3.415861e-02 7.036810e-02 2.299876e-02 7.264524e-02 2.336938e-02 2.489404e-05 1.971639e-02
6.987500e+03 5.312500e+03 1.350000e+03 -2.178425e-02 3.415861e-02 6.062242e-02 2.299876e-02 1.081622e-01 2.336938e-02 1.009827e-02 1.971639e-02
3.487500e+03 5.412500e+03 1.125000e+03 9.596000e-03 3.415861e-02 1.172384e-01 2.299876e-02 9.960972e-02 2.336938e-02 8.123766e-02 1.971639e-02
3.587500e+03 5.412500e+03 1.150000e+03 9.073314e-02 3.415861e-02 1.670705e-01 2.299876e-02 6.440901e-02 2.336938e-02 8.679928e-02 1.971639e-02
3.687500e+03 5.412500e+03 1.150000e+03 1.041820e-01 3.415861e-02 1.963007e-01 2.299876e-02 5.110342e-02 2.336938e-02 8.026059e-02 1.971639e-02
3.787500e+03 5.412500e+03 1.150000e+03 8.527121e-02 3.415861e-02 1.652447e-01 2.299876e-02 2.585854e-02 2.336938e-02 5.507884e-02 1.971639e-02
3.887500e+03 5.412500e+03 1.150000e+03 5.117588e-02 3.415861e-02 1.840498e-01 2.299876e-02 4.002331e-02 2.336938e-02 5.920191e-02 1.971639e-02
3.987500e+03 5.412500e+03 1.175000e+03 9.052736e-02 3.415861e-02 2.087263e-01 2.299876e-02 7.800940e-03 2.336938e-02 7.304928e-02 1.971639e-02
4.087500e+03 5.412500e+03 1.175000e+03 1.215525e-01 3.415861e-02 2.366004e-01 2.299876e-02 -1.673302e-02 2.336938e-02 8.147265e-02 1.971639e-02
4.187500e+03 5.412500e+03 1.200000e+03 1.384769e-01 3.415861e-02 1.742549e-01 2.299876e-02 -1.990419e-02 2.336938e-02 5.790693e-02 1.971639e-02
4.287500e+03 5.412500e+03 1.225000e+03 1.025072e-01 3.415861e-02 1.821691e-01 2.299876e-02 -3.141490e-02 2.336938e-02 8.155498e-02 1.971639e-02
4.387500e+03 5.412500e+03 1.225000e+03 1.305706e-01 3.415861e-02 1.925783e-01 2.299876e-02 -7.066513e-02 2.336938e-02 9.000420e-02 1.971639e-02
4.487500e+03 5.412500e+03 1.250000e+03 1.546054e-01 3.415861e-02 1.836193e-01 2.299876e-02 -7.376507e-02 2.336938e-02 5.416811e-02 1.971639e-02
4.587500e+03 5.412500e+03 1.275000e+03 1.410552e-01 3.415861e-02 1.813664e-01 2.299876e-02 -6.672779e-02 2.336938e-02 8.085715e-02 1.971639e-02
4.687500e+03 5.412500e+03 1.250000e+03 1.718156e-01 3.415861e-02 2.127227e-01 2.299876e-02 -9.938634e-02 2.336938e-02 5.757075e-02 1.971639e-02
4.787500e+03 5.412500e+03 1.250000e+03 2.540593e-01 3.415861e-02 2.131256e-01 2.299876e-02 -4.144900e-02 2.336938e-02 5.538169e-02 1.971639e-02
4.887500e+03 5.412500e+03 1.275000e+03 1.922975e-01 3.415861e-02 1.857670e-01 2.299876e-02 -3.552000e-02 2.336938e-02 1.100229e-02 1.971639e-02
4.987500e+03 5.412500e+03 1.275000e+03 2.567672e-01 3.415861e-02 2.098413e-01 2.299876e-02 -7.737778e-02 2.336938e-02 8.943221e-02 1.971639e-02
5.087500e+03 5.412500e+03 1.275000e+03 2.941272e-01 3.415861e-02 2.354119e-01 2.299876e-02 -5.389363e-02 2.336938e-02 6.718074e-02 1.971639e-02
5.187500e+03 5.412500e+03 1.325000e+03 2.829656e-01 3.415861e-02 2.130813e-01 2.299876e-02 -6.098772e-02 2.336938e-02 2.301893e-02 1.971639e-02
5.287500e+03 5.412500e+03 1.325000e+03 3.424993e-01 3.415861e-02 2.305948e-01 2.299876e-02 -3.956785e-03 2.336938e-02 1.466038e-03 1.971639e-02
5.387500e+03 5.412500e+03 1.300000e+03 2.848303e-01 3.415861e-02 1.764007e-01 2.299876e-02 3.190229e-02 2.336938e-02 4.057997e-02 1.971639e-02
5.487500e+03 5.412500e+03 1.275000e+03 3.761907e-01 3.415861e-02 2.194168e-01 2.299876e-02 1.496147e-02 2.336938e-02 -8.878196e-03 1.971639e-02
5.587500e+03 5.412500e+03 1.275000e+03 3.321298e-01 3.415861e-02 2.094379e-01 2.299876e-02 -2.325158e-02 2.336938e-02 5.836458e-03 1.971639e-02
5.687500e+03 5.412500e+03 1.300000e+03 3.186419e-01 3.415861e-02 1.706532e-01 2.299876e-02 -6.668066e-04 2.336938e-02 1.656415e-02 1.971639e-02
5.787500e+03 5.412500e+03 1.300000e+03 3.441425e-01 3.415861e-02 1.635102e-01 2.299876e-02 -4.252662e-02 2.336938e-02 4.056727e-02 1.971639e-02
5.887500e+03 5.412500e+03 1.300000e+03 3.583637e-01 3.415861e-02 1.471402e-01 2.299876e-02 -4.604507e-02 2.336938e-02 4.558145e-02 1.971639e-02
5.987500e+03 5.412500e+03 1.325000e+03 2.865735e-01 3.415861e-02 1.817763e-01 2.299876e-02 -3.577181e-02 2.336938e-02 6.679557e-03 1.971639e-02
6.087500e+03 5.412500e+03 1.325000e+03 2.279789e-01 3.415861e-02 1.381184e-01 2.299876e-02 -9.382186e-02 2.336938e-02 2.433908e-02 1.971639e-02
6.187500e+03 5.412500e+03 1.350000e+03 2.683666e-01 3.415861e-02 1.333028e-01 2.299876e-02 -8.168553e-02 2.336938e-02 4.305322e-02 1.971639e-02
6.287500e+03 5.412500e+03 1.350000e+03 2.606121e-01 3.415861e-02 1.313548e-01 2.299876e-02 -1.483240e-01 2.336938e-02 5.901013e-03 1.971639e-02
6.387500e+03 5.412500e+03 1.400000e+03 2.175260e-01 3.415861e-02 1.280558e-01 2.299876e-02 -6.123817e-02 2.336938e-02 6.407048e-02 1.971639e-02
6.487500e+03 5.412500e+03 1.400000e+03 1.159669e-01 3.415861e-02 1.118274e-01 2.299876e-02 -8.879433e-02 2.336938e-02 4.028744e-02 1.971639e-02
6.587500e+03 5.412500e+03 1.375000e+03 1.374949e-01 3.415861e-02 4.722501e-02 2.299876e-02 -5.330979e-02 2.336938e-02 2.240035e-02 1.971639e-02
6.687500e+03 5.412500e+03 1.350000e+03 2.043604e-01 3.415861e-02 1.864593e-02 2.299876e-02 -1.335395e-02 2.336938e-02 1.335385e-02 1.971639e-02
6.787500e+03 5.412500e+03 1.325000e+03 7.742593e-02 3.415861e-02 5.895304e-02 2.299876e-02 7.595600e-02 2.336938e-02 8.335435e-03 1.971639e-02
6.887500e+03 5.412500e+03 1.325000e+03 1.432240e-02 3.415861e-02 8.817753e-02 2.299876e-02 1.056982e-01 2.336938e-02 -3.955464e-03 1.971639e-02
6.987500e+03 5.412500e+03 1.325000e+03 -4.756781e-02 3.415861e-02 2.029429e-02 2.299876e-02 9.287443e-02 2.336938e-02 2.922136e-02 1.971639e-02
3.487500e+03 5.512500e+03 1.125000e+03 5.165068e-02 3.415861e-02 1.785038e-01 2.299876e-02 6.149946e-02 2.336938e-02 5.921677e-02 1.971639e-02
3.587500e+03 5.512500e+03 1.150000e+03 6.955444e-02 3.415861e-02 1.207573e-01 2.299876e-02 1.142880e-01 2.336938e-02 7.778088e-02 1.971639e-02
3.687500e+03 5.512500e+03 1.150000e+03 9.374025e-02 3.415861e-02 1.634355e-01 2.299876e-02 7.264538e-02 2.336938e-02 8.217010e-02 1.971639e-02
3.787500e+03 5.512500e+03 1.175000e+03 7.620849e-02 3.415861e-02 2.314444e-01 2.299876e-02 3.069959e-02 2.336938e-02 1.037785e-01 1.971639e-02
3.887500e+03 5.512500e+03 1.150000e+03 2.395589e-02 3.415861e-02 1.691456e-01 2.299876e-02 4.726269e-02 2.336938e-02 8.119691e-02 1.971639e-02
3.987500e+03 5.512500e+03 1.175000e+03 1.340426e-01 3.415861e-02 1.857025e-01 2.299876e-02 6.531268e-03 2.336938e-02 6.887567e-02 1.971639e-02
4.087500e+03 5.512500e+03 1.175000e+03 7.300329e-02 3.415861e-02 1.750358e-01 2.299876e-02 1.536529e-02 2.336938e-02 5.597950e-02 1.971639e-02
4.187500e+03 5.512500e+03 1.200000e+03 8.752474e-02 3.415861e-02 1.827631e-01 2.299876e-02 4.621565e-04 2.336938e-02 5.269508e-02 1.971639e-02
4.287500e+03 5.512500e+03 1.200000e+03 8.029580e-02 3.415861e-02 1.837421e-01 2.299876e-02 -3.403653e-02 2.336938e-02 4.194704e-02 1.971639e-02
4.387500e+03 5.512500e+03 1.225000e+03 1.290238e-01 3.415861e-02 1.941152e-01 2.299876e-02 -5.356184e-02 2.336938e-02 9.524564e-02 1.971639e-02
4.487500e+03 5.512500e+03 1.250000e+03 1.128914e-01 3.415861e-02 1.520520e-01 2.299876e-02 -5.826425e-02 2.336938e-02 5.919714e-02 1.971639e-02
4.587500e+03 5.512500e+03 1.275000e+03 1.139949e-01 3.415861e-02 1.708177e-01 2.299876e-02 -5.738921e-02 2.336938e-02 8.303444e-02 1.971639e-02
4.687500e+03 5.512500e+03 1.275000e+03 1.600808e-01 3.415861e-02 2.314272e-01 2.299876e-02 -9.078849e-02 2.336938e-02 6.895209e-02 1.971639e-02
4.787500e+03 5.512500e+03 1.275000e+03 1.419580e-01 3.415861e-02 1.889751e-01 2.299876e-02 -5.338505e-02 2.336938e-02 4.551251e-02 1.971639e-02
4.887500e+03 5.512500e+03 1.300000e+03 1.912760e-01 3.415861e-02 2.073672e-01 2.299876e-02 -7.840009e-02 2.336938e-02 4.407302e-02 1.971639e-02
4.987500e+03 5.512500e+03 1.300000e+03 2.096029e-01 3.415861e-02 2.092062e-01 2.299876e-02 -4.376997e-02 2.336938e-02 2.775900e-02 1.971639e-02
5.087500e+03 5.512500e+03 1.275000e+03 2.434947e-01 3.415861e-02 2.000773e-01 2.299876e-02 -2.220766e-02 2.336938e-02 3.040052e-02 1.971639e-02
5.187500e+03 5.512500e+03 1.300000e+03 2.510721e-01 3.415861e-02 2.140481e-01 2.299876e-02 -5.614344e-02 2.336938e-02 1.206836e-03 1.971639e-02
5.287500e+03 5.512500e+03 1.325000e+03 2.654776e-01 3.415861e-02 2.134590e-01 2.299876e-02 2.048020e-03 2.336938e-02 -1.195124e-02 1.971639e-02
5.387500e+03 5.512500e+03 1.300000e+03 2.215264e-01 3.415861e-02 2.189806e-01 2.299876e-02 -9.009960e-03 2.336938e-02 1.458725e-02 1.971639e-02
5.487500e+03 5.512500e+03 1.300000e+03 2.833210e-01 3.415861e-02 2.101068e-01 2.299876e-02 -4.144657e-02 2.336938e-02 2.963251e-02 1.971639e-02
5.587500e+03 5.512500e+03 1.300000e+03 2.569381e-01 3.415861e-02 1.741798e-01 2.299876e-02 -2.824101e-02 2.336938e-02 -1.941978e-02 1.971639e-02
5.687500e+03 5.512500e+03 1.300000e+03 2.459821e-01 3.415861e-02 1.556105e-01 2.299876e-02 2.875064e-02 2.336938e-02 -1.875136e-02 1.971639e-02
5.787500e+03 5.512500e+03 1.300000e+03 2.872117e-01 3.415861e-02 1.892051e-01 2.299876e-02 -6.288078e-02 2.336938e-02 2.208081e-02 1.971639e-02
5.887500e+03 5.512500e+03 1.300000e+03 3.072690e-01 3.415861e-02 2.008580e-01 2.299876e-02 -3.212526e-02 2.336938e-02 3.988373e-02 1.971639e-02
5.987500e+03 5.512500e+03 1.300000e+03 3.105480e-01 3.415861e-02 1.704585e-01 2.299876e-02 -5.396503e-02 2.336938e-02 -1.166920e-03 1.971639e-02
6.087500e+03 5.512500e+03 1.300000e+03 3.275306e-01 3.415861e-02 1.515373e-01 2.299876e-02 -9.503546e-02 2.336938e-02 1.868918e-02 1.971639e-02
6.187500e+03 5.512500e+03 1.325000e+03 2.630729e-01 3.415861e-02 1.552960e-01 2.299876e-02 -8.259559e-02 2.336938e-02 5.551412e-02 1.971639e-02
6.287500e+03 5.512500e+03 1.375000e+03 1.656450e-01 3.415861e-02 1.016061e-01 2.299876e-02 -7.750161e-02 2.336938e-02 4.649505e-02 1.971639e-02
6.387500e+03 5.512500e+03 1.400000e+03 2.399234e-01 3.415861e-02 9.771520e-02 2.299876e-02 -9.894250e-02 2.336938e-02 5.023950e-02 1.971639e-02
6.487500e+03 5.512500e+03 1.425000e+03 1.686245e-01 3.415861e-02 9.323101e-02 2.299876e-02 -8.326464e-02 2.336938e-02 -1.626318e-04 1.971639e-02
6.587500e+03 5.512500e+03 1.400000e+03 1.424938e-01 3.415861e-02 8.890736e-02 2.299876e-02 -5.252378e-02 2.336938e-02 1.677162e-02 1.971639e-02
6.687500e+03 5.512500e+03 1.350000e+03 1.176248e-01 3.415861e-02 4.038266e-02 2.299876e-02 -9.017339e-02 2.336938e-02 2.743840e-02 1.971639e-02
6.787500e+03 5.512500e+03 1.350000e+03 -4.003732e-04 3.415861e-02 8.425142e-02 2.299876e-02 3.743110e-02 2.336938e-02 5.221078e-03 1.971639e-02
6.887500e+03 5.512500e+03 1.350000e+03 -1.141212e-02 3.415861e-02 4.052104e-02 2.299876e-02 1.199078e-01 2.336938e-02 2.074985e-03 1.971639e-02
6.987500e+03 5.512500e+03 1.325000e+03 -5.422569e-02 3.415861e-02 5.529009e-02 2.299876e-02 8.330155e-02 2.336938e-02 2.383305e-02 1.971639e-02


DATATYPE MTT
FREQUENCY 100.0
N_RECV 1117
19987.5 -12.5 975.0 i i i i i i i i
3.487500e+03 2.512500e+03 1.250000e+03 6.375079e-02 4.099142e-02 -1.607580e-02 3.180094e-02 4.406423e-02 2.736110e-02 3.078127e-02 2.387186e-02
3.587500e+03 2.512500e+03 1.225000e+03 1.487369e-02 4.099142e-02 -9.085284e-03 3.180094e-02 1.017858e-02 2.736110e-02 -1.085081e-03 2.387186e-02
3.687500e+03 2.512500e+03 1.225000e+03 1.011127e-02 4.099142e-02 3.026165e-02 3.180094e-02 7.146507e-02 2.736110e-02 2.875339e-02 2.387186e-02
3.787500e+03 2.512500e+03 1.200000e+03 1.958531e-02 4.099142e-02 -3.344890e-03 3.180094e-02 6.080563e-02 2.736110e-02 4.950250e-03 2.387186e-02
3.887500e+03 2.512500e+03 1.200000e+03 -3.819378e-02 4.099142e-02 6.158188e-03 3.180094e-02 4.877461e-02 2.736110e-02 1.489642e-02 2.387186e-02
3.987500e+03 2.512500e+03 1.200000e+03 1.046844e-01 4.099142e-02 2.183752e-02 3.180094e-02 -9.269255e-04 2.736110e-02 6.181144e-03 2.387186e-02
4.087500e+03 2.512500e+03 1.200000e+03 4.209060e-02 4.099142e-02 3.308903e-03 3.180094e-02 5.950366e-02 2.736110e-02 6.095017e-03 2.387186e-02
4.187500e+03 2.512500e+03 1.200000e+03 8.324954e-02 4.099142e-02 -3.821592e-02 3.180094e-02 1.765669e-02 2.736110e-02 8.411103e-03 2.387186e-02
4.287500e+03 2.512500e+03 1.200000e+03 -1.763950e-02 4.099142e-02 -5.342594e-02 3.180094e-02 -5.983170e-03 2.736110e-02 -1.278590e-02 2.387186e-02
4.387500e+03 2.512500e+03 1.200000e+03 5.649838e-02 4.099142e-02 2.314347e-02 3.180094e-02 -5.937720e-03 2.736110e-02 -2.901342e-02 2.387186e-02
4.487500e+03 2.512500e+03 1.200000e+03 7.314751e-03 4.099142e-02 -6.400658e-02 3.180094e-02 2.693024e-02 2.736110e-02 -7.292595e-03 2.387186e-02
4.587500e+03 2.512500e+03 1.175000e+03 4.934402e-02 4.099142e-02 7.467133e-03 3.180094e-02 -1.891818e-02 2.736110e-02 4.753571e-02 2.387186e-02
4.687500e+03 2.512500e+03 1.175000e+03 3.356901e-02 4.099142e-02 7.580823e-02 3.180094e-02 7.435042e-03 2.736110e-02 4.858829e-02 2.387186e-02
4.787500e+03 2.512500e+03 1.150000e+03 8.419614e-02 4.099142e-02 1.161823e-01 3.180094e-02 5.045005e-02 2.736110e-02 -1.915183e-02 2.387186e-02
4.887500e+03 2.512500e+03 1.150000e+03 -1.014448e-02 4.099142e-02 7.385315e-02 3.180094e-02 -2.452961e-02 2.736110e-02 5.165835e-02 2.387186e-02
4.987500e+03 2.512500e+03 1.150000e+03 -4.925940e-02 4.099142e-02 1.152183e-01 3.180094e-02 -5.881431e-02 2.736110e-02 5.815115e-03 2.387186e-02
5.087500e+03 2.512500e+03 1.175000e+03 3.837389e-02 4.099142e-02 9.898614e-02 3.180094e-02 -8.166223e-02 2.736110e-02 2.882540e-02 2.387186e-02
5.187500e+03 2.512500e+03 1.175000e+03 9.026836e-02 4.099142e-02 8.690377e-02 3.180094e-02 -5.541330e-03 2.736110e-02 4.812704e-03 2.387186e-02
5.287500e+03 2.512500e+03 1.200000e+03 1.359220e-01 4.099142e-02 1.405634e-01 3.180094e-02 -3.055599e-02 2.736110e-02 4.150742e-02 2.387186e-02
5.387500e+03 2.512500e+03 1.200000e+03 1.062400e-01 4.099142e-02 4.546352e-02 3.180094e-02 -6.041141e-02 2.736110e-02 7.800603e-02 2.387186e-02
5.487500e+03 2.512500e+03 1.200000e+03 8.752238e-02 4.099142e-02 2.697559e-02 3.180094e-02 -6.639727e-02 2.736110e-02 8.851041e-02 2.387186e-02
5.587500e+03 2.512500e+03 1.225000e+03 8.778404e-02 4.099142e-02 1.293402e-01 3.180094e-02 -4.234064e-02 2.736110e-02 9.448227e-02 2.387186e-02
5.687500e+03 2.512500e+03 1.225000e+03 1.028548e-01 4.099142e-02 2.689418e-02 3.180094e-02 -2.560984e-02 2.736110e-02 7.211568e-02 2.387186e-02
5.787500e+03 2.512500e+03 1.250000e+03 8.850820e-02 4.099142e-02 1.363383e-01 3.180094e-02 -4.884628e-02 2.736110e-02 7.983237e-02 2.387186e-02
5.887500e+03 2.512500e+03 1.225000e+03 1.193361e-02 4.099142e-02 1.242423e-01 3.180094e-02 -3.031304e-02 2.736110e-02 3.577070e-02 2.387186e-02
5.987500e+03 2.512500e+03 1.225000e+03 -1.804317e-02 4.099142e-02 1.255562e-01 3.180094e-02 -3.108373e-02 2.736110e-02 6.073418e-02 2.387186e-02
6.087500e+03 2.512500e+03 1.225000e+03 2.902716e-02 4.099142e-02 1.390113e-01 3.180094e-02 -2.201200e-02 2.736110e-02 6.427591e-02 2.387186e-02
6.187500e+03 2.512500e+03 1.225000e+03 8.555531e-02 4.099142e-02 8.932995e-02 3.180094e-02 -3.264210e-02 2.736110e-02 4.823147e-02 2.387186e-02
6.287500e+03 2.512500e+03 1.250000e+03 4.923754e-02 4.099142e-02 1.007920e-01 3.180094e-02 -7.494755e-02 2.736110e-02 8.906215e-02 2.387186e-02
6.387500e+03 2.512500e+03 1.250000e+03 7.498757e-02 4.099142e-02 1.207233e-01 3.180094e-02 1.679066e-04 2.736110e-02 2.884588e-02 2.387186e-02
6.487500e+03 2.512500e+03 1.250000e+03 5.061815e-02 4.099142e-02 1.613228e-01 3.180094e-02 -6.364102e-03 2.736110e-02 5.685276e-02 2.387186e-02
6.587500e+03 2.512500e+03 1.250000e+03 8.733079e-02 4.099142e-02 2.001259e-01 3.180094e-02 3.463332e-02 2.736110e-02 1.076642e-01 2.387186e-02
6.687500e+03 2.512500e+03 1.250000e+03 1.211684e-01 4.099142e-02 2.431431e-01 3.180094e-02 -1.373289e-02 2.736110e-02 7.451886e-02 2.387186e-02
6.787500e+03 2.512500e+03 1.250000e+03 1.054397e-01 4.099142e-02 1.248158e-01 3.180094e-02 -4.680274e-05 2.736110e-02 4.872816e-02 2.387186e-02
6.887500e+03 2.512500e+03 1.250000e+03 2.234684e-01 4.099142e-02 1.053968e-01 3.180094e-02 1.222592e-02 2.736110e-02 5.977438e-02 2.387186e-02
6.987500e+03 2.512500e+03 1.250000e+03 2.351848e-01 4.099142e-02 1.543453e-01 3.180094e-02 3.810120e-02 2.736110e-02 4.748807e-02 2.387186e-02
3.487500e+03 2.612500e+03 1.225000e+03 4.532658e-02 4.099142e-02 -5.268334e-02 3.180094e-02 -5.218825e-02 2.736110e-02 -3.105892e-02 2.387186e-02
3.587500e+03 2.612500e+03 1.225000e+03 1.106758e-02 4.099142e-02 2.838211e-02 3.180094e-02 2.995011e-03 2.736110e-02 -5.387856e-02 2.387186e-02
3.687500e+03 2.612500e+03 1.225000e+03 5.593278e-03 4.099142e-02 3.898894e-02 3.180094e-02 2.134680e-02 2.736110e-02 -2.762089e-02 2.387186e-02
3.787500e+03 2.612500e+03 1.225000e+03 -4.495664e-02 4.099142e-02 8.174086e-02 3.180094e-02 4.541071e-02 2.736110e-02 1.375100e-02 2.387186e-02
3.887500e+03 2.612500e+03 1.200000e+03 -2.133670e-03 4.099142e-02 5.414718e-02 3.180094e-02 5.747247e-03 2.736110e-02 -1.762264e-02 2.387186e-02
3.987500e+03 2.612500e+03 1.200000e+03 1.464258e-02 4.099142e-02 3.875447e-02 3.180094e-02 3.537814e-02 2.736110e-02 -3.203966e-02 2.387186e-02
4.087500e+03 2.612500e+03 1.200000e+03 2.958355e-02 4.099142e-02 5.396433e-02 3.180094e-02 1.555721e-02 2.736110e-02 -5.645462e-02 2.387186e-02
4.187500e+03 2.612500e+03 1.175000e+03 7.170600e-02 4.099142e-02 8.703944e-03 3.180094e-02 3.436195e-02 2.736110e-02 -3.249100e-02 2.387186e-02
4.287500e+03 2.612500e+03 1.175000e+03 1.462403e-02 4.099142e-02 2.580974e-02 3.180094e-02 1.054362e-02 2.736110e-02 -2.491917e-02 2.387186e-02
4.387500e+03 2.612500e+03 1.175000e+03 2.630894e-03 4.099142e-02 -5.096212e-02 3.180094e-02 2.457233e-02 2.736110e-02 3.808536e-02 2.387186e-02
4.487500e+03 2.612500e+03 1.175000e+03 5.369792e-02 4.099142e-02 4.177137e-02 3.180094e-02 2.184382e-02 2.736110e-02 -2.602736e-02 2.387186e-02
4.587500e+03 2.612500e+03 1.175000e+03 3.077120e-02 4.099142e-02 2.322764e-02 3.180094e-02 2.419288e-02 2.736110e-02 2.944639e-02 2.387186e-02
4.687500e+03 2.612500e+03 1.150000e+03 8.540151e-03 4.099142e-02 4.563895e-03 3.180094e-02 5.571768e-03 2.736110e-02 3.475789e-02 2.387186e-02
4.787500e+03 2.612500e+03 1.150000e+03 -5.661832e-02 4.099142e-02 1.295039e-01 3.180094e-02 1.493441e-02 2.736110e-02 3.963615e-02 2.387186e-02
4.887500e+03 2.612500e+03 1.175000e+03 -3.930967e-02 4.099142e-02 3.879968e-02 3.180094e-02 -3.643190e-02 2.736110e-02 5.523340e-02 2.387186e-02
4.987500e+03 2.612500e+03 1.175000e+03 1.969400e-02 4.099142e-02 7.871514e-02 3.180094e-02 -1.998791e-02 2.736110e-02 5.543451e-02 2.387186e-02
5.087500e+03 2.612500e+03 1.175000e+03 1.374821e-01 4.099142e-02 1.161683e-01 3.180094e-02 -5.160000e-02 2.736110e-02 6.268885e-02 2.387186e-02
5.187500e+03 2.612500e+03 1.175000e+03 6.153880e-02 4.099142e-02 1.420408e-01 3.180094e-02 -3.029817e-02 2.736110e-02 4.153253e-02 2.387186e-02
5.287500e+03 2.612500e+03 1.200000e+03 5.680704e-02 4.099142e-02 4.889639e-02 3.180094e-02 -3.617970e-02 2.736110e-02 7.919129e-02 2.387186e-02
5.387500e+03 2.612500e+03 1.200000e+03 1.175823e-01 4.099142e-02 2.424615e-02 3.180094e-02 -3.639071e-02 2.736110e-02 3.478012e-02 2.387186e-02
5.487500e+03 2.612500e+03 1.200000e+03 1.466270e-01 4.099142e-02 9.035224e-02 3.180094e-02 -2.901223e-02 2.736110e-02 6.250240e-02 2.387186e-02
5.587500e+03 2.612500e+03 1.225000e+03 1.353691e-01 4.099142e-02 6.227933e-02 3.180094e-02 -8.979376e-03 2.736110e-02 2.927952e-02 2.387186e-02
5.687500e+03 2.612500e+03 1.225000e+03 1.359287e-01 4.099142e-02 1.723332e-01 3.180094e-02 -3.128825e-02 2.736110e-02 3.705367e-02 2.387186e-02
5.787500e+03 2.612500e+03 1.250000e+03 8.163184e-02 4.099142e-02 -1.866164e-02 3.180094e-02 -8.629309e-02 2.736110e-02 9.161181e-02 2.387186e-02
5.887500e+03 2.612500e+03 1.250000e+03 1.939410e-02 4.099142e-02 1.381114e-01 3.180094e-02 -1.839284e-02 2.736110e-02 5.887472e-02 2.387186e-02
5.987500e+03 2.612500e+03 1.225000e+03 9.338693e-02 4.099142e-02 1.495581e-01 3.180094e-02 -2.759895e-02 2.736110e-02 3.411531e-02 2.387186e-02
6.087500e+03 2.612500e+03 1.225000e+03 1.269981e-01 4.099142e-02 1.159489e-01 3.180094e-02 -7.021225e-02 2.736110e-02 6.773418e-02 2.387186e-02
6.187500e+03 2.612500e+03 1.225000e+03 1.696886e-01 4.099142e-02 1.949010e-01 3.180094e-02 -5.454493e-02 2.736110e-02 2.268408e-02 2.387186e-02
6.287500e+03 2.612500e+03 1.250000e+03 9.583272e-02 4.099142e-02 1.368192e-01 3.180094e-02 -5.951771e-02 2.736110e-02 1.104858e-01 2.387186e-02
6.387500e+03 2.612500e+03 1.250000e+03 1.741606e-01 4.099142e-02 1.330998e-01 3.180094e-02 -5.986304e-02 2.736110e-02 5.700460e-02 2.387186e-02
6.487500e+03 2.612500e+03 1.250000e+03 1.681928e-01 4.099142e-02 1.405536e-01 3.180094e-02 9.988787e-03 2.736110e-02 8.899296e-02 2.387186e-02
6.587500e+03 2.612500e+03 1.250000e+03 1.459539e-01 4.099142e-02 2.229320e-01 3.180094e-02 1.585952e-02 2.736110e-02 1.038378e-01 2.387186e-02
6.687500e+03 2.612500e+03 1.275000e+03 1.344781e-01 4.099142e-02 1.762111e-01 3.180094e-02 5.021819e-02 2.736110e-02 8.061782e-02 2.387186e-02
6.787500e+03 2.612500e+03 1.250000e+03 2.623241e-01 4.099142e-02 1.777645e-01 3.180094e-02 8.796737e-02 2.736110e-02 -1.118567e-03 2.387186e-02
6.887500e+03 2.612500e+03 1.250000e+03 3.995245e-01 4.099142e-02 3.618920e-02 3.180094e-02 1.263758e-01 2.736110e-02 5.915295e-02 2.387186e-02
6.987500e+03 2.612500e+03 1.250000e+03 4.468454e-01 4.099142e-02 1.806501e-02 3.180094e-02 7.431110e-02 2.736110e-02 8.269283e-02 2.387186e-02
3.487500e+03 2.712500e+03 1.225000e+03 4.096288e-02 4.099142e-02 -7.294056e-02 3.180094e-02 -3.398888e-02 2.736110e-02 -2.935645e-02 2.387186e-02
3.587500e+03 2.712500e+03 1.225000e+03 -3.010567e-03 4.099142e-02 4.719946e-02 3.180094e-02 -6.925723e-03 2.736110e-02 1.530990e-02 2.387186e-02
3.687500e+03 2.712500e+03 1.225000e+03 9.061300e-02 4.099142e-02 2.642676e-02 3.180094e-02 1.743584e-02 2.736110e-02 -1.949825e-02 2.387186e-02
3.787500e+03 2.712500e+03 1.225000e+03 7.695871e-02 4.099142e-02 1.523452e-02 3.180094e-02 4.072296e-02 2.736110e-02 -1.644494e-02 2.387186e-02
3.887500e+03 2.712500e+03 1.225000e+03 -3.446661e-02 4.099142e-02 2.124923e-02 3.180094e-02 4.712407e-02 2.736110e-02 -2.039020e-02 2.387186e-02
3.987500e+03 2.712500e+03 1.225000e+03 -6.433006e-02 4.099142e-02 5.369310e-02 3.180094e-02 7.609750e-02 2.736110e-02 -3.440570e-02 2.387186e-02
4.087500e+03 2.712500e+03 1.200000e+03 -9.222943e-02 4.099142e-02 1.073750e-03 3.180094e-02 6.538308e-02 2.736110e-02 -3.262310e-02 2.387186e-02
4.187500e+03 2.712500e+03 1.200000e+03 -3.836280e-02 4.099142e-02 1.587062e-02 3.180094e-02 1.542606e-03 2.736110e-02 3.681845e-03 2.387186e-02
4.287500e+03 2.712500e+03 1.175000e+03 -1.089317e-01 4.099142e-02 -9.551330e-03 3.180094e-02 -3.035390e-02 2.736110e-02 5.980504e-02 2.387186e-02
4.387500e+03 2.712500e+03 1.175000e+03 1.953352e-02 4.099142e-02 1.048568e-01 3.180094e-02 2.911365e-02 2.736110e-02 2.877624e-02 2.387186e-02
4.487500e+03 2.712500e+03 1.175000e+03 1.636259e-02 4.099142e-02 2.858119e-02 3.180094e-02 -1.922205e-02 2.736110e-02 1.360059e-02 2.387186e-02
4.587500e+03 2.712500e+03 1.175000e+03 6.675596e-02 4.099142e-02 8.592168e-03 3.180094e-02 5.410999e-02 2.736110e-02 4.936046e-02 2.387186e-02
4.687500e+03 2.712500e+03 1.150000e+03 1.269572e-02 4.099142e-02 5.847747e-02 3.180094e-02 1.069872e-02 2.736110e-02 3.106808e-02 2.387186e-02
4.787500e+03 2.712500e+03 1.150000e+03 -2.444438e-02 4.099142e-02 7.874383e-02 3.180094e-02 -2.448585e-02 2.736110e-02 4.516116e-02 2.387186e-02
4.887500e+03 2.712500e+03 1.175000e+03 1.461443e-01 4.099142e-02 6.480777e-02 3.180094e-02 -3.267798e-02 2.736110e-02 9.385580e-02 2.387186e-02
4.987500e+03 2.712500e+03 1.175000e+03 8.006958e-02 4.099142e-02 1.161927e-01 3.180094e-02 -2.811534e-02 2.736110e-02 1.459730e-01 2.387186e-02
5.087500e+03 2.712500e+03 1.200000e+03 4.848194e-02 4.099142e-02 6.227458e-02 3.180094e-02 2.477675e-03 2.736110e-02 1.392519e-01 2.387186e-02
5.187500e+03 2.712500e+03 1.200000e+03 1.514890e-02 4.099142e-02 9.845232e-02 3.180094e-02 4.129219e-02 2.736110e-02 6.316287e-02 2.387186e-02
5.287500e+03 2.712500e+03 1.175000e+03 4.786786e-02 4.099142e-02 1.067036e-01 3.180094e-02 -4.787897e-02 2.736110e-02 5.873290e-02 2.387186e-02
5.387500e+03 2.712500e+03 1.200000e+03 1.707087e-01 4.099142e-02 4.807140e-02 3.180094e-02 -2.166518e-03 2.736110e-02 8.996851e-02 2.387186e-02
5.487500e+03 2.712500e+03 1.200000e+03 2.057658e-01 4.099142e-02 9.945615e-02 3.180094e-02 -9.209540e-02 2.736110e-02 1.395763e-01 2.387186e-02
5.587500e+03 2.712500e+03 1.225000e+03 1.540082e-01 4.099142e-02 8.413220e-02 3.180094e-02 -4.520781e-02 2.736110e-02 1.058507e-01 2.387186e-02
5.687500e+03 2.712500e+03 1.225000e+03 1.457110e-01 4.099142e-02 6.377833e-02 3.180094e-02 -1.867430e-02 2.736110e-02 5.501339e-02 2.387186e-02
5.787500e+03 2.712500e+03 1.225000e+03 1.378226e-01 4.099142e-02 5.052836e-02 3.180094e-02 -4.695081e-02 2.736110e-02 1.114984e-01 2.387186e-02
5.887500e+03 2.712500e+03 1.250000e+03 1.215766e-01 4.099142e-02 1.003931e-01 3.180094e-02 -2.930235e-02 2.736110e-02 3.915697e-02 2.387186e-02
5.987500e+03 2.712500e+03 1.250000e+03 6.473377e-02 4.099142e-02 1.805347e-01 3.180094e-02 -1.420027e-02 2.736110e-02 8.755569e-02 2.387186e-02
6.087500e+03 2.712500e+03 1.250000e+03 5.820057e-02 4.099142e-02 1.571645e-01 3.180094e-02 -4.976786e-03 2.736110e-02 4.965566e-02 2.387186e-02
6.187500e+03 2.712500e+03 1.225000e+03 8.039677e-02 4.099142e-02 1.664016e-01 3.180094e-02 -3.644957e-02 2.736110e-02 1.203115e-01 2.387186e-02
6.287500e+03 2.712500e+03 1.225000e+03 1.323902e-01 4.099142e-02 1.459580e-01 3.180094e-02 -4.788056e-02 2.736110e-02 8.763073e-02 2.387186e-02
6.387500e+03 2.712500e+03 1.250000e+03 2.961713e-01 4.099142e-02 5.457195e-02 3.180094e-02 1.714116e-02 2.736110e-02 7.301213e-02 2.387186e-02
6.487500e+03 2.712500e+03 1.250000e+03 2.438824e-01 4.099142e-02 4.632565e-02 3.180094e-02 4.518201e-02 2.736110e-02 7.176233e-02 2.387186e-02
6.587500e+03 2.712500e+03 1.275000e+03 3.684368e-01 4.099142e-02 -1.219345e-01 3.180094e-02 3.133526e-02 2.736110e-02 1.331384e-01 2.387186e-02
6.687500e+03 2.712500e+03 1.275000e+03 3.452761e-01 4.099142e-02 -1.257537e-03 3.180094e-02 7.132164e-02 2.736110e-02 5.029196e-02 2.387186e-02
6.787500e+03 2.712500e+03 1.275000e+03 3.375833e-01 4.099142e-02 -2.066417e-02 3.180094e-02 9.240152e-02 2.736110e-02 -5.181222e-03 2.387186e-02
6.887500e+03 2.712500e+03 1.250000e+03 3.538640e-01 4.099142e-02 -1.411959e-01 3.180094e-02 1.976398e-01 2.736110e-02 -5.876119e-02 2.387186e-02
6.987500e+03 2.712500e+03 1.250000e+03 4.592337e-01 4.099142e-02 -1.076433e-01 3.180094e-02 4.982243e-02 2.736110e-02 7.951121e-02 2.387186e-02
3.487500e+03 2.812500e+03 1.200000e+03 -6.921123e-03 4.099142e-02 -5.515966e-04 3.180094e-02 1.916414e-02 2.736110e-02 4.008355e-02 2.387186e-02
3.587500e+03 2.812500e+03 1.225000e+03 -9.709345e-03 4.099142e-02 -3.054936e-02 3.180094e-02 1.155219e-02 2.736110e-02 1.685395e-02 2.387186e-02
3.687500e+03 2.812500e+03 1.225000e+03 -1.557913e-03 4.099142e-02 2.883181e-02 3.180094e-02 1.012173e-02 2.736110e-02 -3.729219e-02 2.387186e-02
3.787500e+03 2.812500e+03 1.200000e+03 -6.166419e-02 4.099142e-02 3.324724e-02 3.180094e-02 5.937625e-02 2.736110e-02 -6.560106e-02 2.387186e-02
3.887500e+03 2.812500e+03 1.200000e+03 1.597885e-04 4.099142e-02 6.878305e-02 3.180094e-02 2.446573e-02 2.736110e-02 -3.465651e-02 2.387186e-02
3.987500e+03 2.812500e+03 1.200000e+03 4.567778e-02 4.099142e-02 -1.282328e-02 3.180094e-02 5.802234e-02 2.736110e-02 -2.036017e-02 2.387186e-02
4.087500e+03 2.812500e+03 1.200000e+03 -3.081094e-02 4.099142e-02 8.980767e-02 3.180094e-02 -4.848932e-03 2.736110e-02 3.998401e-02 2.387186e-02
4.187500e+03 2.812500e+03 1.175000e+03 -1.347688e-01 4.099142e-02 8.312633e-02 3.180094e-02 2.345849e-02 2.736110e-02 3.083839e-02 2.387186e-02
4.287500e+03 2.812500e+03 1.200000e+03 -6.414317e-02 4.099142e-02 7.078033e-02 3.180094e-02 -7.678145e-04 2.736110e-02 -1.304737e-02 2.387186e-02
4.387500e+03 2.812500e+03 1.200000e+03 -5.682196e-02 4.099142e-02 1.074664e-01 3.180094e-02 1.641969e-02 2.736110e-02 3.818885e-02 2.387186e-02
4.487500e+03 2.812500e+03 1.200000e+03 -4.801847e-02 4.099142e-02 6.567256e-02 3.180094e-02 -7.818173e-03 2.736110e-02 7.492376e-02 2.387186e-02
4.587500e+03 2.812500e+03 1.175000e+03 5.734461e-02 4.099142e-02 5.810048e-02 3.180094e-02 2.490591e-02 2.736110e-02 2.907561e-02 2.387186e-02
4.687500e+03 2.812500e+03 1.150000e+03 1.244608e-01 4.099142e-02 4.476463e-02 3.180094e-02 5.665637e-02 2.736110e-02 4.305791e-02 2.387186e-02
4.787500e+03 2.812500e+03 1.150000e+03 -3.341667e-02 4.099142e-02 8.738862e-02 3.180094e-02 2.530605e-02 2.736110e-02 9.464142e-02 2.387186e-02
4.887500e+03 2.812500e+03 1.175000e+03 6.843585e-02 4.099142e-02 9.737703e-02 3.180094e-02 2.924582e-02 2.736110e-02 9.947397e-02 2.387186e-02
4.987500e+03 2.812500e+03 1.200000e+03 2.405227e-02 4.099142e-02 8.563382e-02 3.180094e-02 6.929407e-03 2.736110e-02 1.044430e-01 2.387186e-02
5.087500e+03 2.812500e+03 1.200000e+03 7.250624e-02 4.099142e-02 1.062034e-01 3.180094e-02 2.765036e-02 2.736110e-02 3.709503e-02 2.387186e-02
5.187500e+03 2.812500e+03 1.200000e+03 2.264979e-01 4.099142e-02 2.510767e-02 3.180094e-02 8.096913e-03 2.736110e-02 6.990986e-02 2.387186e-02
5.287500e+03 2.812500e+03 1.200000e+03 1.045964e-01 4.099142e-02 5.320064e-02 3.180094e-02 -1.239323e-02 2.736110e-02 9.458567e-02 2.387186e-02
5.387500e+03 2.812500e+03 1.200000e+03 6.030002e-02 4.099142e-02 -2.041524e-04 3.180094e-02 1.673828e-02 2.736110e-02 5.333621e-02 2.387186e-02
5.487500e+03 2.812500e+03 1.200000e+03 1.805924e-01 4.099142e-02 1.888488e-03 3.180094e-02 -2.570453e-02 2.736110e-02 8.589673e-02 2.387186e-02
5.587500e+03 2.812500e+03 1.225000e+03 1.094433e-01 4.099142e-02 2.780159e-02 3.180094e-02 -2.207236e-02 2.736110e-02 1.263722e-01 2.387186e-02
5.687500e+03 2.812500e+03 1.225000e+03 1.138190e-01 4.099142e-02 3.244090e-02 3.180094e-02 -4.513105e-02 2.736110e-02 7.073118e-02 2.387186e-02
5.787500e+03 2.812500e+03 1.225000e+03 1.017657e-01 4.099142e-02 5.506884e-02 3.180094e-02 -4.950239e-02 2.736110e-02 1.409415e-01 2.387186e-02
5.887500e+03 2.812500e+03 1.250000e+03 1.018441e-01 4.099142e-02 5.458340e-02 3.180094e-02 -5.705481e-02 2.736110e-02 1.230084e-01 2.387186e-02
5.987500e+03 2.812500e+03 1.250000e+03 1.489341e-01 4.099142e-02 -1.779617e-02 3.180094e-02 4.870493e-02 2.736110e-02 1.134961e-01 2.387186e-02
6.087500e+03 2.812500e+03 1.250000e+03 1.900887e-01 4.099142e-02 1.158541e-01 3.180094e-02 -9.817027e-03 2.736110e-02 7.629052e-02 2.387186e-02
6.187500e+03 2.812500e+03 1.250000e+03 1.397063e-01 4.099142e-02 7.665360e-02 3.180094e-02 2.585273e-02 2.736110e-02 5.361425e-02 2.387186e-02
6.287500e+03 2.812500e+03 1.250000e+03 2.053880e-01 4.099142e-02 1.083264e-01 3.180094e-02 3.380991e-02 2.736110e-02 9.626196e-02 2.387186e-02
6.387500e+03 2.812500e+03 1.250000e+03 3.113157e-01 4.099142e-02 8.149129e-02 3.180094e-02 5.681125e-02 2.736110e-02 7.613016e-02 2.387186e-02
6.487500e+03 2.812500e+03 1.250000e+03 4.544564e-01 4.099142e-02 -8.528852e-02 3.180094e-02 1.626496e-01 2.736110e-02 7.807196e-02 2.387186e-02
6.587500e+03 2.812500e+03 1.250000e+03 5.093325e-01 4.099142e-02 -1.851195e-01 3.180094e-02 1.600093e-01 2.736110e-02 6.104360e-02 2.387186e-02
6.687500e+03 2.812500e+03 1.250000e+03 5.154530e-01 4.099142e-02 -2.269701e-01 3.180094e-02 5.714434e-02 2.736110e-02 5.400670e-02 2.387186e-02
6.787500e+03 2.812500e+03 1.275000e+03 3.597303e-01 4.099142e-02 -1.188467e-01 3.180094e-02 1.164099e-01 2.736110e-02 3.850965e-02 2.387186e-02
6.887500e+03 2.812500e+03 1.275000e+03 3.593364e-01 4.099142e-02 -3.174210e-02 3.180094e-02 7.150373e-02 2.736110e-02 4.827328e-02 2.387186e-02
6.987500e+03 2.812500e+03 1.275000e+03 3.302573e-01 4.099142e-02 -2.363267e-02 3.180094e-02 6.876368e-02 2.736110e-02 1.386068e-03 2.387186e-02
3.487500e+03 2.912500e+03 1.225000e+03 4.706048e-02 4.099142e-02 3.994217e-02 3.180094e-02 -5.195544e-02 2.736110e-02 6.720135e-02 2.387186e-02
3.587500e+03 2.912500e+03 1.225000e+03 -6.249679e-02 4.099142e-02 2.672120e-02 3.180094e-02 -7.000900e-02 2.736110e-02 2.227264e-02 2.387186e-02
3.687500e+03 2.912500e+03 1.250000e+03 -7.329745e-03 4.099142e-02 3.148214e-02 3.180094e-02 -2.766297e-02 2.736110e-02 -3.008312e-02 2.387186e-02
3.787500e+03 2.912500e+03 1.225000e+03 -3.407656e-02 4.099142e-02 1.629893e-02 3.180094e-02 3.043923e-02 2.736110e-02 -8.820004e-03 2.387186e-02
3.887500e+03 2.912500e+03 1.225000e+03 -9.236006e-02 4.099142e-02 6.106458e-02 3.180094e-02 5.137731e-02 2.736110e-02 -2.388564e-02 2.387186e-02
3.987500e+03 2.912500e+03 1.225000e+03 -5.488733e-02 4.099142e-02 4.433330e-02 3.180094e-02 -2.097008e-03 2.736110e-02 -2.118136e-02 2.387186e-02
4.087500e+03 2.912500e+03 1.200000e+03 -5.561948e-02 4.099142e-02 6.890585e-02 3.180094e-02 3.549935e-02 2.736110e-02 5.680885e-02 2.387186e-02
4.187500e+03 2.912500e+03 1.200000e+03 -2.078948e-02 4.099142e-02 3.823668e-02 3.180094e-02 2.405577e-02 2.736110e-02 1.701251e-02 2.387186e-02
4.287500e+03 2.912500e+03 1.225000e+03 -1.781729e-03 4.099142e-02 1.093184e-01 3.180094e-02 2.683603e-02 2.736110e-02 1.663525e-02 2.387186e-02
4.387500e+03 2.912500e+03 1.200000e+03 1.116097e-03 4.099142e-02 1.039599e-01 3.180094e-02 7.235087e-02 2.736110e-02 5.677555e-02 2.387186e-02
4.487500e+03 2.912500e+03 1.200000e+03 8.989676e-02 4.099142e-02 1.873669e-02 3.180094e-02 8.876249e-02 2.736110e-02 1.077460e-02 2.387186e-02
4.587500e+03 2.912500e+03 1.150000e+03 3.532280e-02 4.099142e-02 3.785452e-02 3.180094e-02 2.224816e-02 2.736110e-02 2.049287e-02 2.387186e-02
4.687500e+03 2.912500e+03 1.150000e+03 8.986961e-02 4.099142e-02 4.968613e-02 3.180094e-02 5.381525e-02 2.736110e-02 7.076587e-02 2.387186e-02
4.787500e+03 2.912500e+03 1.150000e+03 5.505254e-02 4.099142e-02 7.103240e-02 3.180094e-02 3.796476e-02 2.736110e-02 1.585226e-01 2.387186e-02
4.887500e+03 2.912500e+03 1.175000e+03 4.240947e-02 4.099142e-02 3.657191e-02 3.180094e-02 5.170639e-03 2.736110e-02 1.089653e-01 2.387186e-02
4.987500e+03 2.912500e+03 1.175000e+03 7.492286e-02 4.099142e-02 5.109061e-02 3.180094e-02 7.128232e-03 2.736110e-02 1.304836e-01 2.387186e-02
5.087500e+03 2.912500e+03 1.200000e+03 1.448217e-01 4.099142e-02 7.018761e-02 3.180094e-02 -5.218626e-03 2.736110e-02 1.026220e-01 2.387186e-02
5.187500e+03 2.912500e+03 1.200000e+03 1.501301e-01 4.099142e-02 3.994254e-02 3.180094e-02 -1.136695e-02 2.736110e-02 9.250736e-02 2.387186e-02
5.287500e+03 2.912500e+03 1.200000e+03 1.182537e-01 4.099142e-02 2.781680e-02 3.180094e-02 2.332031e-02 2.736110e-02 9.719837e-02 2.387186e-02
5.387500e+03 2.912500e+03 1.200000e+03 1.195074e-01 4.099142e-02 4.135827e-02 3.180094e-02 -2.569243e-02 2.736110e-02 5.628217e-02 2.387186e-02
5.487500e+03 2.912500e+03 1.200000e+03 7.352602e-02 4.099142e-02 1.058932e-01 3.180094e-02 -5.224717e-02 2.736110e-02 8.447256e-02 2.387186e-02
5.587500e+03 2.912500e+03 1.200000e+03 1.297130e-01 4.099142e-02 9.107327e-02 3.180094e-02 -1.045775e-01 2.736110e-02 9.911927e-02 2.387186e-02
5.687500e+03 2.912500e+03 1.200000e+03 1.919016e-01 4.099142e-02 1.041280e-01 3.180094e-02 -6.474646e-02 2.736110e-02 1.153448e-01 2.387186e-02
5.787500e+03 2.912500e+03 1.200000e+03 1.106727e-01 4.099142e-02 1.123067e-01 3.180094e-02 -3.767579e-02 2.736110e-02 1.128695e-01 2.387186e-02
5.887500e+03 2.912500e+03 1.225000e+03 1.247100e-01 4.099142e-02 6.802629e-02 3.180094e-02 -3.059390e-02 2.736110e-02 1.184363e-01 2.387186e-02
5.987500e+03 2.912500e+03 1.225000e+03 7.808811e-02 4.099142e-02 2.117620e-01 3.180094e-02 2.904527e-03 2.736110e-02 5.675428e-02 2.387186e-02
6.087500e+03 2.912500e+03 1.250000e+03 3.151603e-01 4.099142e-02 1.965327e-02 3.180094e-02 3.563107e-02 2.736110e-02 4.508102e-02 2.387186e-02
6.187500e+03 2.912500e+03 1.250000e+03 3.193110e-01 4.099142e-02 1.156826e-02 3.180094e-02 7.720714e-02 2.736110e-02 1.097282e-01 2.387186e-02
6.287500e+03 2.912500e+03 1.250000e+03 3.481627e-01 4.099142e-02 -9.188114e-02 3.180094e-02 1.576462e-01 2.736110e-02 7.921683e-02 2.387186e-02
6.387500e+03 2.912500e+03 1.250000e+03 2.817663e-01 4.099142e-02 -7.342862e-02 3.180094e-02 2.578409e-01 2.736110e-02 -5.390520e-02 2.387186e-02
6.487500e+03 2.912500e+03 1.250000e+03 3.458431e-01 4.099142e-02 -7.246288e-03 3.180094e-02 1.905053e-01 2.736110e-02 5.113192e-02 2.387186e-02
6.587500e+03 2.912500e+03 1.250000e+03 2.190280e-01 4.099142e-02 -2.525759e-02 3.180094e-02 4.442028e-02 2.736110e-02 3.823660e-02 2.387186e-02
6.687500e+03 2.912500e+03 1.250000e+03 2.529137e-01 4.099142e-02 -9.956992e-02 3.180094e-02 7.680506e-02 2.736110e-02 3.953988e-02 2.387186e-02
6.787500e+03 2.912500e+03 1.275000e+03 2.983943e-01 4.099142e-02 3.640869e-02 3.180094e-02 3.101523e-02 2.736110e-02 5.432282e-02 2.387186e-02
6.887500e+03 2.912500e+03 1.275000e+03 1.907210e-01 4.099142e-02 1.477384e-02 3.180094e-02 7.465192e-02 2.736110e-02 -1.543559e-04 2.387186e-02
6.987500e+03 2.912500e+03 1.275000e+03 2.628561e-01 4.099142e-02 8.248538e-02 3.180094e-02 -1.371653e-02 2.736110e-02 7.399573e-02 2.387186e-02
3.487500e+03 3.012500e+03 1.225000e+03 -1.785570e-02 4.099142e-02 4.381818e-02 3.180094e-02 -3.543235e-02 2.736110e-02 5.314418e-02 2.387186e-02
3.587500e+03 3.012500e+03 1.225000e+03 -2.737503e-03 4.099142e-02 -1.012267e-02 3.180094e-02 -1.926096e-02 2.736110e-02 -2.998162e-03 2.387186e-02
3.687500e+03 3.012500e+03 1.225000e+03 3.155681e-02 4.099142e-02 -4.502401e-02 3.180094e-02 5.159397e-02 2.736110e-02 3.055677e-02 2.387186e-02
3.787500e+03 3.012500e+03 1.225000e+03 -3.969224e-02 4.099142e-02 -1.665359e-02 3.180094e-02 4.091223e-02 2.736110e-02 -3.130308e-02 2.387186e-02
3.887500e+03 3.012500e+03 1.225000e+03 3.939295e-02 4.099142e-02 1.439657e-01 3.180094e-02 4.738249e-02 2.736110e-02 1.121978e-02 2.387186e-02
3.987500e+03 3.012500e+03 1.225000e+03 1.332476e-02 4.099142e-02 8.785724e-02 3.180094e-02 2.244965e-02 2.736110e-02 1.046662e-02 2.387186e-02
4.087500e+03 3.012500e+03 1.225000e+03 3.863115e-02 4.099142e-02 6.598278e-02 3.180094e-02 2.169895e-02 2.736110e-02 5.842567e-03 2.387186e-02
4.187500e+03 3.012500e+03 1.225000e+03 1.945084e-02 4.099142e-02 9.250997e-02 3.180094e-02 3.386612e-02 2.736110e-02 4.605932e-02 2.387186e-02
4.287500e+03 3.012500e+03 1.225000e+03 -2.867701e-03 4.099142e-02 6.376257e-02 3.180094e-02 3.334509e-02 2.736110e-02 3.676434e-02 2.387186e-02
4.387500e+03 3.012500e+03 1.225000e+03 2.870610e-02 4.099142e-02 1.012839e-01 3.180094e-02 4.945399e-02 2.736110e-02 6.015296e-02 2.387186e-02
4.487500e+03 3.012500e+03 1.200000e+03 3.722324e-02 4.099142e-02 1.334604e-01 3.180094e-02 5.078039e-02 2.736110e-02 -4.856124e-02 2.387186e-02
4.587500e+03 3.012500e+03 1.150000e+03 4.819634e-02 4.099142e-02 6.712404e-02 3.180094e-02 1.160828e-01 2.736110e-02 -4.602920e-03 2.387186e-02
4.687500e+03 3.012500e+03 1.150000e+03 5.643710e-02 4.099142e-02 4.126990e-02 3.180094e-02 5.037991e-03 2.736110e-02 5.345500e-02 2.387186e-02
4.787500e+03 3.012500e+03 1.150000e+03 6.476381e-02 4.099142e-02 7.366566e-02 3.180094e-02 3.230428e-02 2.736110e-02 6.425615e-02 2.387186e-02
4.887500e+03 3.012500e+03 1.175000e+03 1.520756e-01 4.099142e-02 6.743967e-02 3.180094e-02 5.967782e-02 2.736110e-02 1.138930e-01 2.387186e-02
4.987500e+03 3.012500e+03 1.175000e+03 1.089762e-01 4.099142e-02 -1.519875e-02 3.180094e-02 5.570950e-02 2.736110e-02 1.152397e-01 2.387186e-02
5.087500e+03 3.012500e+03 1.200000e+03 1.660624e-01 4.099142e-02 8.340722e-02 3.180094e-02 2.179725e-02 2.736110e-02 1.103102e-01 2.387186e-02
5.187500e+03 3.012500e+03 1.200000e+03 1.245097e-01 4.099142e-02 7.348839e-02 3.180094e-02 4.665134e-02 2.736110e-02 6.829339e-02 2.387186e-02
5.287500e+03 3.012500e+03 1.200000e+03 1.046396e-01 4.099142e-02 2.932502e-02 3.180094e-02 2.102517e-02 2.736110e-02 1.240907e-01 2.387186e-02
5.387500e+03 3.012500e+03 1.225000e+03 1.498054e-01 4.099142e-02 1.104121e-01 3.180094e-02 -4.309783e-03 2.736110e-02 1.451639e-01 2.387186e-02
5.487500e+03 3.012500e+03 1.200000e+03 1.052530e-01 4.099142e-02 1.325438e-01 3.180094e-02 -6.187499e-02 2.736110e-02 9.970199e-02 2.387186e-02
5.587500e+03 3.012500e+03 1.200000e+03 5.014399e-02 4.099142e-02 7.135081e-02 3.180094e-02 -2.998753e-02 2.736110e-02 8.581919e-02 2.387186e-02
5.687500e+03 3.012500e+03 1.200000e+03 1.115389e-01 4.099142e-02 1.194814e-01 3.180094e-02 -2.764322e-02 2.736110e-02 8.501983e-02 2.387186e-02
5.787500e+03 3.012500e+03 1.225000e+03 -8.493154e-03 4.099142e-02 1.392718e-01 3.180094e-02 -4.050295e-02 2.736110e-02 1.131251e-01 2.387186e-02
5.887500e+03 3.012500e+03 1.225000e+03 1.554939e-01 4.099142e-02 7.101833e-02 3.180094e-02 4.481520e-02 2.736110e-02 8.138028e-02 2.387186e-02
5.987500e+03 3.012500e+03 1.225000e+03 3.328518e-01 4.099142e-02 -7.249031e-02 3.180094e-02 1.136437e-01 2.736110e-02 3.724998e-02 2.387186e-02
6.087500e+03 3.012500e+03 1.225000e+03 3.694919e-01 4.099142e-02 -1.960370e-01 3.180094e-02 2.625547e-01 2.736110e-02 -7.337258e-02 2.387186e-02
6.187500e+03 3.012500e+03 1.225000e+03 4.073559e-01 4.099142e-02 -1.156959e-01 3.180094e-02 9.660135e-02 2.736110e-02 3.139708e-02 2.387186e-02
6.287500e+03 3.012500e+03 1.250000e+03 3.845097e-01 4.099142e-02 -1.781163e-01 3.180094e-02 7.887125e-02 2.736110e-02 7.711976e-02 2.387186e-02
6.387500e+03 3.012500e+03 1.275000e+03 3.008144e-01 4.099142e-02 -6.424178e-02 3.180094e-02 5.665584e-02 2.736110e-02 5.281664e-02 2.387186e-02
6.487500e+03 3.012500e+03 1.275000e+03 2.744081e-01 4.099142e-02 2.737236e-02 3.180094e-02 9.295142e-02 2.736110e-02 6.376247e-02 2.387186e-02
6.587500e+03 3.012500e+03 1.275000e+03 2.552696e-01 4.099142e-02 7.496957e-03 3.180094e-02 5.336514e-02 2.736110e-02 5.409763e-02 2.387186e-02
6.687500e+03 3.012500e+03 1.275000e+03 2.060719e-01 4.099142e-02 4.073667e-02 3.180094e-02 1.190854e-02 2.736110e-02 4.764033e-02 2.387186e-02
6.787500e+03 3.012500e+03 1.250000e+03 1.368548e-01 4.099142e-02 5.107810e-02 3.180094e-02 1.382430e-02 2.736110e-02 3.083569e-02 2.387186e-02
6.887500e+03 3.012500e+03 1.300000e+03 2.817799e-02 4.099142e-02 2.919016e-02 3.180094e-02 3.307557e-02 2.736110e-02 5.779465e-02 2.387186e-02
6.987500e+03 3.012500e+03 1.275000e+03 1.915160e-01 4.099142e-02 6.677493e-02 3.180094e-02 2.413096e-02 2.736110e-02 5.059051e-02 2.387186e-02
3.487500e+03 3.112500e+03 1.225000e+03 4.186168e-02 4.099142e-02 1.024648e-02 3.180094e-02 -3.016449e-02 2.736110e-02 3.838794e-02 2.387186e-02
3.587500e+03 3.112500e+03 1.250000e+03 9.844729e-03 4.099142e-02 4.027499e-02 3.180094e-02 -4.491659e-02 2.736110e-02 3.802298e-02 2.387186e-02
3.687500e+03 3.112500e+03 1.225000e+03 -5.987825e-03 4.099142e-02 4.105700e-02 3.180094e-02 2.814999e-02 2.736110e-02 1.242515e-02 2.387186e-02
3.787500e+03 3.112500e+03 1.225000e+03 3.459240e-02 4.099142e-02 -1.626765e-02 3.180094e-02 2.830710e-02 2.736110e-02 1.105859e-02 2.387186e-02
3.887500e+03 3.112500e+03 1.225000e+03 6.516954e-02 4.099142e-02 1.000709e-02 3.180094e-02 -5.277613e-02 2.736110e-02 4.279146e-02 2.387186e-02
3.987500e+03 3.112500e+03 1.250000e+03 -5.497199e-02 4.099142e-02 4.018254e-03 3.180094e-02 -4.089735e-02 2.736110e-02 -1.966482e-02 2.387186e-02
4.087500e+03 3.112500e+03 1.225000e+03 7.739514e-02 4.099142e-02 6.654379e-02 3.180094e-02 -2.343945e-02 2.736110e-02 3.938201e-02 2.387186e-02
4.187500e+03 3.112500e+03 1.250000e+03 -2.516609e-02 4.099142e-02 3.891675e-06 3.180094e-02 6.026820e-02 2.736110e-02 2.140947e-03 2.387186e-02
4.287500e+03 3.112500e+03 1.225000e+03 6.177246e-02 4.099142e-02 4.847046e-02 3.180094e-02 7.282621e-02 2.736110e-02 -4.385410e-03 2.387186e-02
4.387500e+03 3.112500e+03 1.225000e+03 4.278006e-02 4.099142e-02 2.957942e-02 3.180094e-02 7.246391e-02 2.736110e-02 -1.395084e-02 2.387186e-02
4.487500e+03 3.112500e+03 1.200000e+03 8.185904e-02 4.099142e-02 -1.137498e-02 3.180094e-02 1.188996e-01 2.736110e-02 1.857378e-02 2.387186e-02
4.587500e+03 3.112500e+03 1.175000e+03 8.102982e-02 4.099142e-02 5.841538e-02 3.180094e-02 8.216388e-02 2.736110e-02 4.960715e-02 2.387186e-02
4.687500e+03 3.112500e+03 1.150000e+03 7.631035e-02 4.099142e-02 1.847967e-03 3.180094e-02 1.295563e-01 2.736110e-02 6.346896e-02 2.387186e-02
4.787500e+03 3.112500e+03 1.150000e+03 6.581200e-02 4.099142e-02 9.349090e-03 3.180094e-02 7.693586e-02 2.736110e-02 1.190600e-01 2.387186e-02
4.887500e+03 3.112500e+03 1.175000e+03 3.759271e-02 4.099142e-02 2.883394e-02 3.180094e-02 6.756467e-02 2.736110e-02 1.162896e-01 2.387186e-02
4.987500e+03 3.112500e+03 1.175000e+03 1.122235e-01 4.099142e-02 5.762978e-02 3.180094e-02 8.061070e-02 2.736110e-02 1.308679e-01 2.387186e-02
5.087500e+03 3.112500e+03 1.200000e+03 7.179184e-02 4.099142e-02 -1.493170e-02 3.180094e-02 3.655938e-02 2.736110e-02 8.416495e-02 2.387186e-02
5.187500e+03 3.112500e+03 1.225000e+03 8.831988e-02 4.099142e-02 -4.058104e-02 3.180094e-02 8.664263e-02 2.736110e-02 1.254732e-01 2.387186e-02
5.287500e+03 3.112500e+03 1.200000e+03 8.732507e-02 4.099142e-02 4.259418e-02 3.180094e-02 -2.159702e-03 2.736110e-02 1.229572e-01 2.387186e-02
5.387500e+03 3.112500e+03 1.225000e+03 1.402176e-01 4.099142e-02 4.030972e-02 3.180094e-02 1.854469e-02 2.736110e-02 1.490932e-01 2.387186e-02
5.487500e+03 3.112500e+03 1.225000e+03 4.415068e-02 4.099142e-02 8.709562e-02 3.180094e-02 -6.097227e-03 2.736110e-02 1.137347e-01 2.387186e-02
5.587500e+03 3.112500e+03 1.200000e+03 7.467985e-02 4.099142e-02 1.182838e-01 3.180094e-02 1.274796e-02 2.736110e-02 1.067341e-01 2.387186e-02
5.687500e+03 3.112500e+03 1.200000e+03 1.680085e-01 4.099142e-02 7.389601e-02 3.180094e-02 -2.130478e-02 2.736110e-02 6.231392e-02 2.387186e-02
5.787500e+03 3.112500e+03 1.225000e+03 2.062393e-01 4.099142e-02 -7.137363e-03 3.180094e-02 6.578802e-02 2.736110e-02 7.684962e-02 2.387186e-02
5.887500e+03 3.112500e+03 1.225000e+03 2.491842e-01 4.099142e-02 -2.066929e-02 3.180094e-02 1.677529e-01 2.736110e-02 -7.267335e-03 2.387186e-02
5.987500e+03 3.112500e+03 1.225000e+03 2.948902e-01 4.099142e-02 -1.386716e-01 3.180094e-02 1.552895e-01 2.736110e-02 6.138239e-02 2.387186e-02
6.087500e+03 3.112500e+03 1.250000e+03 2.095764e-01 4.099142e-02 -4.483388e-02 3.180094e-02 1.479632e-01 2.736110e-02 3.528278e-02 2.387186e-02
6.187500e+03 3.112500e+03 1.225000e+03 1.947002e-01 4.099142e-02 -4.069675e-02 3.180094e-02 8.728489e-02 2.736110e-02 5.514682e-02 2.387186e-02
6.287500e+03 3.112500e+03 1.250000e+03 1.884607e-01 4.099142e-02 -5.865499e-02 3.180094e-02 -4.593363e-03 2.736110e-02 6.900456e-02 2.387186e-02
6.387500e+03 3.112500e+03 1.275000e+03 1.940008e-01 4.099142e-02 1.218300e-02 3.180094e-02 9.254386e-03 2.736110e-02 6.930354e-02 2.387186e-02
6.487500e+03 3.112500e+03 1.300000e+03 2.113445e-01 4.099142e-02 3.025469e-02 3.180094e-02 2.607015e-02 2.736110e-02 1.007239e-01 2.387186e-02
6.587500e+03 3.112500e+03 1.300000e+03 1.221719e-01 4.099142e-02 7.271955e-03 3.180094e-02 -3.789008e-03 2.736110e-02 5.207397e-02 2.387186e-02
6.687500e+03 3.112500e+03 1.275000e+03 7.338733e-02 4.099142e-02 1.217993e-02 3.180094e-02 7.931272e-02 2.736110e-02 4.425342e-02 2.387186e-02
6.787500e+03 3.112500e+03 1.250000e+03 1.630273e-01 4.099142e-02 8.931479e-02 3.180094e-02 1.050911e-01 2.736110e-02 1.078043e-01 2.387186e-02
6.887500e+03 3.112500e+03 1.275000e+03 1.752111e-01 4.099142e-02 3.701615e-02 3.180094e-02 -2.685554e-02 2.736110e-02 3.701901e-02 2.387186e-02
6.987500e+03 3.112500e+03 1.300000e+03 1.138639e-01 4.099142e-02 4.711602e-02 3.180094e-02 2.376825e-02 2.736110e-02 5.517285e-02 2.387186e-02
3.487500e+03 3.212500e+03 1.225000e+03 -1.080405e-02 4.099142e-02 -4.713485e-02 3.180094e-02 -6.481353e-02 2.736110e-02 7.574795e-02 2.387186e-02
3.587500e+03 3.212500e+03 1.225000e+03 5.486120e-02 4.099142e-02 -1.839758e-02 3.180094e-02 -4.279093e-02 2.736110e-02 2.338268e-02 2.387186e-02
3.687500e+03 3.212500e+03 1.250000e+03 -4.231828e-02 4.099142e-02 -8.129815e-02 3.180094e-02 1.525445e-02 2.736110e-02 -5.026441e-02 2.387186e-02
3.787500e+03 3.212500e+03 1.225000e+03 9.038064e-02 4.099142e-02 6.698382e-02 3.180094e-02 -2.105141e-03 2.736110e-02 -3.500562e-02 2.387186e-02
3.887500e+03 3.212500e+03 1.200000e+03 2.564128e-02 4.099142e-02 3.602050e-02 3.180094e-02 -2.868833e-02 2.736110e-02 -6.046311e-03 2.387186e-02
3.987500e+03 3.212500e+03 1.200000e+03 2.379371e-02 4.099142e-02 -9.018133e-03 3.180094e-02 1.320724e-02 2.736110e-02 4.114892e-02 2.387186e-02
4.087500e+03 3.212500e+03 1.225000e+03 1.092820e-01 4.099142e-02 -9.252295e-03 3.180094e-02 -6.398663e-03 2.736110e-02 8.231887e-02 2.387186e-02
4.187500e+03 3.212500e+03 1.225000e+03 8.016863e-02 4.099142e-02 1.315597e-03 3.180094e-02 7.741221e-02 2.736110e-02 7.589014e-03 2.387186e-02
4.287500e+03 3.212500e+03 1.200000e+03 1.011251e-01 4.099142e-02 -4.016023e-02 3.180094e-02 6.850675e-02 2.736110e-02 -3.443653e-02 2.387186e-02
4.387500e+03 3.212500e+03 1.200000e+03 1.294650e-01 4.099142e-02 -2.452356e-02 3.180094e-02 7.436040e-02 2.736110e-02 -1.410326e-03 2.387186e-02
4.487500e+03 3.212500e+03 1.175000e+03 9.899148e-02 4.099142e-02 -4.920855e-02 3.180094e-02 5.367176e-02 2.736110e-02 2.023170e-02 2.387186e-02
4.587500e+03 3.212500e+03 1.150000e+03 1.183375e-01 4.099142e-02 1.625710e-02 3.180094e-02 8.541483e-02 2.736110e-02 7.611697e-02 2.387186e-02
4.687500e+03 3.212500e+03 1.150000e+03 3.884219e-02 4.099142e-02 5.155359e-02 3.180094e-02 8.582193e-02 2.736110e-02 4.953957e-02 2.387186e-02
4.787500e+03 3.212500e+03 1.150000e+03 1.018214e-01 4.099142e-02 4.726931e-02 3.180094e-02 4.147995e-02 2.736110e-02 1.196808e-01 2.387186e-02
4.887500e+03 3.212500e+03 1.175000e+03 1.983970e-02 4.099142e-02 3.447587e-02 3.180094e-02 3.319222e-02 2.736110e-02 1.238109e-01 2.387186e-02
4.987500e+03 3.212500e+03 1.200000e+03 6.322392e-02 4.099142e-02 1.643295e-02 3.180094e-02 1.391246e-01 2.736110e-02 9.960116e-02 2.387186e-02
5.087500e+03 3.212500e+03 1.200000e+03 6.498149e-02 4.099142e-02 5.390417e-02 3.180094e-02 6.070641e-02 2.736110e-02 1.055098e-01 2.387186e-02
5.187500e+03 3.212500e+03 1.225000e+03 1.203636e-01 4.099142e-02 6.152080e-02 3.180094e-02 4.603102e-02 2.736110e-02 1.531785e-01 2.387186e-02
5.287500e+03 3.212500e+03 1.225000e+03 6.942869e-02 4.099142e-02 4.015493e-02 3.180094e-02 -2.012156e-02 2.736110e-02 6.356739e-02 2.387186e-02
5.387500e+03 3.212500e+03 1.225000e+03 2.086183e-01 4.099142e-02 4.483089e-03 3.180094e-02 9.460677e-03 2.736110e-02 9.591880e-02 2.387186e-02
5.487500e+03 3.212500e+03 1.250000e+03 7.650675e-02 4.099142e-02 4.908674e-03 3.180094e-02 -4.695958e-03 2.736110e-02 6.744252e-02 2.387186e-02
5.587500e+03 3.212500e+03 1.225000e+03 1.213665e-01 4.099142e-02 -1.902870e-02 3.180094e-02 1.864508e-02 2.736110e-02 5.818586e-02 2.387186e-02
5.687500e+03 3.212500e+03 1.200000e+03 2.060152e-01 4.099142e-02 -1.930305e-02 3.180094e-02 3.595700e-02 2.736110e-02 9.846288e-02 2.387186e-02
5.787500e+03 3.212500e+03 1.225000e+03 2.037836e-01 4.099142e-02 -1.715538e-01 3.180094e-02 8.920729e-02 2.736110e-02 7.156223e-02 2.387186e-02
5.887500e+03 3.212500e+03 1.250000e+03 2.456600e-01 4.099142e-02 -5.433455e-02 3.180094e-02 7.612318e-02 2.736110e-02 5.460319e-02 2.387186e-02
5.987500e+03 3.212500e+03 1.250000e+03 1.648565e-01 4.099142e-02 -5.769882e-02 3.180094e-02 1.034202e-01 2.736110e-02 -1.543166e-02 2.387186e-02
6.087500e+03 3.212500e+03 1.250000e+03 9.320501e-02 4.099142e-02 -2.876102e-02 3.180094e-02 9.298230e-02 2.736110e-02 9.850598e-02 2.387186e-02
6.187500e+03 3.212500e+03 1.250000e+03 2.017375e-01 4.099142e-02 1.020539e-02 3.180094e-02 3.243896e-02 2.736110e-02 2.563035e-02 2.387186e-02
6.287500e+03 3.212500e+03 1.250000e+03 1.239201e-01 4.099142e-02 -1.308112e-02 3.180094e-02 7.397079e-02 2.736110e-02 7.660687e-02 2.387186e-02
6.387500e+03 3.212500e+03 1.250000e+03 1.383687e-01 4.099142e-02 3.261887e-03 3.180094e-02 4.947688e-02 2.736110e-02 6.906054e-02 2.387186e-02
6.487500e+03 3.212500e+03 1.275000e+03 4.732262e-02 4.099142e-02 3.492587e-02 3.180094e-02 3.422725e-02 2.736110e-02 1.131723e-01 2.387186e-02
6.587500e+03 3.212500e+03 1.300000e+03 8.222294e-02 4.099142e-02 -8.782956e-03 3.180094e-02 4.793283e-02 2.736110e-02 8.465534e-02 2.387186e-02
6.687500e+03 3.212500e+03 1.275000e+03 3.615900e-02 4.099142e-02 6.445008e-02 3.180094e-02 1.968092e-02 2.736110e-02 3.107295e-02 2.387186e-02
6.787500e+03 3.212500e+03 1.275000e+03 9.530205e-02 4.099142e-02 7.243423e-02 3.180094e-02 -1.879818e-02 2.736110e-02 4.658928e-02 2.387186e-02
6.887500e+03 3.212500e+03 1.275000e+03 4.316340e-02 4.099142e-02 -3.358403e-02 3.180094e-02 4.420486e-02 2.736110e-02 7.522357e-02 2.387186e-02
6.987500e+03 3.212500e+03 1.300000e+03 1.127758e-01 4.099142e-02 1.049444e-01 3.180094e-02 -3.036699e-02 2.736110e-02 6.560686e-02 2.387186e-02
3.487500e+03 3.312500e+03 1.200000e+03 -2.300770e-02 4.099142e-02 3.054216e-02 3.180094e-02 -5.734844e-02 2.736110e-02 1.065902e-01 2.387186e-02
3.587500e+03 3.312500e+03 1.225000e+03 1.965143e-02 4.099142e-02 4.625927e-02 3.180094e-02 6.312232e-03 2.736110e-02 4.804715e-02 2.387186e-02
3.687500e+03 3.312500e+03 1.250000e+03 -2.540632e-02 4.099142e-02 9.082019e-02 3.180094e-02 -2.125551e-02 2.736110e-02 3.044055e-02 2.387186e-02
3.787500e+03 3.312500e+03 1.225000e+03 9.181230e-02 4.099142e-02 1.347423e-01 3.180094e-02 3.199605e-02 2.736110e-02 -3.537471e-02 2.387186e-02
3.887500e+03 3.312500e+03 1.200000e+03 4.109277e-02 4.099142e-02 3.300429e-02 3.180094e-02 1.729089e-02 2.736110e-02 1.457730e-02 2.387186e-02
3.987500e+03 3.312500e+03 1.200000e+03 1.293787e-01 4.099142e-02 3.267068e-02 3.180094e-02 2.214232e-02 2.736110e-02 -5.619358e-03 2.387186e-02
4.087500e+03 3.312500e+03 1.200000e+03 1.385990e-01 4.099142e-02 -5.942723e-04 3.180094e-02 5.991576e-02 2.736110e-02 5.787208e-02 2.387186e-02
4.187500e+03 3.312500e+03 1.225000e+03 1.221910e-01 4.099142e-02 -2.779579e-02 3.180094e-02 -7.030025e-03 2.736110e-02 9.815253e-02 2.387186e-02
4.287500e+03 3.312500e+03 1.225000e+03 8.017845e-02 4.099142e-02 2.148890e-02 3.180094e-02 6.169727e-02 2.736110e-02 -4.323212e-03 2.387186e-02
4.387500e+03 3.312500e+03 1.200000e+03 1.305498e-01 4.099142e-02 3.320001e-02 3.180094e-02 1.365656e-01 2.736110e-02 1.421621e-02 2.387186e-02
4.487500e+03 3.312500e+03 1.150000e+03 1.510442e-01 4.099142e-02 3.574549e-02 3.180094e-02 9.250655e-02 2.736110e-02 6.941962e-03 2.387186e-02
4.587500e+03 3.312500e+03 1.150000e+03 7.132271e-02 4.099142e-02 -1.883472e-02 3.180094e-02 6.280455e-02 2.736110e-02 8.318448e-02 2.387186e-02
4.687500e+03 3.312500e+03 1.150000e+03 5.048493e-02 4.099142e-02 3.481940e-02 3.180094e-02 5.401830e-02 2.736110e-02 8.566590e-02 2.387186e-02
4.787500e+03 3.312500e+03 1.175000e+03 3.530054e-02 4.099142e-02 9.266707e-02 3.180094e-02 6.127714e-02 2.736110e-02 9.146856e-02 2.387186e-02
4.887500e+03 3.312500e+03 1.175000e+03 4.417500e-02 4.099142e-02 -5.562438e-04 3.180094e-02 1.374148e-01 2.736110e-02 1.026225e-01 2.387186e-02
4.987500e+03 3.312500e+03 1.200000e+03 9.472503e-02 4.099142e-02 -5.938861e-02 3.180094e-02 1.071629e-01 2.736110e-02 9.657012e-02 2.387186e-02
5.087500e+03 3.312500e+03 1.225000e+03 9.775989e-02 4.099142e-02 -6.023737e-03 3.180094e-02 6.578834e-02 2.736110e-02 9.112070e-02 2.387186e-02
5.187500e+03 3.312500e+03 1.225000e+03 1.419222e-01 4.099142e-02 -1.963880e-02 3.180094e-02 5.945545e-02 2.736110e-02 1.146040e-01 2.387186e-02
5.287500e+03 3.312500e+03 1.225000e+03 1.583780e-02 4.099142e-02 3.845390e-02 3.180094e-02 3.681784e-02 2.736110e-02 1.362286e-01 2.387186e-02
5.387500e+03 3.312500e+03 1.225000e+03 -3.416346e-02 4.099142e-02 4.080708e-02 3.180094e-02 -2.720757e-02 2.736110e-02 1.432697e-01 2.387186e-02
5.487500e+03 3.312500e+03 1.250000e+03 1.063714e-01 4.099142e-02 -7.353352e-02 3.180094e-02 1.095523e-01 2.736110e-02 6.742306e-02 2.387186e-02
5.587500e+03 3.312500e+03 1.225000e+03 2.159845e-01 4.099142e-02 -1.604734e-01 3.180094e-02 2.116975e-01 2.736110e-02 2.358456e-02 2.387186e-02
5.687500e+03 3.312500e+03 1.225000e+03 2.056627e-01 4.099142e-02 -1.301174e-01 3.180094e-02 1.700560e-01 2.736110e-02 2.746953e-02 2.387186e-02
5.787500e+03 3.312500e+03 1.225000e+03 2.061894e-01 4.099142e-02 -1.928154e-01 3.180094e-02 6.671607e-02 2.736110e-02 4.597729e-02 2.387186e-02
5.887500e+03 3.312500e+03 1.250000e+03 2.787435e-01 4.099142e-02 -1.566628e-01 3.180094e-02 1.035706e-01 2.736110e-02 7.694635e-02 2.387186e-02
5.987500e+03 3.312500e+03 1.250000e+03 5.008785e-02 4.099142e-02 -5.065033e-02 3.180094e-02 6.064130e-02 2.736110e-02 7.556346e-02 2.387186e-02
6.087500e+03 3.312500e+03 1.250000e+03 1.778323e-01 4.099142e-02 6.615778e-03 3.180094e-02 -3.791867e-03 2.736110e-02 6.414122e-02 2.387186e-02
6.187500e+03 3.312500e+03 1.275000e+03 7.383115e-02 4.099142e-02 5.579163e-02 3.180094e-02 4.002529e-02 2.736110e-02 6.834330e-02 2.387186e-02
6.287500e+03 3.312500e+03 1.275000e+03 4.601859e-02 4.099142e-02 6.554102e-02 3.180094e-02 3.933668e-02 2.736110e-02 1.029355e-01 2.387186e-02
6.387500e+03 3.312500e+03 1.275000e+03 6.017685e-02 4.099142e-02 1.010637e-01 3.180094e-02 2.388533e-02 2.736110e-02 9.508876e-02 2.387186e-02
6.487500e+03 3.312500e+03 1.300000e+03 7.912556e-02 4.099142e-02 5.560743e-02 3.180094e-02 2.517005e-02 2.736110e-02 9.236176e-02 2.387186e-02
6.587500e+03 3.312500e+03 1.300000e+03 9.571714e-02 4.099142e-02 9.538585e-03 3.180094e-02 1.541973e-02 2.736110e-02 5.846825e-02 2.387186e-02
6.687500e+03 3.312500e+03 1.275000e+03 5.800406e-02 4.099142e-02 3.326640e-02 3.180094e-02 -5.043711e-03 2.736110e-02 8.209584e-02 2.387186e-02
6.787500e+03 3.312500e+03 1.275000e+03 5.250100e-02 4.099142e-02 5.657862e-02 3.180094e-02 3.226028e-02 2.736110e-02 5.787950e-02 2.387186e-02
6.887500e+03 3.312500e+03 1.275000e+03 7.327921e-02 4.099142e-02 8.011384e-02 3.180094e-02 5.546020e-04 2.736110e-02 6.206870e-02 2.387186e-02
6.987500e+03 3.312500e+03 1.275000e+03 4.793917e-02 4.099142e-02 7.311933e-02 3.180094e-02 1.704848e-02 2.736110e-02 3.539939e-02 2.387186e-02
3.487500e+03 3.412500e+03 1.225000e+03 2.533903e-03 4.099142e-02 6.173849e-02 3.180094e-02 -5.267260e-02 2.736110e-02 4.964512e-02 2.387186e-02
3.587500e+03 3.412500e+03 1.225000e+03 6.359296e-02 4.099142e-02 3.410507e-02 3.180094e-02 -3.327135e-02 2.736110e-02 -2.239334e-02 2.387186e-02
3.687500e+03 3.412500e+03 1.250000e+03 1.091052e-01 4.099142e-02 -4.370054e-03 3.180094e-02 -5.462933e-02 2.736110e-02 2.860646e-02 2.387186e-02
3.787500e+03 3.412500e+03 1.250000e+03 1.219629e-01 4.099142e-02 6.957383e-02 3.180094e-02 2.254350e-02 2.736110e-02 -2.755492e-05 2.387186e-02
3.887500e+03 3.412500e+03 1.225000e+03 2.469858e-02 4.099142e-02 3.489796e-02 3.180094e-02 6.907384e-02 2.736110e-02 -1.959824e-02 2.387186e-02
3.987500e+03 3.412500e+03 1.200000e+03 7.360987e-02 4.099142e-02 7.721209e-02 3.180094e-02 1.063601e-01 2.736110e-02 -2.412312e-03 2.387186e-02
4.087500e+03 3.412500e+03 1.175000e+03 1.009117e-01 4.099142e-02 -2.749452e-02 3.180094e-02 5.672394e-02 2.736110e-02 4.030608e-02 2.387186e-02
4.187500e+03 3.412500e+03 1.200000e+03 1.183026e-01 4.099142e-02 1.937782e-02 3.180094e-02 4.247378e-02 2.736110e-02 8.175547e-02 2.387186e-02
4.287500e+03 3.412500e+03 1.200000e+03 1.681212e-01 4.099142e-02 -2.258327e-02 3.180094e-02 1.031324e-01 2.736110e-02 1.138330e-02 2.387186e-02
4.387500e+03 3.412500e+03 1.175000e+03 1.017994e-01 4.099142e-02 -1.783143e-02 3.180094e-02 1.445011e-01 2.736110e-02 3.586131e-02 2.387186e-02
4.487500e+03 3.412500e+03 1.150000e+03 1.468404e-01 4.099142e-02 -5.204171e-03 3.180094e-02 7.505946e-02 2.736110e-02 3.248491e-02 2.387186e-02
4.587500e+03 3.412500e+03 1.150000e+03 1.215420e-01 4.099142e-02 1.003877e-01 3.180094e-02 3.409438e-02 2.736110e-02 6.384642e-02 2.387186e-02
4.687500e+03 3.412500e+03 1.150000e+03 3.666633e-02 4.099142e-02 -1.704980e-02 3.180094e-02 5.162519e-02 2.736110e-02 8.520625e-02 2.387186e-02
4.787500e+03 3.412500e+03 1.175000e+03 7.775989e-02 4.099142e-02 2.224630e-02 3.180094e-02 4.713459e-02 2.736110e-02 7.750095e-02 2.387186e-02
4.887500e+03 3.412500e+03 1.175000e+03 4.897237e-02 4.099142e-02 3.187949e-02 3.180094e-02 1.597747e-01 2.736110e-02 2.106681e-02 2.387186e-02
4.987500e+03 3.412500e+03 1.175000e+03 -2.470943e-02 4.099142e-02 7.133880e-02 3.180094e-02 1.344723e-01 2.736110e-02 6.960273e-02 2.387186e-02
5.087500e+03 3.412500e+03 1.175000e+03 -3.735517e-02 4.099142e-02 1.111067e-02 3.180094e-02 9.830713e-02 2.736110e-02 5.209505e-02 2.387186e-02
5.187500e+03 3.412500e+03 1.200000e+03 -1.245749e-01 4.099142e-02 7.754653e-03 3.180094e-02 6.802321e-02 2.736110e-02 1.254663e-01 2.387186e-02
5.287500e+03 3.412500e+03 1.225000e+03 3.531538e-02 4.099142e-02 -9.032436e-02 3.180094e-02 8.820734e-02 2.736110e-02 1.212811e-01 2.387186e-02
5.387500e+03 3.412500e+03 1.250000e+03 2.294248e-02 4.099142e-02 -6.407091e-02 3.180094e-02 1.224828e-01 2.736110e-02 1.022414e-01 2.387186e-02
5.487500e+03 3.412500e+03 1.250000e+03 3.089500e-02 4.099142e-02 -9.640230e-02 3.180094e-02 5.444450e-02 2.736110e-02 1.060460e-01 2.387186e-02
5.587500e+03 3.412500e+03 1.250000e+03 4.872674e-02 4.099142e-02 -1.983473e-02 3.180094e-02 1.721781e-01 2.736110e-02 2.418049e-03 2.387186e-02
5.687500e+03 3.412500e+03 1.225000e+03 5.935833e-02 4.099142e-02 -3.781065e-02 3.180094e-02 1.362494e-01 2.736110e-02 1.152407e-02 2.387186e-02
5.787500e+03 3.412500e+03 1.225000e+03 5.895406e-02 4.099142e-02 -1.754531e-02 3.180094e-02 6.769052e-02 2.736110e-02 6.094994e-02 2.387186e-02
5.887500e+03 3.412500e+03 1.250000e+03 1.158924e-01 4.099142e-02 -3.976292e-02 3.180094e-02 2.530953e-02 2.736110e-02 1.547635e-01 2.387186e-02
5.987500e+03 3.412500e+03 1.250000e+03 6.606135e-03 4.099142e-02 -1.274237e-02 3.180094e-02 9.414301e-02 2.736110e-02 6.707634e-02 2.387186e-02
6.087500e+03 3.412500e+03 1.250000e+03 3.166142e-02 4.099142e-02 -8.703403e-03 3.180094e-02 4.635319e-02 2.736110e-02 8.353247e-02 2.387186e-02
6.187500e+03 3.412500e+03 1.275000e+03 4.357575e-02 4.099142e-02 2.471661e-02 3.180094e-02 2.169146e-02 2.736110e-02 1.028846e-01 2.387186e-02
6.287500e+03 3.412500e+03 1.300000e+03 1.123055e-02 4.099142e-02 3.053742e-02 3.180094e-02 7.621245e-02 2.736110e-02 6.095622e-02 2.387186e-02
6.387500e+03 3.412500e+03 1.275000e+03 9.225371e-02 4.099142e-02 4.732651e-03 3.180094e-02 3.396659e-02 2.736110e-02 1.051577e-01 2.387186e-02
6.487500e+03 3.412500e+03 1.300000e+03 1.839483e-02 4.099142e-02 5.855501e-02 3.180094e-02 -9.627585e-03 2.736110e-02 1.138319e-01 2.387186e-02
6.587500e+03 3.412500e+03 1.325000e+03 1.537010e-02 4.099142e-02 9.665635e-02 3.180094e-02 1.241402e-02 2.736110e-02 1.003521e-01 2.387186e-02
6.687500e+03 3.412500e+03 1.300000e+03 5.476710e-02 4.099142e-02 4.926722e-02 3.180094e-02 1.735564e-02 2.736110e-02 5.031789e-02 2.387186e-02
6.787500e+03 3.412500e+03 1.275000e+03 -3.706999e-02 4.099142e-02 7.908485e-02 3.180094e-02 3.059926e-02 2.736110e-02 5.206889e-02 2.387186e-02
6.887500e+03 3.412500e+03 1.300000e+03 -2.277384e-02 4.099142e-02 1.086345e-01 3.180094e-02 -4.018983e-02 2.736110e-02 6.467237e-02 2.387186e-02
6.987500e+03 3.412500e+03 1.300000e+03 -3.337734e-02 4.099142e-02 7.242934e-02 3.180094e-02 -1.834365e-02 2.736110e-02 7.052577e-02 2.387186e-02
3.487500e+03 3.512500e+03 1.225000e+03 9.331006e-02 4.099142e-02 6.251429e-02 3.180094e-02 4.724271e-02 2.736110e-02 -2.089852e-02 2.387186e-02
3.587500e+03 3.512500e+03 1.225000e+03 9.017989e-02 4.099142e-02 6.636761e-02 3.180094e-02 3.099002e-02 2.736110e-02 -1.967609e-02 2.387186e-02
3.687500e+03 3.512500e+03 1.225000e+03 9.970874e-02 4.099142e-02 -4.761683e-02 3.180094e-02 1.144303e-02 2.736110e-02 2.285231e-02 2.387186e-02
3.787500e+03 3.512500e+03 1.225000e+03 1.918671e-01 4.099142e-02 -2.329179e-02 3.180094e-02 -9.520487e-03 2.736110e-02 9.393157e-03 2.387186e-02
3.887500e+03 3.512500e+03 1.225000e+03 8.301396e-02 4.099142e-02 1.740013e-02 3.180094e-02 6.884945e-02 2.736110e-02 1.338940e-02 2.387186e-02
3.987500e+03 3.512500e+03 1.225000e+03 7.288175e-02 4.099142e-02 6.117821e-03 3.180094e-02 8.136920e-02 2.736110e-02 -3.913757e-02 2.387186e-02
4.087500e+03 3.512500e+03 1.175000e+03 1.229749e-01 4.099142e-02 -6.206883e-03 3.180094e-02 1.078975e-01 2.736110e-02 4.011374e-02 2.387186e-02
4.187500e+03 3.512500e+03 1.175000e+03 1.480021e-01 4.099142e-02 2.188844e-03 3.180094e-02 -8.886451e-03 2.736110e-02 3.328928e-02 2.387186e-02
4.287500e+03 3.512500e+03 1.200000e+03 1.892089e-01 4.099142e-02 -1.891426e-02 3.180094e-02 5.833831e-02 2.736110e-02 1.047245e-03 2.387186e-02
4.387500e+03 3.512500e+03 1.175000e+03 2.065591e-01 4.099142e-02 3.414397e-02 3.180094e-02 3.610424e-02 2.736110e-02 3.474589e-02 2.387186e-02
4.487500e+03 3.512500e+03 1.150000e+03 2.621018e-01 4.099142e-02 4.403264e-02 3.180094e-02 6.774485e-02 2.736110e-02 -5.416674e-03 2.387186e-02
4.587500e+03 3.512500e+03 1.150000e+03 1.299938e-01 4.099142e-02 -7.526380e-02 3.180094e-02 5.651194e-02 2.736110e-02 6.169711e-02 2.387186e-02
4.687500e+03 3.512500e+03 1.175000e+03 1.532774e-01 4.099142e-02 -6.548676e-03 3.180094e-02 -3.200527e-02 2.736110e-02 9.361230e-02 2.387186e-02
4.787500e+03 3.512500e+03 1.175000e+03 1.490854e-01 4.099142e-02 7.818089e-02 3.180094e-02 3.562644e-02 2.736110e-02 6.297950e-02 2.387186e-02
4.887500e+03 3.512500e+03 1.175000e+03 -4.571282e-02 4.099142e-02 1.028311e-01 3.180094e-02 3.946428e-02 2.736110e-02 6.327255e-02 2.387186e-02
4.987500e+03 3.512500e+03 1.175000e+03 -1.326840e-01 4.099142e-02 1.284600e-01 3.180094e-02 9.599770e-02 2.736110e-02 1.178218e-01 2.387186e-02
5.087500e+03 3.512500e+03 1.200000e+03 -1.421832e-01 4.099142e-02 6.549598e-02 3.180094e-02 1.255863e-01 2.736110e-02 7.332169e-02 2.387186e-02
5.187500e+03 3.512500e+03 1.200000e+03 -2.316266e-02 4.099142e-02 -4.071496e-02 3.180094e-02 1.943617e-01 2.736110e-02 -2.378955e-02 2.387186e-02
5.287500e+03 3.512500e+03 1.200000e+03 -7.858182e-02 4.099142e-02 -8.460550e-02 3.180094e-02 1.435179e-01 2.736110e-02 3.843015e-02 2.387186e-02
5.387500e+03 3.512500e+03 1.225000e+03 6.053836e-02 4.099142e-02 -8.509846e-02 3.180094e-02 4.994262e-02 2.736110e-02 6.979783e-02 2.387186e-02
5.487500e+03 3.512500e+03 1.250000e+03 2.164902e-02 4.099142e-02 -6.823449e-02 3.180094e-02 1.307521e-01 2.736110e-02 7.710741e-02 2.387186e-02
5.587500e+03 3.512500e+03 1.250000e+03 -3.555101e-02 4.099142e-02 -4.441700e-02 3.180094e-02 1.229664e-01 2.736110e-02 7.320452e-02 2.387186e-02
5.687500e+03 3.512500e+03 1.250000e+03 -1.903795e-02 4.099142e-02 -7.667843e-02 3.180094e-02 1.177109e-01 2.736110e-02 1.043666e-01 2.387186e-02
5.787500e+03 3.512500e+03 1.225000e+03 -2.377936e-02 4.099142e-02 -3.585536e-02 3.180094e-02 3.675902e-02 2.736110e-02 9.487860e-02 2.387186e-02
5.887500e+03 3.512500e+03 1.225000e+03 4.512112e-02 4.099142e-02 1.124101e-02 3.180094e-02 7.781418e-02 2.736110e-02 1.010484e-01 2.387186e-02
5.987500e+03 3.512500e+03 1.250000e+03 1.095081e-02 4.099142e-02 2.787003e-02 3.180094e-02 6.310841e-02 2.736110e-02 9.396642e-02 2.387186e-02
6.087500e+03 3.512500e+03 1.275000e+03 -5.908599e-02 4.099142e-02 2.605293e-02 3.180094e-02 6.540528e-02 2.736110e-02 8.327952e-02 2.387186e-02
6.187500e+03 3.512500e+03 1.300000e+03 -5.763852e-02 4.099142e-02 3.969196e-02 3.180094e-02 -8.802167e-03 2.736110e-02 1.154270e-01 2.387186e-02
6.287500e+03 3.512500e+03 1.300000e+03 4.879907e-03 4.099142e-02 1.982899e-02 3.180094e-02 3.844245e-02 2.736110e-02 4.210924e-02 2.387186e-02
6.387500e+03 3.512500e+03 1.275000e+03 -5.873579e-02 4.099142e-02 3.971594e-02 3.180094e-02 4.982257e-02 2.736110e-02 9.391387e-02 2.387186e-02
6.487500e+03 3.512500e+03 1.300000e+03 -2.646401e-02 4.099142e-02 5.915579e-02 3.180094e-02 2.246090e-03 2.736110e-02 1.150343e-01 2.387186e-02
6.587500e+03 3.512500e+03 1.325000e+03 -1.115251e-02 4.099142e-02 4.320064e-02 3.180094e-02 1.811363e-02 2.736110e-02 6.429071e-02 2.387186e-02
6.687500e+03 3.512500e+03 1.325000e+03 -1.137260e-02 4.099142e-02 7.613728e-02 3.180094e-02 1.439183e-02 2.736110e-02 5.441107e-02 2.387186e-02
6.787500e+03 3.512500e+03 1.300000e+03 1.395330e-02 4.099142e-02 9.671807e-02 3.180094e-02 1.431086e-02 2.736110e-02 8.758598e-02 2.387186e-02
6.887500e+03 3.512500e+03 1.300000e+03 2.862072e-02 4.099142e-02 5.202518e-02 3.180094e-02 6.567529e-03 2.736110e-02 9.718864e-02 2.387186e-02
6.987500e+03 3.512500e+03 1.300000e+03 -3.206117e-02 4.099142e-02 8.049634e-02 3.180094e-02 1.215423e-02 2.736110e-02 7.887545e-02 2.387186e-02
3.487500e+03 3.612500e+03 1.225000e+03 4.643887e-02 4.099142e-02 2.058012e-02 3.180094e-02 -2.998591e-02 2.736110e-02 -2.999658e-02 2.387186e-02
3.587500e+03 3.612500e+03 1.200000e+03 8.087549e-02 4.099142e-02 1.004940e-01 3.180094e-02 8.566886e-02 2.736110e-02 -5.122120e-02 2.387186e-02
3.687500e+03 3.612500e+03 1.200000e+03 6.448152e-02 4.099142e-02 1.118823e-02 3.180094e-02 3.250365e-02 2.736110e-02 4.481503e-03 2.387186e-02
3.787500e+03 3.612500e+03 1.200000e+03 1.464475e-01 4.099142e-02 -6.576681e-02 3.180094e-02 3.677179e-02 2.736110e-02 2.545057e-02 2.387186e-02
3.887500e+03 3.612500e+03 1.200000e+03 1.447315e-01 4.099142e-02 2.440242e-03 3.180094e-02 3.353505e-02 2.736110e-02 1.696486e-02 2.387186e-02
3.987500e+03 3.612500e+03 1.200000e+03 1.871246e-01 4.099142e-02 -1.121814e-02 3.180094e-02 5.638084e-02 2.736110e-02 -1.274975e-02 2.387186e-02
4.087500e+03 3.612500e+03 1.175000e+03 2.210588e-01 4.099142e-02 2.924990e-02 3.180094e-02 7.166998e-02 2.736110e-02 -1.973015e-02 2.387186e-02
4.187500e+03 3.612500e+03 1.175000e+03 1.658152e-01 4.099142e-02 -3.289927e-02 3.180094e-02 5.905535e-02 2.736110e-02 2.439730e-03 2.387186e-02
4.287500e+03 3.612500e+03 1.175000e+03 1.638173e-01 4.099142e-02 -5.235244e-03 3.180094e-02 9.346262e-02 2.736110e-02 2.650032e-02 2.387186e-02
4.387500e+03 3.612500e+03 1.150000e+03 1.042016e-01 4.099142e-02 8.226794e-03 3.180094e-02 1.010318e-01 2.736110e-02 -1.163448e-02 2.387186e-02
4.487500e+03 3.612500e+03 1.150000e+03 1.392100e-01 4.099142e-02 3.999225e-02 3.180094e-02 3.639828e-02 2.736110e-02 4.517758e-02 2.387186e-02
4.587500e+03 3.612500e+03 1.150000e+03 1.576789e-01 4.099142e-02 -2.804653e-02 3.180094e-02 7.784419e-03 2.736110e-02 7.547850e-02 2.387186e-02
4.687500e+03 3.612500e+03 1.175000e+03 1.221335e-01 4.099142e-02 1.028881e-02 3.180094e-02 -3.142027e-02 2.736110e-02 5.922254e-02 2.387186e-02
4.787500e+03 3.612500e+03 1.175000e+03 1.434179e-01 4.099142e-02 -5.187276e-02 3.180094e-02 -3.086164e-02 2.736110e-02 6.026417e-02 2.387186e-02
4.887500e+03 3.612500e+03 1.175000e+03 2.337977e-01 4.099142e-02 -7.066084e-02 3.180094e-02 -1.167331e-01 2.736110e-02 1.021172e-01 2.387186e-02
4.987500e+03 3.612500e+03 1.200000e+03 2.348172e-02 4.099142e-02 -2.055457e-02 3.180094e-02 7.934584e-02 2.736110e-02 5.052463e-02 2.387186e-02
5.087500e+03 3.612500e+03 1.200000e+03 -1.549060e-01 4.099142e-02 1.126052e-01 3.180094e-02 3.473792e-01 2.736110e-02 -1.322841e-01 2.387186e-02
5.187500e+03 3.612500e+03 1.200000e+03 -1.713098e-01 4.099142e-02 8.567072e-02 3.180094e-02 2.119692e-01 2.736110e-02 -8.050579e-03 2.387186e-02
5.287500e+03 3.612500e+03 1.225000e+03 -7.626764e-02 4.099142e-02 6.074580e-02 3.180094e-02 1.648411e-01 2.736110e-02 4.948671e-02 2.387186e-02
5.387500e+03 3.612500e+03 1.250000e+03 -9.908622e-02 4.099142e-02 2.943130e-02 3.180094e-02 1.031468e-01 2.736110e-02 2.410293e-02 2.387186e-02
5.487500e+03 3.612500e+03 1.275000e+03 -8.810300e-02 4.099142e-02 1.174613e-02 3.180094e-02 1.286625e-01 2.736110e-02 3.121712e-02 2.387186e-02
5.587500e+03 3.612500e+03 1.275000e+03 -8.756369e-02 4.099142e-02 -2.076352e-02 3.180094e-02 1.526982e-01 2.736110e-02 1.089039e-02 2.387186e-02
5.687500e+03 3.612500e+03 1.250000e+03 -6.865052e-02 4.099142e-02 4.614442e-03 3.180094e-02 1.231206e-01 2.736110e-02 7.491737e-02 2.387186e-02
5.787500e+03 3.612500e+03 1.250000e+03 -6.046831e-02 4.099142e-02 2.320092e-02 3.180094e-02 6.370028e-02 2.736110e-02 1.191684e-01 2.387186e-02
5.887500e+03 3.612500e+03 1.250000e+03 -4.112934e-02 4.099142e-02 1.207505e-03 3.180094e-02 7.294856e-02 2.736110e-02 8.544032e-02 2.387186e-02
5.987500e+03 3.612500e+03 1.250000e+03 -4.901537e-02 4.099142e-02 -3.980924e-02 3.180094e-02 8.974452e-03 2.736110e-02 1.060799e-01 2.387186e-02
6.087500e+03 3.612500e+03 1.275000e+03 -9.479907e-02 4.099142e-02 3.621887e-02 3.180094e-02 6.899810e-02 2.736110e-02 1.159935e-01 2.387186e-02
6.187500e+03 3.612500e+03 1.300000e+03 -4.566093e-02 4.099142e-02 3.712459e-02 3.180094e-02 1.260113e-04 2.736110e-02 9.518079e-02 2.387186e-02
6.287500e+03 3.612500e+03 1.300000e+03 -6.972215e-02 4.099142e-02 -5.005352e-02 3.180094e-02 1.960362e-02 2.736110e-02 8.889748e-02 2.387186e-02
6.387500e+03 3.612500e+03 1.300000e+03 -3.795075e-02 4.099142e-02 2.982552e-02 3.180094e-02 2.018422e-02 2.736110e-02 1.491031e-01 2.387186e-02
6.487500e+03 3.612500e+03 1.300000e+03 -8.431128e-02 4.099142e-02 5.367138e-04 3.180094e-02 4.822339e-02 2.736110e-02 9.941358e-02 2.387186e-02
6.587500e+03 3.612500e+03 1.325000e+03 -3.483999e-02 4.099142e-02 2.201500e-02 3.180094e-02 3.913138e-02 2.736110e-02 6.508228e-02 2.387186e-02
6.687500e+03 3.612500e+03 1.325000e+03 -2.170330e-02 4.099142e-02 6.746719e-02 3.180094e-02 2.402887e-02 2.736110e-02 5.554343e-02 2.387186e-02
6.787500e+03 3.612500e+03 1.325000e+03 -6.739781e-02 4.099142e-02 8.295444e-02 3.180094e-02 1.938964e-02 2.736110e-02 8.290065e-02 2.387186e-02
6.887500e+03 3.612500e+03 1.300000e+03 -5.433400e-02 4.099142e-02 6.969926e-02 3.180094e-02 4.516233e-02 2.736110e-02 9.511657e-02 2.387186e-02
6.987500e+03 3.612500e+03 1.300000e+03 -6.533024e-02 4.099142e-02 5.604696e-02 3.180094e-02 1.205239e-02 2.736110e-02 3.827419e-02 2.387186e-02
3.487500e+03 3.712500e+03 1.250000e+03 8.882948e-02 4.099142e-02 2.901240e-02 3.180094e-02 4.392601e-02 2.736110e-02 3.226247e-02 2.387186e-02
3.587500e+03 3.712500e+03 1.225000e+03 9.540521e-02 4.099142e-02 1.382939e-02 3.180094e-02 6.600478e-02 2.736110e-02 -1.809998e-03 2.387186e-02
3.687500e+03 3.712500e+03 1.200000e+03 6.391010e-02 4.099142e-02 7.552496e-02 3.180094e-02 8.709756e-02 2.736110e-02 -3.008110e-02 2.387186e-02
3.787500e+03 3.712500e+03 1.175000e+03 1.262552e-01 4.099142e-02 2.841155e-03 3.180094e-02 9.280821e-02 2.736110e-02 -1.896856e-02 2.387186e-02
3.887500e+03 3.712500e+03 1.175000e+03 1.312367e-01 4.099142e-02 1.500808e-02 3.180094e-02 6.605550e-02 2.736110e-02 6.193073e-02 2.387186e-02
3.987500e+03 3.712500e+03 1.175000e+03 2.391235e-01 4.099142e-02 -2.633305e-02 3.180094e-02 9.547137e-02 2.736110e-02 4.560126e-02 2.387186e-02
4.087500e+03 3.712500e+03 1.175000e+03 1.837598e-01 4.099142e-02 4.004218e-02 3.180094e-02 6.536371e-02 2.736110e-02 -4.685690e-02 2.387186e-02
4.187500e+03 3.712500e+03 1.150000e+03 1.626751e-01 4.099142e-02 2.970416e-02 3.180094e-02 8.825640e-02 2.736110e-02 -7.049835e-03 2.387186e-02
4.287500e+03 3.712500e+03 1.150000e+03 2.132717e-01 4.099142e-02 -1.841228e-02 3.180094e-02 5.411008e-02 2.736110e-02 5.312425e-05 2.387186e-02
4.387500e+03 3.712500e+03 1.150000e+03 1.948863e-01 4.099142e-02 -4.049180e-02 3.180094e-02 -4.996452e-03 2.736110e-02 1.418579e-02 2.387186e-02
4.487500e+03 3.712500e+03 1.150000e+03 1.416075e-01 4.099142e-02 -2.033152e-03 3.180094e-02 3.665970e-02 2.736110e-02 8.978321e-02 2.387186e-02
4.587500e+03 3.712500e+03 1.150000e+03 1.334124e-01 4.099142e-02 -9.822421e-03 3.180094e-02 -4.071056e-02 2.736110e-02 6.730183e-03 2.387186e-02
4.687500e+03 3.712500e+03 1.175000e+03 9.025082e-02 4.099142e-02 2.333271e-02 3.180094e-02 6.556431e-03 2.736110e-02 2.475412e-02 2.387186e-02
4.787500e+03 3.712500e+03 1.175000e+03 6.287916e-02 4.099142e-02 -2.428713e-02 3.180094e-02 -8.009542e-02 2.736110e-02 8.138183e-02 2.387186e-02
4.887500e+03 3.712500e+03 1.200000e+03 1.601126e-01 4.099142e-02 -1.462895e-01 3.180094e-02 -3.093263e-02 2.736110e-02 7.445785e-02 2.387186e-02
4.987500e+03 3.712500e+03 1.200000e+03 1.954545e-01 4.099142e-02 -2.051118e-01 3.180094e-02 -1.183667e-01 2.736110e-02 9.244768e-02 2.387186e-02
5.087500e+03 3.712500e+03 1.225000e+03 2.019597e-01 4.099142e-02 -1.493867e-01 3.180094e-02 -8.610517e-02 2.736110e-02 1.046651e-01 2.387186e-02
5.187500e+03 3.712500e+03 1.225000e+03 -1.601890e-01 4.099142e-02 1.847142e-01 3.180094e-02 2.162816e-01 2.736110e-02 -7.770502e-02 2.387186e-02
5.287500e+03 3.712500e+03 1.225000e+03 -1.666082e-01 4.099142e-02 1.049368e-01 3.180094e-02 1.192889e-01 2.736110e-02 2.803263e-02 2.387186e-02
5.387500e+03 3.712500e+03 1.250000e+03 -1.809847e-01 4.099142e-02 3.638749e-02 3.180094e-02 1.197562e-01 2.736110e-02 3.004491e-02 2.387186e-02
5.487500e+03 3.712500e+03 1.250000e+03 -1.627988e-01 4.099142e-02 9.809596e-02 3.180094e-02 1.389195e-01 2.736110e-02 4.473564e-02 2.387186e-02
5.587500e+03 3.712500e+03 1.275000e+03 -1.604065e-01 4.099142e-02 5.590745e-02 3.180094e-02 1.093106e-01 2.736110e-02 6.424596e-02 2.387186e-02
5.687500e+03 3.712500e+03 1.275000e+03 -1.140517e-01 4.099142e-02 5.080018e-02 3.180094e-02 1.023651e-01 2.736110e-02 1.497967e-02 2.387186e-02
5.787500e+03 3.712500e+03 1.275000e+03 -1.866075e-01 4.099142e-02 -1.754175e-02 3.180094e-02 1.182895e-01 2.736110e-02 4.281955e-02 2.387186e-02
5.887500e+03 3.712500e+03 1.250000e+03 -1.197004e-01 4.099142e-02 6.060118e-02 3.180094e-02 5.976172e-02 2.736110e-02 5.571390e-02 2.387186e-02
5.987500e+03 3.712500e+03 1.250000e+03 -1.193750e-01 4.099142e-02 2.013199e-02 3.180094e-02 1.628696e-03 2.736110e-02 1.055289e-01 2.387186e-02
6.087500e+03 3.712500e+03 1.275000e+03 -1.423476e-01 4.099142e-02 2.169822e-02 3.180094e-02 6.148490e-02 2.736110e-02 9.204846e-02 2.387186e-02
6.187500e+03 3.712500e+03 1.300000e+03 -3.283103e-02 4.099142e-02 -5.181564e-02 3.180094e-02 -2.487104e-02 2.736110e-02 1.049845e-01 2.387186e-02
6.287500e+03 3.712500e+03 1.325000e+03 -8.347340e-02 4.099142e-02 -7.321419e-03 3.180094e-02 -1.210996e-02 2.736110e-02 9.094157e-02 2.387186e-02
6.387500e+03 3.712500e+03 1.325000e+03 -1.159623e-01 4.099142e-02 -4.994158e-03 3.180094e-02 1.271045e-02 2.736110e-02 6.188668e-02 2.387186e-02
6.487500e+03 3.712500e+03 1.325000e+03 -1.175279e-01 4.099142e-02 -6.590103e-02 3.180094e-02 4.612203e-02 2.736110e-02 8.440241e-02 2.387186e-02
6.587500e+03 3.712500e+03 1.325000e+03 -1.124417e-01 4.099142e-02 9.510146e-03 3.180094e-02 2.602698e-03 2.736110e-02 8.749027e-02 2.387186e-02
6.687500e+03 3.712500e+03 1.350000e+03 -9.350504e-02 4.099142e-02 2.493358e-02 3.180094e-02 3.106482e-02 2.736110e-02 4.566091e-02 2.387186e-02
6.787500e+03 3.712500e+03 1.350000e+03 -7.272875e-02 4.099142e-02 5.268936e-02 3.180094e-02 2.941312e-02 2.736110e-02 1.065664e-01 2.387186e-02
6.887500e+03 3.712500e+03 1.325000e+03 -6.672149e-02 4.099142e-02 5.027002e-02 3.180094e-02 2.828532e-02 2.736110e-02 9.422578e-02 2.387186e-02
6.987500e+03 3.712500e+03 1.300000e+03 -5.732876e-02 4.099142e-02 7.600902e-02 3.180094e-02 2.152694e-03 2.736110e-02 7.734048e-03 2.387186e-02
3.487500e+03 3.812500e+03 1.225000e+03 3.547957e-02 4.099142e-02 3.106026e-02 3.180094e-02 -4.189991e-02 2.736110e-02 -4.839085e-03 2.387186e-02
3.587500e+03 3.812500e+03 1.225000e+03 1.143155e-01 4.099142e-02 5.642249e-02 3.180094e-02 8.746914e-02 2.736110e-02 -3.128985e-02 2.387186e-02
3.687500e+03 3.812500e+03 1.200000e+03 6.719506e-02 4.099142e-02 8.870325e-02 3.180094e-02 7.703675e-02 2.736110e-02 4.956514e-03 2.387186e-02
3.787500e+03 3.812500e+03 1.200000e+03 6.393012e-02 4.099142e-02 7.082733e-02 3.180094e-02 6.354727e-02 2.736110e-02 -1.990657e-02 2.387186e-02
3.887500e+03 3.812500e+03 1.175000e+03 1.259618e-01 4.099142e-02 -1.895180e-03 3.180094e-02 5.754644e-02 2.736110e-02 -3.914891e-02 2.387186e-02
3.987500e+03 3.812500e+03 1.175000e+03 1.469037e-01 4.099142e-02 -6.698238e-03 3.180094e-02 1.138178e-01 2.736110e-02 -3.682389e-02 2.387186e-02
4.087500e+03 3.812500e+03 1.150000e+03 2.077879e-01 4.099142e-02 -1.097761e-02 3.180094e-02 1.189361e-01 2.736110e-02 9.111419e-03 2.387186e-02
4.187500e+03 3.812500e+03 1.150000e+03 1.245389e-01 4.099142e-02 2.128011e-02 3.180094e-02 3.389860e-02 2.736110e-02 5.005522e-03 2.387186e-02
4.287500e+03 3.812500e+03 1.150000e+03 1.734878e-01 4.099142e-02 -2.709060e-02 3.180094e-02 4.723604e-02 2.736110e-02 -2.056000e-03 2.387186e-02
4.387500e+03 3.812500e+03 1.150000e+03 1.723314e-01 4.099142e-02 4.665720e-03 3.180094e-02 5.255715e-02 2.736110e-02 5.625986e-03 2.387186e-02
4.487500e+03 3.812500e+03 1.150000e+03 1.172174e-01 4.099142e-02 -1.808100e-02 3.180094e-02 -7.839283e-02 2.736110e-02 4.724328e-02 2.387186e-02
4.587500e+03 3.812500e+03 1.150000e+03 9.916767e-02 4.099142e-02 -1.642394e-02 3.180094e-02 -8.804534e-02 2.736110e-02 3.587810e-02 2.387186e-02
4.687500e+03 3.812500e+03 1.175000e+03 1.424946e-01 4.099142e-02 2.870773e-05 3.180094e-02 -7.470114e-02 2.736110e-02 4.943685e-02 2.387186e-02
4.787500e+03 3.812500e+03 1.175000e+03 1.092973e-01 4.099142e-02 -3.533202e-02 3.180094e-02 -1.020866e-01 2.736110e-02 4.308228e-02 2.387186e-02
4.887500e+03 3.812500e+03 1.200000e+03 1.557010e-02 4.099142e-02 -1.304543e-01 3.180094e-02 -4.387092e-02 2.736110e-02 1.074975e-01 2.387186e-02
4.987500e+03 3.812500e+03 1.200000e+03 1.891713e-01 4.099142e-02 -2.373896e-01 3.180094e-02 5.001667e-02 2.736110e-02 2.604661e-02 2.387186e-02
5.087500e+03 3.812500e+03 1.225000e+03 2.734304e-01 4.099142e-02 -2.466578e-01 3.180094e-02 -7.635362e-02 2.736110e-02 8.552597e-02 2.387186e-02
5.187500e+03 3.812500e+03 1.250000e+03 8.838499e-02 4.099142e-02 -1.515532e-01 3.180094e-02 7.136018e-03 2.736110e-02 2.968059e-02 2.387186e-02
5.287500e+03 3.812500e+03 1.225000e+03 -2.534830e-01 4.099142e-02 2.848812e-01 3.180094e-02 1.573391e-01 2.736110e-02 -5.334077e-02 2.387186e-02
5.387500e+03 3.812500e+03 1.250000e+03 -1.236723e-01 4.099142e-02 7.625343e-02 3.180094e-02 1.161362e-01 2.736110e-02 -1.393520e-02 2.387186e-02
5.487500e+03 3.812500e+03 1.275000e+03 -2.529702e-01 4.099142e-02 1.129521e-01 3.180094e-02 1.419879e-01 2.736110e-02 6.037974e-03 2.387186e-02
5.587500e+03 3.812500e+03 1.275000e+03 -2.188039e-01 4.099142e-02 3.430150e-02 3.180094e-02 1.047207e-01 2.736110e-02 3.540131e-02 2.387186e-02
5.687500e+03 3.812500e+03 1.300000e+03 -1.492955e-01 4.099142e-02 3.204716e-02 3.180094e-02 1.471628e-01 2.736110e-02 2.401919e-02 2.387186e-02
5.787500e+03 3.812500e+03 1.300000e+03 -1.963396e-01 4.099142e-02 -1.775294e-02 3.180094e-02 1.059800e-01 2.736110e-02 3.695089e-02 2.387186e-02
5.887500e+03 3.812500e+03 1.275000e+03 -1.086265e-01 4.099142e-02 8.778139e-02 3.180094e-02 1.276600e-01 2.736110e-02 1.227747e-01 2.387186e-02
5.987500e+03 3.812500e+03 1.250000e+03 -1.616426e-01 4.099142e-02 -1.847258e-02 3.180094e-02 9.868746e-02 2.736110e-02 7.274329e-02 2.387186e-02
6.087500e+03 3.812500e+03 1.250000e+03 -8.765373e-02 4.099142e-02 -1.931545e-02 3.180094e-02 6.929088e-02 2.736110e-02 1.229273e-01 2.387186e-02
6.187500e+03 3.812500e+03 1.250000e+03 -9.343085e-02 4.099142e-02 -2.087802e-02 3.180094e-02 -4.306124e-02 2.736110e-02 6.393395e-02 2.387186e-02
6.287500e+03 3.812500e+03 1.300000e+03 -9.051004e-02 4.099142e-02 1.561822e-02 3.180094e-02 3.912395e-02 2.736110e-02 7.317812e-02 2.387186e-02
6.387500e+03 3.812500e+03 1.300000e+03 -1.022168e-02 4.099142e-02 1.647490e-02 3.180094e-02 1.718689e-02 2.736110e-02 1.399859e-01 2.387186e-02
6.487500e+03 3.812500e+03 1.300000e+03 -7.287139e-03 4.099142e-02 3.629031e-02 3.180094e-02 6.353488e-03 2.736110e-02 4.008128e-02 2.387186e-02
6.587500e+03 3.812500e+03 1.325000e+03 -4.452759e-02 4.099142e-02 -1.593178e-03 3.180094e-02 8.036278e-03 2.736110e-02 1.136431e-01 2.387186e-02
6.687500e+03 3.812500e+03 1.350000e+03 -7.797186e-02 4.099142e-02 -4.450552e-02 3.180094e-02 3.722614e-02 2.736110e-02 5.291231e-02 2.387186e-02
6.787500e+03 3.812500e+03 1.375000e+03 1.127891e-02 4.099142e-02 4.086815e-02 3.180094e-02 6.358387e-02 2.736110e-02 8.771793e-02 2.387186e-02
6.887500e+03 3.812500e+03 1.350000e+03 -5.829428e-03 4.099142e-02 8.569429e-02 3.180094e-02 -4.546134e-02 2.736110e-02 1.176862e-01 2.387186e-02
6.987500e+03 3.812500e+03 1.325000e+03 -6.994275e-02 4.099142e-02 -6.220746e-02 3.180094e-02 4.014444e-02 2.736110e-02 7.320518e-02 2.387186e-02
3.487500e+03 3.912500e+03 1.225000e+03 8.321723e-02 4.099142e-02 -1.755613e-03 3.180094e-02 -2.952577e-02 2.736110e-02 -3.537377e-02 2.387186e-02
3.587500e+03 3.912500e+03 1.225000e+03 1.023410e-01 4.099142e-02 5.033825e-03 3.180094e-02 3.200221e-02 2.736110e-02 1.640720e-02 2.387186e-02
3.687500e+03 3.912500e+03 1.225000e+03 1.558638e-01 4.099142e-02 3.109983e-03 3.180094e-02 3.615042e-02 2.736110e-02 -4.335186e-03 2.387186e-02
3.787500e+03 3.912500e+03 1.200000e+03 1.676182e-01 4.099142e-02 3.193311e-02 3.180094e-02 1.044421e-01 2.736110e-02 -1.558596e-02 2.387186e-02
3.887500e+03 3.912500e+03 1.200000e+03 1.399621e-01 4.099142e-02 -1.981319e-02 3.180094e-02 6.770318e-02 2.736110e-02 -1.125310e-02 2.387186e-02
3.987500e+03 3.912500e+03 1.175000e+03 1.697582e-01 4.099142e-02 4.168135e-02 3.180094e-02 1.145702e-01 2.736110e-02 3.444523e-02 2.387186e-02
4.087500e+03 3.912500e+03 1.150000e+03 1.593009e-01 4.099142e-02 2.834146e-03 3.180094e-02 6.799802e-02 2.736110e-02 1.081558e-02 2.387186e-02
4.187500e+03 3.912500e+03 1.150000e+03 1.512253e-01 4.099142e-02 9.892198e-03 3.180094e-02 9.012575e-02 2.736110e-02 2.124834e-02 2.387186e-02
4.287500e+03 3.912500e+03 1.150000e+03 1.526246e-01 4.099142e-02 -4.084851e-03 3.180094e-02 6.781644e-02 2.736110e-02 -1.025200e-02 2.387186e-02
4.387500e+03 3.912500e+03 1.125000e+03 2.289270e-01 4.099142e-02 -7.389483e-03 3.180094e-02 -3.354452e-02 2.736110e-02 5.424213e-02 2.387186e-02
4.487500e+03 3.912500e+03 1.150000e+03 1.057556e-01 4.099142e-02 -3.634936e-02 3.180094e-02 -2.417642e-02 2.736110e-02 9.289955e-02 2.387186e-02
4.587500e+03 3.912500e+03 1.150000e+03 9.714422e-02 4.099142e-02 2.059057e-02 3.180094e-02 -1.311693e-01 2.736110e-02 5.180426e-02 2.387186e-02
4.687500e+03 3.912500e+03 1.175000e+03 5.981928e-02 4.099142e-02 -3.868142e-02 3.180094e-02 -9.269385e-02 2.736110e-02 3.465091e-02 2.387186e-02
4.787500e+03 3.912500e+03 1.175000e+03 5.264808e-02 4.099142e-02 -1.658859e-02 3.180094e-02 -1.306184e-01 2.736110e-02 4.268890e-02 2.387186e-02
4.887500e+03 3.912500e+03 1.225000e+03 7.716294e-02 4.099142e-02 -8.796738e-02 3.180094e-02 -6.335870e-02 2.736110e-02 1.289931e-02 2.387186e-02
4.987500e+03 3.912500e+03 1.200000e+03 -2.117843e-02 4.099142e-02 -1.745460e-01 3.180094e-02 2.570566e-02 2.736110e-02 3.043638e-03 2.387186e-02
5.087500e+03 3.912500e+03 1.225000e+03 5.540826e-02 4.099142e-02 -2.241995e-01 3.180094e-02 -9.260982e-02 2.736110e-02 3.015765e-02 2.387186e-02
5.187500e+03 3.912500e+03 1.225000e+03 1.460534e-01 4.099142e-02 -2.726788e-01 3.180094e-02 -1.509392e-01 2.736110e-02 1.514583e-01 2.387186e-02
5.287500e+03 3.912500e+03 1.225000e+03 2.273050e-01 4.099142e-02 -3.743053e-01 3.180094e-02 -2.105754e-01 2.736110e-02 1.629391e-01 2.387186e-02
5.387500e+03 3.912500e+03 1.250000e+03 1.133974e-03 4.099142e-02 -7.134127e-02 3.180094e-02 -4.817291e-02 2.736110e-02 4.243194e-02 2.387186e-02
5.487500e+03 3.912500e+03 1.275000e+03 -2.300649e-01 4.099142e-02 4.810759e-02 3.180094e-02 4.593203e-02 2.736110e-02 1.096511e-02 2.387186e-02
5.587500e+03 3.912500e+03 1.275000e+03 -2.258708e-01 4.099142e-02 1.092503e-01 3.180094e-02 1.977507e-01 2.736110e-02 1.884589e-02 2.387186e-02
5.687500e+03 3.912500e+03 1.300000e+03 -2.117534e-01 4.099142e-02 4.032371e-03 3.180094e-02 1.218275e-01 2.736110e-02 2.827346e-03 2.387186e-02
5.787500e+03 3.912500e+03 1.300000e+03 -2.257301e-01 4.099142e-02 6.089687e-02 3.180094e-02 1.448281e-01 2.736110e-02 5.927919e-02 2.387186e-02
5.887500e+03 3.912500e+03 1.275000e+03 -1.678445e-01 4.099142e-02 5.297159e-02 3.180094e-02 8.907619e-02 2.736110e-02 5.885600e-02 2.387186e-02
5.987500e+03 3.912500e+03 1.250000e+03 -1.854294e-01 4.099142e-02 -3.899201e-02 3.180094e-02 9.142557e-02 2.736110e-02 1.117625e-01 2.387186e-02
6.087500e+03 3.912500e+03 1.250000e+03 -1.105664e-01 4.099142e-02 -3.170906e-02 3.180094e-02 6.083255e-02 2.736110e-02 1.059984e-01 2.387186e-02
6.187500e+03 3.912500e+03 1.275000e+03 -1.221997e-01 4.099142e-02 -5.554511e-03 3.180094e-02 3.130584e-02 2.736110e-02 9.749220e-02 2.387186e-02
6.287500e+03 3.912500e+03 1.275000e+03 -1.251959e-01 4.099142e-02 1.041387e-02 3.180094e-02 3.421588e-02 2.736110e-02 1.038864e-01 2.387186e-02
6.387500e+03 3.912500e+03 1.275000e+03 -5.481888e-02 4.099142e-02 2.893651e-02 3.180094e-02 -1.712255e-02 2.736110e-02 1.125980e-01 2.387186e-02
6.487500e+03 3.912500e+03 1.300000e+03 -5.543646e-02 4.099142e-02 5.593728e-02 3.180094e-02 4.042355e-02 2.736110e-02 1.415453e-01 2.387186e-02
6.587500e+03 3.912500e+03 1.300000e+03 -1.014972e-01 4.099142e-02 3.204612e-02 3.180094e-02 4.388522e-02 2.736110e-02 1.325101e-01 2.387186e-02
6.687500e+03 3.912500e+03 1.325000e+03 -9.186780e-02 4.099142e-02 -5.008123e-03 3.180094e-02 -4.248183e-02 2.736110e-02 8.119718e-02 2.387186e-02
6.787500e+03 3.912500e+03 1.375000e+03 -1.072552e-01 4.099142e-02 5.471552e-02 3.180094e-02 1.327747e-02 2.736110e-02 9.795590e-02 2.387186e-02
6.887500e+03 3.912500e+03 1.375000e+03 -5.452349e-02 4.099142e-02 7.282099e-02 3.180094e-02 7.149773e-03 2.736110e-02 9.665367e-02 2.387186e-02
6.987500e+03 3.912500e+03 1.350000e+03 -1.924516e-02 4.099142e-02 4.319734e-02 3.180094e-02 -2.889458e-03 2.736110e-02 8.026350e-02 2.387186e-02
3.487500e+03 4.012500e+03 1.225000e+03 6.872147e-02 4.099142e-02 -1.429004e-02 3.180094e-02 -1.009175e-02 2.736110e-02 5.064371e-02 2.387186e-02
3.587500e+03 4.012500e+03 1.200000e+03 1.319715e-01 4.099142e-02 -8.055374e-02 3.180094e-02 1.416944e-01 2.736110e-02 -1.892054e-02 2.387186e-02
3.687500e+03 4.012500e+03 1.200000e+03 1.322645e-01 4.099142e-02 -1.079117e-02 3.180094e-02 3.949966e-02 2.736110e-02 -1.619775e-02 2.387186e-02
3.787500e+03 4.012500e+03 1.175000e+03 1.984117e-01 4.099142e-02 3.631182e-02 3.180094e-02 1.154292e-01 2.736110e-02 -3.077957e-02 2.387186e-02
3.887500e+03 4.012500e+03 1.175000e+03 2.270053e-01 4.099142e-02 1.316593e-02 3.180094e-02 1.540669e-01 2.736110e-02 1.544009e-03 2.387186e-02
3.987500e+03 4.012500e+03 1.150000e+03 1.678135e-01 4.099142e-02 -1.190300e-02 3.180094e-02 7.512980e-02 2.736110e-02 4.290757e-02 2.387186e-02
4.087500e+03 4.012500e+03 1.150000e+03 2.318305e-01 4.099142e-02 -2.654683e-02 3.180094e-02 8.434719e-02 2.736110e-02 5.816525e-03 2.387186e-02
4.187500e+03 4.012500e+03 1.150000e+03 1.684855e-01 4.099142e-02 -3.158679e-02 3.180094e-02 1.839187e-02 2.736110e-02 2.607406e-02 2.387186e-02
4.287500e+03 4.012500e+03 1.150000e+03 2.103963e-01 4.099142e-02 1.997928e-02 3.180094e-02 8.364185e-03 2.736110e-02 7.414351e-03 2.387186e-02
4.387500e+03 4.012500e+03 1.150000e+03 1.048316e-01 4.099142e-02 -3.029338e-02 3.180094e-02 -5.031444e-02 2.736110e-02 2.731319e-02 2.387186e-02
4.487500e+03 4.012500e+03 1.150000e+03 9.558645e-02 4.099142e-02 2.438140e-03 3.180094e-02 -1.833953e-02 2.736110e-02 5.731227e-02 2.387186e-02
4.587500e+03 4.012500e+03 1.175000e+03 1.134386e-01 4.099142e-02 9.623053e-04 3.180094e-02 -1.257544e-01 2.736110e-02 1.305354e-02 2.387186e-02
4.687500e+03 4.012500e+03 1.175000e+03 -1.231130e-02 4.099142e-02 1.196543e-02 3.180094e-02 -1.065872e-01 2.736110e-02 2.515238e-02 2.387186e-02
4.787500e+03 4.012500e+03 1.175000e+03 8.203878e-02 4.099142e-02 -1.567378e-01 3.180094e-02 -4.334969e-02 2.736110e-02 5.449473e-03 2.387186e-02
4.887500e+03 4.012500e+03 1.225000e+03 1.098458e-01 4.099142e-02 -1.033781e-01 3.180094e-02 -5.797825e-02 2.736110e-02 9.439071e-03 2.387186e-02
4.987500e+03 4.012500e+03 1.225000e+03 1.372634e-02 4.099142e-02 -5.885766e-02 3.180094e-02 -7.341409e-02 2.736110e-02 4.136615e-02 2.387186e-02
5.087500e+03 4.012500e+03 1.225000e+03 -1.222249e-02 4.099142e-02 -9.840274e-02 3.180094e-02 -6.965232e-02 2.736110e-02 4.974754e-02 2.387186e-02
5.187500e+03 4.012500e+03 1.225000e+03 7.125923e-02 4.099142e-02 -1.914841e-01 3.180094e-02 -1.512759e-01 2.736110e-02 9.606353e-02 2.387186e-02
5.287500e+03 4.012500e+03 1.250000e+03 5.183193e-02 4.099142e-02 -2.104228e-01 3.180094e-02 -9.393677e-02 2.736110e-02 1.068840e-01 2.387186e-02
5.387500e+03 4.012500e+03 1.250000e+03 1.003295e-01 4.099142e-02 -3.616348e-01 3.180094e-02 -1.396816e-01 2.736110e-02 1.511378e-01 2.387186e-02
5.487500e+03 4.012500e+03 1.275000e+03 1.158738e-01 4.099142e-02 -3.086816e-01 3.180094e-02 -1.722354e-01 2.736110e-02 1.645008e-01 2.387186e-02
5.587500e+03 4.012500e+03 1.275000e+03 -1.935544e-01 4.099142e-02 -4.829879e-04 3.180094e-02 6.501734e-02 2.736110e-02 2.614213e-02 2.387186e-02
5.687500e+03 4.012500e+03 1.300000e+03 -1.967845e-01 4.099142e-02 1.137387e-01 3.180094e-02 1.181229e-01 2.736110e-02 -2.147615e-02 2.387186e-02
5.787500e+03 4.012500e+03 1.275000e+03 -2.298423e-01 4.099142e-02 1.261482e-01 3.180094e-02 1.941833e-01 2.736110e-02 3.247589e-02 2.387186e-02
5.887500e+03 4.012500e+03 1.275000e+03 -2.360250e-01 4.099142e-02 -3.538167e-02 3.180094e-02 1.490194e-01 2.736110e-02 5.367000e-02 2.387186e-02
5.987500e+03 4.012500e+03 1.250000e+03 -2.190060e-01 4.099142e-02 9.130884e-03 3.180094e-02 1.311459e-01 2.736110e-02 4.637298e-02 2.387186e-02
6.087500e+03 4.012500e+03 1.275000e+03 -1.662949e-01 4.099142e-02 -5.124538e-02 3.180094e-02 6.912117e-02 2.736110e-02 7.079240e-02 2.387186e-02
6.187500e+03 4.012500e+03 1.300000e+03 -1.118714e-01 4.099142e-02 -2.165499e-02 3.180094e-02 7.492277e-02 2.736110e-02 1.217793e-01 2.387186e-02
6.287500e+03 4.012500e+03 1.300000e+03 -1.707302e-01 4.099142e-02 8.866930e-03 3.180094e-02 4.609966e-02 2.736110e-02 1.251132e-01 2.387186e-02
6.387500e+03 4.012500e+03 1.300000e+03 -1.904357e-01 4.099142e-02 6.243281e-02 3.180094e-02 5.430606e-02 2.736110e-02 1.158808e-01 2.387186e-02
6.487500e+03 4.012500e+03 1.325000e+03 -4.193770e-02 4.099142e-02 -3.419291e-02 3.180094e-02 -3.530311e-04 2.736110e-02 1.255809e-01 2.387186e-02
6.587500e+03 4.012500e+03 1.325000e+03 -1.270873e-01 4.099142e-02 5.831719e-02 3.180094e-02 2.483135e-02 2.736110e-02 8.749794e-02 2.387186e-02
6.687500e+03 4.012500e+03 1.350000e+03 -1.244479e-01 4.099142e-02 6.711207e-02 3.180094e-02 -2.270414e-02 2.736110e-02 1.228046e-01 2.387186e-02
6.787500e+03 4.012500e+03 1.375000e+03 -1.254952e-01 4.099142e-02 3.599653e-02 3.180094e-02 5.610856e-02 2.736110e-02 1.036749e-01 2.387186e-02
6.887500e+03 4.012500e+03 1.375000e+03 -7.490516e-02 4.099142e-02 7.233300e-02 3.180094e-02 6.661697e-03 2.736110e-02 4.406956e-02 2.387186e-02
6.987500e+03 4.012500e+03 1.375000e+03 -3.019220e-02 4.099142e-02 4.586003e-02 3.180094e-02 7.992716e-02 2.736110e-02 5.247517e-02 2.387186e-02
3.487500e+03 4.112500e+03 1.200000e+03 1.844960e-01 4.099142e-02 3.432053e-02 3.180094e-02 8.285713e-02 2.736110e-02 -1.417615e-02 2.387186e-02
3.587500e+03 4.112500e+03 1.175000e+03 1.730282e-01 4.099142e-02 -7.390880e-02 3.180094e-02 8.450475e-02 2.736110e-02 2.260648e-02 2.387186e-02
3.687500e+03 4.112500e+03 1.175000e+03 2.298276e-01 4.099142e-02 -9.402349e-03 3.180094e-02 4.329152e-02 2.736110e-02 1.424846e-02 2.387186e-02
3.787500e+03 4.112500e+03 1.175000e+03 1.501766e-01 4.099142e-02 1.114300e-02 3.180094e-02 1.507023e-01 2.736110e-02 -3.212561e-02 2.387186e-02
3.887500e+03 4.112500e+03 1.150000e+03 1.726568e-01 4.099142e-02 2.625991e-02 3.180094e-02 1.183658e-01 2.736110e-02 -6.744115e-02 2.387186e-02
3.987500e+03 4.112500e+03 1.150000e+03 1.513359e-01 4.099142e-02 -1.078199e-02 3.180094e-02 1.126674e-01 2.736110e-02 -5.127026e-02 2.387186e-02
4.087500e+03 4.112500e+03 1.150000e+03 1.603869e-01 4.099142e-02 -7.140174e-02 3.180094e-02 7.249193e-02 2.736110e-02 -2.322498e-02 2.387186e-02
4.187500e+03 4.112500e+03 1.150000e+03 1.150123e-01 4.099142e-02 7.730388e-03 3.180094e-02 2.071957e-02 2.736110e-02 -2.255948e-02 2.387186e-02
4.287500e+03 4.112500e+03 1.150000e+03 8.003460e-02 4.099142e-02 1.325237e-02 3.180094e-02 9.782949e-03 2.736110e-02 1.251484e-02 2.387186e-02
4.387500e+03 4.112500e+03 1.150000e+03 8.007099e-02 4.099142e-02 2.026928e-02 3.180094e-02 -3.179966e-02 2.736110e-02 -3.809935e-03 2.387186e-02
4.487500e+03 4.112500e+03 1.175000e+03 1.284691e-01 4.099142e-02 -7.430998e-02 3.180094e-02 -1.214209e-01 2.736110e-02 -7.718320e-03 2.387186e-02
4.587500e+03 4.112500e+03 1.175000e+03 7.827324e-02 4.099142e-02 -5.782376e-02 3.180094e-02 -1.133923e-01 2.736110e-02 2.800780e-02 2.387186e-02
4.687500e+03 4.112500e+03 1.200000e+03 2.776656e-02 4.099142e-02 -3.581530e-02 3.180094e-02 -5.540490e-02 2.736110e-02 -1.342919e-02 2.387186e-02
4.787500e+03 4.112500e+03 1.200000e+03 2.234116e-02 4.099142e-02 -7.837949e-02 3.180094e-02 1.250308e-03 2.736110e-02 -9.230052e-02 2.387186e-02
4.887500e+03 4.112500e+03 1.200000e+03 -3.091696e-02 4.099142e-02 -1.173314e-01 3.180094e-02 -5.482837e-02 2.736110e-02 -6.580371e-03 2.387186e-02
4.987500e+03 4.112500e+03 1.225000e+03 8.639815e-03 4.099142e-02 -1.096100e-01 3.180094e-02 -5.229293e-02 2.736110e-02 2.973837e-02 2.387186e-02
5.087500e+03 4.112500e+03 1.225000e+03 6.859217e-03 4.099142e-02 -4.564543e-02 3.180094e-02 -5.415921e-02 2.736110e-02 4.313052e-02 2.387186e-02
5.187500e+03 4.112500e+03 1.250000e+03 -4.879345e-02 4.099142e-02 -1.116642e-01 3.180094e-02 -6.125655e-02 2.736110e-02 4.457329e-02 2.387186e-02
5.287500e+03 4.112500e+03 1.250000e+03 -3.864122e-04 4.099142e-02 -1.945580e-01 3.180094e-02 -9.656584e-02 2.736110e-02 1.066093e-01 2.387186e-02
5.387500e+03 4.112500e+03 1.275000e+03 4.141591e-04 4.099142e-02 -1.949346e-01 3.180094e-02 -5.064732e-02 2.736110e-02 1.007204e-01 2.387186e-02
5.487500e+03 4.112500e+03 1.275000e+03 7.856037e-02 4.099142e-02 -2.502310e-01 3.180094e-02 -1.324582e-01 2.736110e-02 1.290143e-01 2.387186e-02
5.587500e+03 4.112500e+03 1.275000e+03 5.509617e-02 4.099142e-02 -3.548084e-01 3.180094e-02 -1.431953e-01 2.736110e-02 2.096893e-01 2.387186e-02
5.687500e+03 4.112500e+03 1.275000e+03 7.200199e-03 4.099142e-02 -2.728745e-01 3.180094e-02 -8.742849e-02 2.736110e-02 8.470005e-02 2.387186e-02
5.787500e+03 4.112500e+03 1.300000e+03 -1.966968e-01 4.099142e-02 7.240097e-02 3.180094e-02 5.776153e-02 2.736110e-02 1.324495e-02 2.387186e-02
5.887500e+03 4.112500e+03 1.300000e+03 -2.029409e-01 4.099142e-02 4.813326e-02 3.180094e-02 1.293628e-01 2.736110e-02 3.608734e-02 2.387186e-02
5.987500e+03 4.112500e+03 1.275000e+03 -2.554694e-01 4.099142e-02 -9.255971e-03 3.180094e-02 1.672127e-01 2.736110e-02 6.119212e-02 2.387186e-02
6.087500e+03 4.112500e+03 1.275000e+03 -2.454075e-01 4.099142e-02 1.133618e-02 3.180094e-02 1.028368e-01 2.736110e-02 6.183097e-02 2.387186e-02
6.187500e+03 4.112500e+03 1.300000e+03 -1.581327e-01 4.099142e-02 -4.094797e-02 3.180094e-02 1.311250e-01 2.736110e-02 1.180983e-01 2.387186e-02
6.287500e+03 4.112500e+03 1.325000e+03 -1.372207e-01 4.099142e-02 -2.714748e-02 3.180094e-02 7.424304e-02 2.736110e-02 1.180203e-01 2.387186e-02
6.387500e+03 4.112500e+03 1.300000e+03 -1.315750e-01 4.099142e-02 -9.714372e-03 3.180094e-02 3.090536e-02 2.736110e-02 1.236740e-01 2.387186e-02
6.487500e+03 4.112500e+03 1.350000e+03 -1.795255e-01 4.099142e-02 7.703272e-03 3.180094e-02 1.663227e-02 2.736110e-02 1.306134e-01 2.387186e-02
6.587500e+03 4.112500e+03 1.350000e+03 -7.458992e-02 4.099142e-02 1.739531e-02 3.180094e-02 5.530628e-02 2.736110e-02 9.376910e-02 2.387186e-02
6.687500e+03 4.112500e+03 1.375000e+03 -7.232907e-02 4.099142e-02 3.774368e-02 3.180094e-02 -1.856392e-02 2.736110e-02 1.260803e-01 2.387186e-02
6.787500e+03 4.112500e+03 1.400000e+03 -1.016336e-01 4.099142e-02 1.209702e-02 3.180094e-02 3.238528e-02 2.736110e-02 6.682737e-02 2.387186e-02
6.887500e+03 4.112500e+03 1.400000e+03 -5.351754e-02 4.099142e-02 6.120380e-02 3.180094e-02 4.762022e-02 2.736110e-02 7.007115e-02 2.387186e-02
6.987500e+03 4.112500e+03 1.375000e+03 -3.743001e-02 4.099142e-02 -3.561053e-02 3.180094e-02 -7.172543e-03 2.736110e-02 7.403539e-02 2.387186e-02
3.487500e+03 4.212500e+03 1.175000e+03 1.442125e-01 4.099142e-02 8.882635e-02 3.180094e-02 5.026612e-02 2.736110e-02 3.603693e-02 2.387186e-02
3.587500e+03 4.212500e+03 1.175000e+03 2.185949e-01 4.099142e-02 2.807937e-02 3.180094e-02 5.803384e-02 2.736110e-02 1.444660e-02 2.387186e-02
3.687500e+03 4.212500e+03 1.175000e+03 1.312484e-01 4.099142e-02 -1.120392e-02 3.180094e-02 1.335277e-01 2.736110e-02 -2.546744e-02 2.387186e-02
3.787500e+03 4.212500e+03 1.150000e+03 2.001359e-01 4.099142e-02 1.652310e-02 3.180094e-02 1.235922e-01 2.736110e-02 3.748348e-03 2.387186e-02
3.887500e+03 4.212500e+03 1.150000e+03 2.345344e-01 4.099142e-02 1.034692e-02 3.180094e-02 1.304823e-01 2.736110e-02 -7.781065e-02 2.387186e-02
3.987500e+03 4.212500e+03 1.150000e+03 1.491442e-01 4.099142e-02 2.417741e-02 3.180094e-02 1.113715e-01 2.736110e-02 1.286012e-02 2.387186e-02
4.087500e+03 4.212500e+03 1.150000e+03 1.536219e-01 4.099142e-02 -6.223733e-02 3.180094e-02 7.428916e-02 2.736110e-02 -5.165098e-02 2.387186e-02
4.187500e+03 4.212500e+03 1.125000e+03 7.175743e-02 4.099142e-02 1.513054e-02 3.180094e-02 4.909590e-02 2.736110e-02 7.044771e-03 2.387186e-02
4.287500e+03 4.212500e+03 1.150000e+03 2.887932e-02 4.099142e-02 -3.893203e-02 3.180094e-02 -1.724898e-02 2.736110e-02 -2.006463e-03 2.387186e-02
4.387500e+03 4.212500e+03 1.175000e+03 8.206644e-02 4.099142e-02 1.167429e-02 3.180094e-02 -6.004023e-02 2.736110e-02 2.047569e-02 2.387186e-02
4.487500e+03 4.212500e+03 1.175000e+03 6.353411e-02 4.099142e-02 2.422449e-02 3.180094e-02 -9.340911e-02 2.736110e-02 -1.473864e-02 2.387186e-02
4.587500e+03 4.212500e+03 1.175000e+03 1.133863e-02 4.099142e-02 -2.561294e-02 3.180094e-02 -1.751957e-01 2.736110e-02 4.754041e-02 2.387186e-02
4.687500e+03 4.212500e+03 1.200000e+03 -2.577735e-02 4.099142e-02 -4.472632e-03 3.180094e-02 -1.344193e-01 2.736110e-02 7.365748e-03 2.387186e-02
4.787500e+03 4.212500e+03 1.225000e+03 6.887553e-02 4.099142e-02 -3.380225e-02 3.180094e-02 -9.552561e-02 2.736110e-02 -1.643954e-02 2.387186e-02
4.887500e+03 4.212500e+03 1.225000e+03 -2.495662e-02 4.099142e-02 -3.539166e-02 3.180094e-02 -1.120982e-01 2.736110e-02 -2.237541e-02 2.387186e-02
4.987500e+03 4.212500e+03 1.225000e+03 -1.498966e-02 4.099142e-02 1.328874e-02 3.180094e-02 -7.703598e-02 2.736110e-02 -2.564785e-03 2.387186e-02
5.087500e+03 4.212500e+03 1.250000e+03 8.208943e-03 4.099142e-02 -3.036908e-03 3.180094e-02 -1.232873e-01 2.736110e-02 1.432203e-02 2.387186e-02
5.187500e+03 4.212500e+03 1.250000e+03 -5.504312e-03 4.099142e-02 -3.473584e-02 3.180094e-02 -8.072811e-02 2.736110e-02 3.583677e-02 2.387186e-02
5.287500e+03 4.212500e+03 1.275000e+03 -2.488165e-02 4.099142e-02 -7.907631e-02 3.180094e-02 -6.693983e-02 2.736110e-02 8.835540e-02 2.387186e-02
5.387500e+03 4.212500e+03 1.300000e+03 -2.000567e-02 4.099142e-02 -4.641189e-02 3.180094e-02 -3.836166e-02 2.736110e-02 7.880828e-02 2.387186e-02
5.487500e+03 4.212500e+03 1.325000e+03 -3.377456e-02 4.099142e-02 -7.674071e-02 3.180094e-02 -4.168007e-02 2.736110e-02 2.780315e-02 2.387186e-02
5.587500e+03 4.212500e+03 1.325000e+03 -5.274916e-02 4.099142e-02 -1.414641e-01 3.180094e-02 -4.847206e-02 2.736110e-02 1.007324e-01 2.387186e-02
5.687500e+03 4.212500e+03 1.300000e+03 9.277020e-04 4.099142e-02 -2.270218e-01 3.180094e-02 -8.244633e-02 2.736110e-02 1.084078e-01 2.387186e-02
5.787500e+03 4.212500e+03 1.300000e+03 1.867336e-02 4.099142e-02 -3.275505e-01 3.180094e-02 -1.178922e-01 2.736110e-02 1.518406e-01 2.387186e-02
5.887500e+03 4.212500e+03 1.300000e+03 -9.289888e-02 4.099142e-02 -5.226501e-02 3.180094e-02 -3.716866e-03 2.736110e-02 9.088689e-02 2.387186e-02
5.987500e+03 4.212500e+03 1.275000e+03 -2.696238e-01 4.099142e-02 6.780922e-02 3.180094e-02 1.074052e-01 2.736110e-02 4.175749e-02 2.387186e-02
6.087500e+03 4.212500e+03 1.275000e+03 -1.967260e-01 4.099142e-02 4.333268e-02 3.180094e-02 1.595352e-01 2.736110e-02 5.299687e-02 2.387186e-02
6.187500e+03 4.212500e+03 1.300000e+03 -2.798849e-01 4.099142e-02 2.409053e-02 3.180094e-02 1.278874e-01 2.736110e-02 1.004868e-01 2.387186e-02
6.287500e+03 4.212500e+03 1.325000e+03 -1.412887e-01 4.099142e-02 -4.780789e-03 3.180094e-02 1.266982e-01 2.736110e-02 9.013431e-02 2.387186e-02
6.387500e+03 4.212500e+03 1.325000e+03 -1.754068e-01 4.099142e-02 -1.722264e-02 3.180094e-02 2.748820e-02 2.736110e-02 1.085431e-01 2.387186e-02
6.487500e+03 4.212500e+03 1.325000e+03 -8.483857e-02 4.099142e-02 3.456904e-02 3.180094e-02 3.019318e-02 2.736110e-02 1.151081e-01 2.387186e-02
6.587500e+03 4.212500e+03 1.350000e+03 -1.149205e-01 4.099142e-02 3.579291e-02 3.180094e-02 1.120571e-02 2.736110e-02 1.517607e-01 2.387186e-02
6.687500e+03 4.212500e+03 1.375000e+03 -1.134775e-01 4.099142e-02 -2.244380e-02 3.180094e-02 3.206148e-02 2.736110e-02 8.895114e-02 2.387186e-02
6.787500e+03 4.212500e+03 1.400000e+03 -7.277282e-02 4.099142e-02 4.338826e-02 3.180094e-02 3.601431e-02 2.736110e-02 7.428095e-02 2.387186e-02
6.887500e+03 4.212500e+03 1.400000e+03 -6.090946e-02 4.099142e-02 2.821550e-02 3.180094e-02 4.709616e-02 2.736110e-02 8.651477e-02 2.387186e-02
6.987500e+03 4.212500e+03 1.400000e+03 -4.321085e-02 4.099142e-02 -3.694260e-02 3.180094e-02 2.537917e-02 2.736110e-02 4.633941e-02 2.387186e-02
3.487500e+03 4.312500e+03 1.175000e+03 1.093016e-01 4.099142e-02 -2.858387e-02 3.180094e-02 2.491888e-02 2.736110e-02 1.847429e-02 2.387186e-02
3.587500e+03 4.312500e+03 1.175000e+03 1.415424e-01 4.099142e-02 8.272694e-03 3.180094e-02 9.934043e-02 2.736110e-02 -2.359415e-02 2.387186e-02
3.687500e+03 4.312500e+03 1.150000e+03 1.154448e-01 4.099142e-02 8.601693e-03 3.180094e-02 5.163442e-02 2.736110e-02 -5.379423e-03 2.387186e-02
3.787500e+03 4.312500e+03 1.150000e+03 1.669631e-01 4.099142e-02 2.413047e-03 3.180094e-02 1.038714e-01 2.736110e-02 1.403620e-02 2.387186e-02
3.887500e+03 4.312500e+03 1.150000e+03 1.410690e-01 4.099142e-02 1.583933e-02 3.180094e-02 1.177168e-01 2.736110e-02 -1.435162e-02 2.387186e-02
3.987500e+03 4.312500e+03 1.150000e+03 1.081165e-01 4.099142e-02 -2.542393e-02 3.180094e-02 8.840927e-02 2.736110e-02 1.099789e-02 2.387186e-02
4.087500e+03 4.312500e+03 1.125000e+03 1.814532e-01 4.099142e-02 9.642951e-02 3.180094e-02 6.290346e-02 2.736110e-02 -3.591633e-02 2.387186e-02
4.187500e+03 4.312500e+03 1.150000e+03 7.850529e-02 4.099142e-02 2.718670e-03 3.180094e-02 -2.423334e-02 2.736110e-02 1.132572e-02 2.387186e-02
4.287500e+03 4.312500e+03 1.175000e+03 3.175661e-02 4.099142e-02 4.978684e-03 3.180094e-02 -2.412751e-02 2.736110e-02 1.903852e-02 2.387186e-02
4.387500e+03 4.312500e+03 1.175000e+03 5.385098e-02 4.099142e-02 7.541814e-02 3.180094e-02 -1.018114e-01 2.736110e-02 2.631714e-05 2.387186e-02
4.487500e+03 4.312500e+03 1.175000e+03 -3.373311e-03 4.099142e-02 1.106525e-01 3.180094e-02 -1.312430e-01 2.736110e-02 3.933032e-02 2.387186e-02
4.587500e+03 4.312500e+03 1.200000e+03 -5.914938e-03 4.099142e-02 5.925627e-02 3.180094e-02 -1.371800e-01 2.736110e-02 2.351762e-02 2.387186e-02
4.687500e+03 4.312500e+03 1.225000e+03 -5.565970e-03 4.099142e-02 1.376440e-02 3.180094e-02 -1.071783e-01 2.736110e-02 -4.929808e-02 2.387186e-02
4.787500e+03 4.312500e+03 1.225000e+03 2.348933e-02 4.099142e-02 2.329393e-02 3.180094e-02 -9.773345e-02 2.736110e-02 -3.054854e-02 2.387186e-02
4.887500e+03 4.312500e+03 1.250000e+03 -4.833041e-02 4.099142e-02 6.266199e-03 3.180094e-02 -1.083223e-01 2.736110e-02 -1.641205e-02 2.387186e-02
4.987500e+03 4.312500e+03 1.250000e+03 -2.611293e-02 4.099142e-02 -7.778332e-02 3.180094e-02 -1.148862e-01 2.736110e-02 -1.994293e-02 2.387186e-02
5.087500e+03 4.312500e+03 1.250000e+03 -2.868338e-02 4.099142e-02 -1.861100e-02 3.180094e-02 -8.258392e-02 2.736110e-02 4.543997e-02 2.387186e-02
5.187500e+03 4.312500e+03 1.275000e+03 4.537906e-02 4.099142e-02 7.183275e-04 3.180094e-02 -1.854054e-02 2.736110e-02 4.949058e-03 2.387186e-02
5.287500e+03 4.312500e+03 1.300000e+03 -8.413450e-02 4.099142e-02 -4.343014e-02 3.180094e-02 -4.330966e-02 2.736110e-02 8.636462e-02 2.387186e-02
5.387500e+03 4.312500e+03 1.350000e+03 -8.033583e-02 4.099142e-02 -1.202252e-01 3.180094e-02 -2.683098e-02 2.736110e-02 8.541779e-02 2.387186e-02
5.487500e+03 4.312500e+03 1.350000e+03 -3.034694e-02 4.099142e-02 -8.467177e-02 3.180094e-02 -2.102205e-02 2.736110e-02 7.172249e-02 2.387186e-02
5.587500e+03 4.312500e+03 1.350000e+03 1.841117e-02 4.099142e-02 -8.545920e-02 3.180094e-02 -5.122886e-02 2.736110e-02 9.367613e-02 2.387186e-02
5.687500e+03 4.312500e+03 1.325000e+03 -1.684044e-02 4.099142e-02 -1.424144e-01 3.180094e-02 -4.523627e-02 2.736110e-02 5.744567e-02 2.387186e-02
5.787500e+03 4.312500e+03 1.300000e+03 -1.028955e-01 4.099142e-02 -2.143754e-01 3.180094e-02 -5.408543e-02 2.736110e-02 8.790298e-02 2.387186e-02
5.887500e+03 4.312500e+03 1.300000e+03 -1.136329e-01 4.099142e-02 -1.698808e-01 3.180094e-02 -9.043890e-02 2.736110e-02 1.423441e-01 2.387186e-02
5.987500e+03 4.312500e+03 1.275000e+03 1.933736e-02 4.099142e-02 -2.853232e-01 3.180094e-02 -1.304375e-01 2.736110e-02 1.996786e-01 2.387186e-02
6.087500e+03 4.312500e+03 1.275000e+03 -3.172028e-01 4.099142e-02 2.092264e-01 3.180094e-02 2.115045e-01 2.736110e-02 -1.470339e-03 2.387186e-02
6.187500e+03 4.312500e+03 1.275000e+03 -2.536619e-01 4.099142e-02 9.807386e-02 3.180094e-02 1.760488e-01 2.736110e-02 8.151803e-02 2.387186e-02
6.287500e+03 4.312500e+03 1.325000e+03 -1.430483e-01 4.099142e-02 -1.068785e-03 3.180094e-02 1.803939e-01 2.736110e-02 1.610575e-01 2.387186e-02
6.387500e+03 4.312500e+03 1.350000e+03 -2.268016e-01 4.099142e-02 1.125195e-02 3.180094e-02 8.497460e-02 2.736110e-02 1.346370e-01 2.387186e-02
6.487500e+03 4.312500e+03 1.350000e+03 -1.033518e-01 4.099142e-02 -2.337949e-02 3.180094e-02 5.700762e-02 2.736110e-02 1.211175e-01 2.387186e-02
6.587500e+03 4.312500e+03 1.350000e+03 -1.531825e-01 4.099142e-02 3.192276e-02 3.180094e-02 4.540290e-02 2.736110e-02 1.132380e-01 2.387186e-02
6.687500e+03 4.312500e+03 1.375000e+03 -9.586712e-02 4.099142e-02 1.154054e-03 3.180094e-02 2.533740e-02 2.736110e-02 1.281474e-01 2.387186e-02
6.787500e+03 4.312500e+03 1.400000e+03 -3.792071e-02 4.099142e-02 -1.308367e-03 3.180094e-02 2.221075e-02 2.736110e-02 6.588171e-02 2.387186e-02
6.887500e+03 4.312500e+03 1.400000e+03 -1.149718e-01 4.099142e-02 -1.405908e-02 3.180094e-02 3.155052e-02 2.736110e-02 7.816952e-02 2.387186e-02
6.987500e+03 4.312500e+03 1.425000e+03 -1.349519e-01 4.099142e-02 5.552325e-02 3.180094e-02 7.144859e-02 2.736110e-02 6.276395e-02 2.387186e-02
3.487500e+03 4.412500e+03 1.175000e+03 9.029117e-02 4.099142e-02 5.915124e-02 3.180094e-02 5.989798e-02 2.736110e-02 7.317810e-03 2.387186e-02
3.587500e+03 4.412500e+03 1.150000e+03 6.312243e-02 4.099142e-02 9.399420e-02 3.180094e-02 1.058610e-01 2.736110e-02 -1.391491e-02 2.387186e-02
3.687500e+03 4.412500e+03 1.150000e+03 1.096022e-01 4.099142e-02 8.593642e-03 3.180094e-02 1.161756e-01 2.736110e-02 -7.218920e-03 2.387186e-02
3.787500e+03 4.412500e+03 1.125000e+03 2.241573e-01 4.099142e-02 -1.847837e-02 3.180094e-02 1.435855e-01 2.736110e-02 -5.839080e-02 2.387186e-02
3.887500e+03 4.412500e+03 1.125000e+03 1.422660e-01 4.099142e-02 1.522961e-02 3.180094e-02 9.599403e-02 2.736110e-02 2.535082e-02 2.387186e-02
3.987500e+03 4.412500e+03 1.125000e+03 4.458079e-02 4.099142e-02 9.762608e-02 3.180094e-02 4.770836e-02 2.736110e-02 -9.256507e-03 2.387186e-02
4.087500e+03 4.412500e+03 1.150000e+03 8.432212e-02 4.099142e-02 8.708475e-02 3.180094e-02 9.391220e-03 2.736110e-02 1.450982e-02 2.387186e-02
4.187500e+03 4.412500e+03 1.150000e+03 8.902551e-03 4.099142e-02 6.530522e-02 3.180094e-02 -3.294638e-02 2.736110e-02 2.564052e-02 2.387186e-02
4.287500e+03 4.412500e+03 1.175000e+03 3.848939e-02 4.099142e-02 9.631730e-02 3.180094e-02 -2.672487e-02 2.736110e-02 4.774154e-03 2.387186e-02
4.387500e+03 4.412500e+03 1.175000e+03 3.267588e-02 4.099142e-02 7.351004e-02 3.180094e-02 -6.466438e-02 2.736110e-02 -1.948190e-02 2.387186e-02
4.487500e+03 4.412500e+03 1.200000e+03 4.140441e-02 4.099142e-02 6.260857e-02 3.180094e-02 -6.229041e-02 2.736110e-02 -3.393915e-02 2.387186e-02
4.587500e+03 4.412500e+03 1.225000e+03 2.445062e-02 4.099142e-02 2.351887e-02 3.180094e-02 -1.076621e-01 2.736110e-02 -4.328470e-02 2.387186e-02
4.687500e+03 4.412500e+03 1.225000e+03 -3.410284e-02 4.099142e-02 -5.459007e-02 3.180094e-02 -1.486522e-01 2.736110e-02 -1.366159e-02 2.387186e-02
4.787500e+03 4.412500e+03 1.250000e+03 4.780547e-02 4.099142e-02 4.340786e-02 3.180094e-02 -7.896507e-02 2.736110e-02 -5.565528e-02 2.387186e-02
4.887500e+03 4.412500e+03 1.250000e+03 -5.295271e-02 4.099142e-02 2.658388e-02 3.180094e-02 -1.143681e-01 2.736110e-02 -4.799961e-02 2.387186e-02
4.987500e+03 4.412500e+03 1.250000e+03 -1.101360e-01 4.099142e-02 2.543261e-02 3.180094e-02 -2.778627e-02 2.736110e-02 -1.284472e-02 2.387186e-02
5.087500e+03 4.412500e+03 1.250000e+03 -6.842543e-02 4.099142e-02 2.559078e-03 3.180094e-02 -8.858683e-02 2.736110e-02 8.793961e-03 2.387186e-02
5.187500e+03 4.412500e+03 1.275000e+03 -3.663933e-02 4.099142e-02 -7.421454e-02 3.180094e-02 -6.143711e-02 2.736110e-02 -1.469906e-02 2.387186e-02
5.287500e+03 4.412500e+03 1.300000e+03 3.123144e-02 4.099142e-02 -5.597932e-02 3.180094e-02 -9.811765e-04 2.736110e-02 3.525661e-02 2.387186e-02
5.387500e+03 4.412500e+03 1.350000e+03 2.865587e-02 4.099142e-02 -3.343328e-02 3.180094e-02 -1.438067e-02 2.736110e-02 4.600044e-02 2.387186e-02
5.487500e+03 4.412500e+03 1.375000e+03 -4.327697e-02 4.099142e-02 -2.801029e-02 3.180094e-02 -8.104656e-03 2.736110e-02 4.358194e-02 2.387186e-02
5.587500e+03 4.412500e+03 1.375000e+03 6.036753e-03 4.099142e-02 -5.777491e-02 3.180094e-02 -3.574204e-02 2.736110e-02 7.752600e-03 2.387186e-02
5.687500e+03 4.412500e+03 1.350000e+03 -9.032333e-02 4.099142e-02 -1.078805e-01 3.180094e-02 -5.222595e-02 2.736110e-02 6.173130e-02 2.387186e-02
5.787500e+03 4.412500e+03 1.325000e+03 -4.076826e-02 4.099142e-02 -1.249995e-01 3.180094e-02 -2.793195e-02 2.736110e-02 2.659127e-02 2.387186e-02
5.887500e+03 4.412500e+03 1.325000e+03 -1.602302e-02 4.099142e-02 -1.461839e-01 3.180094e-02 -7.876848e-02 2.736110e-02 9.866979e-02 2.387186e-02
5.987500e+03 4.412500e+03 1.300000e+03 4.483268e-02 4.099142e-02 -1.582274e-01 3.180094e-02 -6.361006e-02 2.736110e-02 8.939725e-02 2.387186e-02
6.087500e+03 4.412500e+03 1.275000e+03 2.382322e-02 4.099142e-02 -3.739483e-01 3.180094e-02 -1.908306e-01 2.736110e-02 2.655298e-01 2.387186e-02
6.187500e+03 4.412500e+03 1.275000e+03 -4.178284e-01 4.099142e-02 1.748848e-01 3.180094e-02 2.487576e-01 2.736110e-02 1.984013e-02 2.387186e-02
6.287500e+03 4.412500e+03 1.300000e+03 -3.089202e-01 4.099142e-02 2.884114e-02 3.180094e-02 1.292135e-01 2.736110e-02 6.041327e-02 2.387186e-02
6.387500e+03 4.412500e+03 1.325000e+03 -1.748610e-01 4.099142e-02 -3.925440e-02 3.180094e-02 1.221760e-01 2.736110e-02 1.094590e-01 2.387186e-02
6.487500e+03 4.412500e+03 1.325000e+03 -8.814219e-02 4.099142e-02 -1.037915e-01 3.180094e-02 1.232270e-01 2.736110e-02 1.364401e-01 2.387186e-02
6.587500e+03 4.412500e+03 1.375000e+03 -1.410976e-01 4.099142e-02 -2.092000e-02 3.180094e-02 6.880606e-02 2.736110e-02 1.118345e-01 2.387186e-02
6.687500e+03 4.412500e+03 1.375000e+03 -1.382814e-01 4.099142e-02 -3.895617e-02 3.180094e-02 9.875385e-02 2.736110e-02 1.157176e-01 2.387186e-02
6.787500e+03 4.412500e+03 1.400000e+03 3.449575e-04 4.099142e-02 1.672251e-02 3.180094e-02 3.427862e-02 2.736110e-02 1.174547e-01 2.387186e-02
6.887500e+03 4.412500e+03 1.400000e+03 -1.168147e-01 4.099142e-02 3.955547e-02 3.180094e-02 6.486273e-02 2.736110e-02 6.888147e-02 2.387186e-02
6.987500e+03 4.412500e+03 1.425000e+03 -8.743257e-02 4.099142e-02 9.205518e-03 3.180094e-02 2.625517e-02 2.736110e-02 2.556488e-02 2.387186e-02
3.487500e+03 4.512500e+03 1.175000e+03 1.406548e-01 4.099142e-02 1.172106e-01 3.180094e-02 2.842144e-02 2.736110e-02 -2.934191e-02 2.387186e-02
3.587500e+03 4.512500e+03 1.175000e+03 1.249092e-01 4.099142e-02 8.934837e-02 3.180094e-02 9.212688e-02 2.736110e-02 -4.094558e-02 2.387186e-02
3.687500e+03 4.512500e+03 1.150000e+03 4.797742e-02 4.099142e-02 -2.196078e-03 3.180094e-02 9.269023e-02 2.736110e-02 -3.731326e-02 2.387186e-02
3.787500e+03 4.512500e+03 1.125000e+03 1.771210e-01 4.099142e-02 1.222445e-01 3.180094e-02 8.863225e-02 2.736110e-02 -5.232847e-02 2.387186e-02
3.887500e+03 4.512500e+03 1.125000e+03 9.086927e-02 4.099142e-02 7.110075e-02 3.180094e-02 6.492126e-02 2.736110e-02 3.541613e-02 2.387186e-02
3.987500e+03 4.512500e+03 1.125000e+03 9.560862e-02 4.099142e-02 8.576006e-02 3.180094e-02 5.201698e-03 2.736110e-02 3.779186e-02 2.387186e-02
4.087500e+03 4.512500e+03 1.150000e+03 4.602812e-02 4.099142e-02 1.240675e-01 3.180094e-02 2.992730e-02 2.736110e-02 -1.188647e-02 2.387186e-02
4.187500e+03 4.512500e+03 1.150000e+03 -1.492244e-02 4.099142e-02 1.692778e-01 3.180094e-02 -3.132591e-02 2.736110e-02 4.757289e-02 2.387186e-02
4.287500e+03 4.512500e+03 1.175000e+03 5.560007e-02 4.099142e-02 1.792390e-01 3.180094e-02 -9.326294e-02 2.736110e-02 3.998718e-02 2.387186e-02
4.387500e+03 4.512500e+03 1.175000e+03 7.504618e-02 4.099142e-02 1.088819e-01 3.180094e-02 -4.201375e-02 2.736110e-02 -5.189221e-02 2.387186e-02
4.487500e+03 4.512500e+03 1.200000e+03 1.436024e-02 4.099142e-02 1.020486e-01 3.180094e-02 -1.622322e-01 2.736110e-02 4.042242e-02 2.387186e-02
4.587500e+03 4.512500e+03 1.225000e+03 3.032225e-02 4.099142e-02 -6.652371e-02 3.180094e-02 -9.104007e-02 2.736110e-02 -5.984456e-02 2.387186e-02
4.687500e+03 4.512500e+03 1.250000e+03 5.700740e-02 4.099142e-02 1.586909e-02 3.180094e-02 -1.211044e-01 2.736110e-02 1.407789e-02 2.387186e-02
4.787500e+03 4.512500e+03 1.250000e+03 7.808358e-02 4.099142e-02 3.570638e-02 3.180094e-02 -8.842612e-02 2.736110e-02 -2.816056e-02 2.387186e-02
4.887500e+03 4.512500e+03 1.275000e+03 1.276404e-02 4.099142e-02 2.338762e-02 3.180094e-02 -9.013186e-02 2.736110e-02 -1.062165e-02 2.387186e-02
4.987500e+03 4.512500e+03 1.275000e+03 4.144993e-03 4.099142e-02 8.337128e-02 3.180094e-02 -1.259809e-01 2.736110e-02 -2.374467e-02 2.387186e-02
5.087500e+03 4.512500e+03 1.275000e+03 5.125394e-02 4.099142e-02 4.448501e-02 3.180094e-02 -3.432984e-02 2.736110e-02 1.170187e-02 2.387186e-02
5.187500e+03 4.512500e+03 1.275000e+03 2.559716e-02 4.099142e-02 -3.017638e-02 3.180094e-02 -2.981221e-02 2.736110e-02 4.381798e-02 2.387186e-02
5.287500e+03 4.512500e+03 1.300000e+03 -5.045747e-02 4.099142e-02 -3.498417e-02 3.180094e-02 -1.049805e-01 2.736110e-02 4.311322e-02 2.387186e-02
5.387500e+03 4.512500e+03 1.325000e+03 -3.225922e-02 4.099142e-02 -6.140935e-03 3.180094e-02 -7.783864e-02 2.736110e-02 3.446980e-02 2.387186e-02
5.487500e+03 4.512500e+03 1.375000e+03 6.916693e-03 4.099142e-02 -4.037374e-02 3.180094e-02 -3.068482e-02 2.736110e-02 5.091224e-02 2.387186e-02
5.587500e+03 4.512500e+03 1.375000e+03 -5.990810e-02 4.099142e-02 9.129595e-03 3.180094e-02 -3.566561e-02 2.736110e-02 1.745345e-02 2.387186e-02
5.687500e+03 4.512500e+03 1.350000e+03 -5.310639e-02 4.099142e-02 -8.705572e-02 3.180094e-02 -2.436062e-02 2.736110e-02 4.648285e-02 2.387186e-02
5.787500e+03 4.512500e+03 1.325000e+03 -6.738436e-02 4.099142e-02 -7.796714e-02 3.180094e-02 1.702685e-03 2.736110e-02 7.613013e-02 2.387186e-02
5.887500e+03 4.512500e+03 1.325000e+03 -5.861892e-02 4.099142e-02 -1.142096e-01 3.180094e-02 -3.864607e-02 2.736110e-02 3.393018e-02 2.387186e-02
5.987500e+03 4.512500e+03 1.300000e+03 -6.524922e-02 4.099142e-02 -7.864359e-02 3.180094e-02 -5.871633e-02 2.736110e-02 1.431307e-01 2.387186e-02
6.087500e+03 4.512500e+03 1.300000e+03 -5.209802e-02 4.099142e-02 -1.525570e-01 3.180094e-02 -9.704152e-02 2.736110e-02 2.437301e-01 2.387186e-02
6.187500e+03 4.512500e+03 1.275000e+03 3.362214e-02 4.099142e-02 -2.717012e-01 3.180094e-02 -1.535220e-01 2.736110e-02 2.943211e-01 2.387186e-02
6.287500e+03 4.512500e+03 1.300000e+03 -1.903482e-01 4.099142e-02 3.201719e-02 3.180094e-02 1.521699e-01 2.736110e-02 9.270242e-02 2.387186e-02
6.387500e+03 4.512500e+03 1.300000e+03 -1.803623e-01 4.099142e-02 3.204324e-02 3.180094e-02 1.643371e-01 2.736110e-02 6.913682e-02 2.387186e-02
6.487500e+03 4.512500e+03 1.325000e+03 -1.933480e-01 4.099142e-02 -1.261217e-02 3.180094e-02 9.530466e-02 2.736110e-02 1.575976e-01 2.387186e-02
6.587500e+03 4.512500e+03 1.350000e+03 -1.082949e-01 4.099142e-02 -5.421638e-02 3.180094e-02 8.542963e-02 2.736110e-02 1.624865e-01 2.387186e-02
6.687500e+03 4.512500e+03 1.375000e+03 -6.272907e-02 4.099142e-02 -9.111065e-02 3.180094e-02 1.578210e-01 2.736110e-02 1.409673e-01 2.387186e-02
6.787500e+03 4.512500e+03 1.375000e+03 -1.365809e-01 4.099142e-02 -1.040897e-03 3.180094e-02 4.886176e-02 2.736110e-02 1.173311e-01 2.387186e-02
6.887500e+03 4.512500e+03 1.425000e+03 -1.484646e-01 4.099142e-02 2.761263e-02 3.180094e-02 1.162909e-02 2.736110e-02 1.220545e-01 2.387186e-02
6.987500e+03 4.512500e+03 1.450000e+03 -1.572802e-01 4.099142e-02 3.086715e-02 3.180094e-02 1.655125e-02 2.736110e-02 9.737155e-02 2.387186e-02
3.487500e+03 4.612500e+03 1.175000e+03 1.290800e-01 4.099142e-02 1.181028e-01 3.180094e-02 4.883576e-02 2.736110e-02 2.240009e-02 2.387186e-02
3.587500e+03 4.612500e+03 1.175000e+03 1.617231e-01 4.099142e-02 4.979559e-02 3.180094e-02 1.667416e-01 2.736110e-02 -2.949274e-02 2.387186e-02
3.687500e+03 4.612500e+03 1.150000e+03 2.315990e-01 4.099142e-02 7.831917e-02 3.180094e-02 1.403033e-01 2.736110e-02 -8.274811e-02 2.387186e-02
3.787500e+03 4.612500e+03 1.125000e+03 1.387635e-01 4.099142e-02 3.620313e-02 3.180094e-02 6.859607e-02 2.736110e-02 -2.328966e-02 2.387186e-02
3.887500e+03 4.612500e+03 1.125000e+03 1.143664e-01 4.099142e-02 1.049722e-01 3.180094e-02 4.520137e-02 2.736110e-02 1.628850e-02 2.387186e-02
3.987500e+03 4.612500e+03 1.150000e+03 1.454565e-01 4.099142e-02 8.155395e-02 3.180094e-02 -3.505875e-02 2.736110e-02 6.301719e-02 2.387186e-02
4.087500e+03 4.612500e+03 1.150000e+03 2.942999e-02 4.099142e-02 1.850861e-01 3.180094e-02 -3.730986e-02 2.736110e-02 2.677860e-02 2.387186e-02
4.187500e+03 4.612500e+03 1.175000e+03 5.227013e-02 4.099142e-02 1.294402e-01 3.180094e-02 -2.152617e-02 2.736110e-02 3.501798e-02 2.387186e-02
4.287500e+03 4.612500e+03 1.175000e+03 7.597661e-02 4.099142e-02 1.081746e-01 3.180094e-02 -6.920645e-02 2.736110e-02 2.032072e-02 2.387186e-02
4.387500e+03 4.612500e+03 1.200000e+03 8.880950e-02 4.099142e-02 1.325571e-01 3.180094e-02 -4.626909e-02 2.736110e-02 -1.148591e-02 2.387186e-02
4.487500e+03 4.612500e+03 1.200000e+03 3.909650e-02 4.099142e-02 1.621281e-01 3.180094e-02 -7.836292e-02 2.736110e-02 -4.566381e-02 2.387186e-02
4.587500e+03 4.612500e+03 1.225000e+03 5.527997e-02 4.099142e-02 3.750787e-02 3.180094e-02 -1.489864e-01 2.736110e-02 -5.397630e-02 2.387186e-02
4.687500e+03 4.612500e+03 1.250000e+03 7.692179e-02 4.099142e-02 4.393568e-02 3.180094e-02 -9.618051e-02 2.736110e-02 -2.588174e-02 2.387186e-02
4.787500e+03 4.612500e+03 1.250000e+03 5.347001e-02 4.099142e-02 1.827519e-02 3.180094e-02 -1.257165e-01 2.736110e-02 -1.576343e-03 2.387186e-02
4.887500e+03 4.612500e+03 1.275000e+03 1.344985e-01 4.099142e-02 5.299717e-03 3.180094e-02 -1.564102e-01 2.736110e-02 -3.921556e-02 2.387186e-02
4.987500e+03 4.612500e+03 1.275000e+03 -2.288145e-02 4.099142e-02 1.129315e-01 3.180094e-02 -1.334402e-01 2.736110e-02 -9.541491e-03 2.387186e-02
5.087500e+03 4.612500e+03 1.300000e+03 4.274292e-02 4.099142e-02 -3.492518e-03 3.180094e-02 -1.305031e-01 2.736110e-02 3.199564e-02 2.387186e-02
5.187500e+03 4.612500e+03 1.300000e+03 7.079651e-02 4.099142e-02 2.594460e-02 3.180094e-02 -7.830044e-02 2.736110e-02 -2.395200e-02 2.387186e-02
5.287500e+03 4.612500e+03 1.300000e+03 8.575668e-04 4.099142e-02 4.799125e-04 3.180094e-02 -4.778656e-02 2.736110e-02 3.327126e-02 2.387186e-02
5.387500e+03 4.612500e+03 1.325000e+03 3.486063e-02 4.099142e-02 1.344309e-02 3.180094e-02 -2.772479e-02 2.736110e-02 6.617380e-02 2.387186e-02
5.487500e+03 4.612500e+03 1.375000e+03 1.081934e-01 4.099142e-02 -5.229471e-02 3.180094e-02 -6.456847e-02 2.736110e-02 6.584235e-02 2.387186e-02
5.587500e+03 4.612500e+03 1.400000e+03 5.403307e-02 4.099142e-02 -1.856166e-02 3.180094e-02 -1.877719e-02 2.736110e-02 3.475085e-02 2.387186e-02
5.687500e+03 4.612500e+03 1.375000e+03 -2.045556e-04 4.099142e-02 9.338043e-03 3.180094e-02 -2.136825e-02 2.736110e-02 3.905608e-02 2.387186e-02
5.787500e+03 4.612500e+03 1.350000e+03 -4.991319e-02 4.099142e-02 1.281044e-02 3.180094e-02 -3.275613e-02 2.736110e-02 3.033149e-02 2.387186e-02
5.887500e+03 4.612500e+03 1.350000e+03 -4.033251e-02 4.099142e-02 -3.120426e-02 3.180094e-02 -3.056451e-02 2.736110e-02 1.668137e-02 2.387186e-02
5.987500e+03 4.612500e+03 1.325000e+03 1.832472e-02 4.099142e-02 -5.618916e-02 3.180094e-02 -1.201640e-01 2.736110e-02 1.115888e-01 2.387186e-02
6.087500e+03 4.612500e+03 1.300000e+03 2.439508e-02 4.099142e-02 -4.580681e-02 3.180094e-02 -3.901491e-02 2.736110e-02 1.143177e-01 2.387186e-02
6.187500e+03 4.612500e+03 1.275000e+03 4.903441e-02 4.099142e-02 -1.529429e-01 3.180094e-02 -1.562182e-01 2.736110e-02 2.251298e-01 2.387186e-02
6.287500e+03 4.612500e+03 1.275000e+03 1.193333e-01 4.099142e-02 -1.794992e-01 3.180094e-02 -1.677012e-01 2.736110e-02 3.646052e-01 2.387186e-02
6.387500e+03 4.612500e+03 1.300000e+03 -3.179474e-01 4.099142e-02 9.032321e-02 3.180094e-02 1.924369e-01 2.736110e-02 2.100241e-02 2.387186e-02
6.487500e+03 4.612500e+03 1.325000e+03 -2.023338e-01 4.099142e-02 6.374125e-02 3.180094e-02 1.823193e-01 2.736110e-02 5.127212e-02 2.387186e-02
6.587500e+03 4.612500e+03 1.325000e+03 -1.220939e-01 4.099142e-02 4.664299e-02 3.180094e-02 6.194288e-02 2.736110e-02 8.819666e-02 2.387186e-02
6.687500e+03 4.612500e+03 1.350000e+03 -1.771802e-01 4.099142e-02 -7.086803e-02 3.180094e-02 7.779720e-02 2.736110e-02 6.922100e-02 2.387186e-02
6.787500e+03 4.612500e+03 1.375000e+03 -1.931535e-01 4.099142e-02 4.591789e-02 3.180094e-02 8.507501e-02 2.736110e-02 9.877492e-02 2.387186e-02
6.887500e+03 4.612500e+03 1.400000e+03 -6.740732e-02 4.099142e-02 -1.638868e-02 3.180094e-02 1.029651e-01 2.736110e-02 1.108597e-01 2.387186e-02
6.987500e+03 4.612500e+03 1.450000e+03 -1.038787e-01 4.099142e-02 9.956804e-03 3.180094e-02 9.253258e-04 2.736110e-02 7.873747e-02 2.387186e-02
3.487500e+03 4.712500e+03 1.175000e+03 1.415334e-01 4.099142e-02 4.193278e-02 3.180094e-02 1.140305e-01 2.736110e-02 3.552850e-02 2.387186e-02
3.587500e+03 4.712500e+03 1.150000e+03 1.021084e-01 4.099142e-02 8.645414e-02 3.180094e-02 1.254246e-01 2.736110e-02 6.277056e-03 2.387186e-02
3.687500e+03 4.712500e+03 1.150000e+03 1.721416e-01 4.099142e-02 8.038406e-02 3.180094e-02 1.530173e-01 2.736110e-02 -3.093361e-02 2.387186e-02
3.787500e+03 4.712500e+03 1.125000e+03 7.896726e-02 4.099142e-02 8.381131e-02 3.180094e-02 2.524140e-02 2.736110e-02 3.088996e-03 2.387186e-02
3.887500e+03 4.712500e+03 1.125000e+03 5.978693e-02 4.099142e-02 1.478330e-01 3.180094e-02 2.042494e-02 2.736110e-02 9.627731e-03 2.387186e-02
3.987500e+03 4.712500e+03 1.150000e+03 1.405848e-01 4.099142e-02 1.051065e-01 3.180094e-02 2.650579e-02 2.736110e-02 6.948822e-02 2.387186e-02
4.087500e+03 4.712500e+03 1.175000e+03 9.633612e-02 4.099142e-02 5.557693e-02 3.180094e-02 -6.481828e-02 2.736110e-02 1.912992e-02 2.387186e-02
4.187500e+03 4.712500e+03 1.175000e+03 9.376498e-02 4.099142e-02 3.259478e-02 3.180094e-02 -6.381104e-02 2.736110e-02 3.630340e-02 2.387186e-02
4.287500e+03 4.712500e+03 1.175000e+03 1.484277e-01 4.099142e-02 1.027363e-01 3.180094e-02 -9.074329e-02 2.736110e-02 1.347417e-02 2.387186e-02
4.387500e+03 4.712500e+03 1.200000e+03 9.315011e-02 4.099142e-02 1.612907e-01 3.180094e-02 -1.287034e-01 2.736110e-02 7.043788e-03 2.387186e-02
4.487500e+03 4.712500e+03 1.225000e+03 3.556876e-02 4.099142e-02 1.407895e-01 3.180094e-02 -1.325426e-01 2.736110e-02 -3.174224e-02 2.387186e-02
4.587500e+03 4.712500e+03 1.250000e+03 4.883695e-02 4.099142e-02 1.523934e-01 3.180094e-02 -9.013364e-02 2.736110e-02 -3.102604e-02 2.387186e-02
4.687500e+03 4.712500e+03 1.250000e+03 1.147372e-02 4.099142e-02 6.604962e-02 3.180094e-02 -9.724597e-02 2.736110e-02 1.864178e-02 2.387186e-02
4.787500e+03 4.712500e+03 1.250000e+03 -4.278473e-02 4.099142e-02 1.315140e-01 3.180094e-02 -1.373036e-01 2.736110e-02 -3.032336e-02 2.387186e-02
4.887500e+03 4.712500e+03 1.275000e+03 -1.300944e-02 4.099142e-02 3.593499e-02 3.180094e-02 -9.081525e-02 2.736110e-02 2.530339e-02 2.387186e-02
4.987500e+03 4.712500e+03 1.275000e+03 2.824511e-03 4.099142e-02 9.876534e-03 3.180094e-02 -9.443023e-02 2.736110e-02 -3.689045e-03 2.387186e-02
5.087500e+03 4.712500e+03 1.300000e+03 5.037108e-02 4.099142e-02 4.138923e-02 3.180094e-02 -9.005793e-02 2.736110e-02 4.003975e-02 2.387186e-02
5.187500e+03 4.712500e+03 1.300000e+03 -7.550613e-04 4.099142e-02 -2.276969e-02 3.180094e-02 -4.987907e-02 2.736110e-02 -7.731210e-03 2.387186e-02
5.287500e+03 4.712500e+03 1.300000e+03 4.925199e-02 4.099142e-02 8.000303e-02 3.180094e-02 -4.519318e-02 2.736110e-02 3.024650e-02 2.387186e-02
5.387500e+03 4.712500e+03 1.325000e+03 3.984430e-02 4.099142e-02 3.679354e-03 3.180094e-02 -3.035555e-02 2.736110e-02 5.301140e-02 2.387186e-02
5.487500e+03 4.712500e+03 1.350000e+03 2.724249e-02 4.099142e-02 -7.237671e-03 3.180094e-02 -6.779345e-02 2.736110e-02 5.235347e-02 2.387186e-02
5.587500e+03 4.712500e+03 1.400000e+03 -2.045314e-02 4.099142e-02 1.283075e-02 3.180094e-02 -2.780172e-02 2.736110e-02 8.699312e-02 2.387186e-02
5.687500e+03 4.712500e+03 1.400000e+03 2.748342e-02 4.099142e-02 1.695076e-02 3.180094e-02 -5.980831e-02 2.736110e-02 -3.208279e-03 2.387186e-02
5.787500e+03 4.712500e+03 1.350000e+03 -8.863956e-03 4.099142e-02 8.751938e-02 3.180094e-02 3.488311e-04 2.736110e-02 -3.662062e-02 2.387186e-02
5.887500e+03 4.712500e+03 1.350000e+03 7.483518e-03 4.099142e-02 5.699102e-02 3.180094e-02 -1.055560e-03 2.736110e-02 1.913122e-02 2.387186e-02
5.987500e+03 4.712500e+03 1.325000e+03 -1.163488e-03 4.099142e-02 7.571759e-02 3.180094e-02 -8.790706e-02 2.736110e-02 9.529986e-02 2.387186e-02
6.087500e+03 4.712500e+03 1.325000e+03 -5.512130e-03 4.099142e-02 1.543619e-02 3.180094e-02 -6.899926e-02 2.736110e-02 9.933283e-02 2.387186e-02
6.187500e+03 4.712500e+03 1.300000e+03 5.528869e-02 4.099142e-02 9.086335e-03 3.180094e-02 -1.262748e-01 2.736110e-02 1.336018e-01 2.387186e-02
6.287500e+03 4.712500e+03 1.300000e+03 1.169482e-01 4.099142e-02 -6.175841e-03 3.180094e-02 -2.006315e-01 2.736110e-02 2.185552e-01 2.387186e-02
6.387500e+03 4.712500e+03 1.300000e+03 -1.361473e-01 4.099142e-02 1.147345e-01 3.180094e-02 2.519609e-01 2.736110e-02 2.061075e-02 2.387186e-02
6.487500e+03 4.712500e+03 1.350000e+03 -1.453469e-01 4.099142e-02 3.926910e-02 3.180094e-02 1.645248e-01 2.736110e-02 7.286661e-02 2.387186e-02
6.587500e+03 4.712500e+03 1.350000e+03 -1.138041e-01 4.099142e-02 -2.001035e-02 3.180094e-02 1.840351e-01 2.736110e-02 1.064811e-01 2.387186e-02
6.687500e+03 4.712500e+03 1.375000e+03 -1.940366e-01 4.099142e-02 2.975933e-02 3.180094e-02 8.357000e-02 2.736110e-02 8.091240e-02 2.387186e-02
6.787500e+03 4.712500e+03 1.375000e+03 -9.368014e-02 4.099142e-02 -1.212784e-02 3.180094e-02 1.094901e-01 2.736110e-02 7.821462e-02 2.387186e-02
6.887500e+03 4.712500e+03 1.400000e+03 -8.634687e-02 4.099142e-02 1.764671e-02 3.180094e-02 7.679211e-02 2.736110e-02 9.821752e-02 2.387186e-02
6.987500e+03 4.712500e+03 1.425000e+03 -8.293196e-02 4.099142e-02 8.071812e-02 3.180094e-02 5.916606e-02 2.736110e-02 8.931341e-02 2.387186e-02
3.487500e+03 4.812500e+03 1.175000e+03 1.760149e-01 4.099142e-02 7.795769e-02 3.180094e-02 1.141230e-01 2.736110e-02 5.119703e-03 2.387186e-02
3.587500e+03 4.812500e+03 1.150000e+03 1.478429e-01 4.099142e-02 6.634643e-02 3.180094e-02 1.694710e-01 2.736110e-02 6.142868e-03 2.387186e-02
3.687500e+03 4.812500e+03 1.125000e+03 1.340493e-01 4.099142e-02 1.204751e-01 3.180094e-02 7.131202e-02 2.736110e-02 -4.036675e-03 2.387186e-02
3.787500e+03 4.812500e+03 1.125000e+03 1.318407e-01 4.099142e-02 9.504222e-02 3.180094e-02 2.303038e-02 2.736110e-02 -2.261394e-03 2.387186e-02
3.887500e+03 4.812500e+03 1.125000e+03 9.863051e-02 4.099142e-02 9.570215e-02 3.180094e-02 1.987664e-02 2.736110e-02 4.893178e-02 2.387186e-02
3.987500e+03 4.812500e+03 1.150000e+03 7.565222e-02 4.099142e-02 9.138308e-02 3.180094e-02 -4.326356e-02 2.736110e-02 5.352676e-02 2.387186e-02
4.087500e+03 4.812500e+03 1.175000e+03 3.761892e-02 4.099142e-02 7.507590e-02 3.180094e-02 -3.606422e-02 2.736110e-02 3.463387e-02 2.387186e-02
4.187500e+03 4.812500e+03 1.175000e+03 1.374575e-01 4.099142e-02 8.671356e-02 3.180094e-02 -1.122589e-02 2.736110e-02 -6.638450e-03 2.387186e-02
4.287500e+03 4.812500e+03 1.175000e+03 1.641605e-01 4.099142e-02 1.479848e-01 3.180094e-02 -1.069003e-01 2.736110e-02 8.976655e-05 2.387186e-02
4.387500e+03 4.812500e+03 1.200000e+03 6.842593e-02 4.099142e-02 9.486197e-02 3.180094e-02 -6.368955e-02 2.736110e-02 2.864026e-02 2.387186e-02
4.487500e+03 4.812500e+03 1.250000e+03 6.327849e-02 4.099142e-02 1.883406e-01 3.180094e-02 -1.312273e-01 2.736110e-02 -1.609740e-03 2.387186e-02
4.587500e+03 4.812500e+03 1.250000e+03 1.146976e-01 4.099142e-02 9.637763e-02 3.180094e-02 -1.394338e-01 2.736110e-02 -6.028114e-02 2.387186e-02
4.687500e+03 4.812500e+03 1.275000e+03 3.672287e-02 4.099142e-02 1.278355e-01 3.180094e-02 -1.177598e-01 2.736110e-02 1.224747e-02 2.387186e-02
4.787500e+03 4.812500e+03 1.275000e+03 1.328268e-01 4.099142e-02 6.796055e-02 3.180094e-02 -1.710233e-01 2.736110e-02 -3.028171e-02 2.387186e-02
4.887500e+03 4.812500e+03 1.275000e+03 1.128313e-01 4.099142e-02 7.149337e-02 3.180094e-02 -1.255836e-01 2.736110e-02 -1.945540e-02 2.387186e-02
4.987500e+03 4.812500e+03 1.275000e+03 4.657556e-02 4.099142e-02 1.088186e-01 3.180094e-02 -6.386685e-02 2.736110e-02 -3.720014e-02 2.387186e-02
5.087500e+03 4.812500e+03 1.275000e+03 9.014923e-02 4.099142e-02 8.125576e-02 3.180094e-02 -1.334871e-01 2.736110e-02 -2.861130e-02 2.387186e-02
5.187500e+03 4.812500e+03 1.275000e+03 1.804647e-02 4.099142e-02 1.530736e-01 3.180094e-02 -4.101851e-02 2.736110e-02 -1.646080e-04 2.387186e-02
5.287500e+03 4.812500e+03 1.275000e+03 6.018035e-02 4.099142e-02 3.621095e-02 3.180094e-02 -6.641359e-02 2.736110e-02 6.482117e-03 2.387186e-02
5.387500e+03 4.812500e+03 1.300000e+03 2.576606e-02 4.099142e-02 5.915396e-02 3.180094e-02 -5.575896e-02 2.736110e-02 5.132622e-02 2.387186e-02
5.487500e+03 4.812500e+03 1.350000e+03 -4.086882e-02 4.099142e-02 1.321261e-02 3.180094e-02 -4.318217e-02 2.736110e-02 7.667243e-02 2.387186e-02
5.587500e+03 4.812500e+03 1.375000e+03 8.584527e-02 4.099142e-02 1.965219e-02 3.180094e-02 -2.417438e-02 2.736110e-02 6.580727e-02 2.387186e-02
5.687500e+03 4.812500e+03 1.400000e+03 6.349568e-02 4.099142e-02 5.366688e-02 3.180094e-02 2.127193e-04 2.736110e-02 1.962269e-02 2.387186e-02
5.787500e+03 4.812500e+03 1.375000e+03 -1.492060e-02 4.099142e-02 1.352257e-01 3.180094e-02 4.625457e-03 2.736110e-02 7.664557e-03 2.387186e-02
5.887500e+03 4.812500e+03 1.350000e+03 2.079347e-02 4.099142e-02 4.113509e-02 3.180094e-02 -4.893914e-02 2.736110e-02 -2.482043e-02 2.387186e-02
5.987500e+03 4.812500e+03 1.350000e+03 6.093985e-02 4.099142e-02 2.843623e-02 3.180094e-02 -1.211211e-02 2.736110e-02 5.270838e-02 2.387186e-02
6.087500e+03 4.812500e+03 1.350000e+03 2.630258e-02 4.099142e-02 8.139408e-02 3.180094e-02 -5.559307e-02 2.736110e-02 5.406790e-02 2.387186e-02
6.187500e+03 4.812500e+03 1.325000e+03 4.677101e-02 4.099142e-02 7.123132e-02 3.180094e-02 -8.241845e-02 2.736110e-02 6.281560e-02 2.387186e-02
6.287500e+03 4.812500e+03 1.300000e+03 1.183215e-01 4.099142e-02 9.104589e-02 3.180094e-02 -1.164470e-01 2.736110e-02 1.288386e-01 2.387186e-02
6.387500e+03 4.812500e+03 1.300000e+03 1.708254e-01 4.099142e-02 9.377784e-02 3.180094e-02 -1.226256e-01 2.736110e-02 1.808101e-01 2.387186e-02
6.487500e+03 4.812500e+03 1.325000e+03 -1.447150e-01 4.099142e-02 7.360115e-02 3.180094e-02 1.817448e-01 2.736110e-02 1.422022e-02 2.387186e-02
6.587500e+03 4.812500e+03 1.350000e+03 -1.387327e-01 4.099142e-02 -1.292535e-02 3.180094e-02 1.321390e-01 2.736110e-02 7.175151e-02 2.387186e-02
6.687500e+03 4.812500e+03 1.375000e+03 -1.308394e-01 4.099142e-02 -9.654291e-03 3.180094e-02 8.937641e-02 2.736110e-02 1.217888e-01 2.387186e-02
6.787500e+03 4.812500e+03 1.400000e+03 -1.159213e-01 4.099142e-02 1.471027e-02 3.180094e-02 9.779662e-02 2.736110e-02 1.232684e-01 2.387186e-02
6.887500e+03 4.812500e+03 1.400000e+03 -1.345187e-01 4.099142e-02 2.634715e-02 3.180094e-02 1.008126e-01 2.736110e-02 7.139601e-02 2.387186e-02
6.987500e+03 4.812500e+03 1.425000e+03 -4.332352e-02 4.099142e-02 3.353117e-02 3.180094e-02 6.566737e-02 2.736110e-02 8.742499e-02 2.387186e-02
3.487500e+03 4.912500e+03 1.175000e+03 1.709663e-01 4.099142e-02 8.475489e-02 3.180094e-02 1.379206e-01 2.736110e-02 -3.707860e-03 2.387186e-02
3.587500e+03 4.912500e+03 1.125000e+03 2.116353e-02 4.099142e-02 4.913862e-02 3.180094e-02 1.587566e-01 2.736110e-02 -3.052095e-02 2.387186e-02
3.687500e+03 4.912500e+03 1.125000e+03 1.039295e-01 4.099142e-02 1.283217e-01 3.180094e-02 4.853593e-02 2.736110e-02 -4.484939e-04 2.387186e-02
3.787500e+03 4.912500e+03 1.125000e+03 9.846442e-02 4.099142e-02 1.743882e-01 3.180094e-02 4.606182e-02 2.736110e-02 3.271428e-02 2.387186e-02
3.887500e+03 4.912500e+03 1.125000e+03 2.613012e-02 4.099142e-02 1.926694e-01 3.180094e-02 1.269377e-02 2.736110e-02 9.021465e-03 2.387186e-02
3.987500e+03 4.912500e+03 1.150000e+03 1.165723e-01 4.099142e-02 1.012255e-01 3.180094e-02 -3.529909e-03 2.736110e-02 3.136024e-02 2.387186e-02
4.087500e+03 4.912500e+03 1.175000e+03 5.074871e-02 4.099142e-02 1.898936e-01 3.180094e-02 -6.007493e-02 2.736110e-02 4.246643e-02 2.387186e-02
4.187500e+03 4.912500e+03 1.175000e+03 1.279869e-01 4.099142e-02 1.855029e-01 3.180094e-02 -6.940763e-02 2.736110e-02 4.564486e-03 2.387186e-02
4.287500e+03 4.912500e+03 1.200000e+03 5.747337e-02 4.099142e-02 1.555635e-01 3.180094e-02 -8.330498e-02 2.736110e-02 -2.326493e-02 2.387186e-02
4.387500e+03 4.912500e+03 1.200000e+03 6.742771e-02 4.099142e-02 2.334717e-01 3.180094e-02 -8.067786e-02 2.736110e-02 -4.853681e-03 2.387186e-02
4.487500e+03 4.912500e+03 1.225000e+03 8.373429e-02 4.099142e-02 1.095914e-01 3.180094e-02 -1.919588e-01 2.736110e-02 -1.983776e-02 2.387186e-02
4.587500e+03 4.912500e+03 1.250000e+03 1.112169e-01 4.099142e-02 1.649986e-01 3.180094e-02 -6.456168e-02 2.736110e-02 -1.221730e-02 2.387186e-02
4.687500e+03 4.912500e+03 1.275000e+03 1.550741e-01 4.099142e-02 1.332535e-01 3.180094e-02 -1.374702e-01 2.736110e-02 -1.837837e-02 2.387186e-02
4.787500e+03 4.912500e+03 1.300000e+03 1.473388e-01 4.099142e-02 1.142072e-01 3.180094e-02 -1.039209e-01 2.736110e-02 -2.381446e-02 2.387186e-02
4.887500e+03 4.912500e+03 1.300000e+03 2.521735e-02 4.099142e-02 7.443805e-02 3.180094e-02 -1.334743e-01 2.736110e-02 1.737876e-02 2.387186e-02
4.987500e+03 4.912500e+03 1.275000e+03 3.194664e-02 4.099142e-02 1.009570e-01 3.180094e-02 -7.868979e-02 2.736110e-02 -3.606933e-02 2.387186e-02
5.087500e+03 4.912500e+03 1.275000e+03 4.665475e-02 4.099142e-02 6.236888e-02 3.180094e-02 -6.704719e-02 2.736110e-02 1.833022e-03 2.387186e-02
5.187500e+03 4.912500e+03 1.275000e+03 1.183857e-02 4.099142e-02 5.590272e-02 3.180094e-02 -2.775222e-02 2.736110e-02 1.155681e-02 2.387186e-02
5.287500e+03 4.912500e+03 1.275000e+03 1.035283e-01 4.099142e-02 6.449381e-02 3.180094e-02 -3.297482e-02 2.736110e-02 5.743125e-03 2.387186e-02
5.387500e+03 4.912500e+03 1.300000e+03 4.053774e-02 4.099142e-02 2.483014e-02 3.180094e-02 2.135089e-02 2.736110e-02 5.119850e-02 2.387186e-02
5.487500e+03 4.912500e+03 1.325000e+03 4.936816e-02 4.099142e-02 2.054282e-02 3.180094e-02 -5.467676e-03 2.736110e-02 6.166801e-03 2.387186e-02
5.587500e+03 4.912500e+03 1.350000e+03 7.227089e-02 4.099142e-02 4.317306e-02 3.180094e-02 -3.795221e-02 2.736110e-02 4.442129e-02 2.387186e-02
5.687500e+03 4.912500e+03 1.375000e+03 5.362564e-02 4.099142e-02 1.191005e-01 3.180094e-02 -5.220011e-02 2.736110e-02 5.800277e-02 2.387186e-02
5.787500e+03 4.912500e+03 1.400000e+03 8.879339e-02 4.099142e-02 6.331659e-02 3.180094e-02 -4.627767e-02 2.736110e-02 6.620649e-02 2.387186e-02
5.887500e+03 4.912500e+03 1.375000e+03 5.430721e-02 4.099142e-02 1.149331e-01 3.180094e-02 -3.084631e-02 2.736110e-02 2.335858e-02 2.387186e-02
5.987500e+03 4.912500e+03 1.375000e+03 1.182398e-01 4.099142e-02 1.510157e-01 3.180094e-02 -7.634902e-02 2.736110e-02 4.899781e-02 2.387186e-02
6.087500e+03 4.912500e+03 1.350000e+03 5.245951e-02 4.099142e-02 1.257990e-01 3.180094e-02 -7.243279e-02 2.736110e-02 3.546554e-02 2.387186e-02
6.187500e+03 4.912500e+03 1.350000e+03 5.991361e-02 4.099142e-02 7.607798e-02 3.180094e-02 -3.381635e-02 2.736110e-02 3.779095e-02 2.387186e-02
6.287500e+03 4.912500e+03 1.325000e+03 8.115212e-02 4.099142e-02 1.141096e-01 3.180094e-02 -7.828380e-02 2.736110e-02 4.497079e-02 2.387186e-02
6.387500e+03 4.912500e+03 1.300000e+03 2.920217e-01 4.099142e-02 8.824738e-02 3.180094e-02 -2.055758e-01 2.736110e-02 1.679673e-01 2.387186e-02
6.487500e+03 4.912500e+03 1.325000e+03 -1.399253e-01 4.099142e-02 1.242901e-01 3.180094e-02 1.850403e-01 2.736110e-02 -3.297470e-02 2.387186e-02
6.587500e+03 4.912500e+03 1.325000e+03 -2.547945e-01 4.099142e-02 6.884051e-02 3.180094e-02 1.534019e-01 2.736110e-02 5.855493e-02 2.387186e-02
6.687500e+03 4.912500e+03 1.350000e+03 -1.410269e-01 4.099142e-02 4.225533e-02 3.180094e-02 1.789336e-01 2.736110e-02 3.893267e-02 2.387186e-02
6.787500e+03 4.912500e+03 1.400000e+03 -1.304916e-01 4.099142e-02 1.372088e-03 3.180094e-02 6.953620e-02 2.736110e-02 2.285017e-02 2.387186e-02
6.887500e+03 4.912500e+03 1.425000e+03 -7.038527e-02 4.099142e-02 -5.476315e-02 3.180094e-02 4.452283e-02 2.736110e-02 7.444765e-02 2.387186e-02
6.987500e+03 4.912500e+03 1.450000e+03 -2.426568e-02 4.099142e-02 -2.527648e-02 3.180094e-02 4.684823e-02 2.736110e-02 6.854393e-02 2.387186e-02
3.487500e+03 5.012500e+03 1.150000e+03 9.213216e-02 4.099142e-02 6.352515e-02 3.180094e-02 1.896011e-01 2.736110e-02 -1.369845e-02 2.387186e-02
3.587500e+03 5.012500e+03 1.125000e+03 1.509100e-01 4.099142e-02 1.075652e-01 3.180094e-02 1.363964e-01 2.736110e-02 1.119635e-02 2.387186e-02
3.687500e+03 5.012500e+03 1.125000e+03 9.256963e-02 4.099142e-02 1.011406e-01 3.180094e-02 7.695277e-02 2.736110e-02 6.660107e-02 2.387186e-02
3.787500e+03 5.012500e+03 1.125000e+03 4.840359e-02 4.099142e-02 1.098892e-01 3.180094e-02 3.033104e-02 2.736110e-02 4.879474e-02 2.387186e-02
3.887500e+03 5.012500e+03 1.150000e+03 1.151987e-01 4.099142e-02 1.573817e-01 3.180094e-02 -8.953018e-03 2.736110e-02 2.182262e-02 2.387186e-02
3.987500e+03 5.012500e+03 1.175000e+03 -1.370928e-02 4.099142e-02 1.229157e-01 3.180094e-02 2.420206e-02 2.736110e-02 5.092635e-02 2.387186e-02
4.087500e+03 5.012500e+03 1.175000e+03 6.090342e-02 4.099142e-02 1.992594e-01 3.180094e-02 -3.079513e-02 2.736110e-02 1.497571e-03 2.387186e-02
4.187500e+03 5.012500e+03 1.200000e+03 2.796631e-02 4.099142e-02 1.698897e-01 3.180094e-02 -3.100621e-02 2.736110e-02 3.487913e-02 2.387186e-02
4.287500e+03 5.012500e+03 1.200000e+03 3.487073e-02 4.099142e-02 1.545079e-01 3.180094e-02 -9.200197e-02 2.736110e-02 4.497790e-02 2.387186e-02
4.387500e+03 5.012500e+03 1.225000e+03 7.151725e-02 4.099142e-02 1.784026e-01 3.180094e-02 -1.191893e-01 2.736110e-02 1.753883e-02 2.387186e-02
4.487500e+03 5.012500e+03 1.225000e+03 4.377762e-02 4.099142e-02 1.685222e-01 3.180094e-02 -1.669514e-01 2.736110e-02 -6.172590e-02 2.387186e-02
4.587500e+03 5.012500e+03 1.250000e+03 2.067901e-03 4.099142e-02 1.439025e-01 3.180094e-02 -1.094838e-01 2.736110e-02 2.662227e-02 2.387186e-02
4.687500e+03 5.012500e+03 1.275000e+03 6.684956e-02 4.099142e-02 1.555769e-01 3.180094e-02 -1.339946e-01 2.736110e-02 6.114760e-03 2.387186e-02
4.787500e+03 5.012500e+03 1.300000e+03 1.805336e-01 4.099142e-02 1.587060e-01 3.180094e-02 -1.399273e-01 2.736110e-02 9.506317e-03 2.387186e-02
4.887500e+03 5.012500e+03 1.300000e+03 9.265115e-02 4.099142e-02 2.013712e-01 3.180094e-02 -1.407627e-01 2.736110e-02 -1.251058e-03 2.387186e-02
4.987500e+03 5.012500e+03 1.300000e+03 6.778717e-02 4.099142e-02 1.426392e-01 3.180094e-02 -1.214414e-01 2.736110e-02 2.439505e-02 2.387186e-02
5.087500e+03 5.012500e+03 1.275000e+03 1.126107e-01 4.099142e-02 1.378673e-01 3.180094e-02 -4.939429e-02 2.736110e-02 -1.451885e-02 2.387186e-02
5.187500e+03 5.012500e+03 1.275000e+03 5.711763e-02 4.099142e-02 9.630986e-02 3.180094e-02 -4.046274e-02 2.736110e-02 3.452585e-02 2.387186e-02
5.287500e+03 5.012500e+03 1.275000e+03 5.415269e-02 4.099142e-02 9.921989e-02 3.180094e-02 -2.653710e-02 2.736110e-02 1.662174e-02 2.387186e-02
5.387500e+03 5.012500e+03 1.300000e+03 1.447954e-01 4.099142e-02 8.987433e-02 3.180094e-02 -7.431975e-02 2.736110e-02 9.977428e-02 2.387186e-02
5.487500e+03 5.012500e+03 1.300000e+03 4.350726e-02 4.099142e-02 1.334346e-01 3.180094e-02 -6.080708e-03 2.736110e-02 2.308734e-02 2.387186e-02
5.587500e+03 5.012500e+03 1.325000e+03 1.006092e-01 4.099142e-02 7.942222e-02 3.180094e-02 -7.861632e-02 2.736110e-02 -1.358661e-02 2.387186e-02
5.687500e+03 5.012500e+03 1.325000e+03 1.306681e-01 4.099142e-02 1.171906e-01 3.180094e-02 -1.665528e-02 2.736110e-02 5.709739e-02 2.387186e-02
5.787500e+03 5.012500e+03 1.375000e+03 1.911239e-01 4.099142e-02 1.103565e-01 3.180094e-02 -7.878860e-02 2.736110e-02 7.100259e-02 2.387186e-02
5.887500e+03 5.012500e+03 1.400000e+03 1.467240e-01 4.099142e-02 9.514745e-02 3.180094e-02 -4.680341e-02 2.736110e-02 -2.058736e-02 2.387186e-02
5.987500e+03 5.012500e+03 1.400000e+03 7.717509e-02 4.099142e-02 1.727500e-01 3.180094e-02 -8.218759e-02 2.736110e-02 6.903005e-03 2.387186e-02
6.087500e+03 5.012500e+03 1.375000e+03 1.527603e-01 4.099142e-02 1.426344e-01 3.180094e-02 -2.907693e-02 2.736110e-02 1.304946e-02 2.387186e-02
6.187500e+03 5.012500e+03 1.375000e+03 1.208473e-01 4.099142e-02 1.511072e-01 3.180094e-02 -5.472887e-02 2.736110e-02 5.564914e-02 2.387186e-02
6.287500e+03 5.012500e+03 1.350000e+03 1.576332e-01 4.099142e-02 1.850492e-01 3.180094e-02 -5.738474e-02 2.736110e-02 3.042173e-02 2.387186e-02
6.387500e+03 5.012500e+03 1.325000e+03 2.652958e-01 4.099142e-02 1.382568e-01 3.180094e-02 -1.531383e-01 2.736110e-02 1.213040e-01 2.387186e-02
6.487500e+03 5.012500e+03 1.300000e+03 -1.150784e-01 4.099142e-02 2.033453e-01 3.180094e-02 2.029645e-01 2.736110e-02 -1.622558e-02 2.387186e-02
6.587500e+03 5.012500e+03 1.325000e+03 -1.903254e-01 4.099142e-02 8.060116e-02 3.180094e-02 1.804365e-01 2.736110e-02 -2.615167e-02 2.387186e-02
6.687500e+03 5.012500e+03 1.350000e+03 -9.178026e-02 4.099142e-02 7.974933e-02 3.180094e-02 1.350358e-01 2.736110e-02 1.962594e-02 2.387186e-02
6.787500e+03 5.012500e+03 1.375000e+03 -1.284103e-01 4.099142e-02 -4.534153e-02 3.180094e-02 9.098391e-02 2.736110e-02 5.289092e-02 2.387186e-02
6.887500e+03 5.012500e+03 1.375000e+03 3.002711e-02 4.099142e-02 -2.980044e-02 3.180094e-02 1.056741e-01 2.736110e-02 7.397144e-02 2.387186e-02
6.987500e+03 5.012500e+03 1.400000e+03 -5.862516e-02 4.099142e-02 -5.870314e-02 3.180094e-02 1.364468e-02 2.736110e-02 1.082665e-01 2.387186e-02
3.487500e+03 5.112500e+03 1.150000e+03 1.347912e-01 4.099142e-02 4.731960e-02 3.180094e-02 1.183726e-01 2.736110e-02 -2.502857e-03 2.387186e-02
3.587500e+03 5.112500e+03 1.125000e+03 1.111782e-01 4.099142e-02 8.862351e-02 3.180094e-02 1.156306e-01 2.736110e-02 5.766192e-02 2.387186e-02
3.687500e+03 5.112500e+03 1.125000e+03 8.473714e-02 4.099142e-02 1.190572e-01 3.180094e-02 1.205721e-01 2.736110e-02 4.156215e-02 2.387186e-02
3.787500e+03 5.112500e+03 1.150000e+03 1.237719e-01 4.099142e-02 1.475936e-01 3.180094e-02 -3.194739e-02 2.736110e-02 3.591634e-02 2.387186e-02
3.887500e+03 5.112500e+03 1.150000e+03 9.811865e-02 4.099142e-02 1.195536e-01 3.180094e-02 -2.847322e-02 2.736110e-02 2.693558e-02 2.387186e-02
3.987500e+03 5.112500e+03 1.175000e+03 1.050339e-01 4.099142e-02 1.647984e-01 3.180094e-02 -3.195116e-02 2.736110e-02 4.929854e-02 2.387186e-02
4.087500e+03 5.112500e+03 1.200000e+03 9.356610e-02 4.099142e-02 1.370130e-01 3.180094e-02 -4.053311e-02 2.736110e-02 3.628083e-02 2.387186e-02
4.187500e+03 5.112500e+03 1.200000e+03 3.192989e-02 4.099142e-02 1.195658e-01 3.180094e-02 -1.831496e-02 2.736110e-02 -2.753934e-04 2.387186e-02
4.287500e+03 5.112500e+03 1.200000e+03 8.495458e-02 4.099142e-02 1.797820e-01 3.180094e-02 -2.133433e-02 2.736110e-02 2.318841e-02 2.387186e-02
4.387500e+03 5.112500e+03 1.200000e+03 9.985251e-02 4.099142e-02 1.732651e-01 3.180094e-02 -1.147633e-01 2.736110e-02 3.447952e-02 2.387186e-02
4.487500e+03 5.112500e+03 1.225000e+03 6.924451e-03 4.099142e-02 1.879596e-01 3.180094e-02 -1.319013e-01 2.736110e-02 2.383621e-02 2.387186e-02
4.587500e+03 5.112500e+03 1.275000e+03 3.878019e-02 4.099142e-02 2.209235e-01 3.180094e-02 -1.020277e-01 2.736110e-02 -2.097492e-02 2.387186e-02
4.687500e+03 5.112500e+03 1.300000e+03 1.057357e-01 4.099142e-02 1.761883e-01 3.180094e-02 -1.398096e-01 2.736110e-02 8.785526e-03 2.387186e-02
4.787500e+03 5.112500e+03 1.300000e+03 5.136437e-02 4.099142e-02 8.915733e-02 3.180094e-02 -9.759175e-02 2.736110e-02 2.083366e-02 2.387186e-02
4.887500e+03 5.112500e+03 1.325000e+03 6.962231e-02 4.099142e-02 1.286145e-01 3.180094e-02 -6.403744e-02 2.736110e-02 -1.018615e-02 2.387186e-02
4.987500e+03 5.112500e+03 1.325000e+03 1.266052e-01 4.099142e-02 1.992786e-01 3.180094e-02 -1.201816e-01 2.736110e-02 2.604577e-02 2.387186e-02
5.087500e+03 5.112500e+03 1.300000e+03 1.805927e-01 4.099142e-02 2.077967e-01 3.180094e-02 -2.825265e-02 2.736110e-02 8.111592e-03 2.387186e-02
5.187500e+03 5.112500e+03 1.275000e+03 1.296480e-01 4.099142e-02 2.197117e-01 3.180094e-02 -5.119593e-02 2.736110e-02 -1.802779e-02 2.387186e-02
5.287500e+03 5.112500e+03 1.275000e+03 1.952848e-01 4.099142e-02 1.590747e-01 3.180094e-02 -2.227557e-02 2.736110e-02 -2.923073e-03 2.387186e-02
5.387500e+03 5.112500e+03 1.275000e+03 1.983581e-01 4.099142e-02 1.751073e-01 3.180094e-02 -3.003208e-02 2.736110e-02 -1.270855e-02 2.387186e-02
5.487500e+03 5.112500e+03 1.300000e+03 1.727548e-01 4.099142e-02 1.939401e-01 3.180094e-02 -2.545933e-02 2.736110e-02 -2.255594e-02 2.387186e-02
5.587500e+03 5.112500e+03 1.300000e+03 1.489828e-01 4.099142e-02 1.638486e-01 3.180094e-02 -7.049872e-02 2.736110e-02 1.464121e-02 2.387186e-02
5.687500e+03 5.112500e+03 1.325000e+03 2.044770e-01 4.099142e-02 1.735418e-01 3.180094e-02 -1.522257e-02 2.736110e-02 6.317476e-02 2.387186e-02
5.787500e+03 5.112500e+03 1.350000e+03 2.155263e-01 4.099142e-02 1.402003e-01 3.180094e-02 -9.353173e-02 2.736110e-02 1.672556e-02 2.387186e-02
5.887500e+03 5.112500e+03 1.375000e+03 1.995042e-01 4.099142e-02 1.097963e-01 3.180094e-02 -2.558532e-02 2.736110e-02 4.726623e-02 2.387186e-02
5.987500e+03 5.112500e+03 1.425000e+03 1.935293e-01 4.099142e-02 1.446804e-01 3.180094e-02 -4.868821e-02 2.736110e-02 4.054390e-02 2.387186e-02
6.087500e+03 5.112500e+03 1.400000e+03 1.157868e-01 4.099142e-02 1.865424e-01 3.180094e-02 -2.575826e-02 2.736110e-02 2.173943e-02 2.387186e-02
6.187500e+03 5.112500e+03 1.375000e+03 2.150119e-01 4.099142e-02 1.971854e-01 3.180094e-02 -4.638306e-02 2.736110e-02 -7.126647e-03 2.387186e-02
6.287500e+03 5.112500e+03 1.350000e+03 2.570492e-01 4.099142e-02 1.684282e-01 3.180094e-02 -9.328629e-02 2.736110e-02 2.754170e-02 2.387186e-02
6.387500e+03 5.112500e+03 1.325000e+03 2.804952e-01 4.099142e-02 1.216283e-01 3.180094e-02 -1.503603e-01 2.736110e-02 8.180074e-02 2.387186e-02
6.487500e+03 5.112500e+03 1.300000e+03 3.716283e-01 4.099142e-02 9.850110e-02 3.180094e-02 -2.867753e-01 2.736110e-02 1.855532e-01 2.387186e-02
6.587500e+03 5.112500e+03 1.325000e+03 -1.840365e-01 4.099142e-02 1.421715e-01 3.180094e-02 1.534578e-01 2.736110e-02 -2.445197e-02 2.387186e-02
6.687500e+03 5.112500e+03 1.350000e+03 -1.084346e-01 4.099142e-02 1.307440e-01 3.180094e-02 1.568685e-01 2.736110e-02 -8.709542e-03 2.387186e-02
6.787500e+03 5.112500e+03 1.350000e+03 -1.309465e-01 4.099142e-02 1.146910e-02 3.180094e-02 1.490561e-01 2.736110e-02 5.266749e-02 2.387186e-02
6.887500e+03 5.112500e+03 1.350000e+03 1.115393e-02 4.099142e-02 -3.423303e-02 3.180094e-02 1.110887e-01 2.736110e-02 8.372935e-02 2.387186e-02
6.987500e+03 5.112500e+03 1.375000e+03 -2.654911e-02 4.099142e-02 -4.148319e-02 3.180094e-02 5.691791e-02 2.736110e-02 6.954389e-02 2.387186e-02
3.487500e+03 5.212500e+03 1.125000e+03 7.161349e-02 4.099142e-02 3.333908e-02 3.180094e-02 1.033041e-01 2.736110e-02 2.630996e-02 2.387186e-02
3.587500e+03 5.212500e+03 1.125000e+03 1.086881e-01 4.099142e-02 9.902088e-02 3.180094e-02 6.304787e-02 2.736110e-02 5.613240e-04 2.387186e-02
3.687500e+03 5.212500e+03 1.125000e+03 1.013414e-01 4.099142e-02 1.147182e-01 3.180094e-02 8.112148e-02 2.736110e-02 5.856462e-02 2.387186e-02
3.787500e+03 5.212500e+03 1.150000e+03 5.733307e-02 4.099142e-02 1.179589e-01 3.180094e-02 1.349139e-02 2.736110e-02 9.582367e-02 2.387186e-02
3.887500e+03 5.212500e+03 1.150000e+03 6.190720e-02 4.099142e-02 1.056377e-01 3.180094e-02 -2.036219e-02 2.736110e-02 4.464861e-02 2.387186e-02
3.987500e+03 5.212500e+03 1.175000e+03 4.666606e-02 4.099142e-02 1.266830e-01 3.180094e-02 -6.403019e-02 2.736110e-02 5.881231e-02 2.387186e-02
4.087500e+03 5.212500e+03 1.175000e+03 6.980903e-02 4.099142e-02 1.171342e-01 3.180094e-02 -4.904710e-02 2.736110e-02 5.483886e-02 2.387186e-02
4.187500e+03 5.212500e+03 1.200000e+03 1.260070e-01 4.099142e-02 1.291733e-01 3.180094e-02 -6.547738e-03 2.736110e-02 2.075122e-02 2.387186e-02
4.287500e+03 5.212500e+03 1.200000e+03 6.961299e-02 4.099142e-02 1.553263e-01 3.180094e-02 -4.116019e-02 2.736110e-02 -1.416181e-02 2.387186e-02
4.387500e+03 5.212500e+03 1.225000e+03 6.858711e-02 4.099142e-02 2.116548e-01 3.180094e-02 -1.130856e-01 2.736110e-02 4.434329e-02 2.387186e-02
4.487500e+03 5.212500e+03 1.225000e+03 1.173351e-02 4.099142e-02 2.269641e-01 3.180094e-02 -7.672212e-02 2.736110e-02 -2.313065e-03 2.387186e-02
4.587500e+03 5.212500e+03 1.250000e+03 3.656536e-02 4.099142e-02 1.719236e-01 3.180094e-02 -7.862388e-02 2.736110e-02 1.180826e-02 2.387186e-02
4.687500e+03 5.212500e+03 1.275000e+03 5.933436e-02 4.099142e-02 2.414502e-01 3.180094e-02 -1.035598e-01 2.736110e-02 4.101238e-02 2.387186e-02
4.787500e+03 5.212500e+03 1.300000e+03 7.198738e-02 4.099142e-02 1.922172e-01 3.180094e-02 -8.947200e-02 2.736110e-02 6.288016e-02 2.387186e-02
4.887500e+03 5.212500e+03 1.300000e+03 2.179367e-02 4.099142e-02 1.393352e-01 3.180094e-02 -1.257293e-01 2.736110e-02 6.530725e-02 2.387186e-02
4.987500e+03 5.212500e+03 1.325000e+03 1.278601e-01 4.099142e-02 1.669786e-01 3.180094e-02 -1.051015e-01 2.736110e-02 7.946807e-03 2.387186e-02
5.087500e+03 5.212500e+03 1.325000e+03 1.624862e-01 4.099142e-02 2.058050e-01 3.180094e-02 -3.156164e-02 2.736110e-02 -8.136997e-03 2.387186e-02
5.187500e+03 5.212500e+03 1.300000e+03 1.314959e-01 4.099142e-02 2.285110e-01 3.180094e-02 -1.137661e-02 2.736110e-02 -1.844879e-03 2.387186e-02
5.287500e+03 5.212500e+03 1.275000e+03 2.780463e-01 4.099142e-02 2.344532e-01 3.180094e-02 -1.851844e-03 2.736110e-02 4.814940e-04 2.387186e-02
5.387500e+03 5.212500e+03 1.275000e+03 2.579405e-01 4.099142e-02 2.312168e-01 3.180094e-02 -1.933468e-02 2.736110e-02 2.497665e-02 2.387186e-02
5.487500e+03 5.212500e+03 1.275000e+03 2.547110e-01 4.099142e-02 2.522842e-01 3.180094e-02 -2.017081e-02 2.736110e-02 8.678017e-03 2.387186e-02
5.587500e+03 5.212500e+03 1.300000e+03 2.304490e-01 4.099142e-02 2.296453e-01 3.180094e-02 -6.285576e-02 2.736110e-02 3.218426e-02 2.387186e-02
5.687500e+03 5.212500e+03 1.300000e+03 2.147490e-01 4.099142e-02 2.011259e-01 3.180094e-02 -5.431659e-02 2.736110e-02 6.625941e-02 2.387186e-02
5.787500e+03 5.212500e+03 1.325000e+03 3.240774e-01 4.099142e-02 2.187485e-01 3.180094e-02 -1.194166e-01 2.736110e-02 7.801567e-03 2.387186e-02
5.887500e+03 5.212500e+03 1.350000e+03 2.189202e-01 4.099142e-02 2.053191e-01 3.180094e-02 -2.463460e-03 2.736110e-02 4.412151e-02 2.387186e-02
5.987500e+03 5.212500e+03 1.375000e+03 2.911316e-01 4.099142e-02 1.843749e-01 3.180094e-02 -8.418420e-02 2.736110e-02 -1.417279e-03 2.387186e-02
6.087500e+03 5.212500e+03 1.400000e+03 1.720910e-01 4.099142e-02 1.300980e-01 3.180094e-02 -4.817279e-02 2.736110e-02 -3.275410e-04 2.387186e-02
6.187500e+03 5.212500e+03 1.400000e+03 1.722398e-01 4.099142e-02 1.517851e-01 3.180094e-02 -6.369780e-02 2.736110e-02 4.876975e-02 2.387186e-02
6.287500e+03 5.212500e+03 1.350000e+03 2.293020e-01 4.099142e-02 2.212611e-01 3.180094e-02 -6.063932e-02 2.736110e-02 1.961322e-02 2.387186e-02
6.387500e+03 5.212500e+03 1.350000e+03 2.100655e-01 4.099142e-02 1.633549e-01 3.180094e-02 -5.991883e-02 2.736110e-02 4.792256e-02 2.387186e-02
6.487500e+03 5.212500e+03 1.325000e+03 3.294048e-01 4.099142e-02 1.200036e-01 3.180094e-02 -2.631222e-01 2.736110e-02 1.044852e-01 2.387186e-02
6.587500e+03 5.212500e+03 1.325000e+03 2.950053e-02 4.099142e-02 1.855234e-01 3.180094e-02 3.014735e-02 2.736110e-02 -3.960100e-02 2.387186e-02
6.687500e+03 5.212500e+03 1.325000e+03 -1.252333e-01 4.099142e-02 1.037420e-01 3.180094e-02 1.571018e-01 2.736110e-02 -4.907035e-02 2.387186e-02
6.787500e+03 5.212500e+03 1.325000e+03 -6.411473e-02 4.099142e-02 8.903416e-02 3.180094e-02 1.457378e-01 2.736110e-02 -6.889441e-03 2.387186e-02
6.887500e+03 5.212500e+03 1.325000e+03 -1.239198e-01 4.099142e-02 -1.023043e-02 3.180094e-02 9.876832e-02 2.736110e-02 5.875324e-02 2.387186e-02
6.987500e+03 5.212500e+03 1.350000e+03 -8.257171e-02 4.099142e-02 -6.946644e-02 3.180094e-02 3.336143e-02 2.736110e-02 7.786949e-02 2.387186e-02
3.487500e+03 5.312500e+03 1.125000e+03 9.742382e-02 4.099142e-02 1.083052e-01 3.180094e-02 1.078850e-01 2.736110e-02 5.149371e-02 2.387186e-02
3.587500e+03 5.312500e+03 1.125000e+03 5.511564e-02 4.099142e-02 1.078681e-01 3.180094e-02 5.805427e-02 2.736110e-02 6.648481e-02 2.387186e-02
3.687500e+03 5.312500e+03 1.150000e+03 8.720008e-03 4.099142e-02 5.214797e-02 3.180094e-02 5.157225e-02 2.736110e-02 2.264101e-02 2.387186e-02
3.787500e+03 5.312500e+03 1.150000e+03 5.304863e-02 4.099142e-02 1.353601e-01 3.180094e-02 3.458871e-02 2.736110e-02 7.427763e-02 2.387186e-02
3.887500e+03 5.312500e+03 1.150000e+03 6.135588e-02 4.099142e-02 1.748074e-01 3.180094e-02 4.303553e-02 2.736110e-02 4.304727e-02 2.387186e-02
3.987500e+03 5.312500e+03 1.150000e+03 -1.357863e-02 4.099142e-02 1.633520e-01 3.180094e-02 5.509677e-03 2.736110e-02 5.150455e-02 2.387186e-02
4.087500e+03 5.312500e+03 1.175000e+03 1.052808e-01 4.099142e-02 1.389671e-01 3.180094e-02 -8.841589e-03 2.736110e-02 6.759157e-02 2.387186e-02
4.187500e+03 5.312500e+03 1.175000e+03 1.586691e-02 4.099142e-02 1.367590e-01 3.180094e-02 -5.869133e-02 2.736110e-02 2.924810e-02 2.387186e-02
4.287500e+03 5.312500e+03 1.200000e+03 -3.476389e-03 4.099142e-02 2.003987e-01 3.180094e-02 -7.293649e-02 2.736110e-02 2.200272e-02 2.387186e-02
4.387500e+03 5.312500e+03 1.225000e+03 1.177046e-01 4.099142e-02 1.418381e-01 3.180094e-02 -8.084529e-02 2.736110e-02 5.731356e-02 2.387186e-02
4.487500e+03 5.312500e+03 1.225000e+03 5.960704e-02 4.099142e-02 1.982121e-01 3.180094e-02 -6.879516e-02 2.736110e-02 4.014418e-02 2.387186e-02
4.587500e+03 5.312500e+03 1.225000e+03 6.403845e-02 4.099142e-02 2.141517e-01 3.180094e-02 -1.087214e-01 2.736110e-02 2.864877e-02 2.387186e-02
4.687500e+03 5.312500e+03 1.250000e+03 1.152696e-01 4.099142e-02 1.914306e-01 3.180094e-02 -9.043549e-02 2.736110e-02 8.233757e-03 2.387186e-02
4.787500e+03 5.312500e+03 1.250000e+03 1.613381e-01 4.099142e-02 2.109231e-01 3.180094e-02 -6.416786e-02 2.736110e-02 4.733671e-02 2.387186e-02
4.887500e+03 5.312500e+03 1.275000e+03 1.309620e-01 4.099142e-02 1.794301e-01 3.180094e-02 -6.168594e-02 2.736110e-02 3.505485e-02 2.387186e-02
4.987500e+03 5.312500e+03 1.300000e+03 1.483330e-01 4.099142e-02 2.235207e-01 3.180094e-02 -1.025695e-01 2.736110e-02 1.279281e-02 2.387186e-02
5.087500e+03 5.312500e+03 1.325000e+03 2.333978e-01 4.099142e-02 1.885018e-01 3.180094e-02 -1.674740e-02 2.736110e-02 -8.323646e-05 2.387186e-02
5.187500e+03 5.312500e+03 1.325000e+03 2.015628e-01 4.099142e-02 2.212967e-01 3.180094e-02 3.034939e-02 2.736110e-02 1.479768e-02 2.387186e-02
5.287500e+03 5.312500e+03 1.300000e+03 3.046060e-01 4.099142e-02 2.035035e-01 3.180094e-02 5.733360e-02 2.736110e-02 2.805333e-02 2.387186e-02
5.387500e+03 5.312500e+03 1.275000e+03 2.186052e-01 4.099142e-02 2.447022e-01 3.180094e-02 -5.820549e-02 2.736110e-02 4.595594e-02 2.387186e-02
5.487500e+03 5.312500e+03 1.275000e+03 2.119370e-01 4.099142e-02 2.517386e-01 3.180094e-02 -3.151103e-02 2.736110e-02 3.414672e-02 2.387186e-02
5.587500e+03 5.312500e+03 1.275000e+03 2.547569e-01 4.099142e-02 2.901755e-01 3.180094e-02 -8.010613e-02 2.736110e-02 -2.171809e-02 2.387186e-02
5.687500e+03 5.312500e+03 1.300000e+03 2.719672e-01 4.099142e-02 2.292911e-01 3.180094e-02 -5.798046e-02 2.736110e-02 2.563084e-03 2.387186e-02
5.787500e+03 5.312500e+03 1.300000e+03 3.152791e-01 4.099142e-02 2.488668e-01 3.180094e-02 -3.634406e-02 2.736110e-02 6.525694e-02 2.387186e-02
5.887500e+03 5.312500e+03 1.325000e+03 2.760989e-01 4.099142e-02 1.696368e-01 3.180094e-02 -1.705114e-02 2.736110e-02 -1.576130e-02 2.387186e-02
5.987500e+03 5.312500e+03 1.350000e+03 3.254303e-01 4.099142e-02 1.687025e-01 3.180094e-02 -4.931030e-02 2.736110e-02 7.203642e-03 2.387186e-02
6.087500e+03 5.312500e+03 1.350000e+03 2.496205e-01 4.099142e-02 1.630559e-01 3.180094e-02 -2.229689e-02 2.736110e-02 4.089066e-02 2.387186e-02
6.187500e+03 5.312500e+03 1.375000e+03 2.098731e-01 4.099142e-02 1.920676e-01 3.180094e-02 -1.013273e-01 2.736110e-02 1.784811e-02 2.387186e-02
6.287500e+03 5.312500e+03 1.375000e+03 1.459200e-01 4.099142e-02 1.818149e-01 3.180094e-02 -1.063575e-01 2.736110e-02 2.808246e-02 2.387186e-02
6.387500e+03 5.312500e+03 1.350000e+03 2.192223e-01 4.099142e-02 1.762636e-01 3.180094e-02 -1.562673e-01 2.736110e-02 6.413871e-02 2.387186e-02
6.487500e+03 5.312500e+03 1.350000e+03 1.919670e-01 4.099142e-02 1.563369e-01 3.180094e-02 -1.048332e-01 2.736110e-02 1.050414e-01 2.387186e-02
6.587500e+03 5.312500e+03 1.325000e+03 2.867175e-01 4.099142e-02 1.319398e-01 3.180094e-02 -2.733286e-01 2.736110e-02 1.212400e-01 2.387186e-02
6.687500e+03 5.312500e+03 1.325000e+03 -1.984897e-01 4.099142e-02 1.900807e-01 3.180094e-02 1.638978e-01 2.736110e-02 -1.231102e-01 2.387186e-02
6.787500e+03 5.312500e+03 1.325000e+03 -4.577327e-03 4.099142e-02 6.383174e-02 3.180094e-02 1.252513e-01 2.736110e-02 -2.592114e-02 2.387186e-02
6.887500e+03 5.312500e+03 1.325000e+03 -5.780492e-02 4.099142e-02 -2.040978e-02 3.180094e-02 9.640973e-02 2.736110e-02 4.042381e-02 2.387186e-02
6.987500e+03 5.312500e+03 1.350000e+03 -3.436647e-02 4.099142e-02 -2.151193e-02 3.180094e-02 8.039583e-02 2.736110e-02 5.766707e-02 2.387186e-02
3.487500e+03 5.412500e+03 1.125000e+03 8.631265e-02 4.099142e-02 1.045472e-01 3.180094e-02 9.027345e-02 2.736110e-02 4.722906e-02 2.387186e-02
3.587500e+03 5.412500e+03 1.150000e+03 -3.249194e-02 4.099142e-02 1.621821e-01 3.180094e-02 4.319412e-02 2.736110e-02 7.329525e-02 2.387186e-02
3.687500e+03 5.412500e+03 1.150000e+03 3.270125e-02 4.099142e-02 8.863355e-02 3.180094e-02 8.088632e-02 2.736110e-02 4.889649e-02 2.387186e-02
3.787500e+03 5.412500e+03 1.150000e+03 2.654513e-02 4.099142e-02 1.743203e-01 3.180094e-02 4.161519e-02 2.736110e-02 1.175530e-02 2.387186e-02
3.887500e+03 5.412500e+03 1.150000e+03 5.014887e-02 4.099142e-02 1.123831e-01 3.180094e-02 5.029366e-02 2.736110e-02 6.182671e-02 2.387186e-02
3.987500e+03 5.412500e+03 1.175000e+03 6.114416e-02 4.099142e-02 1.209510e-01 3.180094e-02 -2.281274e-02 2.736110e-02 6.346026e-02 2.387186e-02
4.087500e+03 5.412500e+03 1.175000e+03 4.038142e-02 4.099142e-02 1.171831e-01 3.180094e-02 -6.036003e-02 2.736110e-02 1.242423e-02 2.387186e-02
4.187500e+03 5.412500e+03 1.200000e+03 8.122343e-02 4.099142e-02 1.435984e-01 3.180094e-02 -5.661052e-02 2.736110e-02 8.299968e-02 2.387186e-02
4.287500e+03 5.412500e+03 1.225000e+03 6.477713e-04 4.099142e-02 1.390598e-01 3.180094e-02 -9.123812e-02 2.736110e-02 3.020618e-02 2.387186e-02
4.387500e+03 5.412500e+03 1.225000e+03 -2.212713e-02 4.099142e-02 1.755931e-01 3.180094e-02 -1.168522e-01 2.736110e-02 4.538782e-02 2.387186e-02
4.487500e+03 5.412500e+03 1.250000e+03 6.110826e-02 4.099142e-02 1.832759e-01 3.180094e-02 -1.212438e-01 2.736110e-02 7.977590e-02 2.387186e-02
4.587500e+03 5.412500e+03 1.275000e+03 5.160944e-02 4.099142e-02 1.330024e-01 3.180094e-02 -9.538997e-02 2.736110e-02 4.608725e-02 2.387186e-02
4.687500e+03 5.412500e+03 1.250000e+03 6.565525e-02 4.099142e-02 2.278086e-01 3.180094e-02 -6.678173e-02 2.736110e-02 4.452289e-02 2.387186e-02
4.787500e+03 5.412500e+03 1.250000e+03 9.649568e-02 4.099142e-02 2.822952e-01 3.180094e-02 -7.482526e-02 2.736110e-02 4.449038e-02 2.387186e-02
4.887500e+03 5.412500e+03 1.275000e+03 1.617439e-01 4.099142e-02 2.400903e-01 3.180094e-02 -1.154633e-01 2.736110e-02 3.985631e-02 2.387186e-02
4.987500e+03 5.412500e+03 1.275000e+03 1.308158e-01 4.099142e-02 1.983512e-01 3.180094e-02 -1.461790e-02 2.736110e-02 2.520154e-02 2.387186e-02
5.087500e+03 5.412500e+03 1.275000e+03 8.343999e-02 4.099142e-02 2.140402e-01 3.180094e-02 -1.962183e-02 2.736110e-02 3.317838e-02 2.387186e-02
5.187500e+03 5.412500e+03 1.325000e+03 1.119200e-01 4.099142e-02 2.080189e-01 3.180094e-02 -2.486298e-02 2.736110e-02 5.460684e-03 2.387186e-02
5.287500e+03 5.412500e+03 1.325000e+03 1.820077e-01 4.099142e-02 2.105115e-01 3.180094e-02 -5.363870e-03 2.736110e-02 1.851369e-02 2.387186e-02
5.387500e+03 5.412500e+03 1.300000e+03 2.024354e-01 4.099142e-02 2.191539e-01 3.180094e-02 3.550052e-02 2.736110e-02 1.430358e-02 2.387186e-02
5.487500e+03 5.412500e+03 1.275000e+03 2.913816e-01 4.099142e-02 2.394166e-01 3.180094e-02 -1.033188e-02 2.736110e-02 1.791849e-02 2.387186e-02
5.587500e+03 5.412500e+03 1.275000e+03 1.217546e-01 4.099142e-02 2.321500e-01 3.180094e-02 2.956522e-02 2.736110e-02 -1.868790e-02 2.387186e-02
5.687500e+03 5.412500e+03 1.300000e+03 2.747056e-01 4.099142e-02 1.783067e-01 3.180094e-02 -1.083167e-03 2.736110e-02 -1.306062e-02 2.387186e-02
5.787500e+03 5.412500e+03 1.300000e+03 2.431721e-01 4.099142e-02 2.074139e-01 3.180094e-02 -3.681318e-02 2.736110e-02 4.270104e-02 2.387186e-02
5.887500e+03 5.412500e+03 1.300000e+03 3.103893e-01 4.099142e-02 2.030218e-01 3.180094e-02 1.726689e-02 2.736110e-02 9.201966e-03 2.387186e-02
5.987500e+03 5.412500e+03 1.325000e+03 2.132367e-01 4.099142e-02 1.266025e-01 3.180094e-02 -5.382403e-02 2.736110e-02 -1.059195e-02 2.387186e-02
6.087500e+03 5.412500e+03 1.325000e+03 2.707357e-01 4.099142e-02 1.678674e-01 3.180094e-02 -6.881226e-02 2.736110e-02 -1.107281e-02 2.387186e-02
6.187500e+03 5.412500e+03 1.350000e+03 1.965216e-01 4.099142e-02 2.234601e-01 3.180094e-02 -1.490848e-01 2.736110e-02 -2.626965e-02 2.387186e-02
6.287500e+03 5.412500e+03 1.350000e+03 2.009417e-01 4.099142e-02 1.031540e-01 3.180094e-02 -5.977733e-02 2.736110e-02 9.490062e-03 2.387186e-02
6.387500e+03 5.412500e+03 1.400000e+03 2.259321e-01 4.099142e-02 2.042970e-01 3.180094e-02 -1.422232e-01 2.736110e-02 -1.688947e-02 2.387186e-02
6.487500e+03 5.412500e+03 1.400000e+03 1.252796e-01 4.099142e-02 9.722296e-02 3.180094e-02 -7.171384e-02 2.736110e-02 -9.828576e-03 2.387186e-02
6.587500e+03 5.412500e+03 1.375000e+03 1.738519e-01 4.099142e-02 1.664967e-01 3.180094e-02 -9.905803e-02 2.736110e-02 1.402502e-02 2.387186e-02
6.687500e+03 5.412500e+03 1.350000e+03 7.569898e-02 4.099142e-02 3.611713e-02 3.180094e-02 -5.445572e-02 2.736110e-02 3.651664e-02 2.387186e-02
6.787500e+03 5.412500e+03 1.325000e+03 6.530568e-02 4.099142e-02 8.586047e-02 3.180094e-02 1.033697e-01 2.736110e-02 -5.488198e-02 2.387186e-02
6.887500e+03 5.412500e+03 1.325000e+03 -5.386322e-02 4.099142e-02 6.920233e-02 3.180094e-02 6.839350e-02 2.736110e-02 -9.224681e-03 2.387186e-02
6.987500e+03 5.412500e+03 1.325000e+03 -3.278346e-02 4.099142e-02 -9.850865e-03 3.180094e-02 1.227776e-01 2.736110e-02 2.776971e-02 2.387186e-02
3.487500e+03 5.512500e+03 1.125000e+03 5.044031e-02 4.099142e-02 6.597835e-02 3.180094e-02 5.898800e-02 2.736110e-02 1.199408e-01 2.387186e-02
3.587500e+03 5.512500e+03 1.150000e+03 -6.814480e-02 4.099142e-02 8.054624e-02 3.180094e-02 -2.730305e-02 2.736110e-02 6.275327e-02 2.387186e-02
3.687500e+03 5.512500e+03 1.150000e+03 8.911747e-04 4.099142e-02 1.876084e-01 3.180094e-02 3.683127e-02 2.736110e-02 6.535176e-02 2.387186e-02
3.787500e+03 5.512500e+03 1.175000e+03 -5.028459e-02 4.099142e-02 1.482726e-01 3.180094e-02 1.434725e-02 2.736110e-02 4.295865e-02 2.387186e-02
3.887500e+03 5.512500e+03 1.150000e+03 9.259700e-02 4.099142e-02 9.458938e-02 3.180094e-02 -6.775587e-04 2.736110e-02 1.972441e-02 2.387186e-02
3.987500e+03 5.512500e+03 1.175000e+03 7.731827e-02 4.099142e-02 1.295594e-01 3.180094e-02 6.426538e-03 2.736110e-02 8.486833e-02 2.387186e-02
4.087500e+03 5.512500e+03 1.175000e+03 1.356244e-01 4.099142e-02 1.550500e-01 3.180094e-02 -2.322185e-02 2.736110e-02 6.796360e-02 2.387186e-02
4.187500e+03 5.512500e+03 1.200000e+03 6.362929e-02 4.099142e-02 1.399723e-01 3.180094e-02 -5.664817e-02 2.736110e-02 4.529929e-02 2.387186e-02
4.287500e+03 5.512500e+03 1.200000e+03 4.235558e-02 4.099142e-02 1.476647e-01 3.180094e-02 -4.468662e-02 2.736110e-02 7.237761e-02 2.387186e-02
4.387500e+03 5.512500e+03 1.225000e+03 1.785681e-02 4.099142e-02 1.629119e-01 3.180094e-02 -3.417126e-02 2.736110e-02 8.696119e-02 2.387186e-02
4.487500e+03 5.512500e+03 1.250000e+03 3.458886e-02 4.099142e-02 1.927022e-01 3.180094e-02 -9.386677e-02 2.736110e-02 5.056379e-02 2.387186e-02
4.587500e+03 5.512500e+03 1.275000e+03 -3.672190e-02 4.099142e-02 1.736208e-01 3.180094e-02 -6.820949e-02 2.736110e-02 1.030444e-01 2.387186e-02
4.687500e+03 5.512500e+03 1.275000e+03 -2.011229e-02 4.099142e-02 1.623284e-01 3.180094e-02 -1.350808e-01 2.736110e-02 3.847581e-02 2.387186e-02
4.787500e+03 5.512500e+03 1.275000e+03 7.559374e-02 4.099142e-02 2.972924e-01 3.180094e-02 -8.060913e-02 2.736110e-02 -2.755452e-02 2.387186e-02
4.887500e+03 5.512500e+03 1.300000e+03 4.764582e-02 4.099142e-02 2.351755e-01 3.180094e-02 -6.002140e-02 2.736110e-02 1.237954e-03 2.387186e-02
4.987500e+03 5.512500e+03 1.300000e+03 1.075623e-01 4.099142e-02 2.453762e-01 3.180094e-02 -6.393525e-02 2.736110e-02 3.665735e-03 2.387186e-02
5.087500e+03 5.512500e+03 1.275000e+03 3.608811e-02 4.099142e-02 2.948484e-01 3.180094e-02 -9.792649e-02 2.736110e-02 6.725967e-02 2.387186e-02
5.187500e+03 5.512500e+03 1.300000e+03 1.982694e-01 4.099142e-02 1.969557e-01 3.180094e-02 -2.402132e-02 2.736110e-02 3.015277e-02 2.387186e-02
5.287500e+03 5.512500e+03 1.325000e+03 1.199234e-01 4.099142e-02 2.177562e-01 3.180094e-02 -9.271832e-03 2.736110e-02 -2.802760e-03 2.387186e-02
5.387500e+03 5.512500e+03 1.300000e+03 1.200166e-01 4.099142e-02 2.472897e-01 3.180094e-02 9.261031e-03 2.736110e-02 2.564817e-02 2.387186e-02
5.487500e+03 5.512500e+03 1.300000e+03 1.438904e-01 4.099142e-02 2.309117e-01 3.180094e-02 4.324684e-02 2.736110e-02 6.344923e-02 2.387186e-02
5.587500e+03 5.512500e+03 1.300000e+03 1.307332e-01 4.099142e-02 1.823334e-01 3.180094e-02 4.936958e-03 2.736110e-02 2.887763e-02 2.387186e-02
5.687500e+03 5.512500e+03 1.300000e+03 2.522191e-01 4.099142e-02 2.426056e-01 3.180094e-02 -3.539150e-02 2.736110e-02 2.228669e-02 2.387186e-02
5.787500e+03 5.512500e+03 1.300000e+03 2.580006e-01 4.099142e-02 2.241581e-01 3.180094e-02 -1.600523e-02 2.736110e-02 5.305726e-03 2.387186e-02
5.887500e+03 5.512500e+03 1.300000e+03 1.740886e-01 4.099142e-02 2.054004e-01 3.180094e-02 3.347079e-02 2.736110e-02 5.180802e-02 2.387186e-02
5.987500e+03 5.512500e+03 1.300000e+03 7.981675e-02 4.099142e-02 1.703116e-01 3.180094e-02 -8.156457e-02 2.736110e-02 1.523055e-02 2.387186e-02
6.087500e+03 5.512500e+03 1.300000e+03 2.057671e-01 4.099142e-02 1.342538e-01 3.180094e-02 -1.350038e-01 2.736110e-02 2.016437e-02 2.387186e-02
6.187500e+03 5.512500e+03 1.325000e+03 2.112411e-01 4.099142e-02 1.980224e-01 3.180094e-02 -1.008591e-01 2.736110e-02 3.819775e-02 2.387186e-02
6.287500e+03 5.512500e+03 1.375000e+03 2.170809e-01 4.099142e-02 1.255829e-01 3.180094e-02 -1.231986e-01 2.736110e-02 2.763514e-02 2.387186e-02
6.387500e+03 5.512500e+03 1.400000e+03 7.483303e-02 4.099142e-02 5.655008e-02 3.180094e-02 -8.879580e-02 2.736110e-02 6.311062e-02 2.387186e-02
6.487500e+03 5.512500e+03 1.425000e+03 1.476922e-01 4.099142e-02 9.132696e-02 3.180094e-02 -1.131289e-01 2.736110e-02 1.354776e-02 2.387186e-02
6.587500e+03 5.512500e+03 1.400000e+03 1.078035e-01 4.099142e-02 9.552486e-02 3.180094e-02 -7.966478e-02 2.736110e-02 -8.750431e-03 2.387186e-02
6.687500e+03 5.512500e+03 1.350000e+03 5.435173e-02 4.099142e-02 8.431235e-02 3.180094e-02 -7.186408e-02 2.736110e-02 1.544114e-02 2.387186e-02
6.787500e+03 5.512500e+03 1.350000e+03 4.439367e-02 4.099142e-02 3.581069e-02 3.180094e-02 -5.300067e-03 2.736110e-02 -5.578925e-02 2.387186e-02
6.887500e+03 5.512500e+03 1.350000e+03 -9.482376e-02 4.099142e-02 7.904413e-02 3.180094e-02 7.761701e-02 2.736110e-02 -5.259890e-02 2.387186e-02
6.987500e+03 5.512500e+03 1.325000e+03 -6.609058e-02 4.099142e-02 1.679984e-05 3.180094e-02 7.859847e-02 2.736110e-02 -1.092988e-02 2.387186e-02


DATATYPE MTT
FREQUENCY 199.5001
N_RECV 1117
19987.5 -12.5 975.0 i i i i i i i i
3.487500e+03 2.512500e+03 1.250000e+03 2.599189e-02 4.968276e-02 -8.116137e-02 3.330269e-02 -5.721060e-02 3.378085e-02 -1.029388e-04 2.236890e-02
3.587500e+03 2.512500e+03 1.225000e+03 5.567782e-02 4.968276e-02 -1.620501e-02 3.330269e-02 4.722773e-02 3.378085e-02 -2.903622e-02 2.236890e-02
3.687500e+03 2.512500e+03 1.225000e+03 -1.017410e-02 4.968276e-02 5.789250e-03 3.330269e-02 1.010196e-02 3.378085e-02 -1.317852e-03 2.236890e-02
3.787500e+03 2.512500e+03 1.200000e+03 1.438182e-02 4.968276e-02 2.039990e-02 3.330269e-02 8.758523e-02 3.378085e-02 2.143333e-03 2.236890e-02
3.887500e+03 2.512500e+03 1.200000e+03 1.155831e-01 4.968276e-02 4.041878e-02 3.330269e-02 1.429728e-02 3.378085e-02 7.778665e-03 2.236890e-02
3.987500e+03 2.512500e+03 1.200000e+03 1.401452e-02 4.968276e-02 -1.455903e-02 3.330269e-02 2.471665e-02 3.378085e-02 -2.085320e-02 2.236890e-02
4.087500e+03 2.512500e+03 1.200000e+03 1.009717e-01 4.968276e-02 -1.588022e-02 3.330269e-02 5.131770e-02 3.378085e-02 5.810639e-02 2.236890e-02
4.187500e+03 2.512500e+03 1.200000e+03 1.304223e-01 4.968276e-02 -3.383445e-02 3.330269e-02 1.926772e-03 3.378085e-02 -6.864335e-03 2.236890e-02
4.287500e+03 2.512500e+03 1.200000e+03 6.651973e-02 4.968276e-02 -7.680425e-03 3.330269e-02 1.491249e-02 3.378085e-02 -1.103091e-02 2.236890e-02
4.387500e+03 2.512500e+03 1.200000e+03 1.080464e-01 4.968276e-02 6.787193e-02 3.330269e-02 2.785658e-02 3.378085e-02 1.273012e-02 2.236890e-02
4.487500e+03 2.512500e+03 1.200000e+03 4.199662e-02 4.968276e-02 -2.615480e-02 3.330269e-02 6.067822e-02 3.378085e-02 -3.102552e-03 2.236890e-02
4.587500e+03 2.512500e+03 1.175000e+03 3.300767e-02 4.968276e-02 -7.367619e-02 3.330269e-02 6.570940e-02 3.378085e-02 -3.886309e-02 2.236890e-02
4.687500e+03 2.512500e+03 1.175000e+03 5.371332e-02 4.968276e-02 1.043112e-02 3.330269e-02 4.558897e-02 3.378085e-02 -5.294933e-02 2.236890e-02
4.787500e+03 2.512500e+03 1.150000e+03 6.716009e-03 4.968276e-02 -2.014381e-02 3.330269e-02 3.858882e-02 3.378085e-02 -3.463438e-02 2.236890e-02
4.887500e+03 2.512500e+03 1.150000e+03 -5.416227e-02 4.968276e-02 -5.375119e-03 3.330269e-02 -4.651456e-02 3.378085e-02 2.439439e-02 2.236890e-02
4.987500e+03 2.512500e+03 1.150000e+03 -6.169537e-02 4.968276e-02 3.696607e-02 3.330269e-02 -1.120850e-01 3.378085e-02 1.358026e-02 2.236890e-02
5.087500e+03 2.512500e+03 1.175000e+03 3.036848e-03 4.968276e-02 7.129596e-03 3.330269e-02 -6.614386e-02 3.378085e-02 6.379465e-02 2.236890e-02
5.187500e+03 2.512500e+03 1.175000e+03 3.235225e-04 4.968276e-02 1.056313e-01 3.330269e-02 -4.701665e-02 3.378085e-02 1.167038e-02 2.236890e-02
5.287500e+03 2.512500e+03 1.200000e+03 3.574991e-02 4.968276e-02 4.193448e-02 3.330269e-02 1.042237e-02 3.378085e-02 7.562138e-03 2.236890e-02
5.387500e+03 2.512500e+03 1.200000e+03 6.756574e-02 4.968276e-02 8.741470e-02 3.330269e-02 -5.720409e-02 3.378085e-02 3.464386e-02 2.236890e-02
5.487500e+03 2.512500e+03 1.200000e+03 1.833826e-01 4.968276e-02 -3.660862e-02 3.330269e-02 -1.191799e-01 3.378085e-02 1.918100e-02 2.236890e-02
5.587500e+03 2.512500e+03 1.225000e+03 1.164505e-01 4.968276e-02 7.715405e-02 3.330269e-02 -3.889423e-02 3.378085e-02 2.521484e-02 2.236890e-02
5.687500e+03 2.512500e+03 1.225000e+03 -7.659087e-02 4.968276e-02 6.457415e-02 3.330269e-02 -5.383442e-02 3.378085e-02 -8.543544e-03 2.236890e-02
5.787500e+03 2.512500e+03 1.250000e+03 -9.337350e-02 4.968276e-02 1.284157e-01 3.330269e-02 -6.845861e-02 3.378085e-02 2.664413e-02 2.236890e-02
5.887500e+03 2.512500e+03 1.225000e+03 -1.298872e-03 4.968276e-02 4.019367e-02 3.330269e-02 6.561904e-02 3.378085e-02 -8.370088e-03 2.236890e-02
5.987500e+03 2.512500e+03 1.225000e+03 -4.956155e-02 4.968276e-02 1.231833e-01 3.330269e-02 -8.112406e-02 3.378085e-02 -1.218105e-04 2.236890e-02
6.087500e+03 2.512500e+03 1.225000e+03 -5.990661e-04 4.968276e-02 1.116931e-01 3.330269e-02 -6.067674e-02 3.378085e-02 4.414172e-03 2.236890e-02
6.187500e+03 2.512500e+03 1.225000e+03 9.365053e-02 4.968276e-02 1.167723e-01 3.330269e-02 -1.505939e-02 3.378085e-02 2.809735e-02 2.236890e-02
6.287500e+03 2.512500e+03 1.250000e+03 -6.421871e-02 4.968276e-02 7.242669e-02 3.330269e-02 -8.391202e-02 3.378085e-02 3.108755e-02 2.236890e-02
6.387500e+03 2.512500e+03 1.250000e+03 -4.216906e-02 4.968276e-02 1.842314e-01 3.330269e-02 -5.906706e-02 3.378085e-02 3.521448e-02 2.236890e-02
6.487500e+03 2.512500e+03 1.250000e+03 1.799012e-02 4.968276e-02 1.280296e-01 3.330269e-02 -7.792458e-02 3.378085e-02 8.547285e-02 2.236890e-02
6.587500e+03 2.512500e+03 1.250000e+03 -3.101150e-02 4.968276e-02 2.733191e-01 3.330269e-02 -6.059058e-02 3.378085e-02 5.554905e-02 2.236890e-02
6.687500e+03 2.512500e+03 1.250000e+03 -1.324879e-02 4.968276e-02 2.157483e-01 3.330269e-02 2.675664e-02 3.378085e-02 6.243519e-02 2.236890e-02
6.787500e+03 2.512500e+03 1.250000e+03 1.117171e-02 4.968276e-02 2.082826e-01 3.330269e-02 5.802734e-02 3.378085e-02 7.292830e-02 2.236890e-02
6.887500e+03 2.512500e+03 1.250000e+03 1.091028e-01 4.968276e-02 1.648697e-01 3.330269e-02 6.394201e-02 3.378085e-02 2.687631e-02 2.236890e-02
6.987500e+03 2.512500e+03 1.250000e+03 7.097600e-02 4.968276e-02 2.850495e-01 3.330269e-02 5.237831e-02 3.378085e-02 1.024359e-01 2.236890e-02
3.487500e+03 2.612500e+03 1.225000e+03 1.282581e-02 4.968276e-02 -9.066283e-02 3.330269e-02 3.741079e-02 3.378085e-02 8.771667e-03 2.236890e-02
3.587500e+03 2.612500e+03 1.225000e+03 1.626969e-02 4.968276e-02 4.597446e-02 3.330269e-02 4.794106e-02 3.378085e-02 -2.692626e-02 2.236890e-02
3.687500e+03 2.612500e+03 1.225000e+03 -7.703400e-03 4.968276e-02 5.773745e-02 3.330269e-02 2.021867e-02 3.378085e-02 -2.453505e-02 2.236890e-02
3.787500e+03 2.612500e+03 1.225000e+03 -6.088382e-02 4.968276e-02 -5.612566e-05 3.330269e-02 8.186094e-02 3.378085e-02 -2.471918e-02 2.236890e-02
3.887500e+03 2.612500e+03 1.200000e+03 -3.608602e-02 4.968276e-02 6.341541e-02 3.330269e-02 3.756601e-02 3.378085e-02 -4.288553e-02 2.236890e-02
3.987500e+03 2.612500e+03 1.200000e+03 -3.752636e-02 4.968276e-02 5.211116e-02 3.330269e-02 1.297051e-01 3.378085e-02 -4.228224e-02 2.236890e-02
4.087500e+03 2.612500e+03 1.200000e+03 -1.526931e-01 4.968276e-02 5.180338e-02 3.330269e-02 9.948358e-02 3.378085e-02 -1.507724e-02 2.236890e-02
4.187500e+03 2.612500e+03 1.175000e+03 -3.363692e-02 4.968276e-02 -3.162304e-02 3.330269e-02 1.325986e-02 3.378085e-02 6.753951e-03 2.236890e-02
4.287500e+03 2.612500e+03 1.175000e+03 1.100028e-01 4.968276e-02 -1.006517e-02 3.330269e-02 3.233060e-02 3.378085e-02 -1.131007e-02 2.236890e-02
4.387500e+03 2.612500e+03 1.175000e+03 8.131802e-02 4.968276e-02 -4.075337e-02 3.330269e-02 6.821895e-02 3.378085e-02 4.671982e-02 2.236890e-02
4.487500e+03 2.612500e+03 1.175000e+03 6.172882e-02 4.968276e-02 -3.678621e-02 3.330269e-02 1.660429e-02 3.378085e-02 1.800972e-02 2.236890e-02
4.587500e+03 2.612500e+03 1.175000e+03 8.096158e-02 4.968276e-02 1.197444e-02 3.330269e-02 8.400846e-02 3.378085e-02 -3.210854e-02 2.236890e-02
4.687500e+03 2.612500e+03 1.150000e+03 1.295022e-01 4.968276e-02 -2.095410e-02 3.330269e-02 4.931307e-02 3.378085e-02 -3.555607e-02 2.236890e-02
4.787500e+03 2.612500e+03 1.150000e+03 -4.831060e-02 4.968276e-02 5.027896e-02 3.330269e-02 3.115146e-02 3.378085e-02 6.231152e-03 2.236890e-02
4.887500e+03 2.612500e+03 1.175000e+03 -2.661016e-02 4.968276e-02 4.843345e-02 3.330269e-02 -1.617575e-02 3.378085e-02 4.314561e-02 2.236890e-02
4.987500e+03 2.612500e+03 1.175000e+03 7.732114e-03 4.968276e-02 2.448599e-02 3.330269e-02 4.409165e-02 3.378085e-02 6.867621e-02 2.236890e-02
5.087500e+03 2.612500e+03 1.175000e+03 -2.241471e-02 4.968276e-02 6.506594e-02 3.330269e-02 -9.023907e-02 3.378085e-02 4.209863e-02 2.236890e-02
5.187500e+03 2.612500e+03 1.175000e+03 3.909032e-02 4.968276e-02 1.052054e-01 3.330269e-02 -4.469909e-02 3.378085e-02 5.919463e-02 2.236890e-02
5.287500e+03 2.612500e+03 1.200000e+03 8.383540e-02 4.968276e-02 5.564577e-02 3.330269e-02 -3.147939e-02 3.378085e-02 3.288331e-02 2.236890e-02
5.387500e+03 2.612500e+03 1.200000e+03 1.321242e-01 4.968276e-02 -2.918612e-02 3.330269e-02 -7.512572e-02 3.378085e-02 6.854201e-03 2.236890e-02
5.487500e+03 2.612500e+03 1.200000e+03 8.374512e-02 4.968276e-02 -2.231036e-02 3.330269e-02 -1.414431e-01 3.378085e-02 3.397732e-02 2.236890e-02
5.587500e+03 2.612500e+03 1.225000e+03 1.955731e-01 4.968276e-02 5.279744e-02 3.330269e-02 -1.131924e-01 3.378085e-02 6.594455e-02 2.236890e-02
5.687500e+03 2.612500e+03 1.225000e+03 3.636972e-02 4.968276e-02 1.053849e-02 3.330269e-02 -2.368092e-02 3.378085e-02 -1.036582e-02 2.236890e-02
5.787500e+03 2.612500e+03 1.250000e+03 -4.134952e-02 4.968276e-02 7.985016e-03 3.330269e-02 -6.866256e-02 3.378085e-02 8.059168e-02 2.236890e-02
5.887500e+03 2.612500e+03 1.250000e+03 7.339209e-02 4.968276e-02 1.120970e-01 3.330269e-02 -3.859764e-02 3.378085e-02 -2.244712e-02 2.236890e-02
5.987500e+03 2.612500e+03 1.225000e+03 -6.993951e-03 4.968276e-02 1.149581e-01 3.330269e-02 -3.140999e-02 3.378085e-02 -6.881224e-03 2.236890e-02
6.087500e+03 2.612500e+03 1.225000e+03 6.470891e-02 4.968276e-02 1.407766e-01 3.330269e-02 3.398404e-04 3.378085e-02 3.490094e-02 2.236890e-02
6.187500e+03 2.612500e+03 1.225000e+03 3.645050e-02 4.968276e-02 8.276760e-02 3.330269e-02 -6.287701e-02 3.378085e-02 1.055904e-01 2.236890e-02
6.287500e+03 2.612500e+03 1.250000e+03 1.213873e-01 4.968276e-02 1.500176e-01 3.330269e-02 -7.850862e-02 3.378085e-02 1.148625e-01 2.236890e-02
6.387500e+03 2.612500e+03 1.250000e+03 1.189091e-01 4.968276e-02 1.156421e-01 3.330269e-02 -2.435314e-02 3.378085e-02 4.906906e-02 2.236890e-02
6.487500e+03 2.612500e+03 1.250000e+03 3.775810e-02 4.968276e-02 2.121203e-01 3.330269e-02 -5.621874e-02 3.378085e-02 6.036229e-02 2.236890e-02
6.587500e+03 2.612500e+03 1.250000e+03 6.309118e-02 4.968276e-02 2.071830e-01 3.330269e-02 -8.124293e-02 3.378085e-02 6.509037e-02 2.236890e-02
6.687500e+03 2.612500e+03 1.275000e+03 3.571131e-02 4.968276e-02 1.830812e-01 3.330269e-02 3.195546e-02 3.378085e-02 6.906454e-02 2.236890e-02
6.787500e+03 2.612500e+03 1.250000e+03 1.594210e-01 4.968276e-02 1.457207e-01 3.330269e-02 1.238124e-01 3.378085e-02 2.570082e-02 2.236890e-02
6.887500e+03 2.612500e+03 1.250000e+03 3.378730e-01 4.968276e-02 1.004596e-01 3.330269e-02 1.422083e-01 3.378085e-02 5.496282e-02 2.236890e-02
6.987500e+03 2.612500e+03 1.250000e+03 5.327772e-01 4.968276e-02 -8.859805e-02 3.330269e-02 2.349262e-02 3.378085e-02 4.025240e-02 2.236890e-02
3.487500e+03 2.712500e+03 1.225000e+03 3.073652e-02 4.968276e-02 -1.449169e-01 3.330269e-02 -4.115554e-02 3.378085e-02 -1.143001e-05 2.236890e-02
3.587500e+03 2.712500e+03 1.225000e+03 6.096869e-02 4.968276e-02 1.957648e-02 3.330269e-02 1.568087e-02 3.378085e-02 9.796730e-03 2.236890e-02
3.687500e+03 2.712500e+03 1.225000e+03 1.723392e-02 4.968276e-02 1.563946e-02 3.330269e-02 1.180987e-02 3.378085e-02 1.965718e-02 2.236890e-02
3.787500e+03 2.712500e+03 1.225000e+03 -3.142282e-02 4.968276e-02 3.787959e-02 3.330269e-02 -1.110563e-02 3.378085e-02 3.703249e-02 2.236890e-02
3.887500e+03 2.712500e+03 1.225000e+03 3.284947e-02 4.968276e-02 -4.506189e-02 3.330269e-02 7.567291e-02 3.378085e-02 1.295763e-03 2.236890e-02
3.987500e+03 2.712500e+03 1.225000e+03 -2.372057e-02 4.968276e-02 -2.617845e-02 3.330269e-02 5.811016e-02 3.378085e-02 -9.764796e-03 2.236890e-02
4.087500e+03 2.712500e+03 1.200000e+03 1.362203e-02 4.968276e-02 5.672634e-03 3.330269e-02 3.010281e-02 3.378085e-02 -3.458159e-02 2.236890e-02
4.187500e+03 2.712500e+03 1.200000e+03 3.933903e-02 4.968276e-02 1.488571e-02 3.330269e-02 5.273097e-02 3.378085e-02 -2.123024e-02 2.236890e-02
4.287500e+03 2.712500e+03 1.175000e+03 7.134430e-02 4.968276e-02 4.387349e-02 3.330269e-02 -1.624710e-02 3.378085e-02 -7.991044e-03 2.236890e-02
4.387500e+03 2.712500e+03 1.175000e+03 -1.215549e-02 4.968276e-02 7.982224e-02 3.330269e-02 3.165550e-02 3.378085e-02 2.503430e-02 2.236890e-02
4.487500e+03 2.712500e+03 1.175000e+03 1.507963e-02 4.968276e-02 3.069825e-02 3.330269e-02 3.985438e-02 3.378085e-02 -6.009073e-03 2.236890e-02
4.587500e+03 2.712500e+03 1.175000e+03 -1.156911e-01 4.968276e-02 -5.902645e-02 3.330269e-02 1.587333e-02 3.378085e-02 -4.962760e-02 2.236890e-02
4.687500e+03 2.712500e+03 1.150000e+03 6.754691e-03 4.968276e-02 7.499054e-02 3.330269e-02 1.219252e-02 3.378085e-02 7.301811e-03 2.236890e-02
4.787500e+03 2.712500e+03 1.150000e+03 5.333620e-03 4.968276e-02 7.959452e-02 3.330269e-02 -1.012805e-01 3.378085e-02 3.233770e-02 2.236890e-02
4.887500e+03 2.712500e+03 1.175000e+03 -6.373926e-03 4.968276e-02 1.245432e-03 3.330269e-02 -2.992130e-02 3.378085e-02 6.707540e-02 2.236890e-02
4.987500e+03 2.712500e+03 1.175000e+03 3.162670e-02 4.968276e-02 3.119664e-02 3.330269e-02 -2.107542e-02 3.378085e-02 7.522696e-02 2.236890e-02
5.087500e+03 2.712500e+03 1.200000e+03 2.356023e-02 4.968276e-02 4.277167e-02 3.330269e-02 -1.774482e-02 3.378085e-02 -7.712671e-03 2.236890e-02
5.187500e+03 2.712500e+03 1.200000e+03 9.631090e-02 4.968276e-02 1.017740e-01 3.330269e-02 1.321167e-02 3.378085e-02 1.753166e-02 2.236890e-02
5.287500e+03 2.712500e+03 1.175000e+03 -1.059200e-02 4.968276e-02 1.315516e-01 3.330269e-02 4.077416e-03 3.378085e-02 3.782315e-02 2.236890e-02
5.387500e+03 2.712500e+03 1.200000e+03 1.022534e-01 4.968276e-02 5.541191e-02 3.330269e-02 3.308542e-02 3.378085e-02 7.083428e-02 2.236890e-02
5.487500e+03 2.712500e+03 1.200000e+03 1.198488e-01 4.968276e-02 -4.819230e-03 3.330269e-02 -1.940785e-02 3.378085e-02 1.464362e-02 2.236890e-02
5.587500e+03 2.712500e+03 1.225000e+03 9.637457e-02 4.968276e-02 4.709295e-02 3.330269e-02 -9.216938e-02 3.378085e-02 2.971509e-02 2.236890e-02
5.687500e+03 2.712500e+03 1.225000e+03 1.641462e-01 4.968276e-02 3.079629e-02 3.330269e-02 -1.219024e-01 3.378085e-02 2.785028e-02 2.236890e-02
5.787500e+03 2.712500e+03 1.225000e+03 1.368266e-01 4.968276e-02 -3.744779e-02 3.330269e-02 -7.501339e-02 3.378085e-02 7.403934e-02 2.236890e-02
5.887500e+03 2.712500e+03 1.250000e+03 -1.819228e-02 4.968276e-02 1.307944e-01 3.330269e-02 -5.574474e-02 3.378085e-02 -4.926256e-03 2.236890e-02
5.987500e+03 2.712500e+03 1.250000e+03 -6.142926e-02 4.968276e-02 1.163146e-01 3.330269e-02 -6.644135e-02 3.378085e-02 1.070524e-02 2.236890e-02
6.087500e+03 2.712500e+03 1.250000e+03 -1.932308e-02 4.968276e-02 1.980962e-01 3.330269e-02 6.520840e-02 3.378085e-02 3.909226e-02 2.236890e-02
6.187500e+03 2.712500e+03 1.225000e+03 5.245402e-02 4.968276e-02 2.349141e-01 3.330269e-02 -4.702885e-02 3.378085e-02 7.326072e-02 2.236890e-02
6.287500e+03 2.712500e+03 1.225000e+03 1.938524e-02 4.968276e-02 2.341162e-01 3.330269e-02 -8.956384e-02 3.378085e-02 8.350931e-02 2.236890e-02
6.387500e+03 2.712500e+03 1.250000e+03 1.706726e-01 4.968276e-02 1.433470e-01 3.330269e-02 -5.342684e-02 3.378085e-02 8.543448e-02 2.236890e-02
6.487500e+03 2.712500e+03 1.250000e+03 2.938769e-01 4.968276e-02 6.589371e-02 3.330269e-02 6.171027e-02 3.378085e-02 4.503962e-02 2.236890e-02
6.587500e+03 2.712500e+03 1.275000e+03 3.684206e-01 4.968276e-02 -4.762522e-02 3.330269e-02 6.030953e-03 3.378085e-02 4.164670e-02 2.236890e-02
6.687500e+03 2.712500e+03 1.275000e+03 3.068971e-01 4.968276e-02 1.453868e-01 3.330269e-02 2.803408e-02 3.378085e-02 9.129720e-02 2.236890e-02
6.787500e+03 2.712500e+03 1.275000e+03 4.016619e-01 4.968276e-02 9.976924e-02 3.330269e-02 1.121441e-01 3.378085e-02 1.258863e-02 2.236890e-02
6.887500e+03 2.712500e+03 1.250000e+03 5.137890e-01 4.968276e-02 -1.540627e-01 3.330269e-02 2.180813e-01 3.378085e-02 -5.980150e-02 2.236890e-02
6.987500e+03 2.712500e+03 1.250000e+03 5.136633e-01 4.968276e-02 -1.485078e-01 3.330269e-02 4.827048e-02 3.378085e-02 -4.701313e-03 2.236890e-02
3.487500e+03 2.812500e+03 1.200000e+03 7.317354e-02 4.968276e-02 4.986887e-04 3.330269e-02 -1.444918e-02 3.378085e-02 1.796236e-02 2.236890e-02
3.587500e+03 2.812500e+03 1.225000e+03 -3.807991e-03 4.968276e-02 -9.691096e-03 3.330269e-02 -3.495474e-02 3.378085e-02 -2.033249e-02 2.236890e-02
3.687500e+03 2.812500e+03 1.225000e+03 -6.625086e-02 4.968276e-02 -8.854076e-03 3.330269e-02 8.592355e-03 3.378085e-02 8.343591e-04 2.236890e-02
3.787500e+03 2.812500e+03 1.200000e+03 3.525990e-02 4.968276e-02 1.718317e-02 3.330269e-02 9.718355e-02 3.378085e-02 -3.713446e-02 2.236890e-02
3.887500e+03 2.812500e+03 1.200000e+03 5.259794e-02 4.968276e-02 5.174953e-02 3.330269e-02 5.856729e-02 3.378085e-02 9.462355e-03 2.236890e-02
3.987500e+03 2.812500e+03 1.200000e+03 7.858732e-03 4.968276e-02 2.195786e-02 3.330269e-02 4.826265e-02 3.378085e-02 9.313331e-03 2.236890e-02
4.087500e+03 2.812500e+03 1.200000e+03 -5.616086e-02 4.968276e-02 7.020299e-02 3.330269e-02 4.626139e-02 3.378085e-02 1.924227e-02 2.236890e-02
4.187500e+03 2.812500e+03 1.175000e+03 -1.363425e-01 4.968276e-02 5.732821e-02 3.330269e-02 -2.356978e-02 3.378085e-02 -1.672510e-03 2.236890e-02
4.287500e+03 2.812500e+03 1.200000e+03 -7.176515e-02 4.968276e-02 1.248591e-01 3.330269e-02 3.697473e-02 3.378085e-02 1.939488e-02 2.236890e-02
4.387500e+03 2.812500e+03 1.200000e+03 -1.041510e-01 4.968276e-02 5.447982e-02 3.330269e-02 1.281328e-01 3.378085e-02 2.792443e-02 2.236890e-02
4.487500e+03 2.812500e+03 1.200000e+03 -6.932141e-03 4.968276e-02 3.790496e-02 3.330269e-02 3.864677e-02 3.378085e-02 7.515306e-03 2.236890e-02
4.587500e+03 2.812500e+03 1.175000e+03 5.685048e-02 4.968276e-02 5.572885e-02 3.330269e-02 1.537172e-02 3.378085e-02 1.232414e-02 2.236890e-02
4.687500e+03 2.812500e+03 1.150000e+03 1.075820e-01 4.968276e-02 -5.889425e-03 3.330269e-02 4.651869e-03 3.378085e-02 2.700800e-02 2.236890e-02
4.787500e+03 2.812500e+03 1.150000e+03 3.104209e-02 4.968276e-02 1.165858e-02 3.330269e-02 -4.880040e-02 3.378085e-02 8.648646e-02 2.236890e-02
4.887500e+03 2.812500e+03 1.175000e+03 5.492176e-02 4.968276e-02 5.492514e-02 3.330269e-02 -7.347707e-02 3.378085e-02 4.324897e-02 2.236890e-02
4.987500e+03 2.812500e+03 1.200000e+03 -9.650286e-04 4.968276e-02 8.145540e-02 3.330269e-02 -5.424670e-02 3.378085e-02 9.682161e-02 2.236890e-02
5.087500e+03 2.812500e+03 1.200000e+03 6.794663e-02 4.968276e-02 1.200993e-01 3.330269e-02 -1.456110e-02 3.378085e-02 3.473684e-02 2.236890e-02
5.187500e+03 2.812500e+03 1.200000e+03 5.861301e-02 4.968276e-02 6.137703e-02 3.330269e-02 1.347952e-02 3.378085e-02 5.100698e-02 2.236890e-02
5.287500e+03 2.812500e+03 1.200000e+03 -2.999122e-02 4.968276e-02 7.850317e-02 3.330269e-02 8.758577e-02 3.378085e-02 -5.503371e-04 2.236890e-02
5.387500e+03 2.812500e+03 1.200000e+03 1.261511e-01 4.968276e-02 3.524818e-02 3.330269e-02 -2.115452e-02 3.378085e-02 3.487571e-02 2.236890e-02
5.487500e+03 2.812500e+03 1.200000e+03 1.467074e-01 4.968276e-02 3.834536e-02 3.330269e-02 -1.108106e-01 3.378085e-02 1.158061e-02 2.236890e-02
5.587500e+03 2.812500e+03 1.225000e+03 1.026465e-01 4.968276e-02 -2.429048e-02 3.330269e-02 -7.232302e-02 3.378085e-02 5.214059e-02 2.236890e-02
5.687500e+03 2.812500e+03 1.225000e+03 6.593320e-02 4.968276e-02 7.727247e-02 3.330269e-02 -1.251592e-01 3.378085e-02 3.478177e-02 2.236890e-02
5.787500e+03 2.812500e+03 1.225000e+03 1.506825e-01 4.968276e-02 6.327358e-02 3.330269e-02 -1.182164e-01 3.378085e-02 9.484730e-02 2.236890e-02
5.887500e+03 2.812500e+03 1.250000e+03 1.392077e-01 4.968276e-02 -2.170959e-03 3.330269e-02 -5.803112e-02 3.378085e-02 5.687236e-02 2.236890e-02
5.987500e+03 2.812500e+03 1.250000e+03 9.945751e-02 4.968276e-02 8.111542e-02 3.330269e-02 -7.348436e-02 3.378085e-02 8.223733e-02 2.236890e-02
6.087500e+03 2.812500e+03 1.250000e+03 1.635177e-01 4.968276e-02 1.826365e-01 3.330269e-02 -3.868689e-02 3.378085e-02 6.595308e-02 2.236890e-02
6.187500e+03 2.812500e+03 1.250000e+03 7.854584e-02 4.968276e-02 1.276580e-01 3.330269e-02 2.956126e-02 3.378085e-02 7.708653e-02 2.236890e-02
6.287500e+03 2.812500e+03 1.250000e+03 8.889952e-02 4.968276e-02 1.954985e-01 3.330269e-02 -5.801528e-03 3.378085e-02 6.941529e-02 2.236890e-02
6.387500e+03 2.812500e+03 1.250000e+03 2.869379e-01 4.968276e-02 1.062485e-01 3.330269e-02 9.839358e-03 3.378085e-02 8.548945e-02 2.236890e-02
6.487500e+03 2.812500e+03 1.250000e+03 4.645145e-01 4.968276e-02 -4.486751e-02 3.330269e-02 1.269647e-01 3.378085e-02 3.823954e-02 2.236890e-02
6.587500e+03 2.812500e+03 1.250000e+03 5.786315e-01 4.968276e-02 -2.228756e-01 3.330269e-02 1.712236e-01 3.378085e-02 -1.223781e-02 2.236890e-02
6.687500e+03 2.812500e+03 1.250000e+03 6.396531e-01 4.968276e-02 -1.982530e-01 3.330269e-02 6.088360e-02 3.378085e-02 6.514244e-02 2.236890e-02
6.787500e+03 2.812500e+03 1.275000e+03 4.239434e-01 4.968276e-02 -1.733224e-01 3.330269e-02 8.436941e-02 3.378085e-02 4.037129e-02 2.236890e-02
6.887500e+03 2.812500e+03 1.275000e+03 3.023424e-01 4.968276e-02 -1.598552e-01 3.330269e-02 3.212488e-02 3.378085e-02 6.346980e-02 2.236890e-02
6.987500e+03 2.812500e+03 1.275000e+03 2.889231e-01 4.968276e-02 4.186856e-03 3.330269e-02 2.961762e-02 3.378085e-02 1.952177e-02 2.236890e-02
3.487500e+03 2.912500e+03 1.225000e+03 6.299340e-03 4.968276e-02 6.085916e-03 3.330269e-02 -6.890404e-02 3.378085e-02 4.039595e-02 2.236890e-02
3.587500e+03 2.912500e+03 1.225000e+03 -5.569123e-04 4.968276e-02 7.098156e-02 3.330269e-02 -1.018385e-02 3.378085e-02 1.672097e-02 2.236890e-02
3.687500e+03 2.912500e+03 1.250000e+03 -6.327826e-02 4.968276e-02 4.728824e-02 3.330269e-02 -3.920596e-02 3.378085e-02 -2.974915e-02 2.236890e-02
3.787500e+03 2.912500e+03 1.225000e+03 2.512304e-02 4.968276e-02 -1.478564e-02 3.330269e-02 5.600289e-02 3.378085e-02 -3.618200e-02 2.236890e-02
3.887500e+03 2.912500e+03 1.225000e+03 -7.437812e-02 4.968276e-02 6.293706e-02 3.330269e-02 1.728453e-02 3.378085e-02 2.174166e-02 2.236890e-02
3.987500e+03 2.912500e+03 1.225000e+03 -7.048237e-02 4.968276e-02 1.023051e-01 3.330269e-02 2.386943e-02 3.378085e-02 -2.113437e-02 2.236890e-02
4.087500e+03 2.912500e+03 1.200000e+03 -9.309095e-02 4.968276e-02 7.691770e-02 3.330269e-02 -4.121335e-03 3.378085e-02 -3.940516e-03 2.236890e-02
4.187500e+03 2.912500e+03 1.200000e+03 -1.201270e-01 4.968276e-02 2.524286e-02 3.330269e-02 3.648550e-02 3.378085e-02 1.476467e-02 2.236890e-02
4.287500e+03 2.912500e+03 1.225000e+03 -6.435328e-02 4.968276e-02 1.304337e-01 3.330269e-02 7.383652e-03 3.378085e-02 -2.259556e-02 2.236890e-02
4.387500e+03 2.912500e+03 1.200000e+03 -7.724587e-02 4.968276e-02 7.013968e-02 3.330269e-02 7.263374e-02 3.378085e-02 4.455010e-02 2.236890e-02
4.487500e+03 2.912500e+03 1.200000e+03 -2.919836e-03 4.968276e-02 4.099627e-02 3.330269e-02 9.066902e-02 3.378085e-02 -2.595225e-02 2.236890e-02
4.587500e+03 2.912500e+03 1.150000e+03 2.305642e-02 4.968276e-02 -1.553783e-02 3.330269e-02 1.122626e-01 3.378085e-02 -4.507559e-02 2.236890e-02
4.687500e+03 2.912500e+03 1.150000e+03 5.437145e-03 4.968276e-02 3.562895e-02 3.330269e-02 -3.665423e-02 3.378085e-02 5.271350e-02 2.236890e-02
4.787500e+03 2.912500e+03 1.150000e+03 -5.482862e-02 4.968276e-02 6.591604e-02 3.330269e-02 -4.046479e-02 3.378085e-02 6.546003e-02 2.236890e-02
4.887500e+03 2.912500e+03 1.175000e+03 9.680870e-02 4.968276e-02 9.138421e-02 3.330269e-02 -3.856047e-02 3.378085e-02 5.816793e-02 2.236890e-02
4.987500e+03 2.912500e+03 1.175000e+03 2.047792e-02 4.968276e-02 1.091161e-01 3.330269e-02 -1.131804e-02 3.378085e-02 9.777334e-02 2.236890e-02
5.087500e+03 2.912500e+03 1.200000e+03 1.428743e-01 4.968276e-02 5.786964e-02 3.330269e-02 5.467160e-02 3.378085e-02 5.884331e-02 2.236890e-02
5.187500e+03 2.912500e+03 1.200000e+03 7.774321e-02 4.968276e-02 6.181393e-02 3.330269e-02 -3.281190e-03 3.378085e-02 9.735014e-03 2.236890e-02
5.287500e+03 2.912500e+03 1.200000e+03 7.089655e-02 4.968276e-02 1.757051e-02 3.330269e-02 1.185910e-03 3.378085e-02 6.284664e-02 2.236890e-02
5.387500e+03 2.912500e+03 1.200000e+03 1.208148e-01 4.968276e-02 1.296103e-01 3.330269e-02 -3.448479e-02 3.378085e-02 2.012527e-02 2.236890e-02
5.487500e+03 2.912500e+03 1.200000e+03 -1.665391e-02 4.968276e-02 6.762785e-02 3.330269e-02 -3.320053e-02 3.378085e-02 5.042159e-02 2.236890e-02
5.587500e+03 2.912500e+03 1.200000e+03 5.840009e-02 4.968276e-02 5.207778e-02 3.330269e-02 -5.858606e-02 3.378085e-02 1.344257e-02 2.236890e-02
5.687500e+03 2.912500e+03 1.200000e+03 -1.349316e-02 4.968276e-02 1.450938e-01 3.330269e-02 -6.068308e-02 3.378085e-02 7.700634e-02 2.236890e-02
5.787500e+03 2.912500e+03 1.200000e+03 3.962668e-02 4.968276e-02 1.430611e-01 3.330269e-02 -5.854377e-02 3.378085e-02 1.062820e-01 2.236890e-02
5.887500e+03 2.912500e+03 1.225000e+03 8.806452e-02 4.968276e-02 1.595874e-01 3.330269e-02 -9.110397e-02 3.378085e-02 9.507249e-02 2.236890e-02
5.987500e+03 2.912500e+03 1.225000e+03 2.014603e-02 4.968276e-02 2.119291e-01 3.330269e-02 -2.489800e-02 3.378085e-02 8.957701e-02 2.236890e-02
6.087500e+03 2.912500e+03 1.250000e+03 2.301423e-01 4.968276e-02 6.691438e-02 3.330269e-02 1.163127e-01 3.378085e-02 6.321419e-02 2.236890e-02
6.187500e+03 2.912500e+03 1.250000e+03 3.214495e-01 4.968276e-02 1.045540e-01 3.330269e-02 9.137742e-02 3.378085e-02 8.749012e-02 2.236890e-02
6.287500e+03 2.912500e+03 1.250000e+03 4.903019e-01 4.968276e-02 2.433512e-02 3.330269e-02 6.219864e-02 3.378085e-02 1.378114e-02 2.236890e-02
6.387500e+03 2.912500e+03 1.250000e+03 3.414158e-01 4.968276e-02 -4.232778e-02 3.330269e-02 2.288103e-01 3.378085e-02 -5.662238e-02 2.236890e-02
6.487500e+03 2.912500e+03 1.250000e+03 2.184837e-01 4.968276e-02 -1.275041e-02 3.330269e-02 1.320736e-01 3.378085e-02 -3.617713e-02 2.236890e-02
6.587500e+03 2.912500e+03 1.250000e+03 2.635980e-01 4.968276e-02 -7.824784e-02 3.330269e-02 2.876698e-02 3.378085e-02 1.387993e-02 2.236890e-02
6.687500e+03 2.912500e+03 1.250000e+03 3.171541e-01 4.968276e-02 1.288375e-02 3.330269e-02 4.715848e-02 3.378085e-02 4.291113e-02 2.236890e-02
6.787500e+03 2.912500e+03 1.275000e+03 2.717410e-01 4.968276e-02 -2.443446e-02 3.330269e-02 3.094434e-06 3.378085e-02 5.803713e-02 2.236890e-02
6.887500e+03 2.912500e+03 1.275000e+03 1.919117e-01 4.968276e-02 4.062355e-02 3.330269e-02 6.117021e-02 3.378085e-02 2.374035e-02 2.236890e-02
6.987500e+03 2.912500e+03 1.275000e+03 2.149797e-01 4.968276e-02 5.670219e-02 3.330269e-02 1.636022e-02 3.378085e-02 3.865276e-02 2.236890e-02
3.487500e+03 3.012500e+03 1.225000e+03 -1.881908e-02 4.968276e-02 3.531394e-04 3.330269e-02 -1.162473e-02 3.378085e-02 9.895238e-03 2.236890e-02
3.587500e+03 3.012500e+03 1.225000e+03 -1.238901e-02 4.968276e-02 -4.224761e-02 3.330269e-02 -3.279316e-02 3.378085e-02 3.471331e-02 2.236890e-02
3.687500e+03 3.012500e+03 1.225000e+03 6.463080e-02 4.968276e-02 1.150969e-02 3.330269e-02 3.042814e-02 3.378085e-02 5.851495e-03 2.236890e-02
3.787500e+03 3.012500e+03 1.225000e+03 9.353468e-03 4.968276e-02 -7.256122e-03 3.330269e-02 -1.908045e-02 3.378085e-02 -8.818735e-03 2.236890e-02
3.887500e+03 3.012500e+03 1.225000e+03 -9.242010e-02 4.968276e-02 5.933591e-02 3.330269e-02 4.531773e-03 3.378085e-02 -1.424348e-02 2.236890e-02
3.987500e+03 3.012500e+03 1.225000e+03 -5.199011e-02 4.968276e-02 -1.792621e-03 3.330269e-02 2.190589e-02 3.378085e-02 1.447160e-02 2.236890e-02
4.087500e+03 3.012500e+03 1.225000e+03 -3.482551e-02 4.968276e-02 1.010792e-01 3.330269e-02 6.629020e-02 3.378085e-02 -2.320885e-03 2.236890e-02
4.187500e+03 3.012500e+03 1.225000e+03 -5.684373e-02 4.968276e-02 5.444109e-02 3.330269e-02 2.911655e-02 3.378085e-02 6.811735e-03 2.236890e-02
4.287500e+03 3.012500e+03 1.225000e+03 -1.602310e-02 4.968276e-02 6.964778e-02 3.330269e-02 3.836552e-02 3.378085e-02 2.236019e-02 2.236890e-02
4.387500e+03 3.012500e+03 1.225000e+03 8.970522e-03 4.968276e-02 9.633369e-02 3.330269e-02 7.658382e-03 3.378085e-02 3.500365e-03 2.236890e-02
4.487500e+03 3.012500e+03 1.200000e+03 5.168309e-02 4.968276e-02 -7.355239e-03 3.330269e-02 1.077391e-02 3.378085e-02 -3.905974e-02 2.236890e-02
4.587500e+03 3.012500e+03 1.150000e+03 -5.642140e-02 4.968276e-02 4.688564e-02 3.330269e-02 4.291793e-02 3.378085e-02 -6.793336e-02 2.236890e-02
4.687500e+03 3.012500e+03 1.150000e+03 8.395609e-02 4.968276e-02 3.952370e-02 3.330269e-02 -3.061071e-02 3.378085e-02 2.561988e-02 2.236890e-02
4.787500e+03 3.012500e+03 1.150000e+03 1.161368e-01 4.968276e-02 -2.339626e-03 3.330269e-02 -7.109580e-03 3.378085e-02 7.758651e-02 2.236890e-02
4.887500e+03 3.012500e+03 1.175000e+03 -5.925054e-02 4.968276e-02 7.517569e-02 3.330269e-02 -2.309614e-02 3.378085e-02 9.672572e-02 2.236890e-02
4.987500e+03 3.012500e+03 1.175000e+03 1.528722e-01 4.968276e-02 5.214494e-02 3.330269e-02 -6.782980e-03 3.378085e-02 1.304401e-01 2.236890e-02
5.087500e+03 3.012500e+03 1.200000e+03 8.750823e-02 4.968276e-02 8.476309e-02 3.330269e-02 4.622154e-02 3.378085e-02 5.907692e-02 2.236890e-02
5.187500e+03 3.012500e+03 1.200000e+03 4.333440e-02 4.968276e-02 3.862327e-02 3.330269e-02 5.730541e-02 3.378085e-02 3.406643e-02 2.236890e-02
5.287500e+03 3.012500e+03 1.200000e+03 1.140470e-01 4.968276e-02 8.255559e-02 3.330269e-02 -4.181662e-02 3.378085e-02 2.758134e-02 2.236890e-02
5.387500e+03 3.012500e+03 1.225000e+03 2.854026e-02 4.968276e-02 6.298093e-02 3.330269e-02 -9.230382e-02 3.378085e-02 6.313069e-02 2.236890e-02
5.487500e+03 3.012500e+03 1.200000e+03 1.286766e-02 4.968276e-02 1.697210e-01 3.330269e-02 -3.041409e-02 3.378085e-02 5.609262e-02 2.236890e-02
5.587500e+03 3.012500e+03 1.200000e+03 7.051113e-02 4.968276e-02 1.809250e-01 3.330269e-02 -5.511196e-02 3.378085e-02 7.062724e-02 2.236890e-02
5.687500e+03 3.012500e+03 1.200000e+03 -6.415904e-02 4.968276e-02 1.723485e-01 3.330269e-02 -1.200731e-01 3.378085e-02 6.492240e-02 2.236890e-02
5.787500e+03 3.012500e+03 1.225000e+03 5.905346e-02 4.968276e-02 1.266449e-01 3.330269e-02 -3.290962e-02 3.378085e-02 6.033866e-02 2.236890e-02
5.887500e+03 3.012500e+03 1.225000e+03 3.998559e-02 4.968276e-02 1.232246e-01 3.330269e-02 4.328532e-02 3.378085e-02 9.996593e-02 2.236890e-02
5.987500e+03 3.012500e+03 1.225000e+03 3.708284e-01 4.968276e-02 9.331862e-03 3.330269e-02 1.905219e-01 3.378085e-02 5.162136e-02 2.236890e-02
6.087500e+03 3.012500e+03 1.225000e+03 5.110139e-01 4.968276e-02 -1.813371e-01 3.330269e-02 2.790529e-01 3.378085e-02 -7.290684e-03 2.236890e-02
6.187500e+03 3.012500e+03 1.225000e+03 5.408403e-01 4.968276e-02 -2.395826e-01 3.330269e-02 1.347164e-01 3.378085e-02 2.619083e-02 2.236890e-02
6.287500e+03 3.012500e+03 1.250000e+03 3.907405e-01 4.968276e-02 -1.318251e-01 3.330269e-02 1.075986e-01 3.378085e-02 7.104878e-02 2.236890e-02
6.387500e+03 3.012500e+03 1.275000e+03 2.783563e-01 4.968276e-02 -7.554976e-02 3.330269e-02 7.112041e-02 3.378085e-02 2.706312e-02 2.236890e-02
6.487500e+03 3.012500e+03 1.275000e+03 2.355870e-01 4.968276e-02 2.174200e-02 3.330269e-02 7.729238e-02 3.378085e-02 1.896361e-02 2.236890e-02
6.587500e+03 3.012500e+03 1.275000e+03 1.766437e-01 4.968276e-02 2.364535e-02 3.330269e-02 7.658972e-02 3.378085e-02 1.848466e-02 2.236890e-02
6.687500e+03 3.012500e+03 1.275000e+03 2.582993e-01 4.968276e-02 3.613533e-02 3.330269e-02 5.660150e-02 3.378085e-02 2.751891e-02 2.236890e-02
6.787500e+03 3.012500e+03 1.250000e+03 1.396741e-01 4.968276e-02 5.308820e-02 3.330269e-02 1.113617e-02 3.378085e-02 4.714952e-02 2.236890e-02
6.887500e+03 3.012500e+03 1.300000e+03 4.484161e-03 4.968276e-02 2.305400e-02 3.330269e-02 -3.149161e-02 3.378085e-02 6.631527e-02 2.236890e-02
6.987500e+03 3.012500e+03 1.275000e+03 1.573200e-01 4.968276e-02 5.767640e-02 3.330269e-02 -5.363326e-02 3.378085e-02 -1.343742e-03 2.236890e-02
3.487500e+03 3.112500e+03 1.225000e+03 4.530787e-02 4.968276e-02 -1.665927e-02 3.330269e-02 -5.426759e-02 3.378085e-02 2.241510e-02 2.236890e-02
3.587500e+03 3.112500e+03 1.250000e+03 -3.462770e-02 4.968276e-02 5.856549e-02 3.330269e-02 2.379467e-02 3.378085e-02 -1.694002e-02 2.236890e-02
3.687500e+03 3.112500e+03 1.225000e+03 -3.663665e-02 4.968276e-02 1.051206e-02 3.330269e-02 3.728735e-02 3.378085e-02 -2.628989e-02 2.236890e-02
3.787500e+03 3.112500e+03 1.225000e+03 3.667643e-02 4.968276e-02 -2.080509e-02 3.330269e-02 4.468718e-02 3.378085e-02 -4.637895e-02 2.236890e-02
3.887500e+03 3.112500e+03 1.225000e+03 -5.129091e-02 4.968276e-02 -4.486892e-02 3.330269e-02 5.078096e-02 3.378085e-02 -4.442876e-03 2.236890e-02
3.987500e+03 3.112500e+03 1.250000e+03 7.032634e-03 4.968276e-02 1.233996e-02 3.330269e-02 4.527951e-02 3.378085e-02 -2.627356e-03 2.236890e-02
4.087500e+03 3.112500e+03 1.225000e+03 -1.469658e-02 4.968276e-02 4.454927e-02 3.330269e-02 2.544619e-02 3.378085e-02 1.623235e-02 2.236890e-02
4.187500e+03 3.112500e+03 1.250000e+03 -1.927076e-02 4.968276e-02 4.713158e-02 3.330269e-02 3.664639e-02 3.378085e-02 -2.741821e-03 2.236890e-02
4.287500e+03 3.112500e+03 1.225000e+03 6.826753e-03 4.968276e-02 3.392683e-02 3.330269e-02 8.462245e-02 3.378085e-02 1.512272e-02 2.236890e-02
4.387500e+03 3.112500e+03 1.225000e+03 6.209397e-02 4.968276e-02 -3.077163e-02 3.330269e-02 1.387016e-01 3.378085e-02 1.752806e-03 2.236890e-02
4.487500e+03 3.112500e+03 1.200000e+03 7.230971e-02 4.968276e-02 -4.991202e-02 3.330269e-02 9.538393e-02 3.378085e-02 -1.715500e-02 2.236890e-02
4.587500e+03 3.112500e+03 1.175000e+03 4.952063e-02 4.968276e-02 7.592363e-02 3.330269e-02 1.110773e-01 3.378085e-02 3.275303e-02 2.236890e-02
4.687500e+03 3.112500e+03 1.150000e+03 -4.246364e-02 4.968276e-02 6.905592e-02 3.330269e-02 4.044103e-02 3.378085e-02 5.123868e-02 2.236890e-02
4.787500e+03 3.112500e+03 1.150000e+03 1.339800e-01 4.968276e-02 7.721721e-02 3.330269e-02 2.472816e-02 3.378085e-02 8.159883e-02 2.236890e-02
4.887500e+03 3.112500e+03 1.175000e+03 5.240153e-02 4.968276e-02 6.274324e-02 3.330269e-02 4.523619e-02 3.378085e-02 1.032682e-01 2.236890e-02
4.987500e+03 3.112500e+03 1.175000e+03 2.018767e-01 4.968276e-02 7.068010e-02 3.330269e-02 3.861068e-02 3.378085e-02 9.589155e-02 2.236890e-02
5.087500e+03 3.112500e+03 1.200000e+03 6.919282e-02 4.968276e-02 2.235795e-02 3.330269e-02 -3.017191e-02 3.378085e-02 9.994569e-02 2.236890e-02
5.187500e+03 3.112500e+03 1.225000e+03 1.160426e-02 4.968276e-02 5.255716e-02 3.330269e-02 6.108023e-02 3.378085e-02 7.586523e-02 2.236890e-02
5.287500e+03 3.112500e+03 1.200000e+03 6.469539e-02 4.968276e-02 1.365159e-01 3.330269e-02 -2.717025e-02 3.378085e-02 1.030774e-01 2.236890e-02
5.387500e+03 3.112500e+03 1.225000e+03 9.052509e-02 4.968276e-02 7.204803e-02 3.330269e-02 -1.245800e-02 3.378085e-02 1.135927e-01 2.236890e-02
5.487500e+03 3.112500e+03 1.225000e+03 -2.328619e-02 4.968276e-02 9.858947e-02 3.330269e-02 -5.872608e-02 3.378085e-02 4.666388e-02 2.236890e-02
5.587500e+03 3.112500e+03 1.200000e+03 4.394953e-02 4.968276e-02 1.198332e-01 3.330269e-02 -6.571226e-02 3.378085e-02 9.144128e-02 2.236890e-02
5.687500e+03 3.112500e+03 1.200000e+03 1.232919e-01 4.968276e-02 1.157742e-01 3.330269e-02 -3.516819e-02 3.378085e-02 1.226486e-01 2.236890e-02
5.787500e+03 3.112500e+03 1.225000e+03 2.257418e-01 4.968276e-02 3.537333e-02 3.330269e-02 5.706461e-02 3.378085e-02 9.925573e-02 2.236890e-02
5.887500e+03 3.112500e+03 1.225000e+03 1.758579e-01 4.968276e-02 3.360573e-02 3.330269e-02 1.830798e-01 3.378085e-02 -2.893648e-03 2.236890e-02
5.987500e+03 3.112500e+03 1.225000e+03 4.660613e-01 4.968276e-02 -1.995208e-01 3.330269e-02 2.196020e-01 3.378085e-02 -2.921344e-02 2.236890e-02
6.087500e+03 3.112500e+03 1.250000e+03 2.834796e-01 4.968276e-02 -9.468769e-02 3.330269e-02 1.535355e-01 3.378085e-02 -8.124574e-03 2.236890e-02
6.187500e+03 3.112500e+03 1.225000e+03 1.703232e-01 4.968276e-02 -1.322462e-02 3.330269e-02 1.065290e-01 3.378085e-02 3.270178e-02 2.236890e-02
6.287500e+03 3.112500e+03 1.250000e+03 1.842170e-01 4.968276e-02 6.290263e-03 3.330269e-02 2.717544e-02 3.378085e-02 6.236964e-02 2.236890e-02
6.387500e+03 3.112500e+03 1.275000e+03 1.616291e-01 4.968276e-02 6.487276e-02 3.330269e-02 4.154095e-02 3.378085e-02 5.775253e-02 2.236890e-02
6.487500e+03 3.112500e+03 1.300000e+03 1.560026e-01 4.968276e-02 2.804045e-02 3.330269e-02 3.318284e-03 3.378085e-02 5.664149e-02 2.236890e-02
6.587500e+03 3.112500e+03 1.300000e+03 1.445510e-01 4.968276e-02 8.981580e-03 3.330269e-02 1.497997e-02 3.378085e-02 1.716657e-02 2.236890e-02
6.687500e+03 3.112500e+03 1.275000e+03 1.394905e-01 4.968276e-02 6.826325e-02 3.330269e-02 9.201613e-04 3.378085e-02 -2.690724e-02 2.236890e-02
6.787500e+03 3.112500e+03 1.250000e+03 1.145609e-01 4.968276e-02 4.503254e-02 3.330269e-02 -3.584550e-02 3.378085e-02 3.218685e-02 2.236890e-02
6.887500e+03 3.112500e+03 1.275000e+03 5.383264e-02 4.968276e-02 2.102401e-02 3.330269e-02 2.507536e-02 3.378085e-02 4.923169e-02 2.236890e-02
6.987500e+03 3.112500e+03 1.300000e+03 6.063726e-02 4.968276e-02 2.533814e-02 3.330269e-02 3.663431e-03 3.378085e-02 4.305673e-02 2.236890e-02
3.487500e+03 3.212500e+03 1.225000e+03 9.978093e-02 4.968276e-02 -8.901238e-03 3.330269e-02 -9.179217e-02 3.378085e-02 4.858238e-02 2.236890e-02
3.587500e+03 3.212500e+03 1.225000e+03 3.931169e-02 4.968276e-02 -1.788413e-03 3.330269e-02 -6.409903e-02 3.378085e-02 9.673205e-04 2.236890e-02
3.687500e+03 3.212500e+03 1.250000e+03 4.448401e-02 4.968276e-02 2.393982e-02 3.330269e-02 1.367968e-02 3.378085e-02 -3.353935e-02 2.236890e-02
3.787500e+03 3.212500e+03 1.225000e+03 -3.089151e-03 4.968276e-02 6.313558e-02 3.330269e-02 9.235133e-02 3.378085e-02 -1.921972e-02 2.236890e-02
3.887500e+03 3.212500e+03 1.200000e+03 5.455856e-02 4.968276e-02 -9.282366e-03 3.330269e-02 1.044433e-01 3.378085e-02 4.410182e-02 2.236890e-02
3.987500e+03 3.212500e+03 1.200000e+03 -8.326180e-03 4.968276e-02 -2.996514e-02 3.330269e-02 -8.315802e-04 3.378085e-02 3.630370e-02 2.236890e-02
4.087500e+03 3.212500e+03 1.225000e+03 -1.147474e-02 4.968276e-02 1.373100e-04 3.330269e-02 2.551320e-02 3.378085e-02 4.288612e-02 2.236890e-02
4.187500e+03 3.212500e+03 1.225000e+03 8.997282e-02 4.968276e-02 -1.144164e-02 3.330269e-02 -7.086764e-03 3.378085e-02 2.555293e-02 2.236890e-02
4.287500e+03 3.212500e+03 1.200000e+03 3.751236e-02 4.968276e-02 4.105446e-02 3.330269e-02 6.635955e-02 3.378085e-02 1.226186e-02 2.236890e-02
4.387500e+03 3.212500e+03 1.200000e+03 1.370968e-01 4.968276e-02 -5.443068e-02 3.330269e-02 1.360525e-01 3.378085e-02 -3.262760e-02 2.236890e-02
4.487500e+03 3.212500e+03 1.175000e+03 1.995676e-01 4.968276e-02 -2.168379e-02 3.330269e-02 7.720390e-02 3.378085e-02 3.592551e-03 2.236890e-02
4.587500e+03 3.212500e+03 1.150000e+03 6.864971e-02 4.968276e-02 -4.922039e-03 3.330269e-02 8.467487e-02 3.378085e-02 9.658207e-02 2.236890e-02
4.687500e+03 3.212500e+03 1.150000e+03 1.231274e-01 4.968276e-02 5.133242e-02 3.330269e-02 1.338477e-02 3.378085e-02 6.242808e-02 2.236890e-02
4.787500e+03 3.212500e+03 1.150000e+03 1.113209e-01 4.968276e-02 1.769476e-02 3.330269e-02 -6.509432e-03 3.378085e-02 1.485274e-01 2.236890e-02
4.887500e+03 3.212500e+03 1.175000e+03 7.568922e-02 4.968276e-02 2.441405e-02 3.330269e-02 6.822361e-02 3.378085e-02 1.280667e-01 2.236890e-02
4.987500e+03 3.212500e+03 1.200000e+03 7.884650e-02 4.968276e-02 -2.083045e-02 3.330269e-02 3.968046e-02 3.378085e-02 9.750469e-02 2.236890e-02
5.087500e+03 3.212500e+03 1.200000e+03 1.005280e-01 4.968276e-02 1.790674e-02 3.330269e-02 9.855634e-02 3.378085e-02 7.339566e-02 2.236890e-02
5.187500e+03 3.212500e+03 1.225000e+03 6.894355e-02 4.968276e-02 7.320861e-02 3.330269e-02 4.146010e-04 3.378085e-02 1.295991e-01 2.236890e-02
5.287500e+03 3.212500e+03 1.225000e+03 7.096368e-04 4.968276e-02 8.178438e-02 3.330269e-02 -3.823265e-02 3.378085e-02 8.133248e-02 2.236890e-02
5.387500e+03 3.212500e+03 1.225000e+03 7.795074e-02 4.968276e-02 1.214058e-01 3.330269e-02 -9.269317e-04 3.378085e-02 7.096575e-02 2.236890e-02
5.487500e+03 3.212500e+03 1.250000e+03 1.546807e-02 4.968276e-02 8.290751e-02 3.330269e-02 -2.823617e-02 3.378085e-02 8.517596e-02 2.236890e-02
5.587500e+03 3.212500e+03 1.225000e+03 5.879776e-02 4.968276e-02 1.113030e-01 3.330269e-02 -2.282017e-02 3.378085e-02 7.878366e-02 2.236890e-02
5.687500e+03 3.212500e+03 1.200000e+03 2.196456e-01 4.968276e-02 -3.288838e-02 3.330269e-02 6.313929e-02 3.378085e-02 6.831740e-02 2.236890e-02
5.787500e+03 3.212500e+03 1.225000e+03 3.345065e-01 4.968276e-02 -2.094938e-01 3.330269e-02 1.618688e-01 3.378085e-02 6.932272e-02 2.236890e-02
5.887500e+03 3.212500e+03 1.250000e+03 2.575207e-01 4.968276e-02 -5.198705e-02 3.330269e-02 9.455446e-02 3.378085e-02 5.979560e-02 2.236890e-02
5.987500e+03 3.212500e+03 1.250000e+03 2.455116e-01 4.968276e-02 -5.625476e-02 3.330269e-02 9.961165e-02 3.378085e-02 -1.408472e-02 2.236890e-02
6.087500e+03 3.212500e+03 1.250000e+03 2.292153e-01 4.968276e-02 -2.450054e-02 3.330269e-02 6.137631e-02 3.378085e-02 4.097826e-02 2.236890e-02
6.187500e+03 3.212500e+03 1.250000e+03 9.525493e-02 4.968276e-02 1.083135e-01 3.330269e-02 5.479145e-02 3.378085e-02 2.177399e-02 2.236890e-02
6.287500e+03 3.212500e+03 1.250000e+03 1.753717e-01 4.968276e-02 8.835816e-02 3.330269e-02 4.543935e-02 3.378085e-02 4.561757e-02 2.236890e-02
6.387500e+03 3.212500e+03 1.250000e+03 1.460692e-01 4.968276e-02 2.885463e-02 3.330269e-02 6.389866e-02 3.378085e-02 8.394788e-02 2.236890e-02
6.487500e+03 3.212500e+03 1.275000e+03 1.503337e-01 4.968276e-02 3.528330e-02 3.330269e-02 4.880418e-02 3.378085e-02 3.867134e-02 2.236890e-02
6.587500e+03 3.212500e+03 1.300000e+03 1.413219e-01 4.968276e-02 6.146621e-02 3.330269e-02 1.000775e-02 3.378085e-02 7.905675e-02 2.236890e-02
6.687500e+03 3.212500e+03 1.275000e+03 8.221227e-02 4.968276e-02 5.775883e-02 3.330269e-02 4.463784e-02 3.378085e-02 6.689776e-02 2.236890e-02
6.787500e+03 3.212500e+03 1.275000e+03 6.294860e-02 4.968276e-02 6.702168e-02 3.330269e-02 -3.610316e-02 3.378085e-02 3.893580e-02 2.236890e-02
6.887500e+03 3.212500e+03 1.275000e+03 1.352279e-02 4.968276e-02 9.665884e-02 3.330269e-02 3.400959e-03 3.378085e-02 3.379049e-02 2.236890e-02
6.987500e+03 3.212500e+03 1.300000e+03 -4.968435e-03 4.968276e-02 6.083486e-02 3.330269e-02 -4.784018e-02 3.378085e-02 3.935764e-02 2.236890e-02
3.487500e+03 3.312500e+03 1.200000e+03 -2.528487e-02 4.968276e-02 -1.758578e-02 3.330269e-02 -5.738906e-02 3.378085e-02 2.542320e-03 2.236890e-02
3.587500e+03 3.312500e+03 1.225000e+03 3.730457e-02 4.968276e-02 4.600748e-02 3.330269e-02 -2.419340e-02 3.378085e-02 3.341428e-02 2.236890e-02
3.687500e+03 3.312500e+03 1.250000e+03 1.071471e-01 4.968276e-02 6.290235e-02 3.330269e-02 -1.463770e-02 3.378085e-02 3.392220e-02 2.236890e-02
3.787500e+03 3.312500e+03 1.225000e+03 -4.230897e-02 4.968276e-02 7.725440e-02 3.330269e-02 4.682413e-02 3.378085e-02 -4.255693e-02 2.236890e-02
3.887500e+03 3.312500e+03 1.200000e+03 3.253980e-02 4.968276e-02 5.809303e-02 3.330269e-02 1.360352e-01 3.378085e-02 -5.224450e-02 2.236890e-02
3.987500e+03 3.312500e+03 1.200000e+03 1.300560e-01 4.968276e-02 -3.247696e-02 3.330269e-02 -9.835650e-03 3.378085e-02 3.397422e-02 2.236890e-02
4.087500e+03 3.312500e+03 1.200000e+03 1.013412e-01 4.968276e-02 -4.385360e-02 3.330269e-02 3.313349e-02 3.378085e-02 3.226134e-03 2.236890e-02
4.187500e+03 3.312500e+03 1.225000e+03 1.615645e-01 4.968276e-02 -6.340269e-02 3.330269e-02 -2.531000e-02 3.378085e-02 2.706037e-02 2.236890e-02
4.287500e+03 3.312500e+03 1.225000e+03 2.129729e-02 4.968276e-02 6.554840e-02 3.330269e-02 5.677801e-02 3.378085e-02 -4.736830e-02 2.236890e-02
4.387500e+03 3.312500e+03 1.200000e+03 1.499299e-01 4.968276e-02 9.225276e-02 3.330269e-02 1.231802e-01 3.378085e-02 -1.409811e-02 2.236890e-02
4.487500e+03 3.312500e+03 1.150000e+03 1.057365e-01 4.968276e-02 7.447788e-02 3.330269e-02 9.513103e-02 3.378085e-02 6.296366e-03 2.236890e-02
4.587500e+03 3.312500e+03 1.150000e+03 1.192139e-01 4.968276e-02 7.156942e-02 3.330269e-02 9.987123e-02 3.378085e-02 6.621276e-02 2.236890e-02
4.687500e+03 3.312500e+03 1.150000e+03 7.343874e-02 4.968276e-02 5.270788e-02 3.330269e-02 -3.259008e-02 3.378085e-02 5.843853e-02 2.236890e-02
4.787500e+03 3.312500e+03 1.175000e+03 1.021477e-01 4.968276e-02 -3.686839e-02 3.330269e-02 -1.420759e-02 3.378085e-02 1.177309e-01 2.236890e-02
4.887500e+03 3.312500e+03 1.175000e+03 6.970255e-02 4.968276e-02 2.399913e-02 3.330269e-02 7.146402e-02 3.378085e-02 7.029140e-02 2.236890e-02
4.987500e+03 3.312500e+03 1.200000e+03 7.000545e-02 4.968276e-02 -6.785138e-02 3.330269e-02 1.034264e-02 3.378085e-02 1.265214e-01 2.236890e-02
5.087500e+03 3.312500e+03 1.225000e+03 1.631021e-02 4.968276e-02 5.576956e-03 3.330269e-02 2.536966e-02 3.378085e-02 3.800526e-02 2.236890e-02
5.187500e+03 3.312500e+03 1.225000e+03 7.672800e-02 4.968276e-02 1.492759e-02 3.330269e-02 3.897406e-02 3.378085e-02 8.055006e-02 2.236890e-02
5.287500e+03 3.312500e+03 1.225000e+03 -2.961854e-02 4.968276e-02 4.804965e-02 3.330269e-02 -1.515375e-04 3.378085e-02 1.298938e-01 2.236890e-02
5.387500e+03 3.312500e+03 1.225000e+03 5.944663e-03 4.968276e-02 7.120797e-02 3.330269e-02 -3.778866e-02 3.378085e-02 7.792883e-02 2.236890e-02
5.487500e+03 3.312500e+03 1.250000e+03 1.143871e-01 4.968276e-02 -1.105629e-01 3.330269e-02 1.172147e-01 3.378085e-02 4.285689e-02 2.236890e-02
5.587500e+03 3.312500e+03 1.225000e+03 3.375519e-01 4.968276e-02 -2.103341e-01 3.330269e-02 1.917520e-01 3.378085e-02 2.275076e-02 2.236890e-02
5.687500e+03 3.312500e+03 1.225000e+03 2.907276e-01 4.968276e-02 -1.910258e-01 3.330269e-02 1.439786e-01 3.378085e-02 5.932541e-02 2.236890e-02
5.787500e+03 3.312500e+03 1.225000e+03 2.624918e-01 4.968276e-02 -1.681432e-01 3.330269e-02 1.144994e-01 3.378085e-02 3.517149e-02 2.236890e-02
5.887500e+03 3.312500e+03 1.250000e+03 1.675465e-01 4.968276e-02 -1.094675e-01 3.330269e-02 7.006410e-02 3.378085e-02 6.031525e-02 2.236890e-02
5.987500e+03 3.312500e+03 1.250000e+03 1.702798e-01 4.968276e-02 -7.736492e-02 3.330269e-02 6.081988e-02 3.378085e-02 5.661738e-03 2.236890e-02
6.087500e+03 3.312500e+03 1.250000e+03 9.125152e-02 4.968276e-02 2.963353e-03 3.330269e-02 1.261964e-02 3.378085e-02 5.690271e-02 2.236890e-02
6.187500e+03 3.312500e+03 1.275000e+03 9.384810e-02 4.968276e-02 3.763292e-02 3.330269e-02 2.637735e-03 3.378085e-02 1.839772e-02 2.236890e-02
6.287500e+03 3.312500e+03 1.275000e+03 7.445492e-02 4.968276e-02 4.463630e-02 3.330269e-02 3.959736e-03 3.378085e-02 2.329221e-03 2.236890e-02
6.387500e+03 3.312500e+03 1.275000e+03 3.447786e-02 4.968276e-02 4.498776e-02 3.330269e-02 5.968890e-02 3.378085e-02 5.251032e-02 2.236890e-02
6.487500e+03 3.312500e+03 1.300000e+03 8.839762e-02 4.968276e-02 4.518721e-02 3.330269e-02 5.910595e-02 3.378085e-02 9.311849e-02 2.236890e-02
6.587500e+03 3.312500e+03 1.300000e+03 4.866079e-02 4.968276e-02 1.119670e-01 3.330269e-02 7.371759e-02 3.378085e-02 4.555977e-03 2.236890e-02
6.687500e+03 3.312500e+03 1.275000e+03 -3.251454e-02 4.968276e-02 5.562289e-02 3.330269e-02 5.251699e-02 3.378085e-02 2.789539e-02 2.236890e-02
6.787500e+03 3.312500e+03 1.275000e+03 5.510028e-02 4.968276e-02 5.665215e-02 3.330269e-02 -4.451977e-03 3.378085e-02 3.762929e-02 2.236890e-02
6.887500e+03 3.312500e+03 1.275000e+03 -6.887527e-02 4.968276e-02 7.754440e-02 3.330269e-02 2.933545e-02 3.378085e-02 6.756502e-02 2.236890e-02
6.987500e+03 3.312500e+03 1.275000e+03 4.539731e-02 4.968276e-02 5.146154e-02 3.330269e-02 -9.209124e-02 3.378085e-02 7.916683e-02 2.236890e-02
3.487500e+03 3.412500e+03 1.225000e+03 -1.372633e-02 4.968276e-02 5.433410e-02 3.330269e-02 -4.662941e-02 3.378085e-02 1.282808e-02 2.236890e-02
3.587500e+03 3.412500e+03 1.225000e+03 4.368755e-02 4.968276e-02 -1.154155e-02 3.330269e-02 1.080665e-02 3.378085e-02 2.408656e-02 2.236890e-02
3.687500e+03 3.412500e+03 1.250000e+03 8.701925e-02 4.968276e-02 2.805346e-02 3.330269e-02 -2.109278e-02 3.378085e-02 4.268078e-02 2.236890e-02
3.787500e+03 3.412500e+03 1.250000e+03 2.761941e-02 4.968276e-02 -1.281811e-02 3.330269e-02 -1.105776e-03 3.378085e-02 1.437924e-02 2.236890e-02
3.887500e+03 3.412500e+03 1.225000e+03 -3.677226e-02 4.968276e-02 4.874068e-02 3.330269e-02 1.114160e-01 3.378085e-02 -7.417743e-03 2.236890e-02
3.987500e+03 3.412500e+03 1.200000e+03 1.603442e-01 4.968276e-02 4.287289e-02 3.330269e-02 7.328078e-02 3.378085e-02 -4.565661e-03 2.236890e-02
4.087500e+03 3.412500e+03 1.175000e+03 1.002416e-01 4.968276e-02 2.699744e-03 3.330269e-02 2.617230e-02 3.378085e-02 -3.547444e-02 2.236890e-02
4.187500e+03 3.412500e+03 1.200000e+03 1.152591e-01 4.968276e-02 -2.541456e-02 3.330269e-02 -1.889853e-02 3.378085e-02 1.063670e-01 2.236890e-02
4.287500e+03 3.412500e+03 1.200000e+03 1.525572e-01 4.968276e-02 -9.684469e-03 3.330269e-02 5.120682e-02 3.378085e-02 7.346845e-03 2.236890e-02
4.387500e+03 3.412500e+03 1.175000e+03 1.276509e-01 4.968276e-02 4.608376e-02 3.330269e-02 8.007807e-02 3.378085e-02 -3.099978e-02 2.236890e-02
4.487500e+03 3.412500e+03 1.150000e+03 1.181010e-01 4.968276e-02 6.349800e-03 3.330269e-02 7.566670e-02 3.378085e-02 3.776572e-02 2.236890e-02
4.587500e+03 3.412500e+03 1.150000e+03 3.726125e-02 4.968276e-02 5.022744e-02 3.330269e-02 3.353309e-02 3.378085e-02 9.560527e-02 2.236890e-02
4.687500e+03 3.412500e+03 1.150000e+03 8.391713e-02 4.968276e-02 3.206666e-02 3.330269e-02 -2.841953e-02 3.378085e-02 8.273621e-02 2.236890e-02
4.787500e+03 3.412500e+03 1.175000e+03 3.951737e-02 4.968276e-02 6.559083e-02 3.330269e-02 2.708197e-02 3.378085e-02 1.150477e-01 2.236890e-02
4.887500e+03 3.412500e+03 1.175000e+03 -3.601751e-03 4.968276e-02 1.587873e-02 3.330269e-02 1.378638e-01 3.378085e-02 2.452245e-02 2.236890e-02
4.987500e+03 3.412500e+03 1.175000e+03 -1.097935e-02 4.968276e-02 7.333124e-02 3.330269e-02 3.812541e-02 3.378085e-02 7.740907e-02 2.236890e-02
5.087500e+03 3.412500e+03 1.175000e+03 -8.267227e-02 4.968276e-02 3.296842e-02 3.330269e-02 1.932235e-02 3.378085e-02 8.479654e-02 2.236890e-02
5.187500e+03 3.412500e+03 1.200000e+03 1.547695e-02 4.968276e-02 -7.127931e-04 3.330269e-02 3.649543e-02 3.378085e-02 1.288506e-01 2.236890e-02
5.287500e+03 3.412500e+03 1.225000e+03 1.690481e-01 4.968276e-02 -9.522354e-02 3.330269e-02 1.123683e-01 3.378085e-02 7.579840e-02 2.236890e-02
5.387500e+03 3.412500e+03 1.250000e+03 1.365072e-01 4.968276e-02 -1.131847e-01 3.330269e-02 1.151175e-01 3.378085e-02 1.089254e-01 2.236890e-02
5.487500e+03 3.412500e+03 1.250000e+03 6.501791e-02 4.968276e-02 -8.989633e-02 3.330269e-02 3.545984e-02 3.378085e-02 8.690480e-02 2.236890e-02
5.587500e+03 3.412500e+03 1.250000e+03 7.358372e-02 4.968276e-02 -5.210935e-02 3.330269e-02 1.759907e-01 3.378085e-02 -5.450012e-02 2.236890e-02
5.687500e+03 3.412500e+03 1.225000e+03 1.407181e-01 4.968276e-02 -4.932694e-02 3.330269e-02 9.837833e-02 3.378085e-02 5.859939e-02 2.236890e-02
5.787500e+03 3.412500e+03 1.225000e+03 1.130016e-01 4.968276e-02 -6.391950e-02 3.330269e-02 9.165018e-02 3.378085e-02 5.254900e-02 2.236890e-02
5.887500e+03 3.412500e+03 1.250000e+03 1.467491e-01 4.968276e-02 -4.612136e-02 3.330269e-02 1.753468e-02 3.378085e-02 4.083118e-02 2.236890e-02
5.987500e+03 3.412500e+03 1.250000e+03 9.316123e-02 4.968276e-02 4.076056e-02 3.330269e-02 2.293903e-02 3.378085e-02 9.434256e-02 2.236890e-02
6.087500e+03 3.412500e+03 1.250000e+03 4.346550e-02 4.968276e-02 3.921806e-02 3.330269e-02 6.333594e-03 3.378085e-02 7.089669e-02 2.236890e-02
6.187500e+03 3.412500e+03 1.275000e+03 2.483723e-02 4.968276e-02 1.097643e-01 3.330269e-02 -6.629754e-02 3.378085e-02 8.061763e-02 2.236890e-02
6.287500e+03 3.412500e+03 1.300000e+03 -5.275099e-03 4.968276e-02 7.980976e-02 3.330269e-02 1.391291e-02 3.378085e-02 4.336569e-02 2.236890e-02
6.387500e+03 3.412500e+03 1.275000e+03 1.056071e-01 4.968276e-02 2.561658e-02 3.330269e-02 4.023866e-02 3.378085e-02 6.200538e-02 2.236890e-02
6.487500e+03 3.412500e+03 1.300000e+03 1.480678e-02 4.968276e-02 8.735560e-02 3.330269e-02 1.094263e-02 3.378085e-02 8.866540e-02 2.236890e-02
6.587500e+03 3.412500e+03 1.325000e+03 -8.480708e-03 4.968276e-02 1.224011e-01 3.330269e-02 3.176472e-02 3.378085e-02 4.482921e-02 2.236890e-02
6.687500e+03 3.412500e+03 1.300000e+03 -5.841527e-02 4.968276e-02 6.830745e-02 3.330269e-02 4.031550e-03 3.378085e-02 4.399106e-02 2.236890e-02
6.787500e+03 3.412500e+03 1.275000e+03 1.826613e-02 4.968276e-02 7.608396e-02 3.330269e-02 -1.728332e-02 3.378085e-02 5.581333e-02 2.236890e-02
6.887500e+03 3.412500e+03 1.300000e+03 -2.400133e-02 4.968276e-02 3.695753e-02 3.330269e-02 -1.984871e-02 3.378085e-02 1.459491e-02 2.236890e-02
6.987500e+03 3.412500e+03 1.300000e+03 -4.003277e-02 4.968276e-02 7.836361e-02 3.330269e-02 -2.309946e-02 3.378085e-02 7.735986e-03 2.236890e-02
3.487500e+03 3.512500e+03 1.225000e+03 -5.391407e-04 4.968276e-02 -5.814315e-02 3.330269e-02 7.880533e-03 3.378085e-02 5.811444e-03 2.236890e-02
3.587500e+03 3.512500e+03 1.225000e+03 -1.108033e-02 4.968276e-02 -4.048383e-03 3.330269e-02 -2.703011e-02 3.378085e-02 -1.012654e-02 2.236890e-02
3.687500e+03 3.512500e+03 1.225000e+03 8.215657e-02 4.968276e-02 -8.396752e-02 3.330269e-02 -1.732266e-02 3.378085e-02 5.918540e-04 2.236890e-02
3.787500e+03 3.512500e+03 1.225000e+03 1.814078e-01 4.968276e-02 1.061877e-02 3.330269e-02 -1.832262e-02 3.378085e-02 -2.325253e-02 2.236890e-02
3.887500e+03 3.512500e+03 1.225000e+03 1.262123e-01 4.968276e-02 1.364457e-02 3.330269e-02 8.721042e-02 3.378085e-02 1.008093e-02 2.236890e-02
3.987500e+03 3.512500e+03 1.225000e+03 6.592558e-02 4.968276e-02 1.683489e-02 3.330269e-02 5.540334e-02 3.378085e-02 -5.289675e-02 2.236890e-02
4.087500e+03 3.512500e+03 1.175000e+03 8.356531e-03 4.968276e-02 3.405021e-02 3.330269e-02 4.001437e-02 3.378085e-02 -2.247562e-03 2.236890e-02
4.187500e+03 3.512500e+03 1.175000e+03 2.013039e-01 4.968276e-02 3.764916e-02 3.330269e-02 3.069397e-02 3.378085e-02 4.509435e-02 2.236890e-02
4.287500e+03 3.512500e+03 1.200000e+03 1.471364e-01 4.968276e-02 2.743134e-02 3.330269e-02 6.936995e-02 3.378085e-02 3.211482e-02 2.236890e-02
4.387500e+03 3.512500e+03 1.175000e+03 1.355775e-01 4.968276e-02 -2.075423e-03 3.330269e-02 1.484114e-01 3.378085e-02 1.123283e-02 2.236890e-02
4.487500e+03 3.512500e+03 1.150000e+03 2.300115e-01 4.968276e-02 2.107800e-02 3.330269e-02 2.633941e-02 3.378085e-02 2.879921e-02 2.236890e-02
4.587500e+03 3.512500e+03 1.150000e+03 1.702797e-01 4.968276e-02 1.705211e-02 3.330269e-02 -3.213758e-02 3.378085e-02 8.774147e-02 2.236890e-02
4.687500e+03 3.512500e+03 1.175000e+03 1.129900e-01 4.968276e-02 1.922347e-02 3.330269e-02 -2.824769e-02 3.378085e-02 5.672787e-02 2.236890e-02
4.787500e+03 3.512500e+03 1.175000e+03 9.085559e-02 4.968276e-02 -2.378052e-03 3.330269e-02 3.145411e-02 3.378085e-02 4.632050e-02 2.236890e-02
4.887500e+03 3.512500e+03 1.175000e+03 -1.115444e-01 4.968276e-02 1.643723e-01 3.330269e-02 9.446074e-02 3.378085e-02 8.491795e-02 2.236890e-02
4.987500e+03 3.512500e+03 1.175000e+03 -2.254248e-01 4.968276e-02 1.624602e-01 3.330269e-02 7.995715e-02 3.378085e-02 8.202784e-02 2.236890e-02
5.087500e+03 3.512500e+03 1.200000e+03 -2.332643e-01 4.968276e-02 7.736436e-02 3.330269e-02 6.904990e-02 3.378085e-02 1.072590e-01 2.236890e-02
5.187500e+03 3.512500e+03 1.200000e+03 -7.125473e-02 4.968276e-02 -1.336402e-01 3.330269e-02 2.640523e-01 3.378085e-02 -1.235505e-02 2.236890e-02
5.287500e+03 3.512500e+03 1.200000e+03 -1.777967e-01 4.968276e-02 -9.796315e-02 3.330269e-02 1.481173e-01 3.378085e-02 3.489615e-02 2.236890e-02
5.387500e+03 3.512500e+03 1.225000e+03 -3.075884e-03 4.968276e-02 -7.798405e-02 3.330269e-02 7.451815e-02 3.378085e-02 1.080681e-01 2.236890e-02
5.487500e+03 3.512500e+03 1.250000e+03 2.541308e-02 4.968276e-02 -5.425630e-02 3.330269e-02 1.117590e-01 3.378085e-02 6.454164e-02 2.236890e-02
5.587500e+03 3.512500e+03 1.250000e+03 -8.334919e-02 4.968276e-02 -5.738314e-02 3.330269e-02 9.747858e-02 3.378085e-02 5.032954e-02 2.236890e-02
5.687500e+03 3.512500e+03 1.250000e+03 -8.399928e-03 4.968276e-02 1.304537e-02 3.330269e-02 1.031102e-01 3.378085e-02 2.704367e-02 2.236890e-02
5.787500e+03 3.512500e+03 1.225000e+03 -3.704728e-02 4.968276e-02 -6.615306e-03 3.330269e-02 1.597713e-02 3.378085e-02 6.390182e-02 2.236890e-02
5.887500e+03 3.512500e+03 1.225000e+03 -2.867792e-02 4.968276e-02 -8.326435e-03 3.330269e-02 7.321240e-02 3.378085e-02 6.858941e-02 2.236890e-02
5.987500e+03 3.512500e+03 1.250000e+03 1.249193e-02 4.968276e-02 -6.841708e-03 3.330269e-02 4.130175e-02 3.378085e-02 8.683296e-02 2.236890e-02
6.087500e+03 3.512500e+03 1.275000e+03 -5.156653e-02 4.968276e-02 -2.104692e-03 3.330269e-02 -2.328928e-02 3.378085e-02 7.169085e-02 2.236890e-02
6.187500e+03 3.512500e+03 1.300000e+03 5.734598e-02 4.968276e-02 9.599916e-02 3.330269e-02 2.017289e-02 3.378085e-02 9.919824e-02 2.236890e-02
6.287500e+03 3.512500e+03 1.300000e+03 9.681410e-02 4.968276e-02 -1.157585e-02 3.330269e-02 -2.719840e-02 3.378085e-02 3.164191e-02 2.236890e-02
6.387500e+03 3.512500e+03 1.275000e+03 -4.554598e-02 4.968276e-02 9.690894e-02 3.330269e-02 1.004143e-03 3.378085e-02 6.768140e-02 2.236890e-02
6.487500e+03 3.512500e+03 1.300000e+03 -1.140710e-01 4.968276e-02 5.775449e-02 3.330269e-02 -1.018216e-02 3.378085e-02 7.083515e-03 2.236890e-02
6.587500e+03 3.512500e+03 1.325000e+03 -5.551577e-02 4.968276e-02 6.602676e-02 3.330269e-02 5.314230e-02 3.378085e-02 -4.325835e-03 2.236890e-02
6.687500e+03 3.512500e+03 1.325000e+03 1.658661e-02 4.968276e-02 8.485320e-02 3.330269e-02 1.368164e-02 3.378085e-02 1.871240e-03 2.236890e-02
6.787500e+03 3.512500e+03 1.300000e+03 -8.787714e-02 4.968276e-02 -1.082332e-02 3.330269e-02 -2.445750e-02 3.378085e-02 3.261918e-02 2.236890e-02
6.887500e+03 3.512500e+03 1.300000e+03 -7.858163e-02 4.968276e-02 3.493019e-02 3.330269e-02 9.700589e-02 3.378085e-02 -1.759219e-03 2.236890e-02
6.987500e+03 3.512500e+03 1.300000e+03 -2.319570e-02 4.968276e-02 1.764679e-02 3.330269e-02 -2.460246e-02 3.378085e-02 5.653194e-02 2.236890e-02
3.487500e+03 3.612500e+03 1.225000e+03 -7.055791e-03 4.968276e-02 6.523798e-02 3.330269e-02 -1.855491e-02 3.378085e-02 -2.420347e-02 2.236890e-02
3.587500e+03 3.612500e+03 1.200000e+03 2.657807e-02 4.968276e-02 4.610711e-02 3.330269e-02 8.893469e-02 3.378085e-02 -1.332276e-02 2.236890e-02
3.687500e+03 3.612500e+03 1.200000e+03 1.187035e-02 4.968276e-02 1.990418e-02 3.330269e-02 1.042611e-01 3.378085e-02 5.117426e-02 2.236890e-02
3.787500e+03 3.612500e+03 1.200000e+03 1.913766e-01 4.968276e-02 -1.699851e-02 3.330269e-02 7.240383e-02 3.378085e-02 2.442213e-02 2.236890e-02
3.887500e+03 3.612500e+03 1.200000e+03 1.737693e-01 4.968276e-02 -4.598478e-02 3.330269e-02 7.968486e-03 3.378085e-02 4.461088e-02 2.236890e-02
3.987500e+03 3.612500e+03 1.200000e+03 1.027213e-01 4.968276e-02 -2.124709e-02 3.330269e-02 1.623111e-02 3.378085e-02 -1.720720e-02 2.236890e-02
4.087500e+03 3.612500e+03 1.175000e+03 1.945794e-01 4.968276e-02 8.131718e-02 3.330269e-02 7.770087e-02 3.378085e-02 8.536516e-03 2.236890e-02
4.187500e+03 3.612500e+03 1.175000e+03 1.596551e-01 4.968276e-02 -1.513071e-02 3.330269e-02 6.172690e-02 3.378085e-02 4.593546e-02 2.236890e-02
4.287500e+03 3.612500e+03 1.175000e+03 2.104905e-01 4.968276e-02 7.287848e-02 3.330269e-02 6.872385e-02 3.378085e-02 4.737017e-02 2.236890e-02
4.387500e+03 3.612500e+03 1.150000e+03 1.304937e-01 4.968276e-02 1.138825e-02 3.330269e-02 1.058553e-01 3.378085e-02 4.344367e-02 2.236890e-02
4.487500e+03 3.612500e+03 1.150000e+03 1.027648e-01 4.968276e-02 7.882543e-02 3.330269e-02 3.003247e-02 3.378085e-02 1.799978e-03 2.236890e-02
4.587500e+03 3.612500e+03 1.150000e+03 1.220362e-01 4.968276e-02 6.979500e-02 3.330269e-02 3.046999e-02 3.378085e-02 6.280119e-02 2.236890e-02
4.687500e+03 3.612500e+03 1.175000e+03 1.828780e-01 4.968276e-02 4.744588e-02 3.330269e-02 -4.519691e-02 3.378085e-02 3.890783e-02 2.236890e-02
4.787500e+03 3.612500e+03 1.175000e+03 2.186200e-01 4.968276e-02 -4.045445e-03 3.330269e-02 -4.248499e-02 3.378085e-02 8.379408e-03 2.236890e-02
4.887500e+03 3.612500e+03 1.175000e+03 2.863028e-01 4.968276e-02 -6.040837e-02 3.330269e-02 -1.557619e-01 3.378085e-02 1.018874e-01 2.236890e-02
4.987500e+03 3.612500e+03 1.200000e+03 4.864851e-02 4.968276e-02 1.329439e-01 3.330269e-02 -2.322874e-03 3.378085e-02 4.088920e-02 2.236890e-02
5.087500e+03 3.612500e+03 1.200000e+03 -2.783504e-01 4.968276e-02 2.157217e-01 3.330269e-02 3.737703e-01 3.378085e-02 -1.616361e-01 2.236890e-02
5.187500e+03 3.612500e+03 1.200000e+03 -2.694737e-01 4.968276e-02 4.430374e-02 3.330269e-02 2.367299e-01 3.378085e-02 7.970289e-03 2.236890e-02
5.287500e+03 3.612500e+03 1.225000e+03 -2.022945e-01 4.968276e-02 1.165884e-01 3.330269e-02 1.360467e-01 3.378085e-02 4.519423e-02 2.236890e-02
5.387500e+03 3.612500e+03 1.250000e+03 -2.143877e-01 4.968276e-02 5.147252e-02 3.330269e-02 6.287910e-02 3.378085e-02 1.374227e-02 2.236890e-02
5.487500e+03 3.612500e+03 1.275000e+03 -8.364551e-02 4.968276e-02 -3.863547e-02 3.330269e-02 1.116671e-01 3.378085e-02 3.232772e-02 2.236890e-02
5.587500e+03 3.612500e+03 1.275000e+03 -1.397281e-01 4.968276e-02 -1.149150e-03 3.330269e-02 8.496390e-02 3.378085e-02 5.456554e-02 2.236890e-02
5.687500e+03 3.612500e+03 1.250000e+03 -1.513626e-01 4.968276e-02 2.592955e-02 3.330269e-02 1.331850e-01 3.378085e-02 7.747260e-02 2.236890e-02
5.787500e+03 3.612500e+03 1.250000e+03 -2.448580e-02 4.968276e-02 4.409577e-02 3.330269e-02 -1.178955e-02 3.378085e-02 5.688018e-02 2.236890e-02
5.887500e+03 3.612500e+03 1.250000e+03 7.924382e-03 4.968276e-02 -3.128105e-02 3.330269e-02 -5.792790e-02 3.378085e-02 8.962043e-02 2.236890e-02
5.987500e+03 3.612500e+03 1.250000e+03 -7.778242e-02 4.968276e-02 3.508233e-02 3.330269e-02 2.742355e-02 3.378085e-02 9.415801e-02 2.236890e-02
6.087500e+03 3.612500e+03 1.275000e+03 -5.898427e-02 4.968276e-02 4.019208e-03 3.330269e-02 1.927226e-02 3.378085e-02 1.056071e-01 2.236890e-02
6.187500e+03 3.612500e+03 1.300000e+03 -6.224924e-02 4.968276e-02 -6.969356e-03 3.330269e-02 2.038707e-02 3.378085e-02 7.560086e-02 2.236890e-02
6.287500e+03 3.612500e+03 1.300000e+03 5.396006e-03 4.968276e-02 2.908443e-02 3.330269e-02 4.193429e-03 3.378085e-02 8.944501e-02 2.236890e-02
6.387500e+03 3.612500e+03 1.300000e+03 1.764300e-02 4.968276e-02 1.072241e-03 3.330269e-02 -2.443002e-02 3.378085e-02 7.975940e-02 2.236890e-02
6.487500e+03 3.612500e+03 1.300000e+03 -5.362189e-02 4.968276e-02 8.205578e-02 3.330269e-02 9.079175e-03 3.378085e-02 5.712921e-02 2.236890e-02
6.587500e+03 3.612500e+03 1.325000e+03 5.178091e-03 4.968276e-02 2.663851e-02 3.330269e-02 -3.985562e-02 3.378085e-02 4.172641e-02 2.236890e-02
6.687500e+03 3.612500e+03 1.325000e+03 -2.745011e-02 4.968276e-02 3.417769e-02 3.330269e-02 -2.385750e-02 3.378085e-02 1.250145e-02 2.236890e-02
6.787500e+03 3.612500e+03 1.325000e+03 1.993401e-02 4.968276e-02 7.936600e-02 3.330269e-02 -4.460842e-02 3.378085e-02 3.283836e-02 2.236890e-02
6.887500e+03 3.612500e+03 1.300000e+03 -1.005159e-01 4.968276e-02 8.616969e-02 3.330269e-02 4.305141e-03 3.378085e-02 3.274502e-02 2.236890e-02
6.987500e+03 3.612500e+03 1.300000e+03 -2.859378e-02 4.968276e-02 9.379909e-02 3.330269e-02 -4.997206e-03 3.378085e-02 3.982728e-02 2.236890e-02
3.487500e+03 3.712500e+03 1.250000e+03 5.695343e-02 4.968276e-02 6.727221e-02 3.330269e-02 5.377497e-02 3.378085e-02 1.526851e-02 2.236890e-02
3.587500e+03 3.712500e+03 1.225000e+03 -3.954145e-02 4.968276e-02 6.789972e-02 3.330269e-02 4.300462e-02 3.378085e-02 2.594117e-02 2.236890e-02
3.687500e+03 3.712500e+03 1.200000e+03 1.217337e-01 4.968276e-02 3.916914e-02 3.330269e-02 1.285876e-01 3.378085e-02 -3.748463e-02 2.236890e-02
3.787500e+03 3.712500e+03 1.175000e+03 1.070534e-01 4.968276e-02 2.723873e-02 3.330269e-02 6.343299e-02 3.378085e-02 -2.458388e-02 2.236890e-02
3.887500e+03 3.712500e+03 1.175000e+03 1.767651e-01 4.968276e-02 -1.868008e-02 3.330269e-02 1.071312e-01 3.378085e-02 2.827171e-02 2.236890e-02
3.987500e+03 3.712500e+03 1.175000e+03 2.060399e-01 4.968276e-02 -6.426241e-02 3.330269e-02 1.214258e-01 3.378085e-02 1.498274e-02 2.236890e-02
4.087500e+03 3.712500e+03 1.175000e+03 1.494142e-01 4.968276e-02 4.114730e-02 3.330269e-02 7.311788e-02 3.378085e-02 1.174951e-02 2.236890e-02
4.187500e+03 3.712500e+03 1.150000e+03 2.473973e-01 4.968276e-02 -2.589546e-02 3.330269e-02 8.908248e-02 3.378085e-02 -1.951411e-02 2.236890e-02
4.287500e+03 3.712500e+03 1.150000e+03 1.522568e-01 4.968276e-02 -9.066790e-02 3.330269e-02 1.691389e-02 3.378085e-02 2.839628e-02 2.236890e-02
4.387500e+03 3.712500e+03 1.150000e+03 2.314758e-01 4.968276e-02 -3.022449e-02 3.330269e-02 1.112558e-01 3.378085e-02 1.852144e-02 2.236890e-02
4.487500e+03 3.712500e+03 1.150000e+03 2.334246e-01 4.968276e-02 1.875690e-02 3.330269e-02 3.526778e-02 3.378085e-02 1.810961e-02 2.236890e-02
4.587500e+03 3.712500e+03 1.150000e+03 1.534955e-01 4.968276e-02 1.777068e-02 3.330269e-02 -3.522550e-02 3.378085e-02 2.430023e-02 2.236890e-02
4.687500e+03 3.712500e+03 1.175000e+03 -3.785975e-02 4.968276e-02 8.592331e-02 3.330269e-02 -7.490722e-02 3.378085e-02 7.251391e-02 2.236890e-02
4.787500e+03 3.712500e+03 1.175000e+03 8.583886e-02 4.968276e-02 2.501146e-02 3.330269e-02 -1.413634e-01 3.378085e-02 8.782470e-02 2.236890e-02
4.887500e+03 3.712500e+03 1.200000e+03 1.127941e-01 4.968276e-02 1.565169e-03 3.330269e-02 -4.108263e-02 3.378085e-02 1.100403e-01 2.236890e-02
4.987500e+03 3.712500e+03 1.200000e+03 3.652386e-01 4.968276e-02 -1.708934e-01 3.330269e-02 -1.236592e-01 3.378085e-02 6.899655e-02 2.236890e-02
5.087500e+03 3.712500e+03 1.225000e+03 3.430304e-01 4.968276e-02 -5.912459e-02 3.330269e-02 -1.038805e-01 3.378085e-02 9.037249e-02 2.236890e-02
5.187500e+03 3.712500e+03 1.225000e+03 -3.818367e-01 4.968276e-02 2.546403e-01 3.330269e-02 2.397743e-01 3.378085e-02 -7.511564e-02 2.236890e-02
5.287500e+03 3.712500e+03 1.225000e+03 -2.652200e-01 4.968276e-02 1.332847e-01 3.330269e-02 1.783769e-01 3.378085e-02 -1.333987e-02 2.236890e-02
5.387500e+03 3.712500e+03 1.250000e+03 -1.994234e-01 4.968276e-02 5.417194e-02 3.330269e-02 1.377501e-01 3.378085e-02 4.851192e-02 2.236890e-02
5.487500e+03 3.712500e+03 1.250000e+03 -2.184600e-01 4.968276e-02 -2.606189e-02 3.330269e-02 1.257913e-01 3.378085e-02 4.394222e-02 2.236890e-02
5.587500e+03 3.712500e+03 1.275000e+03 -1.601541e-01 4.968276e-02 -4.323082e-02 3.330269e-02 9.356443e-02 3.378085e-02 5.446676e-02 2.236890e-02
5.687500e+03 3.712500e+03 1.275000e+03 -5.631404e-02 4.968276e-02 3.091229e-02 3.330269e-02 7.060573e-02 3.378085e-02 4.640223e-02 2.236890e-02
5.787500e+03 3.712500e+03 1.275000e+03 -1.357147e-01 4.968276e-02 3.321301e-02 3.330269e-02 9.592018e-02 3.378085e-02 4.888791e-02 2.236890e-02
5.887500e+03 3.712500e+03 1.250000e+03 -1.282492e-01 4.968276e-02 6.714307e-04 3.330269e-02 3.788401e-02 3.378085e-02 3.798807e-02 2.236890e-02
5.987500e+03 3.712500e+03 1.250000e+03 -1.026621e-01 4.968276e-02 -1.313077e-02 3.330269e-02 -1.866751e-03 3.378085e-02 9.121411e-02 2.236890e-02
6.087500e+03 3.712500e+03 1.275000e+03 -6.150493e-02 4.968276e-02 1.710285e-02 3.330269e-02 -1.241488e-02 3.378085e-02 7.892465e-02 2.236890e-02
6.187500e+03 3.712500e+03 1.300000e+03 -4.510452e-02 4.968276e-02 1.678166e-02 3.330269e-02 -1.478211e-02 3.378085e-02 7.582836e-02 2.236890e-02
6.287500e+03 3.712500e+03 1.325000e+03 -8.199306e-02 4.968276e-02 2.195851e-02 3.330269e-02 -4.405975e-02 3.378085e-02 5.696999e-02 2.236890e-02
6.387500e+03 3.712500e+03 1.325000e+03 -1.089310e-01 4.968276e-02 3.762655e-02 3.330269e-02 -2.888781e-02 3.378085e-02 5.443598e-02 2.236890e-02
6.487500e+03 3.712500e+03 1.325000e+03 -5.268797e-02 4.968276e-02 5.357283e-02 3.330269e-02 -2.064628e-02 3.378085e-02 8.926957e-02 2.236890e-02
6.587500e+03 3.712500e+03 1.325000e+03 -6.269485e-02 4.968276e-02 3.284893e-02 3.330269e-02 -3.298412e-02 3.378085e-02 7.335655e-02 2.236890e-02
6.687500e+03 3.712500e+03 1.350000e+03 -3.987974e-02 4.968276e-02 8.841209e-02 3.330269e-02 2.752527e-02 3.378085e-02 4.576725e-02 2.236890e-02
6.787500e+03 3.712500e+03 1.350000e+03 -1.877162e-02 4.968276e-02 -3.303119e-03 3.330269e-02 5.140564e-02 3.378085e-02 3.956665e-02 2.236890e-02
6.887500e+03 3.712500e+03 1.325000e+03 3.051157e-02 4.968276e-02 1.111136e-01 3.330269e-02 9.342880e-03 3.378085e-02 1.079816e-03 2.236890e-02
6.987500e+03 3.712500e+03 1.300000e+03 -7.608122e-02 4.968276e-02 3.618893e-02 3.330269e-02 8.756903e-03 3.378085e-02 3.161840e-02 2.236890e-02
3.487500e+03 3.812500e+03 1.225000e+03 6.541259e-02 4.968276e-02 -8.875474e-03 3.330269e-02 -1.988070e-02 3.378085e-02 4.141760e-02 2.236890e-02
3.587500e+03 3.812500e+03 1.225000e+03 7.626128e-02 4.968276e-02 -2.826922e-03 3.330269e-02 8.545351e-02 3.378085e-02 -2.422658e-02 2.236890e-02
3.687500e+03 3.812500e+03 1.200000e+03 4.546661e-02 4.968276e-02 8.696495e-02 3.330269e-02 1.414867e-01 3.378085e-02 -3.071623e-02 2.236890e-02
3.787500e+03 3.812500e+03 1.200000e+03 7.562737e-02 4.968276e-02 8.345335e-03 3.330269e-02 8.705552e-02 3.378085e-02 -2.908771e-03 2.236890e-02
3.887500e+03 3.812500e+03 1.175000e+03 6.700235e-02 4.968276e-02 9.522382e-02 3.330269e-02 5.649916e-02 3.378085e-02 -4.320476e-02 2.236890e-02
3.987500e+03 3.812500e+03 1.175000e+03 2.233920e-01 4.968276e-02 1.150216e-01 3.330269e-02 1.262419e-01 3.378085e-02 -4.155507e-02 2.236890e-02
4.087500e+03 3.812500e+03 1.150000e+03 2.099985e-01 4.968276e-02 2.703775e-02 3.330269e-02 2.276928e-02 3.378085e-02 -1.535173e-02 2.236890e-02
4.187500e+03 3.812500e+03 1.150000e+03 1.620545e-01 4.968276e-02 4.419718e-02 3.330269e-02 1.220410e-01 3.378085e-02 2.337128e-02 2.236890e-02
4.287500e+03 3.812500e+03 1.150000e+03 1.525201e-01 4.968276e-02 4.747079e-02 3.330269e-02 2.912757e-02 3.378085e-02 3.465273e-02 2.236890e-02
4.387500e+03 3.812500e+03 1.150000e+03 1.451258e-01 4.968276e-02 -2.563261e-02 3.330269e-02 4.436221e-02 3.378085e-02 -5.171113e-02 2.236890e-02
4.487500e+03 3.812500e+03 1.150000e+03 1.121835e-01 4.968276e-02 1.859158e-02 3.330269e-02 -5.756079e-03 3.378085e-02 1.750914e-03 2.236890e-02
4.587500e+03 3.812500e+03 1.150000e+03 6.451822e-02 4.968276e-02 4.871190e-02 3.330269e-02 -5.300079e-02 3.378085e-02 1.594582e-02 2.236890e-02
4.687500e+03 3.812500e+03 1.175000e+03 1.208029e-01 4.968276e-02 7.177310e-02 3.330269e-02 -8.501496e-02 3.378085e-02 9.586590e-02 2.236890e-02
4.787500e+03 3.812500e+03 1.175000e+03 1.363433e-01 4.968276e-02 2.761433e-02 3.330269e-02 -6.468743e-02 3.378085e-02 8.957879e-02 2.236890e-02
4.887500e+03 3.812500e+03 1.200000e+03 1.702114e-01 4.968276e-02 -2.236938e-02 3.330269e-02 -9.429979e-02 3.378085e-02 8.717710e-02 2.236890e-02
4.987500e+03 3.812500e+03 1.200000e+03 2.776210e-01 4.968276e-02 -2.207346e-01 3.330269e-02 3.290144e-03 3.378085e-02 -9.475577e-03 2.236890e-02
5.087500e+03 3.812500e+03 1.225000e+03 4.553753e-01 4.968276e-02 -3.116682e-01 3.330269e-02 -1.918955e-01 3.378085e-02 1.044058e-01 2.236890e-02
5.187500e+03 3.812500e+03 1.250000e+03 1.353292e-01 4.968276e-02 -9.337628e-02 3.330269e-02 -5.043715e-02 3.378085e-02 5.866901e-02 2.236890e-02
5.287500e+03 3.812500e+03 1.225000e+03 -4.349235e-01 4.968276e-02 4.129644e-01 3.330269e-02 9.756610e-02 3.378085e-02 -3.556724e-02 2.236890e-02
5.387500e+03 3.812500e+03 1.250000e+03 -2.556306e-01 4.968276e-02 2.004151e-01 3.330269e-02 3.829534e-02 3.378085e-02 -3.809860e-02 2.236890e-02
5.487500e+03 3.812500e+03 1.275000e+03 -2.730544e-01 4.968276e-02 1.296457e-01 3.330269e-02 1.984569e-01 3.378085e-02 -3.150872e-02 2.236890e-02
5.587500e+03 3.812500e+03 1.275000e+03 -2.416779e-01 4.968276e-02 7.336973e-02 3.330269e-02 9.250418e-02 3.378085e-02 2.610339e-02 2.236890e-02
5.687500e+03 3.812500e+03 1.300000e+03 -1.596093e-01 4.968276e-02 5.385206e-02 3.330269e-02 2.033418e-02 3.378085e-02 4.206777e-02 2.236890e-02
5.787500e+03 3.812500e+03 1.300000e+03 -1.677910e-01 4.968276e-02 3.834049e-02 3.330269e-02 1.665369e-01 3.378085e-02 2.714578e-02 2.236890e-02
5.887500e+03 3.812500e+03 1.275000e+03 -1.432170e-01 4.968276e-02 -4.199757e-02 3.330269e-02 4.620945e-02 3.378085e-02 6.066809e-02 2.236890e-02
5.987500e+03 3.812500e+03 1.250000e+03 -5.726153e-02 4.968276e-02 -7.533205e-03 3.330269e-02 4.431203e-02 3.378085e-02 8.933154e-02 2.236890e-02
6.087500e+03 3.812500e+03 1.250000e+03 -1.352137e-01 4.968276e-02 1.046130e-02 3.330269e-02 -7.005112e-03 3.378085e-02 5.610972e-02 2.236890e-02
6.187500e+03 3.812500e+03 1.250000e+03 -7.222076e-02 4.968276e-02 8.020062e-03 3.330269e-02 -1.292876e-02 3.378085e-02 1.179821e-01 2.236890e-02
6.287500e+03 3.812500e+03 1.300000e+03 -9.333152e-02 4.968276e-02 -3.458970e-02 3.330269e-02 -3.249716e-02 3.378085e-02 6.771819e-02 2.236890e-02
6.387500e+03 3.812500e+03 1.300000e+03 -5.082251e-02 4.968276e-02 -4.723220e-03 3.330269e-02 3.424397e-02 3.378085e-02 7.603079e-02 2.236890e-02
6.487500e+03 3.812500e+03 1.300000e+03 5.621799e-02 4.968276e-02 -6.748398e-03 3.330269e-02 3.208073e-02 3.378085e-02 4.963278e-02 2.236890e-02
6.587500e+03 3.812500e+03 1.325000e+03 -1.391841e-02 4.968276e-02 -6.973156e-02 3.330269e-02 -4.041704e-02 3.378085e-02 7.155624e-02 2.236890e-02
6.687500e+03 3.812500e+03 1.350000e+03 -2.612936e-02 4.968276e-02 3.424123e-02 3.330269e-02 6.560159e-03 3.378085e-02 8.345608e-02 2.236890e-02
6.787500e+03 3.812500e+03 1.375000e+03 -5.336844e-02 4.968276e-02 5.755990e-02 3.330269e-02 2.072853e-02 3.378085e-02 5.117303e-03 2.236890e-02
6.887500e+03 3.812500e+03 1.350000e+03 -7.584416e-02 4.968276e-02 7.138562e-02 3.330269e-02 -2.341169e-02 3.378085e-02 6.905144e-03 2.236890e-02
6.987500e+03 3.812500e+03 1.325000e+03 -7.598563e-02 4.968276e-02 5.558899e-02 3.330269e-02 -7.656511e-03 3.378085e-02 3.368362e-02 2.236890e-02
3.487500e+03 3.912500e+03 1.225000e+03 3.213405e-02 4.968276e-02 2.721440e-02 3.330269e-02 -6.617208e-02 3.378085e-02 2.755600e-02 2.236890e-02
3.587500e+03 3.912500e+03 1.225000e+03 8.129998e-02 4.968276e-02 6.888939e-02 3.330269e-02 2.185700e-02 3.378085e-02 3.611943e-02 2.236890e-02
3.687500e+03 3.912500e+03 1.225000e+03 3.883888e-02 4.968276e-02 7.982334e-02 3.330269e-02 6.479767e-02 3.378085e-02 1.655897e-03 2.236890e-02
3.787500e+03 3.912500e+03 1.200000e+03 7.636347e-02 4.968276e-02 5.440430e-02 3.330269e-02 5.528415e-02 3.378085e-02 3.200165e-03 2.236890e-02
3.887500e+03 3.912500e+03 1.200000e+03 9.756158e-02 4.968276e-02 2.159359e-03 3.330269e-02 9.173878e-02 3.378085e-02 -5.567824e-04 2.236890e-02
3.987500e+03 3.912500e+03 1.175000e+03 1.962010e-01 4.968276e-02 -4.543452e-03 3.330269e-02 1.122281e-01 3.378085e-02 5.009457e-02 2.236890e-02
4.087500e+03 3.912500e+03 1.150000e+03 1.847304e-01 4.968276e-02 8.115542e-03 3.330269e-02 5.626251e-02 3.378085e-02 -1.190895e-03 2.236890e-02
4.187500e+03 3.912500e+03 1.150000e+03 9.386089e-02 4.968276e-02 5.058254e-02 3.330269e-02 5.764243e-02 3.378085e-02 -2.054727e-02 2.236890e-02
4.287500e+03 3.912500e+03 1.150000e+03 2.724652e-01 4.968276e-02 -2.302732e-02 3.330269e-02 2.247017e-02 3.378085e-02 -4.429079e-02 2.236890e-02
4.387500e+03 3.912500e+03 1.125000e+03 2.008090e-01 4.968276e-02 5.433451e-02 3.330269e-02 -1.653487e-02 3.378085e-02 2.210952e-02 2.236890e-02
4.487500e+03 3.912500e+03 1.150000e+03 1.920880e-02 4.968276e-02 3.290963e-02 3.330269e-02 -2.343201e-02 3.378085e-02 2.836495e-02 2.236890e-02
4.587500e+03 3.912500e+03 1.150000e+03 5.993067e-02 4.968276e-02 4.357925e-02 3.330269e-02 -1.121042e-01 3.378085e-02 2.268913e-02 2.236890e-02
4.687500e+03 3.912500e+03 1.175000e+03 7.522326e-02 4.968276e-02 8.458414e-03 3.330269e-02 -9.220489e-02 3.378085e-02 1.653485e-03 2.236890e-02
4.787500e+03 3.912500e+03 1.175000e+03 7.948992e-02 4.968276e-02 -1.678941e-02 3.330269e-02 -5.712384e-02 3.378085e-02 3.432151e-02 2.236890e-02
4.887500e+03 3.912500e+03 1.225000e+03 2.131378e-01 4.968276e-02 -8.066680e-02 3.330269e-02 -3.891296e-02 3.378085e-02 -1.255315e-02 2.236890e-02
4.987500e+03 3.912500e+03 1.200000e+03 1.894113e-01 4.968276e-02 -1.419231e-01 3.330269e-02 4.619024e-03 3.378085e-02 7.731285e-03 2.236890e-02
5.087500e+03 3.912500e+03 1.225000e+03 2.154581e-01 4.968276e-02 -1.239909e-01 3.330269e-02 -1.286509e-01 3.378085e-02 1.655629e-02 2.236890e-02
5.187500e+03 3.912500e+03 1.225000e+03 2.760611e-01 4.968276e-02 -2.689233e-01 3.330269e-02 -2.161855e-01 3.378085e-02 1.209115e-01 2.236890e-02
5.287500e+03 3.912500e+03 1.225000e+03 4.466091e-01 4.968276e-02 -4.678583e-01 3.330269e-02 -3.667085e-01 3.378085e-02 1.402519e-01 2.236890e-02
5.387500e+03 3.912500e+03 1.250000e+03 8.654373e-02 4.968276e-02 8.550534e-02 3.330269e-02 -7.183572e-02 3.378085e-02 1.988801e-02 2.236890e-02
5.487500e+03 3.912500e+03 1.275000e+03 -1.513068e-01 4.968276e-02 1.939160e-01 3.330269e-02 9.368541e-02 3.378085e-02 -1.163934e-02 2.236890e-02
5.587500e+03 3.912500e+03 1.275000e+03 -2.858632e-01 4.968276e-02 1.491229e-01 3.330269e-02 1.532887e-01 3.378085e-02 -3.750758e-02 2.236890e-02
5.687500e+03 3.912500e+03 1.300000e+03 -1.968793e-01 4.968276e-02 5.589949e-02 3.330269e-02 1.619862e-01 3.378085e-02 2.285529e-02 2.236890e-02
5.787500e+03 3.912500e+03 1.300000e+03 -3.064143e-01 4.968276e-02 8.804928e-02 3.330269e-02 1.257755e-01 3.378085e-02 5.992498e-02 2.236890e-02
5.887500e+03 3.912500e+03 1.275000e+03 -2.390496e-01 4.968276e-02 5.112672e-02 3.330269e-02 1.243165e-01 3.378085e-02 1.269541e-02 2.236890e-02
5.987500e+03 3.912500e+03 1.250000e+03 -1.429706e-01 4.968276e-02 -1.469634e-02 3.330269e-02 6.232160e-02 3.378085e-02 9.601092e-02 2.236890e-02
6.087500e+03 3.912500e+03 1.250000e+03 -1.667937e-01 4.968276e-02 -4.619806e-02 3.330269e-02 1.105934e-01 3.378085e-02 7.548404e-02 2.236890e-02
6.187500e+03 3.912500e+03 1.275000e+03 -7.981981e-02 4.968276e-02 7.398131e-03 3.330269e-02 3.582558e-02 3.378085e-02 9.757239e-02 2.236890e-02
6.287500e+03 3.912500e+03 1.275000e+03 3.032952e-02 4.968276e-02 -2.873586e-02 3.330269e-02 -5.547268e-02 3.378085e-02 8.700665e-02 2.236890e-02
6.387500e+03 3.912500e+03 1.275000e+03 -1.594759e-01 4.968276e-02 -3.881112e-02 3.330269e-02 7.027000e-03 3.378085e-02 9.430742e-02 2.236890e-02
6.487500e+03 3.912500e+03 1.300000e+03 -7.686740e-02 4.968276e-02 -3.885424e-02 3.330269e-02 3.221649e-02 3.378085e-02 8.891201e-02 2.236890e-02
6.587500e+03 3.912500e+03 1.300000e+03 -4.121533e-02 4.968276e-02 2.077666e-02 3.330269e-02 1.541576e-02 3.378085e-02 8.117893e-02 2.236890e-02
6.687500e+03 3.912500e+03 1.325000e+03 -8.800490e-02 4.968276e-02 -6.486101e-03 3.330269e-02 -7.683481e-03 3.378085e-02 8.172805e-02 2.236890e-02
6.787500e+03 3.912500e+03 1.375000e+03 -4.293843e-02 4.968276e-02 4.254380e-02 3.330269e-02 -2.328595e-02 3.378085e-02 2.791937e-02 2.236890e-02
6.887500e+03 3.912500e+03 1.375000e+03 -9.788528e-02 4.968276e-02 8.745068e-02 3.330269e-02 4.602005e-03 3.378085e-02 4.286986e-03 2.236890e-02
6.987500e+03 3.912500e+03 1.350000e+03 -1.329353e-01 4.968276e-02 5.944552e-02 3.330269e-02 1.466520e-02 3.378085e-02 3.137977e-02 2.236890e-02
3.487500e+03 4.012500e+03 1.225000e+03 1.534167e-01 4.968276e-02 -4.122194e-02 3.330269e-02 1.157628e-01 3.378085e-02 -4.317642e-03 2.236890e-02
3.587500e+03 4.012500e+03 1.200000e+03 1.712219e-01 4.968276e-02 -2.836413e-02 3.330269e-02 1.032501e-01 3.378085e-02 -1.012179e-02 2.236890e-02
3.687500e+03 4.012500e+03 1.200000e+03 1.188948e-01 4.968276e-02 -3.883670e-02 3.330269e-02 8.918734e-02 3.378085e-02 -1.179547e-02 2.236890e-02
3.787500e+03 4.012500e+03 1.175000e+03 2.181160e-01 4.968276e-02 1.512968e-02 3.330269e-02 1.097836e-01 3.378085e-02 -1.487405e-02 2.236890e-02
3.887500e+03 4.012500e+03 1.175000e+03 1.319199e-01 4.968276e-02 -3.591733e-02 3.330269e-02 8.131244e-02 3.378085e-02 -3.697563e-02 2.236890e-02
3.987500e+03 4.012500e+03 1.150000e+03 1.445663e-01 4.968276e-02 -3.786530e-02 3.330269e-02 1.097901e-01 3.378085e-02 1.470076e-02 2.236890e-02
4.087500e+03 4.012500e+03 1.150000e+03 7.814116e-02 4.968276e-02 5.988243e-02 3.330269e-02 5.965576e-02 3.378085e-02 1.498966e-02 2.236890e-02
4.187500e+03 4.012500e+03 1.150000e+03 1.295671e-01 4.968276e-02 4.424256e-02 3.330269e-02 1.156608e-01 3.378085e-02 5.352590e-04 2.236890e-02
4.287500e+03 4.012500e+03 1.150000e+03 1.153372e-01 4.968276e-02 6.206325e-03 3.330269e-02 4.261273e-02 3.378085e-02 2.821760e-02 2.236890e-02
4.387500e+03 4.012500e+03 1.150000e+03 1.281990e-01 4.968276e-02 6.809248e-02 3.330269e-02 -4.564455e-02 3.378085e-02 1.840937e-02 2.236890e-02
4.487500e+03 4.012500e+03 1.150000e+03 1.717367e-01 4.968276e-02 1.253625e-01 3.330269e-02 -1.063530e-01 3.378085e-02 3.089729e-02 2.236890e-02
4.587500e+03 4.012500e+03 1.175000e+03 -2.516768e-02 4.968276e-02 3.811086e-02 3.330269e-02 -1.150291e-01 3.378085e-02 1.017738e-02 2.236890e-02
4.687500e+03 4.012500e+03 1.175000e+03 9.357787e-02 4.968276e-02 1.914315e-02 3.330269e-02 -1.732956e-01 3.378085e-02 1.788841e-02 2.236890e-02
4.787500e+03 4.012500e+03 1.175000e+03 1.504083e-01 4.968276e-02 -8.547484e-02 3.330269e-02 -5.696924e-02 3.378085e-02 -1.137331e-02 2.236890e-02
4.887500e+03 4.012500e+03 1.225000e+03 6.998370e-02 4.968276e-02 -1.022719e-01 3.330269e-02 -2.319346e-02 3.378085e-02 -4.104457e-02 2.236890e-02
4.987500e+03 4.012500e+03 1.225000e+03 1.303853e-01 4.968276e-02 -5.016727e-02 3.330269e-02 -4.760811e-02 3.378085e-02 -2.503596e-02 2.236890e-02
5.087500e+03 4.012500e+03 1.225000e+03 8.090140e-02 4.968276e-02 -1.060293e-01 3.330269e-02 -1.185082e-01 3.378085e-02 2.243111e-02 2.236890e-02
5.187500e+03 4.012500e+03 1.225000e+03 1.054144e-01 4.968276e-02 -1.618952e-01 3.330269e-02 -1.190266e-01 3.378085e-02 4.458994e-02 2.236890e-02
5.287500e+03 4.012500e+03 1.250000e+03 1.326934e-01 4.968276e-02 -1.422466e-01 3.330269e-02 -1.312992e-01 3.378085e-02 1.000416e-01 2.236890e-02
5.387500e+03 4.012500e+03 1.250000e+03 3.777671e-01 4.968276e-02 -3.434950e-01 3.330269e-02 -2.161460e-01 3.378085e-02 9.303409e-02 2.236890e-02
5.487500e+03 4.012500e+03 1.275000e+03 3.170704e-01 4.968276e-02 -3.369970e-01 3.330269e-02 -2.009630e-01 3.378085e-02 1.229483e-01 2.236890e-02
5.587500e+03 4.012500e+03 1.275000e+03 -1.237412e-01 4.968276e-02 1.230075e-01 3.330269e-02 1.220195e-01 3.378085e-02 -4.195183e-02 2.236890e-02
5.687500e+03 4.012500e+03 1.300000e+03 -2.025446e-01 4.968276e-02 1.797731e-01 3.330269e-02 8.719081e-02 3.378085e-02 -3.908837e-03 2.236890e-02
5.787500e+03 4.012500e+03 1.275000e+03 -2.334911e-01 4.968276e-02 1.244026e-01 3.330269e-02 1.709539e-01 3.378085e-02 -1.871512e-02 2.236890e-02
5.887500e+03 4.012500e+03 1.275000e+03 -2.534289e-01 4.968276e-02 9.776231e-02 3.330269e-02 9.445912e-02 3.378085e-02 3.451893e-02 2.236890e-02
5.987500e+03 4.012500e+03 1.250000e+03 -1.396983e-01 4.968276e-02 -4.670141e-02 3.330269e-02 9.143396e-02 3.378085e-02 4.382078e-02 2.236890e-02
6.087500e+03 4.012500e+03 1.275000e+03 -2.185062e-01 4.968276e-02 -2.270330e-02 3.330269e-02 8.541786e-02 3.378085e-02 9.756158e-02 2.236890e-02
6.187500e+03 4.012500e+03 1.300000e+03 -2.011128e-01 4.968276e-02 -3.358223e-02 3.330269e-02 5.036678e-02 3.378085e-02 1.107250e-01 2.236890e-02
6.287500e+03 4.012500e+03 1.300000e+03 -9.089673e-02 4.968276e-02 -7.246586e-03 3.330269e-02 3.787094e-02 3.378085e-02 8.144585e-02 2.236890e-02
6.387500e+03 4.012500e+03 1.300000e+03 -1.078117e-01 4.968276e-02 -3.104836e-02 3.330269e-02 2.103876e-02 3.378085e-02 5.105504e-02 2.236890e-02
6.487500e+03 4.012500e+03 1.325000e+03 -1.189027e-01 4.968276e-02 2.016581e-02 3.330269e-02 -6.826909e-02 3.378085e-02 7.281416e-02 2.236890e-02
6.587500e+03 4.012500e+03 1.325000e+03 -9.832545e-02 4.968276e-02 8.067388e-03 3.330269e-02 1.131621e-03 3.378085e-02 4.192856e-02 2.236890e-02
6.687500e+03 4.012500e+03 1.350000e+03 -1.662798e-01 4.968276e-02 -7.364903e-03 3.330269e-02 -2.967022e-02 3.378085e-02 6.260012e-02 2.236890e-02
6.787500e+03 4.012500e+03 1.375000e+03 -6.039460e-02 4.968276e-02 3.220143e-02 3.330269e-02 -5.816203e-02 3.378085e-02 8.142809e-02 2.236890e-02
6.887500e+03 4.012500e+03 1.375000e+03 -7.873730e-02 4.968276e-02 7.626501e-02 3.330269e-02 -4.702057e-02 3.378085e-02 4.720571e-02 2.236890e-02
6.987500e+03 4.012500e+03 1.375000e+03 -1.120054e-01 4.968276e-02 9.508267e-02 3.330269e-02 -1.246172e-02 3.378085e-02 7.942647e-03 2.236890e-02
3.487500e+03 4.112500e+03 1.200000e+03 8.967942e-02 4.968276e-02 -1.109864e-02 3.330269e-02 1.139681e-02 3.378085e-02 1.139851e-02 2.236890e-02
3.587500e+03 4.112500e+03 1.175000e+03 1.885395e-01 4.968276e-02 -7.362947e-02 3.330269e-02 6.507655e-02 3.378085e-02 -3.034818e-02 2.236890e-02
3.687500e+03 4.112500e+03 1.175000e+03 2.679524e-01 4.968276e-02 -5.893427e-02 3.330269e-02 8.587660e-02 3.378085e-02 3.429079e-02 2.236890e-02
3.787500e+03 4.112500e+03 1.175000e+03 1.516863e-01 4.968276e-02 9.741495e-04 3.330269e-02 1.131509e-01 3.378085e-02 2.483713e-03 2.236890e-02
3.887500e+03 4.112500e+03 1.150000e+03 1.890290e-01 4.968276e-02 2.227239e-02 3.330269e-02 1.101380e-01 3.378085e-02 -3.546211e-03 2.236890e-02
3.987500e+03 4.112500e+03 1.150000e+03 1.138914e-01 4.968276e-02 5.321474e-02 3.330269e-02 1.451615e-01 3.378085e-02 3.028979e-02 2.236890e-02
4.087500e+03 4.112500e+03 1.150000e+03 1.688574e-01 4.968276e-02 2.933937e-02 3.330269e-02 5.812162e-02 3.378085e-02 2.908054e-02 2.236890e-02
4.187500e+03 4.112500e+03 1.150000e+03 1.786801e-01 4.968276e-02 5.194099e-02 3.330269e-02 3.881860e-02 3.378085e-02 -2.385549e-02 2.236890e-02
4.287500e+03 4.112500e+03 1.150000e+03 5.070608e-02 4.968276e-02 1.681059e-02 3.330269e-02 -4.015509e-02 3.378085e-02 -3.078321e-03 2.236890e-02
4.387500e+03 4.112500e+03 1.150000e+03 5.022814e-02 4.968276e-02 2.099689e-04 3.330269e-02 -2.081970e-02 3.378085e-02 4.637064e-02 2.236890e-02
4.487500e+03 4.112500e+03 1.175000e+03 1.832263e-01 4.968276e-02 6.748639e-02 3.330269e-02 -8.036908e-02 3.378085e-02 1.248286e-02 2.236890e-02
4.587500e+03 4.112500e+03 1.175000e+03 6.669748e-02 4.968276e-02 1.793376e-02 3.330269e-02 -1.244024e-01 3.378085e-02 3.185561e-02 2.236890e-02
4.687500e+03 4.112500e+03 1.200000e+03 1.148201e-01 4.968276e-02 -6.971346e-03 3.330269e-02 -1.373929e-01 3.378085e-02 -1.826784e-02 2.236890e-02
4.787500e+03 4.112500e+03 1.200000e+03 6.733070e-02 4.968276e-02 -9.929425e-02 3.330269e-02 2.357068e-03 3.378085e-02 -9.241624e-02 2.236890e-02
4.887500e+03 4.112500e+03 1.200000e+03 -3.202688e-03 4.968276e-02 -7.259373e-02 3.330269e-02 1.181878e-02 3.378085e-02 -7.198242e-02 2.236890e-02
4.987500e+03 4.112500e+03 1.225000e+03 9.123834e-02 4.968276e-02 -4.840423e-02 3.330269e-02 -9.465479e-03 3.378085e-02 2.586581e-04 2.236890e-02
5.087500e+03 4.112500e+03 1.225000e+03 4.332089e-02 4.968276e-02 -9.415753e-02 3.330269e-02 -7.844590e-02 3.378085e-02 1.957225e-02 2.236890e-02
5.187500e+03 4.112500e+03 1.250000e+03 6.493704e-02 4.968276e-02 -1.945062e-02 3.330269e-02 -1.313441e-01 3.378085e-02 9.763853e-02 2.236890e-02
5.287500e+03 4.112500e+03 1.250000e+03 1.325324e-01 4.968276e-02 -1.416805e-01 3.330269e-02 -8.444361e-02 3.378085e-02 4.705927e-02 2.236890e-02
5.387500e+03 4.112500e+03 1.275000e+03 1.027435e-01 4.968276e-02 -1.538091e-01 3.330269e-02 -1.388655e-01 3.378085e-02 7.998899e-02 2.236890e-02
5.487500e+03 4.112500e+03 1.275000e+03 2.498224e-01 4.968276e-02 -1.921266e-01 3.330269e-02 -1.695631e-01 3.378085e-02 6.808259e-02 2.236890e-02
5.587500e+03 4.112500e+03 1.275000e+03 2.809745e-01 4.968276e-02 -2.973823e-01 3.330269e-02 -2.911659e-01 3.378085e-02 1.651115e-01 2.236890e-02
5.687500e+03 4.112500e+03 1.275000e+03 1.305643e-01 4.968276e-02 -1.794473e-01 3.330269e-02 -7.976348e-02 3.378085e-02 4.596487e-02 2.236890e-02
5.787500e+03 4.112500e+03 1.300000e+03 -1.566571e-01 4.968276e-02 1.199886e-01 3.330269e-02 1.436862e-01 3.378085e-02 -5.918338e-03 2.236890e-02
5.887500e+03 4.112500e+03 1.300000e+03 -2.168786e-01 4.968276e-02 7.449938e-02 3.330269e-02 8.670439e-02 3.378085e-02 -1.160216e-02 2.236890e-02
5.987500e+03 4.112500e+03 1.275000e+03 -3.185238e-01 4.968276e-02 3.306118e-02 3.330269e-02 1.412691e-01 3.378085e-02 6.738432e-02 2.236890e-02
6.087500e+03 4.112500e+03 1.275000e+03 -1.509537e-01 4.968276e-02 -1.531819e-02 3.330269e-02 1.270528e-01 3.378085e-02 7.484810e-02 2.236890e-02
6.187500e+03 4.112500e+03 1.300000e+03 -1.548803e-01 4.968276e-02 -1.682791e-02 3.330269e-02 5.266705e-02 3.378085e-02 1.095065e-01 2.236890e-02
6.287500e+03 4.112500e+03 1.325000e+03 -1.257450e-01 4.968276e-02 2.473872e-02 3.330269e-02 9.670831e-03 3.378085e-02 5.722287e-02 2.236890e-02
6.387500e+03 4.112500e+03 1.300000e+03 -9.186774e-02 4.968276e-02 8.715345e-03 3.330269e-02 2.873699e-02 3.378085e-02 7.760638e-02 2.236890e-02
6.487500e+03 4.112500e+03 1.350000e+03 -8.560049e-02 4.968276e-02 3.540130e-02 3.330269e-02 -3.384860e-02 3.378085e-02 1.147172e-01 2.236890e-02
6.587500e+03 4.112500e+03 1.350000e+03 -1.151258e-01 4.968276e-02 -9.317359e-03 3.330269e-02 3.263490e-02 3.378085e-02 6.924360e-02 2.236890e-02
6.687500e+03 4.112500e+03 1.375000e+03 -1.383117e-01 4.968276e-02 -4.236408e-02 3.330269e-02 2.791984e-02 3.378085e-02 6.993299e-02 2.236890e-02
6.787500e+03 4.112500e+03 1.400000e+03 -1.247380e-01 4.968276e-02 -3.364215e-03 3.330269e-02 -3.196718e-02 3.378085e-02 6.817777e-02 2.236890e-02
6.887500e+03 4.112500e+03 1.400000e+03 -1.099640e-01 4.968276e-02 5.232412e-02 3.330269e-02 -5.322731e-03 3.378085e-02 6.496309e-02 2.236890e-02
6.987500e+03 4.112500e+03 1.375000e+03 -7.380979e-02 4.968276e-02 5.586137e-02 3.330269e-02 4.320749e-02 3.378085e-02 4.847144e-02 2.236890e-02
3.487500e+03 4.212500e+03 1.175000e+03 1.802334e-01 4.968276e-02 -5.548334e-02 3.330269e-02 8.820901e-02 3.378085e-02 -1.965865e-02 2.236890e-02
3.587500e+03 4.212500e+03 1.175000e+03 1.792045e-01 4.968276e-02 3.118678e-02 3.330269e-02 5.166034e-02 3.378085e-02 2.967507e-02 2.236890e-02
3.687500e+03 4.212500e+03 1.175000e+03 1.866071e-01 4.968276e-02 -9.291597e-02 3.330269e-02 1.048737e-01 3.378085e-02 -1.730590e-02 2.236890e-02
3.787500e+03 4.212500e+03 1.150000e+03 2.788506e-01 4.968276e-02 1.263390e-02 3.330269e-02 1.197125e-01 3.378085e-02 4.271244e-03 2.236890e-02
3.887500e+03 4.212500e+03 1.150000e+03 1.391081e-01 4.968276e-02 3.670996e-02 3.330269e-02 1.750785e-01 3.378085e-02 -1.047902e-02 2.236890e-02
3.987500e+03 4.212500e+03 1.150000e+03 1.561129e-01 4.968276e-02 -7.385877e-03 3.330269e-02 9.504372e-02 3.378085e-02 3.913676e-02 2.236890e-02
4.087500e+03 4.212500e+03 1.150000e+03 1.549206e-01 4.968276e-02 -2.313481e-02 3.330269e-02 1.276709e-01 3.378085e-02 -2.012145e-03 2.236890e-02
4.187500e+03 4.212500e+03 1.125000e+03 1.031973e-01 4.968276e-02 3.432921e-02 3.330269e-02 -8.778984e-03 3.378085e-02 3.199845e-02 2.236890e-02
4.287500e+03 4.212500e+03 1.150000e+03 1.490619e-01 4.968276e-02 2.670616e-02 3.330269e-02 1.391787e-02 3.378085e-02 2.066458e-02 2.236890e-02
4.387500e+03 4.212500e+03 1.175000e+03 9.460188e-02 4.968276e-02 -6.791000e-03 3.330269e-02 5.918489e-02 3.378085e-02 -3.126864e-02 2.236890e-02
4.487500e+03 4.212500e+03 1.175000e+03 1.044131e-01 4.968276e-02 3.100820e-02 3.330269e-02 -7.969513e-02 3.378085e-02 4.972328e-02 2.236890e-02
4.587500e+03 4.212500e+03 1.175000e+03 9.688133e-02 4.968276e-02 -3.340477e-02 3.330269e-02 -1.525834e-01 3.378085e-02 -3.417907e-02 2.236890e-02
4.687500e+03 4.212500e+03 1.200000e+03 1.378314e-01 4.968276e-02 8.346700e-02 3.330269e-02 -1.123742e-01 3.378085e-02 5.257251e-03 2.236890e-02
4.787500e+03 4.212500e+03 1.225000e+03 -5.726780e-03 4.968276e-02 -8.116609e-02 3.330269e-02 -2.112118e-02 3.378085e-02 -1.141655e-01 2.236890e-02
4.887500e+03 4.212500e+03 1.225000e+03 -4.954135e-03 4.968276e-02 -8.293961e-02 3.330269e-02 -8.292018e-02 3.378085e-02 -3.835702e-02 2.236890e-02
4.987500e+03 4.212500e+03 1.225000e+03 -1.149118e-02 4.968276e-02 3.015892e-02 3.330269e-02 -7.422497e-02 3.378085e-02 -1.112692e-02 2.236890e-02
5.087500e+03 4.212500e+03 1.250000e+03 3.154545e-02 4.968276e-02 4.258955e-02 3.330269e-02 -7.977880e-02 3.378085e-02 3.329859e-02 2.236890e-02
5.187500e+03 4.212500e+03 1.250000e+03 -2.233094e-02 4.968276e-02 1.641775e-03 3.330269e-02 -8.911825e-02 3.378085e-02 3.498961e-02 2.236890e-02
5.287500e+03 4.212500e+03 1.275000e+03 7.482536e-03 4.968276e-02 -2.101127e-03 3.330269e-02 -8.836806e-02 3.378085e-02 6.874821e-02 2.236890e-02
5.387500e+03 4.212500e+03 1.300000e+03 6.705497e-02 4.968276e-02 -9.990245e-02 3.330269e-02 -7.295527e-02 3.378085e-02 7.668797e-02 2.236890e-02
5.487500e+03 4.212500e+03 1.325000e+03 1.197964e-01 4.968276e-02 -4.968043e-02 3.330269e-02 -7.140482e-02 3.378085e-02 -5.670397e-03 2.236890e-02
5.587500e+03 4.212500e+03 1.325000e+03 7.429332e-02 4.968276e-02 -1.607151e-01 3.330269e-02 -9.028749e-02 3.378085e-02 8.681617e-02 2.236890e-02
5.687500e+03 4.212500e+03 1.300000e+03 1.716792e-01 4.968276e-02 -2.402397e-01 3.330269e-02 -1.373566e-01 3.378085e-02 9.606508e-02 2.236890e-02
5.787500e+03 4.212500e+03 1.300000e+03 2.841823e-01 4.968276e-02 -3.632337e-01 3.330269e-02 -1.458514e-01 3.378085e-02 7.307133e-02 2.236890e-02
5.887500e+03 4.212500e+03 1.300000e+03 -1.100367e-01 4.968276e-02 -6.452022e-02 3.330269e-02 -1.211386e-05 3.378085e-02 4.431361e-02 2.236890e-02
5.987500e+03 4.212500e+03 1.275000e+03 -2.689339e-01 4.968276e-02 9.748050e-02 3.330269e-02 1.642040e-01 3.378085e-02 8.776954e-03 2.236890e-02
6.087500e+03 4.212500e+03 1.275000e+03 -3.060158e-01 4.968276e-02 3.731541e-02 3.330269e-02 2.178871e-01 3.378085e-02 5.306431e-02 2.236890e-02
6.187500e+03 4.212500e+03 1.300000e+03 -2.872842e-01 4.968276e-02 1.010061e-02 3.330269e-02 1.225061e-01 3.378085e-02 1.105240e-01 2.236890e-02
6.287500e+03 4.212500e+03 1.325000e+03 -1.520549e-01 4.968276e-02 -1.429025e-02 3.330269e-02 8.252618e-02 3.378085e-02 1.083354e-01 2.236890e-02
6.387500e+03 4.212500e+03 1.325000e+03 -1.364173e-01 4.968276e-02 -4.101498e-02 3.330269e-02 -6.894074e-03 3.378085e-02 9.092912e-02 2.236890e-02
6.487500e+03 4.212500e+03 1.325000e+03 -6.623193e-02 4.968276e-02 1.171892e-02 3.330269e-02 -4.341347e-04 3.378085e-02 1.087146e-01 2.236890e-02
6.587500e+03 4.212500e+03 1.350000e+03 -1.370399e-01 4.968276e-02 -2.861624e-02 3.330269e-02 -1.344840e-02 3.378085e-02 9.129035e-02 2.236890e-02
6.687500e+03 4.212500e+03 1.375000e+03 -1.010102e-01 4.968276e-02 -5.089841e-02 3.330269e-02 -2.399803e-02 3.378085e-02 8.206911e-02 2.236890e-02
6.787500e+03 4.212500e+03 1.400000e+03 -1.006646e-01 4.968276e-02 1.461514e-02 3.330269e-02 -6.867134e-02 3.378085e-02 5.432071e-02 2.236890e-02
6.887500e+03 4.212500e+03 1.400000e+03 -7.143573e-02 4.968276e-02 5.349961e-04 3.330269e-02 -4.229814e-02 3.378085e-02 4.773114e-02 2.236890e-02
6.987500e+03 4.212500e+03 1.400000e+03 -1.256177e-01 4.968276e-02 7.676547e-02 3.330269e-02 -1.384750e-02 3.378085e-02 3.006706e-04 2.236890e-02
3.487500e+03 4.312500e+03 1.175000e+03 6.199897e-02 4.968276e-02 -2.923135e-02 3.330269e-02 7.492458e-02 3.378085e-02 3.580426e-02 2.236890e-02
3.587500e+03 4.312500e+03 1.175000e+03 1.929806e-01 4.968276e-02 2.385502e-02 3.330269e-02 1.065703e-01 3.378085e-02 4.569860e-03 2.236890e-02
3.687500e+03 4.312500e+03 1.150000e+03 1.950543e-01 4.968276e-02 7.064894e-02 3.330269e-02 1.249490e-01 3.378085e-02 2.771943e-02 2.236890e-02
3.787500e+03 4.312500e+03 1.150000e+03 1.126598e-01 4.968276e-02 1.645496e-02 3.330269e-02 1.189206e-01 3.378085e-02 5.548937e-03 2.236890e-02
3.887500e+03 4.312500e+03 1.150000e+03 2.051371e-01 4.968276e-02 -3.975903e-03 3.330269e-02 1.088852e-01 3.378085e-02 3.968701e-03 2.236890e-02
3.987500e+03 4.312500e+03 1.150000e+03 1.357199e-01 4.968276e-02 -1.226277e-02 3.330269e-02 1.095138e-01 3.378085e-02 -1.334517e-02 2.236890e-02
4.087500e+03 4.312500e+03 1.125000e+03 7.532235e-02 4.968276e-02 4.143303e-03 3.330269e-02 8.275135e-02 3.378085e-02 1.800826e-02 2.236890e-02
4.187500e+03 4.312500e+03 1.150000e+03 -3.269987e-03 4.968276e-02 1.831318e-02 3.330269e-02 -8.314313e-02 3.378085e-02 3.645302e-02 2.236890e-02
4.287500e+03 4.312500e+03 1.175000e+03 8.283841e-02 4.968276e-02 2.268259e-02 3.330269e-02 -4.780258e-02 3.378085e-02 2.169121e-02 2.236890e-02
4.387500e+03 4.312500e+03 1.175000e+03 -2.996807e-02 4.968276e-02 9.166625e-02 3.330269e-02 3.114231e-02 3.378085e-02 3.832900e-02 2.236890e-02
4.487500e+03 4.312500e+03 1.175000e+03 6.606948e-02 4.968276e-02 6.540332e-02 3.330269e-02 -7.094427e-02 3.378085e-02 5.144700e-02 2.236890e-02
4.587500e+03 4.312500e+03 1.200000e+03 3.773941e-02 4.968276e-02 9.646090e-02 3.330269e-02 -1.160647e-01 3.378085e-02 6.929198e-02 2.236890e-02
4.687500e+03 4.312500e+03 1.225000e+03 -4.217204e-02 4.968276e-02 -6.406928e-02 3.330269e-02 -9.314738e-02 3.378085e-02 -1.623151e-03 2.236890e-02
4.787500e+03 4.312500e+03 1.225000e+03 -2.611131e-02 4.968276e-02 -1.092331e-02 3.330269e-02 -2.779129e-02 3.378085e-02 -5.678468e-02 2.236890e-02
4.887500e+03 4.312500e+03 1.250000e+03 2.798884e-02 4.968276e-02 -4.635525e-02 3.330269e-02 -5.297271e-02 3.378085e-02 -2.475817e-02 2.236890e-02
4.987500e+03 4.312500e+03 1.250000e+03 8.116798e-03 4.968276e-02 2.741661e-02 3.330269e-02 -6.881019e-02 3.378085e-02 -1.272701e-02 2.236890e-02
5.087500e+03 4.312500e+03 1.250000e+03 1.458582e-02 4.968276e-02 6.668639e-03 3.330269e-02 -2.528076e-02 3.378085e-02 -3.521559e-02 2.236890e-02
5.187500e+03 4.312500e+03 1.275000e+03 -5.035734e-02 4.968276e-02 -6.036562e-02 3.330269e-02 -1.220689e-01 3.378085e-02 8.112892e-02 2.236890e-02
5.287500e+03 4.312500e+03 1.300000e+03 4.929630e-02 4.968276e-02 -1.337149e-02 3.330269e-02 1.561184e-02 3.378085e-02 6.340830e-02 2.236890e-02
5.387500e+03 4.312500e+03 1.350000e+03 4.992539e-02 4.968276e-02 1.021895e-02 3.330269e-02 -4.520337e-02 3.378085e-02 3.966709e-02 2.236890e-02
5.487500e+03 4.312500e+03 1.350000e+03 8.040283e-02 4.968276e-02 -8.204477e-02 3.330269e-02 -5.694000e-02 3.378085e-02 2.406735e-02 2.236890e-02
5.587500e+03 4.312500e+03 1.350000e+03 7.818718e-02 4.968276e-02 -3.256023e-02 3.330269e-02 -5.778832e-02 3.378085e-02 2.519153e-03 2.236890e-02
5.687500e+03 4.312500e+03 1.325000e+03 4.924675e-02 4.968276e-02 -8.468776e-02 3.330269e-02 -1.042321e-01 3.378085e-02 1.199665e-03 2.236890e-02
5.787500e+03 4.312500e+03 1.300000e+03 5.037969e-02 4.968276e-02 -1.982560e-01 3.330269e-02 -9.258117e-02 3.378085e-02 1.907300e-02 2.236890e-02
5.887500e+03 4.312500e+03 1.300000e+03 9.967498e-02 4.968276e-02 -2.232127e-01 3.330269e-02 -1.990080e-01 3.378085e-02 4.906938e-02 2.236890e-02
5.987500e+03 4.312500e+03 1.275000e+03 2.027659e-01 4.968276e-02 -3.561175e-01 3.330269e-02 -1.992056e-01 3.378085e-02 1.441447e-01 2.236890e-02
6.087500e+03 4.312500e+03 1.275000e+03 -4.616451e-01 4.968276e-02 2.318275e-01 3.330269e-02 2.552242e-01 3.378085e-02 -5.816614e-02 2.236890e-02
6.187500e+03 4.312500e+03 1.275000e+03 -2.668643e-01 4.968276e-02 9.139452e-02 3.330269e-02 2.244893e-01 3.378085e-02 3.508220e-02 2.236890e-02
6.287500e+03 4.312500e+03 1.325000e+03 -1.910028e-01 4.968276e-02 4.228637e-02 3.330269e-02 1.092001e-01 3.378085e-02 1.265042e-01 2.236890e-02
6.387500e+03 4.312500e+03 1.350000e+03 -4.983250e-02 4.968276e-02 5.130394e-02 3.330269e-02 7.461510e-02 3.378085e-02 1.040445e-01 2.236890e-02
6.487500e+03 4.312500e+03 1.350000e+03 -8.818979e-02 4.968276e-02 -4.808400e-02 3.330269e-02 4.968984e-03 3.378085e-02 8.928754e-02 2.236890e-02
6.587500e+03 4.312500e+03 1.350000e+03 -9.349884e-05 4.968276e-02 2.793790e-02 3.330269e-02 1.476540e-02 3.378085e-02 5.450010e-02 2.236890e-02
6.687500e+03 4.312500e+03 1.375000e+03 -2.358335e-01 4.968276e-02 -2.997986e-02 3.330269e-02 -1.822690e-02 3.378085e-02 6.514707e-02 2.236890e-02
6.787500e+03 4.312500e+03 1.400000e+03 -9.460859e-02 4.968276e-02 3.959267e-02 3.330269e-02 -4.074122e-02 3.378085e-02 9.741915e-02 2.236890e-02
6.887500e+03 4.312500e+03 1.400000e+03 -4.474328e-04 4.968276e-02 1.431889e-02 3.330269e-02 2.436147e-02 3.378085e-02 5.882436e-02 2.236890e-02
6.987500e+03 4.312500e+03 1.425000e+03 -4.509012e-02 4.968276e-02 8.001208e-02 3.330269e-02 1.917864e-02 3.378085e-02 1.269742e-02 2.236890e-02
3.487500e+03 4.412500e+03 1.175000e+03 1.086137e-01 4.968276e-02 4.348409e-02 3.330269e-02 7.108931e-02 3.378085e-02 -8.175118e-03 2.236890e-02
3.587500e+03 4.412500e+03 1.150000e+03 1.556338e-01 4.968276e-02 -4.591749e-03 3.330269e-02 1.866019e-01 3.378085e-02 -5.960822e-02 2.236890e-02
3.687500e+03 4.412500e+03 1.150000e+03 9.719526e-02 4.968276e-02 4.396723e-02 3.330269e-02 1.270904e-01 3.378085e-02 3.315995e-02 2.236890e-02
3.787500e+03 4.412500e+03 1.125000e+03 2.560888e-01 4.968276e-02 -4.928700e-02 3.330269e-02 1.812620e-01 3.378085e-02 -3.844118e-02 2.236890e-02
3.887500e+03 4.412500e+03 1.125000e+03 1.731443e-01 4.968276e-02 2.380865e-02 3.330269e-02 9.301140e-02 3.378085e-02 3.981121e-02 2.236890e-02
3.987500e+03 4.412500e+03 1.125000e+03 4.814133e-02 4.968276e-02 5.274831e-02 3.330269e-02 5.022364e-02 3.378085e-02 -9.698764e-03 2.236890e-02
4.087500e+03 4.412500e+03 1.150000e+03 1.594359e-03 4.968276e-02 3.506549e-02 3.330269e-02 9.249691e-02 3.378085e-02 3.262772e-02 2.236890e-02
4.187500e+03 4.412500e+03 1.150000e+03 4.130735e-02 4.968276e-02 1.201594e-01 3.330269e-02 4.299064e-02 3.378085e-02 1.992519e-02 2.236890e-02
4.287500e+03 4.412500e+03 1.175000e+03 2.936207e-02 4.968276e-02 5.507208e-02 3.330269e-02 4.597988e-03 3.378085e-02 -2.480520e-03 2.236890e-02
4.387500e+03 4.412500e+03 1.175000e+03 3.238607e-02 4.968276e-02 4.086155e-02 3.330269e-02 -1.210002e-01 3.378085e-02 2.923978e-02 2.236890e-02
4.487500e+03 4.412500e+03 1.200000e+03 -1.563973e-02 4.968276e-02 3.714880e-02 3.330269e-02 -7.235638e-02 3.378085e-02 1.142873e-02 2.236890e-02
4.587500e+03 4.412500e+03 1.225000e+03 5.177556e-03 4.968276e-02 1.133621e-03 3.330269e-02 -6.935189e-02 3.378085e-02 -4.311933e-02 2.236890e-02
4.687500e+03 4.412500e+03 1.225000e+03 6.339402e-02 4.968276e-02 -3.045062e-02 3.330269e-02 -6.816142e-02 3.378085e-02 -1.647705e-02 2.236890e-02
4.787500e+03 4.412500e+03 1.250000e+03 -1.721229e-02 4.968276e-02 7.266433e-03 3.330269e-02 -7.251682e-02 3.378085e-02 -8.983786e-02 2.236890e-02
4.887500e+03 4.412500e+03 1.250000e+03 8.967155e-02 4.968276e-02 -2.581687e-03 3.330269e-02 -3.427600e-02 3.378085e-02 -4.899656e-02 2.236890e-02
4.987500e+03 4.412500e+03 1.250000e+03 -6.928027e-02 4.968276e-02 6.005195e-02 3.330269e-02 -9.091468e-02 3.378085e-02 -6.103661e-02 2.236890e-02
5.087500e+03 4.412500e+03 1.250000e+03 2.859977e-02 4.968276e-02 6.659289e-02 3.330269e-02 -5.365525e-02 3.378085e-02 -7.303552e-03 2.236890e-02
5.187500e+03 4.412500e+03 1.275000e+03 -3.282425e-02 4.968276e-02 7.924682e-03 3.330269e-02 -6.750551e-02 3.378085e-02 2.153574e-02 2.236890e-02
5.287500e+03 4.412500e+03 1.300000e+03 1.423235e-03 4.968276e-02 -1.533819e-03 3.330269e-02 -3.300622e-02 3.378085e-02 9.750755e-02 2.236890e-02
5.387500e+03 4.412500e+03 1.350000e+03 -2.707546e-02 4.968276e-02 3.049049e-02 3.330269e-02 -4.141587e-02 3.378085e-02 9.433713e-02 2.236890e-02
5.487500e+03 4.412500e+03 1.375000e+03 -5.636384e-02 4.968276e-02 -3.028178e-02 3.330269e-02 -5.305577e-02 3.378085e-02 5.233863e-02 2.236890e-02
5.587500e+03 4.412500e+03 1.375000e+03 -1.055110e-02 4.968276e-02 2.928684e-03 3.330269e-02 -2.333368e-02 3.378085e-02 1.521516e-02 2.236890e-02
5.687500e+03 4.412500e+03 1.350000e+03 -3.536005e-03 4.968276e-02 -2.086728e-02 3.330269e-02 -1.953505e-02 3.378085e-02 5.876209e-03 2.236890e-02
5.787500e+03 4.412500e+03 1.325000e+03 3.913847e-02 4.968276e-02 -3.332576e-02 3.330269e-02 -1.430590e-01 3.378085e-02 4.788758e-03 2.236890e-02
5.887500e+03 4.412500e+03 1.325000e+03 -4.442069e-02 4.968276e-02 -1.141395e-01 3.330269e-02 -1.288942e-01 3.378085e-02 6.551406e-02 2.236890e-02
5.987500e+03 4.412500e+03 1.300000e+03 9.706468e-02 4.968276e-02 -2.160760e-01 3.330269e-02 -1.612742e-01 3.378085e-02 1.018279e-01 2.236890e-02
6.087500e+03 4.412500e+03 1.275000e+03 2.543518e-01 4.968276e-02 -4.354492e-01 3.330269e-02 -3.245865e-01 3.378085e-02 2.165211e-01 2.236890e-02
6.187500e+03 4.412500e+03 1.275000e+03 -4.460283e-01 4.968276e-02 2.846729e-01 3.330269e-02 3.119209e-01 3.378085e-02 -3.485712e-02 2.236890e-02
6.287500e+03 4.412500e+03 1.300000e+03 -3.196744e-01 4.968276e-02 1.033873e-02 3.330269e-02 1.029617e-01 3.378085e-02 8.741018e-02 2.236890e-02
6.387500e+03 4.412500e+03 1.325000e+03 -2.388743e-01 4.968276e-02 -1.075938e-01 3.330269e-02 7.623906e-02 3.378085e-02 9.968983e-02 2.236890e-02
6.487500e+03 4.412500e+03 1.325000e+03 -9.711999e-02 4.968276e-02 -2.181010e-02 3.330269e-02 1.151290e-01 3.378085e-02 1.181907e-01 2.236890e-02
6.587500e+03 4.412500e+03 1.375000e+03 -1.930078e-01 4.968276e-02 -1.867687e-02 3.330269e-02 3.652083e-02 3.378085e-02 9.721766e-02 2.236890e-02
6.687500e+03 4.412500e+03 1.375000e+03 -1.783602e-01 4.968276e-02 2.248499e-03 3.330269e-02 -5.080623e-02 3.378085e-02 7.891845e-02 2.236890e-02
6.787500e+03 4.412500e+03 1.400000e+03 -9.061988e-02 4.968276e-02 2.349197e-02 3.330269e-02 3.655787e-03 3.378085e-02 1.031224e-01 2.236890e-02
6.887500e+03 4.412500e+03 1.400000e+03 -1.023959e-01 4.968276e-02 6.565743e-02 3.330269e-02 -2.761277e-02 3.378085e-02 3.732157e-02 2.236890e-02
6.987500e+03 4.412500e+03 1.425000e+03 -1.137618e-01 4.968276e-02 5.279426e-04 3.330269e-02 7.168741e-02 3.378085e-02 6.578077e-02 2.236890e-02
3.487500e+03 4.512500e+03 1.175000e+03 7.280804e-02 4.968276e-02 1.162997e-01 3.330269e-02 2.216768e-02 3.378085e-02 1.126139e-02 2.236890e-02
3.587500e+03 4.512500e+03 1.175000e+03 7.537906e-02 4.968276e-02 6.291703e-02 3.330269e-02 1.600270e-01 3.378085e-02 -7.671024e-04 2.236890e-02
3.687500e+03 4.512500e+03 1.150000e+03 1.609974e-01 4.968276e-02 4.690311e-02 3.330269e-02 1.142914e-01 3.378085e-02 -1.143028e-02 2.236890e-02
3.787500e+03 4.512500e+03 1.125000e+03 1.143594e-01 4.968276e-02 -4.558886e-02 3.330269e-02 1.517840e-01 3.378085e-02 3.743685e-03 2.236890e-02
3.887500e+03 4.512500e+03 1.125000e+03 4.499055e-02 4.968276e-02 5.824589e-02 3.330269e-02 5.635364e-02 3.378085e-02 7.140890e-03 2.236890e-02
3.987500e+03 4.512500e+03 1.125000e+03 8.696127e-02 4.968276e-02 2.160742e-02 3.330269e-02 -1.300082e-02 3.378085e-02 5.112175e-02 2.236890e-02
4.087500e+03 4.512500e+03 1.150000e+03 -5.257990e-02 4.968276e-02 1.086063e-01 3.330269e-02 3.897280e-02 3.378085e-02 5.070940e-03 2.236890e-02
4.187500e+03 4.512500e+03 1.150000e+03 8.597343e-02 4.968276e-02 7.573674e-02 3.330269e-02 -1.497001e-02 3.378085e-02 5.466618e-03 2.236890e-02
4.287500e+03 4.512500e+03 1.175000e+03 8.322849e-02 4.968276e-02 9.030721e-02 3.330269e-02 -2.273585e-02 3.378085e-02 9.388016e-03 2.236890e-02
4.387500e+03 4.512500e+03 1.175000e+03 6.814601e-02 4.968276e-02 8.816382e-02 3.330269e-02 -6.051562e-02 3.378085e-02 -2.184977e-02 2.236890e-02
4.487500e+03 4.512500e+03 1.200000e+03 -9.547984e-02 4.968276e-02 1.212385e-01 3.330269e-02 -1.170286e-01 3.378085e-02 2.546465e-02 2.236890e-02
4.587500e+03 4.512500e+03 1.225000e+03 3.956577e-02 4.968276e-02 -7.620198e-02 3.330269e-02 7.493995e-02 3.378085e-02 -1.350627e-01 2.236890e-02
4.687500e+03 4.512500e+03 1.250000e+03 8.231095e-02 4.968276e-02 -1.970171e-02 3.330269e-02 -2.301845e-02 3.378085e-02 -5.269231e-02 2.236890e-02
4.787500e+03 4.512500e+03 1.250000e+03 2.773131e-02 4.968276e-02 -3.342409e-02 3.330269e-02 -3.019585e-02 3.378085e-02 -4.269159e-02 2.236890e-02
4.887500e+03 4.512500e+03 1.275000e+03 1.188734e-01 4.968276e-02 6.688488e-02 3.330269e-02 -6.272125e-02 3.378085e-02 -5.430639e-02 2.236890e-02
4.987500e+03 4.512500e+03 1.275000e+03 5.744144e-02 4.968276e-02 3.348884e-02 3.330269e-02 -1.082655e-01 3.378085e-02 -6.613690e-02 2.236890e-02
5.087500e+03 4.512500e+03 1.275000e+03 4.120347e-02 4.968276e-02 4.750996e-02 3.330269e-02 -3.684491e-02 3.378085e-02 6.553776e-03 2.236890e-02
5.187500e+03 4.512500e+03 1.275000e+03 9.951878e-03 4.968276e-02 1.034320e-03 3.330269e-02 -1.624642e-02 3.378085e-02 5.630124e-02 2.236890e-02
5.287500e+03 4.512500e+03 1.300000e+03 -2.286767e-02 4.968276e-02 -3.005590e-02 3.330269e-02 -1.072810e-01 3.378085e-02 4.731174e-02 2.236890e-02
5.387500e+03 4.512500e+03 1.325000e+03 -1.161354e-01 4.968276e-02 -3.396649e-02 3.330269e-02 -4.408649e-02 3.378085e-02 6.972311e-02 2.236890e-02
5.487500e+03 4.512500e+03 1.375000e+03 -5.912677e-02 4.968276e-02 -1.569778e-02 3.330269e-02 -5.691429e-02 3.378085e-02 6.534703e-02 2.236890e-02
5.587500e+03 4.512500e+03 1.375000e+03 2.606251e-02 4.968276e-02 4.252597e-02 3.330269e-02 -6.044692e-02 3.378085e-02 -4.595477e-02 2.236890e-02
5.687500e+03 4.512500e+03 1.350000e+03 -2.052118e-03 4.968276e-02 -1.684902e-02 3.330269e-02 -1.737477e-02 3.378085e-02 -3.016593e-02 2.236890e-02
5.787500e+03 4.512500e+03 1.325000e+03 -4.553245e-02 4.968276e-02 3.243347e-03 3.330269e-02 -8.315971e-02 3.378085e-02 3.093229e-02 2.236890e-02
5.887500e+03 4.512500e+03 1.325000e+03 3.461079e-02 4.968276e-02 2.452322e-02 3.330269e-02 -3.714877e-02 3.378085e-02 -3.017605e-03 2.236890e-02
5.987500e+03 4.512500e+03 1.300000e+03 1.122455e-01 4.968276e-02 -1.094223e-01 3.330269e-02 -8.119587e-02 3.378085e-02 3.489742e-02 2.236890e-02
6.087500e+03 4.512500e+03 1.300000e+03 1.369735e-01 4.968276e-02 -1.964416e-01 3.330269e-02 -1.944113e-01 3.378085e-02 1.302546e-01 2.236890e-02
6.187500e+03 4.512500e+03 1.275000e+03 2.733950e-01 4.968276e-02 -3.270552e-01 3.330269e-02 -3.751145e-01 3.378085e-02 2.361994e-01 2.236890e-02
6.287500e+03 4.512500e+03 1.300000e+03 -2.088256e-01 4.968276e-02 5.360649e-02 3.330269e-02 1.874887e-01 3.378085e-02 1.274621e-02 2.236890e-02
6.387500e+03 4.512500e+03 1.300000e+03 -3.023054e-01 4.968276e-02 7.095125e-03 3.330269e-02 1.576583e-01 3.378085e-02 8.854665e-02 2.236890e-02
6.487500e+03 4.512500e+03 1.325000e+03 -2.716588e-01 4.968276e-02 -3.166948e-02 3.330269e-02 3.275022e-02 3.378085e-02 1.612888e-01 2.236890e-02
6.587500e+03 4.512500e+03 1.350000e+03 -1.418880e-01 4.968276e-02 -7.919673e-02 3.330269e-02 7.281227e-02 3.378085e-02 9.477330e-02 2.236890e-02
6.687500e+03 4.512500e+03 1.375000e+03 -8.211280e-02 4.968276e-02 -5.777092e-02 3.330269e-02 -4.788959e-03 3.378085e-02 1.076536e-01 2.236890e-02
6.787500e+03 4.512500e+03 1.375000e+03 -1.196344e-01 4.968276e-02 -4.044346e-02 3.330269e-02 4.217432e-02 3.378085e-02 6.188301e-02 2.236890e-02
6.887500e+03 4.512500e+03 1.425000e+03 -6.999595e-02 4.968276e-02 -3.174030e-02 3.330269e-02 -1.266350e-02 3.378085e-02 6.429467e-02 2.236890e-02
6.987500e+03 4.512500e+03 1.450000e+03 -8.189348e-02 4.968276e-02 -1.139471e-02 3.330269e-02 -1.627616e-02 3.378085e-02 8.937629e-02 2.236890e-02
3.487500e+03 4.612500e+03 1.175000e+03 8.175606e-02 4.968276e-02 7.865615e-02 3.330269e-02 9.140113e-02 3.378085e-02 2.207532e-02 2.236890e-02
3.587500e+03 4.612500e+03 1.175000e+03 1.679706e-01 4.968276e-02 3.413749e-02 3.330269e-02 1.405189e-01 3.378085e-02 -2.099574e-02 2.236890e-02
3.687500e+03 4.612500e+03 1.150000e+03 1.859320e-01 4.968276e-02 -1.160704e-02 3.330269e-02 9.267813e-02 3.378085e-02 2.715884e-02 2.236890e-02
3.787500e+03 4.612500e+03 1.125000e+03 7.452806e-04 4.968276e-02 4.117602e-02 3.330269e-02 9.296943e-02 3.378085e-02 2.367061e-02 2.236890e-02
3.887500e+03 4.612500e+03 1.125000e+03 1.114825e-01 4.968276e-02 2.397138e-02 3.330269e-02 3.917290e-02 3.378085e-02 3.022124e-02 2.236890e-02
3.987500e+03 4.612500e+03 1.150000e+03 6.439886e-02 4.968276e-02 4.615842e-02 3.330269e-02 -1.375771e-02 3.378085e-02 6.879712e-02 2.236890e-02
4.087500e+03 4.612500e+03 1.150000e+03 8.088353e-03 4.968276e-02 8.552079e-02 3.330269e-02 -6.861482e-03 3.378085e-02 4.454952e-02 2.236890e-02
4.187500e+03 4.612500e+03 1.175000e+03 -8.378507e-03 4.968276e-02 8.882695e-02 3.330269e-02 -1.586059e-02 3.378085e-02 -1.757978e-02 2.236890e-02
4.287500e+03 4.612500e+03 1.175000e+03 4.769802e-02 4.968276e-02 5.848492e-02 3.330269e-02 -6.185142e-02 3.378085e-02 4.147682e-03 2.236890e-02
4.387500e+03 4.612500e+03 1.200000e+03 -5.142972e-02 4.968276e-02 1.452448e-01 3.330269e-02 -4.480024e-02 3.378085e-02 5.941906e-02 2.236890e-02
4.487500e+03 4.612500e+03 1.200000e+03 1.223922e-02 4.968276e-02 1.785101e-01 3.330269e-02 -9.063380e-02 3.378085e-02 -8.791676e-02 2.236890e-02
4.587500e+03 4.612500e+03 1.225000e+03 -9.866688e-03 4.968276e-02 -2.137062e-02 3.330269e-02 -6.114965e-02 3.378085e-02 -1.193164e-01 2.236890e-02
4.687500e+03 4.612500e+03 1.250000e+03 5.086170e-02 4.968276e-02 2.981678e-02 3.330269e-02 -1.124086e-01 3.378085e-02 -3.716317e-02 2.236890e-02
4.787500e+03 4.612500e+03 1.250000e+03 -6.997983e-02 4.968276e-02 6.004567e-03 3.330269e-02 -6.076669e-02 3.378085e-02 -4.223537e-02 2.236890e-02
4.887500e+03 4.612500e+03 1.275000e+03 8.165599e-02 4.968276e-02 2.147226e-02 3.330269e-02 -9.994811e-02 3.378085e-02 -5.615290e-03 2.236890e-02
4.987500e+03 4.612500e+03 1.275000e+03 4.477899e-02 4.968276e-02 4.618342e-02 3.330269e-02 -9.622384e-02 3.378085e-02 -5.597247e-02 2.236890e-02
5.087500e+03 4.612500e+03 1.300000e+03 -1.714210e-02 4.968276e-02 5.613203e-02 3.330269e-02 -1.533257e-01 3.378085e-02 -3.486342e-02 2.236890e-02
5.187500e+03 4.612500e+03 1.300000e+03 4.058831e-02 4.968276e-02 2.701601e-02 3.330269e-02 -6.734919e-02 3.378085e-02 2.653532e-02 2.236890e-02
5.287500e+03 4.612500e+03 1.300000e+03 -5.188720e-02 4.968276e-02 1.971283e-02 3.330269e-02 -5.383673e-02 3.378085e-02 2.789955e-02 2.236890e-02
5.387500e+03 4.612500e+03 1.325000e+03 1.185723e-02 4.968276e-02 -2.166163e-02 3.330269e-02 -2.880691e-02 3.378085e-02 2.799925e-02 2.236890e-02
5.487500e+03 4.612500e+03 1.375000e+03 3.232120e-03 4.968276e-02 -5.751325e-02 3.330269e-02 -3.162156e-02 3.378085e-02 6.829138e-02 2.236890e-02
5.587500e+03 4.612500e+03 1.400000e+03 -7.150634e-02 4.968276e-02 -2.435789e-02 3.330269e-02 -1.076498e-02 3.378085e-02 4.621240e-02 2.236890e-02
5.687500e+03 4.612500e+03 1.375000e+03 -6.147723e-02 4.968276e-02 2.417015e-03 3.330269e-02 -7.427359e-02 3.378085e-02 -3.283120e-02 2.236890e-02
5.787500e+03 4.612500e+03 1.350000e+03 3.401451e-02 4.968276e-02 1.794705e-02 3.330269e-02 1.876517e-02 3.378085e-02 -3.459449e-02 2.236890e-02
5.887500e+03 4.612500e+03 1.350000e+03 2.873882e-02 4.968276e-02 4.304724e-02 3.330269e-02 -7.464263e-02 3.378085e-02 -2.411376e-02 2.236890e-02
5.987500e+03 4.612500e+03 1.325000e+03 2.200118e-02 4.968276e-02 -5.177051e-02 3.330269e-02 -1.076981e-01 3.378085e-02 3.106308e-02 2.236890e-02
6.087500e+03 4.612500e+03 1.300000e+03 1.451669e-01 4.968276e-02 -1.220499e-01 3.330269e-02 -1.457984e-01 3.378085e-02 8.675854e-02 2.236890e-02
6.187500e+03 4.612500e+03 1.275000e+03 1.393553e-01 4.968276e-02 -1.450264e-01 3.330269e-02 -2.690454e-01 3.378085e-02 1.305425e-01 2.236890e-02
6.287500e+03 4.612500e+03 1.275000e+03 1.357184e-01 4.968276e-02 -2.180646e-01 3.330269e-02 -3.406811e-01 3.378085e-02 2.586756e-01 2.236890e-02
6.387500e+03 4.612500e+03 1.300000e+03 -3.988920e-01 4.968276e-02 3.285973e-02 3.330269e-02 1.742177e-01 3.378085e-02 3.163212e-02 2.236890e-02
6.487500e+03 4.612500e+03 1.325000e+03 -2.029805e-01 4.968276e-02 -1.555269e-02 3.330269e-02 6.577026e-02 3.378085e-02 8.862169e-02 2.236890e-02
6.587500e+03 4.612500e+03 1.325000e+03 -1.934663e-01 4.968276e-02 -2.851844e-03 3.330269e-02 2.806469e-02 3.378085e-02 1.445570e-01 2.236890e-02
6.687500e+03 4.612500e+03 1.350000e+03 -3.285594e-02 4.968276e-02 4.461294e-02 3.330269e-02 1.934651e-02 3.378085e-02 1.139831e-01 2.236890e-02
6.787500e+03 4.612500e+03 1.375000e+03 -1.083520e-01 4.968276e-02 5.158394e-03 3.330269e-02 -5.600238e-02 3.378085e-02 1.061213e-01 2.236890e-02
6.887500e+03 4.612500e+03 1.400000e+03 -4.703871e-02 4.968276e-02 7.598834e-03 3.330269e-02 -5.511440e-02 3.378085e-02 9.798149e-02 2.236890e-02
6.987500e+03 4.612500e+03 1.450000e+03 -1.743066e-01 4.968276e-02 -6.442604e-03 3.330269e-02 -2.678790e-02 3.378085e-02 1.079606e-01 2.236890e-02
3.487500e+03 4.712500e+03 1.175000e+03 6.246743e-02 4.968276e-02 9.731460e-02 3.330269e-02 1.075005e-01 3.378085e-02 2.442153e-02 2.236890e-02
3.587500e+03 4.712500e+03 1.150000e+03 2.524055e-01 4.968276e-02 2.166178e-02 3.330269e-02 1.909986e-01 3.378085e-02 -4.523062e-02 2.236890e-02
3.687500e+03 4.712500e+03 1.150000e+03 1.053678e-01 4.968276e-02 6.490711e-02 3.330269e-02 1.491109e-01 3.378085e-02 -4.725266e-02 2.236890e-02
3.787500e+03 4.712500e+03 1.125000e+03 1.253679e-01 4.968276e-02 8.099932e-02 3.330269e-02 8.282589e-02 3.378085e-02 5.882737e-03 2.236890e-02
3.887500e+03 4.712500e+03 1.125000e+03 5.573129e-02 4.968276e-02 9.981914e-02 3.330269e-02 6.651940e-02 3.378085e-02 -7.741374e-03 2.236890e-02
3.987500e+03 4.712500e+03 1.150000e+03 1.378051e-01 4.968276e-02 1.018282e-01 3.330269e-02 7.764596e-03 3.378085e-02 6.662148e-02 2.236890e-02
4.087500e+03 4.712500e+03 1.175000e+03 6.061714e-02 4.968276e-02 7.328948e-02 3.330269e-02 -2.747483e-02 3.378085e-02 5.393031e-02 2.236890e-02
4.187500e+03 4.712500e+03 1.175000e+03 5.302140e-02 4.968276e-02 6.075696e-02 3.330269e-02 -1.254182e-02 3.378085e-02 3.411817e-02 2.236890e-02
4.287500e+03 4.712500e+03 1.175000e+03 1.399987e-01 4.968276e-02 6.776675e-03 3.330269e-02 -9.607023e-02 3.378085e-02 1.291818e-02 2.236890e-02
4.387500e+03 4.712500e+03 1.200000e+03 -9.242241e-04 4.968276e-02 1.192394e-01 3.330269e-02 -1.064686e-01 3.378085e-02 4.349877e-03 2.236890e-02
4.487500e+03 4.712500e+03 1.225000e+03 2.873250e-02 4.968276e-02 1.394036e-01 3.330269e-02 -4.291209e-02 3.378085e-02 -1.369934e-01 2.236890e-02
4.587500e+03 4.712500e+03 1.250000e+03 6.872732e-02 4.968276e-02 8.299714e-02 3.330269e-02 -8.621024e-02 3.378085e-02 -1.061489e-01 2.236890e-02
4.687500e+03 4.712500e+03 1.250000e+03 5.933948e-02 4.968276e-02 6.042642e-02 3.330269e-02 -6.908623e-02 3.378085e-02 -7.136505e-02 2.236890e-02
4.787500e+03 4.712500e+03 1.250000e+03 2.497571e-03 4.968276e-02 -2.635169e-03 3.330269e-02 -1.142904e-01 3.378085e-02 -3.330056e-02 2.236890e-02
4.887500e+03 4.712500e+03 1.275000e+03 -3.138725e-02 4.968276e-02 7.061010e-02 3.330269e-02 -6.048317e-02 3.378085e-02 -7.706677e-03 2.236890e-02
4.987500e+03 4.712500e+03 1.275000e+03 2.319521e-02 4.968276e-02 1.878486e-02 3.330269e-02 -6.844745e-02 3.378085e-02 -2.276433e-02 2.236890e-02
5.087500e+03 4.712500e+03 1.300000e+03 1.136143e-01 4.968276e-02 5.445026e-02 3.330269e-02 -4.474408e-02 3.378085e-02 -2.560529e-02 2.236890e-02
5.187500e+03 4.712500e+03 1.300000e+03 -6.457098e-03 4.968276e-02 -1.002454e-02 3.330269e-02 -3.814385e-02 3.378085e-02 -1.279648e-02 2.236890e-02
5.287500e+03 4.712500e+03 1.300000e+03 -2.348169e-02 4.968276e-02 1.386120e-02 3.330269e-02 -9.661309e-02 3.378085e-02 -2.369424e-03 2.236890e-02
5.387500e+03 4.712500e+03 1.325000e+03 6.031304e-02 4.968276e-02 6.945170e-02 3.330269e-02 -5.483054e-02 3.378085e-02 7.356693e-02 2.236890e-02
5.487500e+03 4.712500e+03 1.350000e+03 -1.232713e-02 4.968276e-02 -4.537444e-03 3.330269e-02 -1.695196e-02 3.378085e-02 6.408217e-02 2.236890e-02
5.587500e+03 4.712500e+03 1.400000e+03 2.824227e-02 4.968276e-02 9.669793e-03 3.330269e-02 -8.305773e-02 3.378085e-02 4.262395e-02 2.236890e-02
5.687500e+03 4.712500e+03 1.400000e+03 -3.608475e-02 4.968276e-02 7.518355e-02 3.330269e-02 -3.666192e-02 3.378085e-02 2.651225e-02 2.236890e-02
5.787500e+03 4.712500e+03 1.350000e+03 -9.577851e-02 4.968276e-02 8.966058e-02 3.330269e-02 -3.716961e-02 3.378085e-02 -7.419500e-03 2.236890e-02
5.887500e+03 4.712500e+03 1.350000e+03 2.012070e-02 4.968276e-02 6.460715e-02 3.330269e-02 -8.568765e-03 3.378085e-02 -6.313088e-03 2.236890e-02
5.987500e+03 4.712500e+03 1.325000e+03 8.994167e-03 4.968276e-02 9.577300e-02 3.330269e-02 -3.378374e-02 3.378085e-02 -1.025738e-02 2.236890e-02
6.087500e+03 4.712500e+03 1.325000e+03 1.243100e-01 4.968276e-02 8.047303e-03 3.330269e-02 -5.623377e-02 3.378085e-02 3.933381e-02 2.236890e-02
6.187500e+03 4.712500e+03 1.300000e+03 7.947861e-02 4.968276e-02 -5.021182e-03 3.330269e-02 -1.611671e-01 3.378085e-02 4.820909e-02 2.236890e-02
6.287500e+03 4.712500e+03 1.300000e+03 1.549191e-01 4.968276e-02 -9.875173e-02 3.330269e-02 -3.232465e-01 3.378085e-02 1.771534e-01 2.236890e-02
6.387500e+03 4.712500e+03 1.300000e+03 -2.819894e-01 4.968276e-02 1.306874e-01 3.330269e-02 1.644009e-01 3.378085e-02 1.167338e-02 2.236890e-02
6.487500e+03 4.712500e+03 1.350000e+03 -1.292482e-01 4.968276e-02 9.160561e-03 3.330269e-02 4.116313e-02 3.378085e-02 4.515965e-02 2.236890e-02
6.587500e+03 4.712500e+03 1.350000e+03 -1.292909e-01 4.968276e-02 -7.364617e-03 3.330269e-02 1.456838e-01 3.378085e-02 1.089668e-01 2.236890e-02
6.687500e+03 4.712500e+03 1.375000e+03 -2.238653e-01 4.968276e-02 -1.082527e-02 3.330269e-02 -4.024177e-02 3.378085e-02 6.540473e-02 2.236890e-02
6.787500e+03 4.712500e+03 1.375000e+03 -1.333318e-01 4.968276e-02 1.586467e-02 3.330269e-02 7.270748e-02 3.378085e-02 8.816516e-02 2.236890e-02
6.887500e+03 4.712500e+03 1.400000e+03 -1.206402e-01 4.968276e-02 -3.939006e-02 3.330269e-02 -5.971257e-02 3.378085e-02 1.202963e-01 2.236890e-02
6.987500e+03 4.712500e+03 1.425000e+03 -9.327257e-02 4.968276e-02 -2.523283e-02 3.330269e-02 2.687473e-02 3.378085e-02 7.524116e-02 2.236890e-02
3.487500e+03 4.812500e+03 1.175000e+03 1.171356e-01 4.968276e-02 5.616354e-02 3.330269e-02 1.236355e-01 3.378085e-02 -4.325537e-02 2.236890e-02
3.587500e+03 4.812500e+03 1.150000e+03 2.223505e-01 4.968276e-02 3.225038e-02 3.330269e-02 1.681246e-01 3.378085e-02 -4.861095e-02 2.236890e-02
3.687500e+03 4.812500e+03 1.125000e+03 1.902990e-01 4.968276e-02 9.543048e-03 3.330269e-02 1.449215e-01 3.378085e-02 8.080702e-03 2.236890e-02
3.787500e+03 4.812500e+03 1.125000e+03 1.255283e-01 4.968276e-02 1.572822e-01 3.330269e-02 6.380316e-02 3.378085e-02 -1.195993e-02 2.236890e-02
3.887500e+03 4.812500e+03 1.125000e+03 7.061354e-02 4.968276e-02 8.772516e-02 3.330269e-02 1.005004e-01 3.378085e-02 4.486201e-02 2.236890e-02
3.987500e+03 4.812500e+03 1.150000e+03 3.820276e-02 4.968276e-02 2.492330e-02 3.330269e-02 3.025675e-02 3.378085e-02 2.991122e-02 2.236890e-02
4.087500e+03 4.812500e+03 1.175000e+03 4.147627e-02 4.968276e-02 1.124265e-01 3.330269e-02 -1.243935e-02 3.378085e-02 -1.216306e-03 2.236890e-02
4.187500e+03 4.812500e+03 1.175000e+03 -3.291682e-02 4.968276e-02 9.692059e-02 3.330269e-02 -6.525164e-02 3.378085e-02 -2.236272e-02 2.236890e-02
4.287500e+03 4.812500e+03 1.175000e+03 -1.643796e-02 4.968276e-02 2.581767e-02 3.330269e-02 -8.585379e-02 3.378085e-02 -1.759647e-02 2.236890e-02
4.387500e+03 4.812500e+03 1.200000e+03 1.158455e-02 4.968276e-02 3.349847e-02 3.330269e-02 -1.207614e-01 3.378085e-02 1.827652e-03 2.236890e-02
4.487500e+03 4.812500e+03 1.250000e+03 5.922391e-02 4.968276e-02 1.032538e-01 3.330269e-02 -1.425277e-01 3.378085e-02 -2.682207e-02 2.236890e-02
4.587500e+03 4.812500e+03 1.250000e+03 7.892865e-02 4.968276e-02 7.141025e-02 3.330269e-02 -4.873393e-02 3.378085e-02 -9.467222e-02 2.236890e-02
4.687500e+03 4.812500e+03 1.275000e+03 -1.516843e-02 4.968276e-02 1.346837e-01 3.330269e-02 -6.661088e-02 3.378085e-02 -5.111866e-02 2.236890e-02
4.787500e+03 4.812500e+03 1.275000e+03 6.969399e-02 4.968276e-02 8.442750e-02 3.330269e-02 -1.267214e-01 3.378085e-02 -3.987709e-02 2.236890e-02
4.887500e+03 4.812500e+03 1.275000e+03 -4.895420e-02 4.968276e-02 1.008205e-01 3.330269e-02 -1.693133e-01 3.378085e-02 -4.102977e-02 2.236890e-02
4.987500e+03 4.812500e+03 1.275000e+03 9.145796e-02 4.968276e-02 5.907035e-02 3.330269e-02 -1.316597e-01 3.378085e-02 -2.936289e-02 2.236890e-02
5.087500e+03 4.812500e+03 1.275000e+03 -1.348383e-02 4.968276e-02 6.574407e-02 3.330269e-02 -4.614515e-02 3.378085e-02 -1.929280e-02 2.236890e-02
5.187500e+03 4.812500e+03 1.275000e+03 6.415514e-02 4.968276e-02 1.590092e-02 3.330269e-02 -8.234424e-02 3.378085e-02 -2.782383e-02 2.236890e-02
5.287500e+03 4.812500e+03 1.275000e+03 1.025855e-01 4.968276e-02 2.369124e-02 3.330269e-02 -5.959454e-02 3.378085e-02 9.608289e-02 2.236890e-02
5.387500e+03 4.812500e+03 1.300000e+03 6.424540e-02 4.968276e-02 7.783877e-02 3.330269e-02 -1.094624e-01 3.378085e-02 6.505722e-02 2.236890e-02
5.487500e+03 4.812500e+03 1.350000e+03 -3.506520e-02 4.968276e-02 1.001299e-02 3.330269e-02 -3.526713e-02 3.378085e-02 5.217740e-02 2.236890e-02
5.587500e+03 4.812500e+03 1.375000e+03 3.845494e-02 4.968276e-02 7.915479e-02 3.330269e-02 -7.789203e-02 3.378085e-02 4.913290e-02 2.236890e-02
5.687500e+03 4.812500e+03 1.400000e+03 8.944582e-02 4.968276e-02 1.984199e-02 3.330269e-02 -5.428619e-03 3.378085e-02 7.032157e-02 2.236890e-02
5.787500e+03 4.812500e+03 1.375000e+03 -2.362405e-03 4.968276e-02 1.735700e-01 3.330269e-02 4.798198e-03 3.378085e-02 -4.284986e-02 2.236890e-02
5.887500e+03 4.812500e+03 1.350000e+03 -2.266713e-02 4.968276e-02 1.678506e-01 3.330269e-02 -4.329341e-02 3.378085e-02 -1.998622e-02 2.236890e-02
5.987500e+03 4.812500e+03 1.350000e+03 4.781487e-02 4.968276e-02 1.359197e-01 3.330269e-02 -1.158548e-02 3.378085e-02 -3.229230e-02 2.236890e-02
6.087500e+03 4.812500e+03 1.350000e+03 2.225624e-02 4.968276e-02 1.299058e-01 3.330269e-02 -1.485478e-01 3.378085e-02 3.296602e-02 2.236890e-02
6.187500e+03 4.812500e+03 1.325000e+03 3.260536e-02 4.968276e-02 1.019233e-01 3.330269e-02 -1.673078e-01 3.378085e-02 4.993905e-02 2.236890e-02
6.287500e+03 4.812500e+03 1.300000e+03 1.803354e-01 4.968276e-02 4.740491e-02 3.330269e-02 -2.352852e-01 3.378085e-02 1.273195e-01 2.236890e-02
6.387500e+03 4.812500e+03 1.300000e+03 8.892172e-02 4.968276e-02 -2.194509e-02 3.330269e-02 -2.913488e-01 3.378085e-02 1.948717e-01 2.236890e-02
6.487500e+03 4.812500e+03 1.325000e+03 -2.904918e-01 4.968276e-02 6.488691e-02 3.330269e-02 2.004371e-01 3.378085e-02 6.318171e-02 2.236890e-02
6.587500e+03 4.812500e+03 1.350000e+03 -1.186104e-01 4.968276e-02 -7.166655e-02 3.330269e-02 9.440681e-02 3.378085e-02 7.629379e-02 2.236890e-02
6.687500e+03 4.812500e+03 1.375000e+03 -1.741075e-01 4.968276e-02 -2.625651e-02 3.330269e-02 2.462003e-02 3.378085e-02 1.105794e-01 2.236890e-02
6.787500e+03 4.812500e+03 1.400000e+03 -1.184532e-01 4.968276e-02 8.659234e-03 3.330269e-02 2.636880e-02 3.378085e-02 7.098847e-02 2.236890e-02
6.887500e+03 4.812500e+03 1.400000e+03 -1.119992e-01 4.968276e-02 7.806804e-03 3.330269e-02 -5.096669e-02 3.378085e-02 1.088438e-01 2.236890e-02
6.987500e+03 4.812500e+03 1.425000e+03 -1.675011e-02 4.968276e-02 -3.163712e-02 3.330269e-02 3.807427e-02 3.378085e-02 7.996960e-02 2.236890e-02
3.487500e+03 4.912500e+03 1.175000e+03 1.885825e-01 4.968276e-02 5.840018e-02 3.330269e-02 1.878186e-01 3.378085e-02 -5.404566e-02 2.236890e-02
3.587500e+03 4.912500e+03 1.125000e+03 5.404764e-02 4.968276e-02 3.093869e-02 3.330269e-02 2.009797e-01 3.378085e-02 -4.461979e-02 2.236890e-02
3.687500e+03 4.912500e+03 1.125000e+03 9.784870e-02 4.968276e-02 1.219926e-01 3.330269e-02 1.140265e-01 3.378085e-02 3.519629e-02 2.236890e-02
3.787500e+03 4.912500e+03 1.125000e+03 1.433973e-01 4.968276e-02 7.034571e-02 3.330269e-02 1.187419e-02 3.378085e-02 3.113603e-02 2.236890e-02
3.887500e+03 4.912500e+03 1.125000e+03 5.890540e-02 4.968276e-02 1.717780e-01 3.330269e-02 3.369994e-02 3.378085e-02 1.012181e-01 2.236890e-02
3.987500e+03 4.912500e+03 1.150000e+03 2.686719e-02 4.968276e-02 1.304745e-01 3.330269e-02 -1.180349e-02 3.378085e-02 4.182329e-02 2.236890e-02
4.087500e+03 4.912500e+03 1.175000e+03 -4.155304e-02 4.968276e-02 8.721942e-02 3.330269e-02 7.326580e-02 3.378085e-02 1.570601e-02 2.236890e-02
4.187500e+03 4.912500e+03 1.175000e+03 -1.279938e-02 4.968276e-02 1.095865e-01 3.330269e-02 1.117039e-02 3.378085e-02 -4.879853e-03 2.236890e-02
4.287500e+03 4.912500e+03 1.200000e+03 -3.378436e-02 4.968276e-02 1.276318e-01 3.330269e-02 2.682114e-02 3.378085e-02 -2.427536e-02 2.236890e-02
4.387500e+03 4.912500e+03 1.200000e+03 4.721786e-02 4.968276e-02 1.295835e-01 3.330269e-02 -1.355785e-01 3.378085e-02 6.400943e-03 2.236890e-02
4.487500e+03 4.912500e+03 1.225000e+03 6.289380e-02 4.968276e-02 7.912944e-02 3.330269e-02 -9.200061e-02 3.378085e-02 -2.466209e-02 2.236890e-02
4.587500e+03 4.912500e+03 1.250000e+03 4.709404e-02 4.968276e-02 5.114087e-02 3.330269e-02 -9.693203e-02 3.378085e-02 -9.806093e-02 2.236890e-02
4.687500e+03 4.912500e+03 1.275000e+03 -5.180119e-03 4.968276e-02 9.710368e-02 3.330269e-02 -1.392661e-01 3.378085e-02 -4.536267e-02 2.236890e-02
4.787500e+03 4.912500e+03 1.300000e+03 -1.636856e-02 4.968276e-02 5.419037e-02 3.330269e-02 -6.674597e-02 3.378085e-02 -8.153554e-03 2.236890e-02
4.887500e+03 4.912500e+03 1.300000e+03 3.354919e-02 4.968276e-02 7.021832e-02 3.330269e-02 -6.117287e-02 3.378085e-02 -2.826258e-02 2.236890e-02
4.987500e+03 4.912500e+03 1.275000e+03 -1.265902e-02 4.968276e-02 1.070094e-01 3.330269e-02 -1.129434e-01 3.378085e-02 -4.186397e-02 2.236890e-02
5.087500e+03 4.912500e+03 1.275000e+03 4.229330e-03 4.968276e-02 5.707032e-02 3.330269e-02 -9.023212e-02 3.378085e-02 -3.403876e-02 2.236890e-02
5.187500e+03 4.912500e+03 1.275000e+03 1.066942e-02 4.968276e-02 4.239359e-02 3.330269e-02 -7.007648e-02 3.378085e-02 8.371456e-03 2.236890e-02
5.287500e+03 4.912500e+03 1.275000e+03 1.070963e-01 4.968276e-02 1.523999e-02 3.330269e-02 -6.431974e-02 3.378085e-02 -1.338614e-02 2.236890e-02
5.387500e+03 4.912500e+03 1.300000e+03 -1.304141e-02 4.968276e-02 6.980523e-02 3.330269e-02 -5.959730e-02 3.378085e-02 3.989260e-02 2.236890e-02
5.487500e+03 4.912500e+03 1.325000e+03 -5.504039e-02 4.968276e-02 3.049430e-02 3.330269e-02 -3.763289e-02 3.378085e-02 8.341996e-02 2.236890e-02
5.587500e+03 4.912500e+03 1.350000e+03 1.979295e-02 4.968276e-02 -3.272356e-02 3.330269e-02 -7.594665e-02 3.378085e-02 6.053996e-02 2.236890e-02
5.687500e+03 4.912500e+03 1.375000e+03 6.233932e-02 4.968276e-02 -9.762832e-03 3.330269e-02 -7.269725e-02 3.378085e-02 5.824708e-02 2.236890e-02
5.787500e+03 4.912500e+03 1.400000e+03 -1.404532e-02 4.968276e-02 6.001904e-02 3.330269e-02 -3.036454e-02 3.378085e-02 4.103127e-02 2.236890e-02
5.887500e+03 4.912500e+03 1.375000e+03 8.979920e-02 4.968276e-02 1.506452e-01 3.330269e-02 -6.728869e-02 3.378085e-02 -1.164156e-02 2.236890e-02
5.987500e+03 4.912500e+03 1.375000e+03 -4.807144e-02 4.968276e-02 1.981388e-01 3.330269e-02 -9.701415e-03 3.378085e-02 -6.683756e-04 2.236890e-02
6.087500e+03 4.912500e+03 1.350000e+03 3.208580e-02 4.968276e-02 1.699521e-01 3.330269e-02 -4.127481e-02 3.378085e-02 -5.772540e-02 2.236890e-02
6.187500e+03 4.912500e+03 1.350000e+03 6.437395e-02 4.968276e-02 1.231605e-01 3.330269e-02 -5.006102e-02 3.378085e-02 5.807291e-03 2.236890e-02
6.287500e+03 4.912500e+03 1.325000e+03 5.313906e-02 4.968276e-02 1.307463e-01 3.330269e-02 -1.908648e-01 3.378085e-02 1.001023e-01 2.236890e-02
6.387500e+03 4.912500e+03 1.300000e+03 1.114125e-01 4.968276e-02 1.653718e-01 3.330269e-02 -3.749389e-01 3.378085e-02 2.125986e-01 2.236890e-02
6.487500e+03 4.912500e+03 1.325000e+03 -1.825396e-01 4.968276e-02 3.864409e-03 3.330269e-02 1.727777e-01 3.378085e-02 3.385143e-02 2.236890e-02
6.587500e+03 4.912500e+03 1.325000e+03 -1.696906e-01 4.968276e-02 4.135002e-02 3.330269e-02 1.927380e-01 3.378085e-02 6.668954e-02 2.236890e-02
6.687500e+03 4.912500e+03 1.350000e+03 -1.383451e-01 4.968276e-02 -1.042146e-02 3.330269e-02 9.123349e-02 3.378085e-02 1.382074e-01 2.236890e-02
6.787500e+03 4.912500e+03 1.400000e+03 -1.100492e-01 4.968276e-02 -9.021705e-02 3.330269e-02 9.032421e-02 3.378085e-02 1.138330e-01 2.236890e-02
6.887500e+03 4.912500e+03 1.425000e+03 -4.188922e-02 4.968276e-02 -2.815484e-02 3.330269e-02 2.863179e-02 3.378085e-02 5.952642e-02 2.236890e-02
6.987500e+03 4.912500e+03 1.450000e+03 -3.337356e-02 4.968276e-02 -7.363295e-02 3.330269e-02 -5.859753e-03 3.378085e-02 8.444037e-02 2.236890e-02
3.487500e+03 5.012500e+03 1.150000e+03 1.270348e-01 4.968276e-02 -1.186182e-02 3.330269e-02 2.038026e-01 3.378085e-02 -3.002487e-03 2.236890e-02
3.587500e+03 5.012500e+03 1.125000e+03 1.266959e-01 4.968276e-02 5.474647e-02 3.330269e-02 2.002476e-01 3.378085e-02 1.848329e-02 2.236890e-02
3.687500e+03 5.012500e+03 1.125000e+03 3.154709e-02 4.968276e-02 1.234909e-01 3.330269e-02 1.124282e-01 3.378085e-02 4.195844e-02 2.236890e-02
3.787500e+03 5.012500e+03 1.125000e+03 -6.291474e-02 4.968276e-02 1.692093e-02 3.330269e-02 4.141621e-02 3.378085e-02 2.764889e-02 2.236890e-02
3.887500e+03 5.012500e+03 1.150000e+03 8.058746e-02 4.968276e-02 6.348532e-02 3.330269e-02 1.817194e-02 3.378085e-02 1.223206e-02 2.236890e-02
3.987500e+03 5.012500e+03 1.175000e+03 9.404974e-02 4.968276e-02 1.716270e-01 3.330269e-02 4.032388e-03 3.378085e-02 -5.243456e-03 2.236890e-02
4.087500e+03 5.012500e+03 1.175000e+03 -6.270562e-02 4.968276e-02 1.271127e-01 3.330269e-02 -2.682664e-02 3.378085e-02 -7.577366e-03 2.236890e-02
4.187500e+03 5.012500e+03 1.200000e+03 3.589660e-03 4.968276e-02 1.294443e-01 3.330269e-02 -8.107914e-02 3.378085e-02 -2.748524e-02 2.236890e-02
4.287500e+03 5.012500e+03 1.200000e+03 -1.040631e-02 4.968276e-02 1.271682e-01 3.330269e-02 1.543142e-02 3.378085e-02 -1.919663e-02 2.236890e-02
4.387500e+03 5.012500e+03 1.225000e+03 -4.061691e-02 4.968276e-02 9.653678e-02 3.330269e-02 -8.481046e-02 3.378085e-02 -2.625608e-02 2.236890e-02
4.487500e+03 5.012500e+03 1.225000e+03 5.876773e-02 4.968276e-02 1.130310e-01 3.330269e-02 -9.631175e-02 3.378085e-02 -4.656118e-03 2.236890e-02
4.587500e+03 5.012500e+03 1.250000e+03 1.614526e-02 4.968276e-02 1.060031e-01 3.330269e-02 -1.291380e-01 3.378085e-02 -4.492326e-02 2.236890e-02
4.687500e+03 5.012500e+03 1.275000e+03 -8.416700e-02 4.968276e-02 6.889781e-02 3.330269e-02 -7.589451e-02 3.378085e-02 -6.639516e-03 2.236890e-02
4.787500e+03 5.012500e+03 1.300000e+03 2.763829e-02 4.968276e-02 5.284546e-02 3.330269e-02 -1.031740e-01 3.378085e-02 -9.051584e-03 2.236890e-02
4.887500e+03 5.012500e+03 1.300000e+03 3.654782e-02 4.968276e-02 1.889594e-01 3.330269e-02 -9.508903e-02 3.378085e-02 5.073651e-03 2.236890e-02
4.987500e+03 5.012500e+03 1.300000e+03 5.855034e-02 4.968276e-02 1.418763e-01 3.330269e-02 -8.119931e-02 3.378085e-02 -3.650152e-02 2.236890e-02
5.087500e+03 5.012500e+03 1.275000e+03 5.082735e-02 4.968276e-02 2.156425e-01 3.330269e-02 -8.061647e-02 3.378085e-02 -2.330519e-02 2.236890e-02
5.187500e+03 5.012500e+03 1.275000e+03 6.822448e-02 4.968276e-02 8.845617e-02 3.330269e-02 -5.361684e-02 3.378085e-02 -6.356679e-02 2.236890e-02
5.287500e+03 5.012500e+03 1.275000e+03 7.845325e-02 4.968276e-02 9.355374e-02 3.330269e-02 -6.782862e-02 3.378085e-02 -1.596892e-02 2.236890e-02
5.387500e+03 5.012500e+03 1.300000e+03 -1.344441e-02 4.968276e-02 6.961476e-02 3.330269e-02 -7.550972e-02 3.378085e-02 4.393732e-02 2.236890e-02
5.487500e+03 5.012500e+03 1.300000e+03 7.506805e-02 4.968276e-02 5.493240e-02 3.330269e-02 -1.034339e-01 3.378085e-02 5.077986e-02 2.236890e-02
5.587500e+03 5.012500e+03 1.325000e+03 7.748917e-02 4.968276e-02 4.267750e-02 3.330269e-02 -1.134961e-01 3.378085e-02 2.345787e-02 2.236890e-02
5.687500e+03 5.012500e+03 1.325000e+03 1.128602e-01 4.968276e-02 8.153941e-03 3.330269e-02 -5.219159e-02 3.378085e-02 5.224731e-02 2.236890e-02
5.787500e+03 5.012500e+03 1.375000e+03 4.584854e-02 4.968276e-02 1.100464e-01 3.330269e-02 -6.480686e-02 3.378085e-02 -8.519266e-03 2.236890e-02
5.887500e+03 5.012500e+03 1.400000e+03 1.299977e-01 4.968276e-02 9.293848e-02 3.330269e-02 -6.483599e-03 3.378085e-02 2.972349e-02 2.236890e-02
5.987500e+03 5.012500e+03 1.400000e+03 5.469546e-02 4.968276e-02 1.716783e-01 3.330269e-02 -2.414369e-02 3.378085e-02 2.230547e-02 2.236890e-02
6.087500e+03 5.012500e+03 1.375000e+03 -3.655984e-02 4.968276e-02 2.070922e-01 3.330269e-02 -5.680281e-02 3.378085e-02 -3.769872e-02 2.236890e-02
6.187500e+03 5.012500e+03 1.375000e+03 1.360511e-01 4.968276e-02 1.555552e-01 3.330269e-02 -1.016950e-01 3.378085e-02 2.118522e-02 2.236890e-02
6.287500e+03 5.012500e+03 1.350000e+03 1.005873e-02 4.968276e-02 1.290206e-01 3.330269e-02 -1.534104e-01 3.378085e-02 5.020338e-02 2.236890e-02
6.387500e+03 5.012500e+03 1.325000e+03 1.885829e-01 4.968276e-02 1.685503e-01 3.330269e-02 -2.657014e-01 3.378085e-02 1.106450e-01 2.236890e-02
6.487500e+03 5.012500e+03 1.300000e+03 -3.050987e-01 4.968276e-02 1.628661e-01 3.330269e-02 3.058470e-01 3.378085e-02 -3.128477e-02 2.236890e-02
6.587500e+03 5.012500e+03 1.325000e+03 -3.398882e-01 4.968276e-02 3.928026e-02 3.330269e-02 1.755854e-01 3.378085e-02 5.613738e-02 2.236890e-02
6.687500e+03 5.012500e+03 1.350000e+03 -1.066369e-01 4.968276e-02 -6.746707e-02 3.330269e-02 1.340370e-01 3.378085e-02 7.934055e-02 2.236890e-02
6.787500e+03 5.012500e+03 1.375000e+03 -1.448401e-01 4.968276e-02 -4.280449e-02 3.330269e-02 6.616802e-02 3.378085e-02 8.651428e-02 2.236890e-02
6.887500e+03 5.012500e+03 1.375000e+03 -1.082592e-01 4.968276e-02 -7.844067e-02 3.330269e-02 -3.125475e-02 3.378085e-02 1.289867e-01 2.236890e-02
6.987500e+03 5.012500e+03 1.400000e+03 -5.752370e-02 4.968276e-02 -9.810259e-02 3.330269e-02 2.273580e-03 3.378085e-02 1.076096e-01 2.236890e-02
3.487500e+03 5.112500e+03 1.150000e+03 6.297501e-02 4.968276e-02 -1.121744e-02 3.330269e-02 1.327480e-01 3.378085e-02 2.091136e-02 2.236890e-02
3.587500e+03 5.112500e+03 1.125000e+03 1.117356e-01 4.968276e-02 4.587783e-02 3.330269e-02 1.070557e-01 3.378085e-02 5.097296e-02 2.236890e-02
3.687500e+03 5.112500e+03 1.125000e+03 8.249614e-02 4.968276e-02 7.208978e-02 3.330269e-02 7.070536e-02 3.378085e-02 8.901683e-02 2.236890e-02
3.787500e+03 5.112500e+03 1.150000e+03 3.281662e-02 4.968276e-02 9.708037e-02 3.330269e-02 -7.696590e-02 3.378085e-02 3.078237e-02 2.236890e-02
3.887500e+03 5.112500e+03 1.150000e+03 2.324587e-02 4.968276e-02 9.836842e-02 3.330269e-02 -8.545952e-02 3.378085e-02 4.762362e-02 2.236890e-02
3.987500e+03 5.112500e+03 1.175000e+03 5.836808e-02 4.968276e-02 8.184415e-02 3.330269e-02 -4.080429e-02 3.378085e-02 3.648400e-02 2.236890e-02
4.087500e+03 5.112500e+03 1.200000e+03 -4.064092e-02 4.968276e-02 1.427329e-01 3.330269e-02 -3.713127e-02 3.378085e-02 3.621392e-03 2.236890e-02
4.187500e+03 5.112500e+03 1.200000e+03 -1.537298e-02 4.968276e-02 6.104540e-02 3.330269e-02 -5.106551e-02 3.378085e-02 3.607214e-03 2.236890e-02
4.287500e+03 5.112500e+03 1.200000e+03 -3.681933e-02 4.968276e-02 1.317120e-01 3.330269e-02 -4.574416e-02 3.378085e-02 -3.643137e-02 2.236890e-02
4.387500e+03 5.112500e+03 1.200000e+03 -6.506087e-02 4.968276e-02 8.407484e-02 3.330269e-02 -8.628611e-02 3.378085e-02 2.151960e-03 2.236890e-02
4.487500e+03 5.112500e+03 1.225000e+03 1.951586e-02 4.968276e-02 1.703375e-01 3.330269e-02 -6.773082e-02 3.378085e-02 6.388379e-04 2.236890e-02
4.587500e+03 5.112500e+03 1.275000e+03 -5.524570e-02 4.968276e-02 1.158435e-01 3.330269e-02 -1.143588e-01 3.378085e-02 9.318012e-03 2.236890e-02
4.687500e+03 5.112500e+03 1.300000e+03 1.438544e-02 4.968276e-02 1.342870e-01 3.330269e-02 -1.431428e-01 3.378085e-02 2.941304e-02 2.236890e-02
4.787500e+03 5.112500e+03 1.300000e+03 4.829848e-03 4.968276e-02 1.003685e-01 3.330269e-02 -1.087625e-01 3.378085e-02 -8.285884e-03 2.236890e-02
4.887500e+03 5.112500e+03 1.325000e+03 4.910266e-02 4.968276e-02 1.393947e-01 3.330269e-02 -6.822941e-02 3.378085e-02 1.589044e-02 2.236890e-02
4.987500e+03 5.112500e+03 1.325000e+03 5.078220e-02 4.968276e-02 1.971576e-01 3.330269e-02 -3.735492e-02 3.378085e-02 -6.372159e-03 2.236890e-02
5.087500e+03 5.112500e+03 1.300000e+03 2.689479e-02 4.968276e-02 1.872120e-01 3.330269e-02 -5.835429e-03 3.378085e-02 -1.465367e-02 2.236890e-02
5.187500e+03 5.112500e+03 1.275000e+03 1.332699e-01 4.968276e-02 1.799434e-01 3.330269e-02 -2.763708e-02 3.378085e-02 1.010844e-02 2.236890e-02
5.287500e+03 5.112500e+03 1.275000e+03 1.348000e-02 4.968276e-02 1.599453e-01 3.330269e-02 -5.400401e-02 3.378085e-02 5.176506e-03 2.236890e-02
5.387500e+03 5.112500e+03 1.275000e+03 1.026746e-01 4.968276e-02 1.586878e-01 3.330269e-02 2.115033e-02 3.378085e-02 2.943706e-02 2.236890e-02
5.487500e+03 5.112500e+03 1.300000e+03 1.083524e-01 4.968276e-02 1.389627e-01 3.330269e-02 -3.729187e-02 3.378085e-02 7.855099e-02 2.236890e-02
5.587500e+03 5.112500e+03 1.300000e+03 1.438169e-01 4.968276e-02 1.413955e-01 3.330269e-02 -4.549324e-02 3.378085e-02 7.544261e-02 2.236890e-02
5.687500e+03 5.112500e+03 1.325000e+03 1.024996e-01 4.968276e-02 1.336870e-01 3.330269e-02 -5.902472e-02 3.378085e-02 3.077663e-02 2.236890e-02
5.787500e+03 5.112500e+03 1.350000e+03 1.328351e-01 4.968276e-02 9.400792e-02 3.330269e-02 -7.846599e-02 3.378085e-02 4.075785e-02 2.236890e-02
5.887500e+03 5.112500e+03 1.375000e+03 8.589061e-02 4.968276e-02 1.109224e-01 3.330269e-02 -7.267665e-02 3.378085e-02 7.614766e-02 2.236890e-02
5.987500e+03 5.112500e+03 1.425000e+03 4.003784e-02 4.968276e-02 1.200841e-01 3.330269e-02 -7.186016e-02 3.378085e-02 3.595671e-02 2.236890e-02
6.087500e+03 5.112500e+03 1.400000e+03 1.464046e-01 4.968276e-02 1.567053e-01 3.330269e-02 -3.691694e-02 3.378085e-02 1.398779e-02 2.236890e-02
6.187500e+03 5.112500e+03 1.375000e+03 5.242935e-02 4.968276e-02 1.805879e-01 3.330269e-02 -5.898954e-02 3.378085e-02 -1.185710e-02 2.236890e-02
6.287500e+03 5.112500e+03 1.350000e+03 1.584845e-01 4.968276e-02 1.708589e-01 3.330269e-02 -1.119396e-01 3.378085e-02 -1.830026e-02 2.236890e-02
6.387500e+03 5.112500e+03 1.325000e+03 1.435578e-01 4.968276e-02 1.468625e-01 3.330269e-02 -1.914289e-01 3.378085e-02 6.917296e-02 2.236890e-02
6.487500e+03 5.112500e+03 1.300000e+03 3.597017e-01 4.968276e-02 8.388645e-03 3.330269e-02 -4.720091e-01 3.378085e-02 1.732393e-01 2.236890e-02
6.587500e+03 5.112500e+03 1.325000e+03 -3.470566e-01 4.968276e-02 1.071903e-01 3.330269e-02 2.915898e-01 3.378085e-02 -4.801227e-02 2.236890e-02
6.687500e+03 5.112500e+03 1.350000e+03 -1.572788e-01 4.968276e-02 -3.671261e-02 3.330269e-02 1.517244e-01 3.378085e-02 5.356169e-02 2.236890e-02
6.787500e+03 5.112500e+03 1.350000e+03 -2.843068e-02 4.968276e-02 -8.132029e-02 3.330269e-02 -9.890418e-03 3.378085e-02 7.743595e-02 2.236890e-02
6.887500e+03 5.112500e+03 1.350000e+03 -5.761401e-02 4.968276e-02 -1.099688e-01 3.330269e-02 8.109546e-02 3.378085e-02 9.696340e-02 2.236890e-02
6.987500e+03 5.112500e+03 1.375000e+03 -4.311676e-02 4.968276e-02 -1.288839e-01 3.330269e-02 8.324852e-02 3.378085e-02 1.034003e-01 2.236890e-02
3.487500e+03 5.212500e+03 1.125000e+03 8.313597e-02 4.968276e-02 2.876127e-03 3.330269e-02 9.737720e-02 3.378085e-02 3.069899e-02 2.236890e-02
3.587500e+03 5.212500e+03 1.125000e+03 9.014606e-02 4.968276e-02 3.916781e-02 3.330269e-02 8.826494e-02 3.378085e-02 4.668843e-02 2.236890e-02
3.687500e+03 5.212500e+03 1.125000e+03 1.241306e-01 4.968276e-02 1.272849e-01 3.330269e-02 4.293322e-02 3.378085e-02 4.537292e-02 2.236890e-02
3.787500e+03 5.212500e+03 1.150000e+03 1.216440e-02 4.968276e-02 5.332216e-02 3.330269e-02 4.189625e-03 3.378085e-02 3.073093e-02 2.236890e-02
3.887500e+03 5.212500e+03 1.150000e+03 7.058922e-02 4.968276e-02 1.098105e-01 3.330269e-02 -2.668442e-02 3.378085e-02 3.023661e-02 2.236890e-02
3.987500e+03 5.212500e+03 1.175000e+03 1.587852e-02 4.968276e-02 1.218284e-01 3.330269e-02 2.297568e-02 3.378085e-02 6.759945e-02 2.236890e-02
4.087500e+03 5.212500e+03 1.175000e+03 -1.274061e-02 4.968276e-02 6.587839e-02 3.330269e-02 -7.533169e-02 3.378085e-02 2.044713e-02 2.236890e-02
4.187500e+03 5.212500e+03 1.200000e+03 -7.078901e-03 4.968276e-02 2.646846e-02 3.330269e-02 -6.016358e-02 3.378085e-02 3.507570e-02 2.236890e-02
4.287500e+03 5.212500e+03 1.200000e+03 -5.433543e-02 4.968276e-02 1.615163e-01 3.330269e-02 3.009095e-02 3.378085e-02 -2.582373e-02 2.236890e-02
4.387500e+03 5.212500e+03 1.225000e+03 -2.225798e-02 4.968276e-02 9.995808e-02 3.330269e-02 -5.293912e-02 3.378085e-02 -3.522205e-03 2.236890e-02
4.487500e+03 5.212500e+03 1.225000e+03 1.615677e-02 4.968276e-02 1.201868e-01 3.330269e-02 -1.134162e-01 3.378085e-02 -1.486339e-02 2.236890e-02
4.587500e+03 5.212500e+03 1.250000e+03 -1.154325e-01 4.968276e-02 1.154362e-01 3.330269e-02 -1.031882e-01 3.378085e-02 -7.607817e-03 2.236890e-02
4.687500e+03 5.212500e+03 1.275000e+03 2.309191e-02 4.968276e-02 9.502656e-02 3.330269e-02 -1.245764e-01 3.378085e-02 1.669200e-02 2.236890e-02
4.787500e+03 5.212500e+03 1.300000e+03 7.585396e-02 4.968276e-02 8.993155e-02 3.330269e-02 -7.784257e-02 3.378085e-02 3.158730e-02 2.236890e-02
4.887500e+03 5.212500e+03 1.300000e+03 3.131531e-02 4.968276e-02 1.479345e-01 3.330269e-02 -1.623814e-01 3.378085e-02 5.393999e-02 2.236890e-02
4.987500e+03 5.212500e+03 1.325000e+03 2.812155e-02 4.968276e-02 1.583402e-01 3.330269e-02 -5.845119e-02 3.378085e-02 5.227503e-03 2.236890e-02
5.087500e+03 5.212500e+03 1.325000e+03 9.426873e-02 4.968276e-02 1.967673e-01 3.330269e-02 -7.065190e-02 3.378085e-02 1.449409e-02 2.236890e-02
5.187500e+03 5.212500e+03 1.300000e+03 1.568547e-01 4.968276e-02 2.863099e-01 3.330269e-02 -4.034939e-02 3.378085e-02 -5.991701e-03 2.236890e-02
5.287500e+03 5.212500e+03 1.275000e+03 7.559346e-02 4.968276e-02 2.391268e-01 3.330269e-02 1.436067e-02 3.378085e-02 -5.387634e-03 2.236890e-02
5.387500e+03 5.212500e+03 1.275000e+03 1.618322e-01 4.968276e-02 2.068315e-01 3.330269e-02 -3.854470e-02 3.378085e-02 3.226476e-02 2.236890e-02
5.487500e+03 5.212500e+03 1.275000e+03 6.123519e-02 4.968276e-02 1.775897e-01 3.330269e-02 3.055484e-02 3.378085e-02 1.009607e-02 2.236890e-02
5.587500e+03 5.212500e+03 1.300000e+03 2.443696e-01 4.968276e-02 1.912350e-01 3.330269e-02 -5.748016e-02 3.378085e-02 2.023912e-03 2.236890e-02
5.687500e+03 5.212500e+03 1.300000e+03 1.211733e-01 4.968276e-02 1.505167e-01 3.330269e-02 -2.377241e-02 3.378085e-02 8.429898e-02 2.236890e-02
5.787500e+03 5.212500e+03 1.325000e+03 7.466619e-02 4.968276e-02 1.565080e-01 3.330269e-02 -6.893450e-02 3.378085e-02 9.021031e-02 2.236890e-02
5.887500e+03 5.212500e+03 1.350000e+03 7.564763e-02 4.968276e-02 1.051220e-01 3.330269e-02 -1.003210e-01 3.378085e-02 1.800778e-02 2.236890e-02
5.987500e+03 5.212500e+03 1.375000e+03 1.246086e-01 4.968276e-02 1.541641e-01 3.330269e-02 -9.170195e-02 3.378085e-02 1.715777e-02 2.236890e-02
6.087500e+03 5.212500e+03 1.400000e+03 1.333018e-01 4.968276e-02 1.228971e-01 3.330269e-02 -3.035794e-02 3.378085e-02 -1.135928e-02 2.236890e-02
6.187500e+03 5.212500e+03 1.400000e+03 7.501065e-02 4.968276e-02 1.276606e-01 3.330269e-02 -7.911583e-02 3.378085e-02 -2.693141e-02 2.236890e-02
6.287500e+03 5.212500e+03 1.350000e+03 1.026292e-01 4.968276e-02 3.001466e-01 3.330269e-02 -1.695588e-01 3.378085e-02 -1.003526e-02 2.236890e-02
6.387500e+03 5.212500e+03 1.350000e+03 8.458888e-02 4.968276e-02 2.445881e-01 3.330269e-02 -1.663850e-01 3.378085e-02 4.287420e-02 2.236890e-02
6.487500e+03 5.212500e+03 1.325000e+03 2.751221e-01 4.968276e-02 1.408251e-01 3.330269e-02 -3.665480e-01 3.378085e-02 6.886062e-02 2.236890e-02
6.587500e+03 5.212500e+03 1.325000e+03 -1.273908e-01 4.968276e-02 1.444113e-01 3.330269e-02 2.331987e-02 3.378085e-02 -7.408372e-02 2.236890e-02
6.687500e+03 5.212500e+03 1.325000e+03 -1.956325e-01 4.968276e-02 6.928880e-02 3.330269e-02 2.080573e-01 3.378085e-02 -3.600995e-02 2.236890e-02
6.787500e+03 5.212500e+03 1.325000e+03 -2.406481e-01 4.968276e-02 -2.702765e-02 3.330269e-02 1.884765e-01 3.378085e-02 1.574076e-02 2.236890e-02
6.887500e+03 5.212500e+03 1.325000e+03 -3.126693e-02 4.968276e-02 -8.142606e-02 3.330269e-02 7.754786e-02 3.378085e-02 7.878623e-02 2.236890e-02
6.987500e+03 5.212500e+03 1.350000e+03 -3.838422e-02 4.968276e-02 -1.035785e-01 3.330269e-02 5.971547e-02 3.378085e-02 9.685268e-02 2.236890e-02
3.487500e+03 5.312500e+03 1.125000e+03 5.547888e-02 4.968276e-02 6.305040e-02 3.330269e-02 9.393548e-02 3.378085e-02 8.521114e-02 2.236890e-02
3.587500e+03 5.312500e+03 1.125000e+03 4.474300e-02 4.968276e-02 4.207597e-02 3.330269e-02 6.066203e-02 3.378085e-02 1.044253e-01 2.236890e-02
3.687500e+03 5.312500e+03 1.150000e+03 -3.136693e-03 4.968276e-02 1.397311e-01 3.330269e-02 -1.614235e-02 3.378085e-02 2.844809e-02 2.236890e-02
3.787500e+03 5.312500e+03 1.150000e+03 9.252500e-03 4.968276e-02 8.861179e-02 3.330269e-02 -5.287469e-02 3.378085e-02 2.790724e-02 2.236890e-02
3.887500e+03 5.312500e+03 1.150000e+03 7.384028e-02 4.968276e-02 5.815448e-02 3.330269e-02 -2.027825e-02 3.378085e-02 3.074311e-02 2.236890e-02
3.987500e+03 5.312500e+03 1.150000e+03 4.299964e-02 4.968276e-02 7.153840e-02 3.330269e-02 -8.527556e-02 3.378085e-02 5.443930e-02 2.236890e-02
4.087500e+03 5.312500e+03 1.175000e+03 -4.202291e-02 4.968276e-02 6.412253e-02 3.330269e-02 -1.387440e-02 3.378085e-02 3.293354e-02 2.236890e-02
4.187500e+03 5.312500e+03 1.175000e+03 -7.726383e-02 4.968276e-02 8.448494e-02 3.330269e-02 -2.223099e-02 3.378085e-02 3.582405e-02 2.236890e-02
4.287500e+03 5.312500e+03 1.200000e+03 -5.112000e-02 4.968276e-02 1.400468e-01 3.330269e-02 -7.618148e-02 3.378085e-02 3.133669e-02 2.236890e-02
4.387500e+03 5.312500e+03 1.225000e+03 -1.304812e-03 4.968276e-02 9.286688e-02 3.330269e-02 -1.358814e-01 3.378085e-02 -4.851352e-03 2.236890e-02
4.487500e+03 5.312500e+03 1.225000e+03 -1.159934e-01 4.968276e-02 2.408624e-01 3.330269e-02 -5.268749e-02 3.378085e-02 -2.181748e-03 2.236890e-02
4.587500e+03 5.312500e+03 1.225000e+03 -9.634144e-02 4.968276e-02 1.639467e-01 3.330269e-02 -1.130385e-01 3.378085e-02 -4.819419e-03 2.236890e-02
4.687500e+03 5.312500e+03 1.250000e+03 7.855474e-02 4.968276e-02 1.683078e-01 3.330269e-02 -1.208284e-01 3.378085e-02 -6.279983e-03 2.236890e-02
4.787500e+03 5.312500e+03 1.250000e+03 6.749439e-03 4.968276e-02 1.711520e-01 3.330269e-02 -7.836363e-02 3.378085e-02 8.068955e-03 2.236890e-02
4.887500e+03 5.312500e+03 1.275000e+03 3.476301e-02 4.968276e-02 1.312961e-01 3.330269e-02 -1.515717e-01 3.378085e-02 6.226451e-02 2.236890e-02
4.987500e+03 5.312500e+03 1.300000e+03 -2.737772e-02 4.968276e-02 1.941774e-01 3.330269e-02 -7.106202e-02 3.378085e-02 7.248870e-03 2.236890e-02
5.087500e+03 5.312500e+03 1.325000e+03 5.122851e-02 4.968276e-02 1.592391e-01 3.330269e-02 -5.188563e-02 3.378085e-02 1.840488e-02 2.236890e-02
5.187500e+03 5.312500e+03 1.325000e+03 4.414623e-02 4.968276e-02 2.023963e-01 3.330269e-02 -2.997416e-02 3.378085e-02 -6.858227e-03 2.236890e-02
5.287500e+03 5.312500e+03 1.300000e+03 2.886187e-03 4.968276e-02 1.919393e-01 3.330269e-02 -4.339090e-02 3.378085e-02 1.282261e-02 2.236890e-02
5.387500e+03 5.312500e+03 1.275000e+03 7.535603e-02 4.968276e-02 2.883895e-01 3.330269e-02 1.202311e-02 3.378085e-02 2.483147e-02 2.236890e-02
5.487500e+03 5.312500e+03 1.275000e+03 1.275453e-01 4.968276e-02 2.768316e-01 3.330269e-02 -3.866514e-02 3.378085e-02 1.493815e-02 2.236890e-02
5.587500e+03 5.312500e+03 1.275000e+03 1.320083e-01 4.968276e-02 2.371907e-01 3.330269e-02 5.258204e-02 3.378085e-02 5.673798e-02 2.236890e-02
5.687500e+03 5.312500e+03 1.300000e+03 1.918255e-02 4.968276e-02 1.974463e-01 3.330269e-02 -6.909267e-02 3.378085e-02 4.312199e-02 2.236890e-02
5.787500e+03 5.312500e+03 1.300000e+03 2.244729e-02 4.968276e-02 1.648573e-01 3.330269e-02 -1.106373e-01 3.378085e-02 4.147608e-02 2.236890e-02
5.887500e+03 5.312500e+03 1.325000e+03 1.124294e-01 4.968276e-02 1.697240e-01 3.330269e-02 -4.241096e-02 3.378085e-02 5.834405e-02 2.236890e-02
5.987500e+03 5.312500e+03 1.350000e+03 1.393668e-01 4.968276e-02 1.280217e-01 3.330269e-02 -1.278074e-01 3.378085e-02 3.717726e-02 2.236890e-02
6.087500e+03 5.312500e+03 1.350000e+03 1.693906e-01 4.968276e-02 1.471899e-01 3.330269e-02 -7.874049e-02 3.378085e-02 5.102397e-02 2.236890e-02
6.187500e+03 5.312500e+03 1.375000e+03 1.473101e-01 4.968276e-02 6.760782e-02 3.330269e-02 -5.676342e-02 3.378085e-02 1.793882e-02 2.236890e-02
6.287500e+03 5.312500e+03 1.375000e+03 5.970607e-02 4.968276e-02 1.942043e-01 3.330269e-02 -1.082003e-01 3.378085e-02 5.967269e-02 2.236890e-02
6.387500e+03 5.312500e+03 1.350000e+03 3.210211e-02 4.968276e-02 2.052820e-01 3.330269e-02 -1.199856e-01 3.378085e-02 4.802062e-02 2.236890e-02
6.487500e+03 5.312500e+03 1.350000e+03 1.377574e-01 4.968276e-02 2.081011e-01 3.330269e-02 -1.827729e-01 3.378085e-02 -3.052958e-03 2.236890e-02
6.587500e+03 5.312500e+03 1.325000e+03 1.953234e-01 4.968276e-02 1.242457e-01 3.330269e-02 -3.812373e-01 3.378085e-02 7.151090e-02 2.236890e-02
6.687500e+03 5.312500e+03 1.325000e+03 -1.862869e-01 4.968276e-02 2.273827e-01 3.330269e-02 2.497873e-01 3.378085e-02 -1.445304e-01 2.236890e-02
6.787500e+03 5.312500e+03 1.325000e+03 -2.036576e-01 4.968276e-02 3.899626e-02 3.330269e-02 1.784149e-01 3.378085e-02 4.295554e-02 2.236890e-02
6.887500e+03 5.312500e+03 1.325000e+03 -1.322447e-01 4.968276e-02 -5.837947e-02 3.330269e-02 1.435774e-01 3.378085e-02 7.153356e-02 2.236890e-02
6.987500e+03 5.312500e+03 1.350000e+03 -7.526157e-03 4.968276e-02 -1.568683e-02 3.330269e-02 6.639054e-02 3.378085e-02 6.749302e-02 2.236890e-02
3.487500e+03 5.412500e+03 1.125000e+03 -1.740458e-02 4.968276e-02 -3.483546e-03 3.330269e-02 3.724601e-02 3.378085e-02 4.657152e-02 2.236890e-02
3.587500e+03 5.412500e+03 1.150000e+03 -8.065398e-03 4.968276e-02 1.823401e-01 3.330269e-02 2.288005e-02 3.378085e-02 4.288678e-02 2.236890e-02
3.687500e+03 5.412500e+03 1.150000e+03 4.001442e-02 4.968276e-02 5.959712e-02 3.330269e-02 1.807976e-02 3.378085e-02 2.201881e-02 2.236890e-02
3.787500e+03 5.412500e+03 1.150000e+03 3.632843e-02 4.968276e-02 1.178026e-01 3.330269e-02 1.664999e-02 3.378085e-02 5.652424e-02 2.236890e-02
3.887500e+03 5.412500e+03 1.150000e+03 -4.275251e-03 4.968276e-02 4.522663e-02 3.330269e-02 -2.058495e-02 3.378085e-02 5.416079e-02 2.236890e-02
3.987500e+03 5.412500e+03 1.175000e+03 6.818134e-02 4.968276e-02 5.641784e-02 3.330269e-02 -4.296750e-02 3.378085e-02 4.082619e-02 2.236890e-02
4.087500e+03 5.412500e+03 1.175000e+03 -6.779221e-02 4.968276e-02 1.222056e-01 3.330269e-02 -3.006697e-02 3.378085e-02 1.009560e-02 2.236890e-02
4.187500e+03 5.412500e+03 1.200000e+03 -1.927890e-02 4.968276e-02 3.429690e-02 3.330269e-02 -5.795729e-02 3.378085e-02 3.186815e-02 2.236890e-02
4.287500e+03 5.412500e+03 1.225000e+03 -6.845815e-02 4.968276e-02 1.884000e-01 3.330269e-02 -3.169296e-02 3.378085e-02 2.247220e-02 2.236890e-02
4.387500e+03 5.412500e+03 1.225000e+03 6.432156e-02 4.968276e-02 8.784126e-02 3.330269e-02 -9.571196e-02 3.378085e-02 4.311653e-02 2.236890e-02
4.487500e+03 5.412500e+03 1.250000e+03 1.104616e-03 4.968276e-02 6.735603e-02 3.330269e-02 -9.962362e-02 3.378085e-02 3.186980e-02 2.236890e-02
4.587500e+03 5.412500e+03 1.275000e+03 6.470531e-03 4.968276e-02 1.838548e-01 3.330269e-02 -8.194696e-02 3.378085e-02 -3.899636e-02 2.236890e-02
4.687500e+03 5.412500e+03 1.250000e+03 -3.559878e-02 4.968276e-02 1.714100e-01 3.330269e-02 -5.596649e-02 3.378085e-02 9.862374e-03 2.236890e-02
4.787500e+03 5.412500e+03 1.250000e+03 -1.517401e-02 4.968276e-02 2.117312e-01 3.330269e-02 -7.816739e-02 3.378085e-02 6.070569e-03 2.236890e-02
4.887500e+03 5.412500e+03 1.275000e+03 1.723754e-03 4.968276e-02 1.102857e-01 3.330269e-02 -6.817892e-02 3.378085e-02 -1.258207e-02 2.236890e-02
4.987500e+03 5.412500e+03 1.275000e+03 7.475851e-02 4.968276e-02 1.693777e-01 3.330269e-02 -9.440031e-02 3.378085e-02 -7.009979e-03 2.236890e-02
5.087500e+03 5.412500e+03 1.275000e+03 1.206097e-01 4.968276e-02 1.656908e-01 3.330269e-02 -8.038521e-03 3.378085e-02 5.030790e-02 2.236890e-02
5.187500e+03 5.412500e+03 1.325000e+03 -3.706780e-02 4.968276e-02 1.683092e-01 3.330269e-02 -3.072774e-02 3.378085e-02 5.736815e-02 2.236890e-02
5.287500e+03 5.412500e+03 1.325000e+03 6.318872e-02 4.968276e-02 2.357944e-01 3.330269e-02 7.379506e-03 3.378085e-02 -1.627764e-02 2.236890e-02
5.387500e+03 5.412500e+03 1.300000e+03 5.354989e-02 4.968276e-02 2.394487e-01 3.330269e-02 3.800216e-02 3.378085e-02 1.220430e-02 2.236890e-02
5.487500e+03 5.412500e+03 1.275000e+03 1.136942e-02 4.968276e-02 2.606966e-01 3.330269e-02 2.890588e-02 3.378085e-02 1.965429e-04 2.236890e-02
5.587500e+03 5.412500e+03 1.275000e+03 1.280023e-01 4.968276e-02 2.558787e-01 3.330269e-02 -1.616632e-02 3.378085e-02 2.654387e-02 2.236890e-02
5.687500e+03 5.412500e+03 1.300000e+03 1.057961e-01 4.968276e-02 2.307680e-01 3.330269e-02 2.417546e-02 3.378085e-02 3.323514e-02 2.236890e-02
5.787500e+03 5.412500e+03 1.300000e+03 1.534856e-01 4.968276e-02 1.743205e-01 3.330269e-02 -3.043266e-03 3.378085e-02 3.175456e-02 2.236890e-02
5.887500e+03 5.412500e+03 1.300000e+03 1.474032e-01 4.968276e-02 1.583918e-01 3.330269e-02 -4.525929e-02 3.378085e-02 6.573768e-04 2.236890e-02
5.987500e+03 5.412500e+03 1.325000e+03 1.353931e-01 4.968276e-02 1.591784e-01 3.330269e-02 -2.738625e-02 3.378085e-02 -9.488402e-03 2.236890e-02
6.087500e+03 5.412500e+03 1.325000e+03 1.555441e-01 4.968276e-02 1.217694e-01 3.330269e-02 -4.252900e-02 3.378085e-02 -1.379345e-03 2.236890e-02
6.187500e+03 5.412500e+03 1.350000e+03 2.219552e-01 4.968276e-02 7.867041e-02 3.330269e-02 -1.377702e-01 3.378085e-02 3.893576e-02 2.236890e-02
6.287500e+03 5.412500e+03 1.350000e+03 1.289646e-01 4.968276e-02 1.703304e-01 3.330269e-02 -7.046881e-02 3.378085e-02 4.004014e-02 2.236890e-02
6.387500e+03 5.412500e+03 1.400000e+03 1.151939e-01 4.968276e-02 1.487800e-01 3.330269e-02 -9.478001e-02 3.378085e-02 9.741479e-03 2.236890e-02
6.487500e+03 5.412500e+03 1.400000e+03 8.741795e-02 4.968276e-02 8.115853e-02 3.330269e-02 -9.727745e-02 3.378085e-02 1.315998e-02 2.236890e-02
6.587500e+03 5.412500e+03 1.375000e+03 3.604373e-02 4.968276e-02 7.392001e-02 3.330269e-02 -1.463359e-01 3.378085e-02 5.334207e-03 2.236890e-02
6.687500e+03 5.412500e+03 1.350000e+03 1.018845e-01 4.968276e-02 5.936114e-02 3.330269e-02 -5.356735e-02 3.378085e-02 -2.939886e-02 2.236890e-02
6.787500e+03 5.412500e+03 1.325000e+03 -2.356167e-02 4.968276e-02 2.829728e-02 3.330269e-02 9.186328e-02 3.378085e-02 -3.226645e-02 2.236890e-02
6.887500e+03 5.412500e+03 1.325000e+03 -1.874405e-02 4.968276e-02 2.294930e-02 3.330269e-02 1.123598e-01 3.378085e-02 1.195633e-02 2.236890e-02
6.987500e+03 5.412500e+03 1.325000e+03 -5.044896e-02 4.968276e-02 -2.573749e-02 3.330269e-02 7.183465e-02 3.378085e-02 3.769173e-02 2.236890e-02
3.487500e+03 5.512500e+03 1.125000e+03 1.794891e-02 4.968276e-02 7.165357e-02 3.330269e-02 -4.590101e-02 3.378085e-02 7.661461e-02 2.236890e-02
3.587500e+03 5.512500e+03 1.150000e+03 -9.836050e-03 4.968276e-02 8.771505e-02 3.330269e-02 1.460154e-03 3.378085e-02 1.165928e-01 2.236890e-02
3.687500e+03 5.512500e+03 1.150000e+03 -1.159054e-02 4.968276e-02 9.770590e-02 3.330269e-02 -4.860219e-02 3.378085e-02 9.298096e-02 2.236890e-02
3.787500e+03 5.512500e+03 1.175000e+03 -1.257270e-01 4.968276e-02 7.308146e-02 3.330269e-02 3.396669e-02 3.378085e-02 5.923779e-02 2.236890e-02
3.887500e+03 5.512500e+03 1.150000e+03 -2.037036e-02 4.968276e-02 1.208503e-01 3.330269e-02 6.831705e-03 3.378085e-02 3.454217e-02 2.236890e-02
3.987500e+03 5.512500e+03 1.175000e+03 2.682789e-02 4.968276e-02 8.907456e-02 3.330269e-02 3.664513e-03 3.378085e-02 4.736044e-03 2.236890e-02
4.087500e+03 5.512500e+03 1.175000e+03 -3.407358e-02 4.968276e-02 4.062474e-02 3.330269e-02 -1.662621e-02 3.378085e-02 1.874040e-02 2.236890e-02
4.187500e+03 5.512500e+03 1.200000e+03 4.024665e-02 4.968276e-02 6.810401e-02 3.330269e-02 -6.858056e-02 3.378085e-02 4.218305e-02 2.236890e-02
4.287500e+03 5.512500e+03 1.200000e+03 -1.152300e-01 4.968276e-02 6.267461e-02 3.330269e-02 -3.169829e-02 3.378085e-02 4.731546e-03 2.236890e-02
4.387500e+03 5.512500e+03 1.225000e+03 -1.694440e-02 4.968276e-02 4.493632e-02 3.330269e-02 -9.973347e-02 3.378085e-02 2.442170e-02 2.236890e-02
4.487500e+03 5.512500e+03 1.250000e+03 -1.856830e-02 4.968276e-02 5.878599e-02 3.330269e-02 -1.108783e-01 3.378085e-02 4.224743e-02 2.236890e-02
4.587500e+03 5.512500e+03 1.275000e+03 -1.189656e-01 4.968276e-02 1.163495e-01 3.330269e-02 -8.850047e-02 3.378085e-02 4.496476e-02 2.236890e-02
4.687500e+03 5.512500e+03 1.275000e+03 -2.340921e-02 4.968276e-02 1.781504e-01 3.330269e-02 -9.303873e-02 3.378085e-02 -4.957240e-03 2.236890e-02
4.787500e+03 5.512500e+03 1.275000e+03 -1.103546e-01 4.968276e-02 2.303880e-01 3.330269e-02 -6.786330e-02 3.378085e-02 3.222819e-02 2.236890e-02
4.887500e+03 5.512500e+03 1.300000e+03 -2.437819e-02 4.968276e-02 1.004773e-01 3.330269e-02 -7.398514e-03 3.378085e-02 9.404335e-02 2.236890e-02
4.987500e+03 5.512500e+03 1.300000e+03 -6.064041e-02 4.968276e-02 1.364963e-01 3.330269e-02 -7.642976e-02 3.378085e-02 -3.486848e-03 2.236890e-02
5.087500e+03 5.512500e+03 1.275000e+03 -4.018024e-02 4.968276e-02 1.759595e-01 3.330269e-02 -4.335547e-02 3.378085e-02 4.837559e-02 2.236890e-02
5.187500e+03 5.512500e+03 1.300000e+03 1.026094e-02 4.968276e-02 1.861843e-01 3.330269e-02 -3.155736e-02 3.378085e-02 8.182745e-03 2.236890e-02
5.287500e+03 5.512500e+03 1.325000e+03 2.647533e-04 4.968276e-02 2.479663e-01 3.330269e-02 -3.858862e-02 3.378085e-02 8.384996e-03 2.236890e-02
5.387500e+03 5.512500e+03 1.300000e+03 -5.191186e-02 4.968276e-02 1.830069e-01 3.330269e-02 3.264425e-02 3.378085e-02 9.697334e-03 2.236890e-02
5.487500e+03 5.512500e+03 1.300000e+03 2.200995e-02 4.968276e-02 2.337782e-01 3.330269e-02 1.337027e-03 3.378085e-02 8.090068e-03 2.236890e-02
5.587500e+03 5.512500e+03 1.300000e+03 -8.758251e-03 4.968276e-02 1.866195e-01 3.330269e-02 2.690062e-02 3.378085e-02 -1.901803e-02 2.236890e-02
5.687500e+03 5.512500e+03 1.300000e+03 -2.439490e-02 4.968276e-02 1.595785e-01 3.330269e-02 -1.793431e-02 3.378085e-02 -4.395615e-02 2.236890e-02
5.787500e+03 5.512500e+03 1.300000e+03 8.023634e-02 4.968276e-02 1.556185e-01 3.330269e-02 -5.480179e-02 3.378085e-02 -1.351182e-02 2.236890e-02
5.887500e+03 5.512500e+03 1.300000e+03 1.280648e-01 4.968276e-02 4.550896e-02 3.330269e-02 -4.944531e-02 3.378085e-02 1.039578e-02 2.236890e-02
5.987500e+03 5.512500e+03 1.300000e+03 4.495568e-02 4.968276e-02 1.328211e-01 3.330269e-02 -4.786391e-02 3.378085e-02 3.399424e-03 2.236890e-02
6.087500e+03 5.512500e+03 1.300000e+03 6.180482e-02 4.968276e-02 3.660360e-02 3.330269e-02 -5.793676e-02 3.378085e-02 -1.747804e-02 2.236890e-02
6.187500e+03 5.512500e+03 1.325000e+03 1.026818e-01 4.968276e-02 4.386981e-02 3.330269e-02 -1.253495e-01 3.378085e-02 2.130951e-02 2.236890e-02
6.287500e+03 5.512500e+03 1.375000e+03 1.944189e-01 4.968276e-02 9.823026e-02 3.330269e-02 -1.293600e-01 3.378085e-02 5.208873e-02 2.236890e-02
6.387500e+03 5.512500e+03 1.400000e+03 5.083777e-02 4.968276e-02 5.566781e-02 3.330269e-02 -1.372187e-01 3.378085e-02 -2.185636e-02 2.236890e-02
6.487500e+03 5.512500e+03 1.425000e+03 4.488885e-02 4.968276e-02 1.238846e-01 3.330269e-02 -8.676091e-02 3.378085e-02 1.693095e-02 2.236890e-02
6.587500e+03 5.512500e+03 1.400000e+03 3.468728e-02 4.968276e-02 1.007563e-01 3.330269e-02 -4.859605e-02 3.378085e-02 -4.897173e-02 2.236890e-02
6.687500e+03 5.512500e+03 1.350000e+03 1.721872e-01 4.968276e-02 1.254061e-01 3.330269e-02 -3.847385e-02 3.378085e-02 5.446778e-03 2.236890e-02
6.787500e+03 5.512500e+03 1.350000e+03 1.985016e-02 4.968276e-02 1.240389e-01 3.330269e-02 5.482116e-02 3.378085e-02 -1.461320e-02 2.236890e-02
6.887500e+03 5.512500e+03 1.350000e+03 -4.619570e-02 4.968276e-02 7.382407e-02 3.330269e-02 1.046976e-01 3.378085e-02 -2.399921e-02 2.236890e-02
6.987500e+03 5.512500e+03 1.325000e+03 -9.888127e-02 4.968276e-02 1.065003e-01 3.330269e-02 5.147659e-02 3.378085e-02 4.051684e-03 2.236890e-02


DATATYPE MTT
FREQUENCY 398.1003
N_RECV 1117
19987.5 -12.5 975.0 i i i i i i i i
3.487500e+03 2.512500e+03 1.250000e+03 1.463148e-03 5.937180e-02 1.454652e-02 4.168803e-02 5.175189e-02 4.169281e-02 1.796057e-03 1.321597e-02
3.587500e+03 2.512500e+03 1.225000e+03 6.206740e-02 5.937180e-02 1.258641e-02 4.168803e-02 3.780094e-02 4.169281e-02 -3.673413e-02 1.321597e-02
3.687500e+03 2.512500e+03 1.225000e+03 -1.483260e-02 5.937180e-02 9.763072e-03 4.168803e-02 6.658407e-02 4.169281e-02 -2.492312e-02 1.321597e-02
3.787500e+03 2.512500e+03 1.200000e+03 8.411643e-02 5.937180e-02 -1.111461e-03 4.168803e-02 6.023976e-02 4.169281e-02 -4.350267e-03 1.321597e-02
3.887500e+03 2.512500e+03 1.200000e+03 8.373112e-03 5.937180e-02 -2.621049e-02 4.168803e-02 1.234781e-01 4.169281e-02 -5.542550e-03 1.321597e-02
3.987500e+03 2.512500e+03 1.200000e+03 5.668700e-02 5.937180e-02 -7.072748e-03 4.168803e-02 6.504686e-02 4.169281e-02 -7.874665e-03 1.321597e-02
4.087500e+03 2.512500e+03 1.200000e+03 9.517734e-02 5.937180e-02 -1.187201e-01 4.168803e-02 3.744685e-02 4.169281e-02 -2.059362e-02 1.321597e-02
4.187500e+03 2.512500e+03 1.200000e+03 1.191812e-01 5.937180e-02 -4.451912e-02 4.168803e-02 -5.783135e-04 4.169281e-02 -1.923807e-02 1.321597e-02
4.287500e+03 2.512500e+03 1.200000e+03 7.494293e-02 5.937180e-02 -7.647761e-02 4.168803e-02 8.135033e-03 4.169281e-02 1.977994e-02 1.321597e-02
4.387500e+03 2.512500e+03 1.200000e+03 1.440668e-01 5.937180e-02 -4.268574e-02 4.168803e-02 3.183987e-02 4.169281e-02 3.024623e-02 1.321597e-02
4.487500e+03 2.512500e+03 1.200000e+03 2.046276e-02 5.937180e-02 -9.404193e-02 4.168803e-02 2.410301e-02 4.169281e-02 -2.140991e-02 1.321597e-02
4.587500e+03 2.512500e+03 1.175000e+03 1.186391e-01 5.937180e-02 -9.703281e-02 4.168803e-02 1.421979e-02 4.169281e-02 -1.906720e-04 1.321597e-02
4.687500e+03 2.512500e+03 1.175000e+03 3.521265e-02 5.937180e-02 -8.350681e-02 4.168803e-02 6.805333e-02 4.169281e-02 -1.626036e-02 1.321597e-02
4.787500e+03 2.512500e+03 1.150000e+03 7.691106e-02 5.937180e-02 -6.335924e-02 4.168803e-02 -9.207077e-03 4.169281e-02 -1.349807e-02 1.321597e-02
4.887500e+03 2.512500e+03 1.150000e+03 -9.337797e-02 5.937180e-02 5.432958e-02 4.168803e-02 3.929903e-02 4.169281e-02 -4.787169e-03 1.321597e-02
4.987500e+03 2.512500e+03 1.150000e+03 -1.398076e-01 5.937180e-02 1.470437e-01 4.168803e-02 -4.794436e-02 4.169281e-02 1.342965e-02 1.321597e-02
5.087500e+03 2.512500e+03 1.175000e+03 -3.119620e-02 5.937180e-02 -1.894118e-02 4.168803e-02 -5.639883e-02 4.169281e-02 3.225667e-02 1.321597e-02
5.187500e+03 2.512500e+03 1.175000e+03 2.992990e-02 5.937180e-02 4.803812e-02 4.168803e-02 -3.826560e-02 4.169281e-02 3.198692e-02 1.321597e-02
5.287500e+03 2.512500e+03 1.200000e+03 -2.229845e-02 5.937180e-02 7.903921e-02 4.168803e-02 -4.081668e-02 4.169281e-02 2.357685e-02 1.321597e-02
5.387500e+03 2.512500e+03 1.200000e+03 -3.955822e-02 5.937180e-02 -7.272138e-02 4.168803e-02 1.232681e-02 4.169281e-02 7.939483e-05 1.321597e-02
5.487500e+03 2.512500e+03 1.200000e+03 7.055305e-02 5.937180e-02 -1.022341e-02 4.168803e-02 -4.534712e-02 4.169281e-02 4.396123e-02 1.321597e-02
5.587500e+03 2.512500e+03 1.225000e+03 -6.413717e-02 5.937180e-02 4.005763e-03 4.168803e-02 -8.587364e-02 4.169281e-02 5.015921e-03 1.321597e-02
5.687500e+03 2.512500e+03 1.225000e+03 3.106537e-02 5.937180e-02 -3.263061e-02 4.168803e-02 -6.097133e-02 4.169281e-02 4.117928e-02 1.321597e-02
5.787500e+03 2.512500e+03 1.250000e+03 -2.998683e-02 5.937180e-02 1.688709e-02 4.168803e-02 -1.135772e-01 4.169281e-02 4.543519e-02 1.321597e-02
5.887500e+03 2.512500e+03 1.225000e+03 -4.814435e-02 5.937180e-02 3.230894e-02 4.168803e-02 1.905712e-02 4.169281e-02 -2.140589e-02 1.321597e-02
5.987500e+03 2.512500e+03 1.225000e+03 -3.646039e-02 5.937180e-02 -7.701205e-02 4.168803e-02 -5.095743e-02 4.169281e-02 -3.000319e-02 1.321597e-02
6.087500e+03 2.512500e+03 1.225000e+03 3.357554e-02 5.937180e-02 2.790888e-02 4.168803e-02 -3.434347e-02 4.169281e-02 6.181995e-04 1.321597e-02
6.187500e+03 2.512500e+03 1.225000e+03 -5.982665e-02 5.937180e-02 -2.557472e-03 4.168803e-02 -1.268256e-01 4.169281e-02 3.027907e-02 1.321597e-02
6.287500e+03 2.512500e+03 1.250000e+03 -3.998475e-02 5.937180e-02 7.204784e-03 4.168803e-02 -1.453705e-01 4.169281e-02 1.761869e-02 1.321597e-02
6.387500e+03 2.512500e+03 1.250000e+03 -1.081777e-01 5.937180e-02 1.081343e-01 4.168803e-02 -1.223062e-02 4.169281e-02 -6.249666e-03 1.321597e-02
6.487500e+03 2.512500e+03 1.250000e+03 -5.982446e-02 5.937180e-02 7.639159e-02 4.168803e-02 -6.502219e-02 4.169281e-02 1.752850e-02 1.321597e-02
6.587500e+03 2.512500e+03 1.250000e+03 -1.899860e-01 5.937180e-02 1.586899e-01 4.168803e-02 -6.743860e-02 4.169281e-02 2.577327e-02 1.321597e-02
6.687500e+03 2.512500e+03 1.250000e+03 -2.151208e-01 5.937180e-02 2.087833e-01 4.168803e-02 -3.132626e-02 4.169281e-02 4.283896e-02 1.321597e-02
6.787500e+03 2.512500e+03 1.250000e+03 -1.404809e-01 5.937180e-02 2.159144e-01 4.168803e-02 -3.223600e-02 4.169281e-02 3.925471e-02 1.321597e-02
6.887500e+03 2.512500e+03 1.250000e+03 -1.534411e-02 5.937180e-02 2.443570e-01 4.168803e-02 7.847474e-03 4.169281e-02 1.774346e-02 1.321597e-02
6.987500e+03 2.512500e+03 1.250000e+03 -7.621736e-02 5.937180e-02 1.834173e-01 4.168803e-02 -1.681437e-02 4.169281e-02 7.256138e-02 1.321597e-02
3.487500e+03 2.612500e+03 1.225000e+03 1.427960e-01 5.937180e-02 -9.682194e-02 4.168803e-02 6.135089e-02 4.169281e-02 -6.993973e-03 1.321597e-02
3.587500e+03 2.612500e+03 1.225000e+03 5.252469e-02 5.937180e-02 1.021643e-02 4.168803e-02 3.171388e-03 4.169281e-02 -4.947646e-03 1.321597e-02
3.687500e+03 2.612500e+03 1.225000e+03 -1.507930e-01 5.937180e-02 3.369485e-02 4.168803e-02 7.083084e-02 4.169281e-02 -1.523741e-02 1.321597e-02
3.787500e+03 2.612500e+03 1.225000e+03 -9.194444e-02 5.937180e-02 1.388746e-01 4.168803e-02 8.012502e-02 4.169281e-02 -3.893038e-02 1.321597e-02
3.887500e+03 2.612500e+03 1.200000e+03 -7.662954e-02 5.937180e-02 -1.588570e-02 4.168803e-02 1.271668e-02 4.169281e-02 -1.016975e-02 1.321597e-02
3.987500e+03 2.612500e+03 1.200000e+03 -7.607473e-02 5.937180e-02 -2.964977e-02 4.168803e-02 3.763923e-02 4.169281e-02 -1.594472e-02 1.321597e-02
4.087500e+03 2.612500e+03 1.200000e+03 1.956022e-02 5.937180e-02 5.225416e-02 4.168803e-02 9.921957e-02 4.169281e-02 -3.187689e-02 1.321597e-02
4.187500e+03 2.612500e+03 1.175000e+03 2.007386e-02 5.937180e-02 3.849188e-02 4.168803e-02 2.275808e-02 4.169281e-02 -1.040863e-03 1.321597e-02
4.287500e+03 2.612500e+03 1.175000e+03 2.773051e-02 5.937180e-02 -6.376427e-03 4.168803e-02 2.400176e-03 4.169281e-02 5.754396e-03 1.321597e-02
4.387500e+03 2.612500e+03 1.175000e+03 2.912605e-02 5.937180e-02 -5.141650e-02 4.168803e-02 -1.488417e-02 4.169281e-02 1.800152e-02 1.321597e-02
4.487500e+03 2.612500e+03 1.175000e+03 1.385658e-01 5.937180e-02 -9.978331e-02 4.168803e-02 3.576119e-02 4.169281e-02 -8.287853e-03 1.321597e-02
4.587500e+03 2.612500e+03 1.175000e+03 1.010035e-03 5.937180e-02 7.794040e-02 4.168803e-02 6.478309e-02 4.169281e-02 4.585992e-03 1.321597e-02
4.687500e+03 2.612500e+03 1.150000e+03 9.696181e-02 5.937180e-02 -6.876442e-02 4.168803e-02 3.858545e-02 4.169281e-02 -3.073895e-02 1.321597e-02
4.787500e+03 2.612500e+03 1.150000e+03 -7.050520e-03 5.937180e-02 2.110272e-02 4.168803e-02 -6.253668e-03 4.169281e-02 1.518801e-02 1.321597e-02
4.887500e+03 2.612500e+03 1.175000e+03 -7.000662e-02 5.937180e-02 6.715467e-02 4.168803e-02 -3.811185e-02 4.169281e-02 2.441135e-02 1.321597e-02
4.987500e+03 2.612500e+03 1.175000e+03 -6.849593e-02 5.937180e-02 1.370798e-01 4.168803e-02 -7.273021e-02 4.169281e-02 -1.145075e-02 1.321597e-02
5.087500e+03 2.612500e+03 1.175000e+03 -6.592226e-02 5.937180e-02 8.656540e-02 4.168803e-02 -1.534635e-02 4.169281e-02 -4.359186e-03 1.321597e-02
5.187500e+03 2.612500e+03 1.175000e+03 4.478328e-02 5.937180e-02 2.178769e-02 4.168803e-02 -8.490043e-03 4.169281e-02 8.669070e-03 1.321597e-02
5.287500e+03 2.612500e+03 1.200000e+03 -6.961764e-02 5.937180e-02 -2.211341e-02 4.168803e-02 -4.746140e-02 4.169281e-02 1.956707e-02 1.321597e-02
5.387500e+03 2.612500e+03 1.200000e+03 -3.220025e-02 5.937180e-02 1.391245e-02 4.168803e-02 -1.576944e-02 4.169281e-02 9.379238e-03 1.321597e-02
5.487500e+03 2.612500e+03 1.200000e+03 3.281295e-02 5.937180e-02 6.594435e-02 4.168803e-02 -8.877221e-02 4.169281e-02 4.002206e-02 1.321597e-02
5.587500e+03 2.612500e+03 1.225000e+03 1.803499e-01 5.937180e-02 -3.501201e-02 4.168803e-02 -6.549962e-02 4.169281e-02 3.151799e-02 1.321597e-02
5.687500e+03 2.612500e+03 1.225000e+03 -5.904752e-02 5.937180e-02 -3.417341e-02 4.168803e-02 -4.084611e-02 4.169281e-02 9.628625e-03 1.321597e-02
5.787500e+03 2.612500e+03 1.250000e+03 1.170696e-01 5.937180e-02 -7.289694e-04 4.168803e-02 -1.007158e-01 4.169281e-02 4.679561e-02 1.321597e-02
5.887500e+03 2.612500e+03 1.250000e+03 -9.102854e-02 5.937180e-02 3.908162e-02 4.168803e-02 -7.494374e-02 4.169281e-02 -2.779211e-02 1.321597e-02
5.987500e+03 2.612500e+03 1.225000e+03 -9.121317e-02 5.937180e-02 5.222123e-02 4.168803e-02 -6.948814e-02 4.169281e-02 -5.297976e-02 1.321597e-02
6.087500e+03 2.612500e+03 1.225000e+03 -5.117283e-02 5.937180e-02 5.032305e-02 4.168803e-02 -1.020137e-01 4.169281e-02 -1.977673e-02 1.321597e-02
6.187500e+03 2.612500e+03 1.225000e+03 -7.579566e-02 5.937180e-02 -1.788296e-02 4.168803e-02 -4.655847e-02 4.169281e-02 5.326220e-03 1.321597e-02
6.287500e+03 2.612500e+03 1.250000e+03 -1.297206e-01 5.937180e-02 2.888066e-02 4.168803e-02 -1.397573e-01 4.169281e-02 7.446561e-02 1.321597e-02
6.387500e+03 2.612500e+03 1.250000e+03 5.629769e-02 5.937180e-02 2.056923e-01 4.168803e-02 -1.383610e-01 4.169281e-02 4.209894e-02 1.321597e-02
6.487500e+03 2.612500e+03 1.250000e+03 -9.656264e-02 5.937180e-02 2.009249e-01 4.168803e-02 -7.231354e-02 4.169281e-02 6.614198e-02 1.321597e-02
6.587500e+03 2.612500e+03 1.250000e+03 -1.404205e-01 5.937180e-02 2.614783e-01 4.168803e-02 -5.337278e-02 4.169281e-02 5.635358e-02 1.321597e-02
6.687500e+03 2.612500e+03 1.275000e+03 -9.243473e-02 5.937180e-02 2.097650e-01 4.168803e-02 -2.538140e-02 4.169281e-02 8.279068e-02 1.321597e-02
6.787500e+03 2.612500e+03 1.250000e+03 3.770078e-02 5.937180e-02 3.293488e-01 4.168803e-02 1.171072e-01 4.169281e-02 5.791467e-02 1.321597e-02
6.887500e+03 2.612500e+03 1.250000e+03 2.241245e-01 5.937180e-02 1.950631e-01 4.168803e-02 6.904631e-02 4.169281e-02 3.186230e-02 1.321597e-02
6.987500e+03 2.612500e+03 1.250000e+03 4.487381e-01 5.937180e-02 1.062349e-01 4.168803e-02 1.748483e-02 4.169281e-02 4.438744e-02 1.321597e-02
3.487500e+03 2.712500e+03 1.225000e+03 5.829020e-02 5.937180e-02 -7.812956e-02 4.168803e-02 -2.679067e-02 4.169281e-02 -7.949197e-03 1.321597e-02
3.587500e+03 2.712500e+03 1.225000e+03 1.245240e-01 5.937180e-02 2.906337e-02 4.168803e-02 9.537197e-02 4.169281e-02 -1.400608e-02 1.321597e-02
3.687500e+03 2.712500e+03 1.225000e+03 -8.146755e-03 5.937180e-02 -5.847696e-02 4.168803e-02 -2.487484e-02 4.169281e-02 9.273010e-03 1.321597e-02
3.787500e+03 2.712500e+03 1.225000e+03 8.881297e-03 5.937180e-02 -4.602562e-02 4.168803e-02 5.011889e-02 4.169281e-02 -4.672077e-03 1.321597e-02
3.887500e+03 2.712500e+03 1.225000e+03 -3.715721e-02 5.937180e-02 -1.156549e-02 4.168803e-02 5.491153e-02 4.169281e-02 1.382383e-02 1.321597e-02
3.987500e+03 2.712500e+03 1.225000e+03 1.199567e-02 5.937180e-02 -8.381898e-02 4.168803e-02 2.196462e-02 4.169281e-02 -2.945676e-03 1.321597e-02
4.087500e+03 2.712500e+03 1.200000e+03 -1.307068e-02 5.937180e-02 -3.195737e-03 4.168803e-02 9.012029e-02 4.169281e-02 -1.525163e-02 1.321597e-02
4.187500e+03 2.712500e+03 1.200000e+03 5.943329e-02 5.937180e-02 -3.571790e-02 4.168803e-02 1.203695e-01 4.169281e-02 -1.524680e-02 1.321597e-02
4.287500e+03 2.712500e+03 1.175000e+03 -2.891613e-02 5.937180e-02 6.893973e-02 4.168803e-02 -2.368536e-02 4.169281e-02 -4.698508e-03 1.321597e-02
4.387500e+03 2.712500e+03 1.175000e+03 9.377633e-02 5.937180e-02 1.183176e-02 4.168803e-02 9.238739e-02 4.169281e-02 1.586173e-02 1.321597e-02
4.487500e+03 2.712500e+03 1.175000e+03 7.983592e-02 5.937180e-02 1.101800e-02 4.168803e-02 5.975338e-02 4.169281e-02 9.417340e-03 1.321597e-02
4.587500e+03 2.712500e+03 1.175000e+03 5.949407e-02 5.937180e-02 5.245141e-02 4.168803e-02 7.901881e-02 4.169281e-02 -3.226769e-02 1.321597e-02
4.687500e+03 2.712500e+03 1.150000e+03 -1.387435e-02 5.937180e-02 1.881081e-02 4.168803e-02 6.401972e-02 4.169281e-02 -1.190925e-02 1.321597e-02
4.787500e+03 2.712500e+03 1.150000e+03 -4.043851e-02 5.937180e-02 2.888098e-04 4.168803e-02 -9.327442e-02 4.169281e-02 3.326268e-02 1.321597e-02
4.887500e+03 2.712500e+03 1.175000e+03 -3.835234e-02 5.937180e-02 -3.772903e-02 4.168803e-02 -1.427817e-01 4.169281e-02 3.767553e-02 1.321597e-02
4.987500e+03 2.712500e+03 1.175000e+03 1.291573e-01 5.937180e-02 -1.706054e-02 4.168803e-02 -2.235575e-03 4.169281e-02 3.476196e-02 1.321597e-02
5.087500e+03 2.712500e+03 1.200000e+03 -3.599868e-02 5.937180e-02 1.668556e-01 4.168803e-02 -6.375657e-02 4.169281e-02 7.709066e-03 1.321597e-02
5.187500e+03 2.712500e+03 1.200000e+03 -1.779046e-01 5.937180e-02 1.266709e-01 4.168803e-02 -1.736679e-02 4.169281e-02 -6.054626e-03 1.321597e-02
5.287500e+03 2.712500e+03 1.175000e+03 4.677409e-02 5.937180e-02 8.508506e-02 4.168803e-02 3.256469e-02 4.169281e-02 -7.057252e-03 1.321597e-02
5.387500e+03 2.712500e+03 1.200000e+03 1.555033e-01 5.937180e-02 -3.885672e-03 4.168803e-02 -3.930461e-02 4.169281e-02 2.936402e-02 1.321597e-02
5.487500e+03 2.712500e+03 1.200000e+03 5.018803e-02 5.937180e-02 -2.788106e-02 4.168803e-02 -5.748664e-02 4.169281e-02 1.186380e-02 1.321597e-02
5.587500e+03 2.712500e+03 1.225000e+03 -2.834665e-02 5.937180e-02 -4.401105e-02 4.168803e-02 -5.862719e-02 4.169281e-02 -1.748724e-02 1.321597e-02
5.687500e+03 2.712500e+03 1.225000e+03 7.669470e-02 5.937180e-02 -6.540495e-02 4.168803e-02 -8.123215e-02 4.169281e-02 -1.626856e-02 1.321597e-02
5.787500e+03 2.712500e+03 1.225000e+03 1.254973e-01 5.937180e-02 -1.308978e-01 4.168803e-02 -1.642640e-01 4.169281e-02 5.326473e-02 1.321597e-02
5.887500e+03 2.712500e+03 1.250000e+03 -2.690095e-02 5.937180e-02 4.932747e-02 4.168803e-02 -7.087614e-02 4.169281e-02 -1.069180e-02 1.321597e-02
5.987500e+03 2.712500e+03 1.250000e+03 -1.039279e-01 5.937180e-02 6.298608e-02 4.168803e-02 -6.019422e-02 4.169281e-02 -2.545755e-02 1.321597e-02
6.087500e+03 2.712500e+03 1.250000e+03 -1.653265e-01 5.937180e-02 1.097539e-01 4.168803e-02 -1.001455e-01 4.169281e-02 1.124630e-02 1.321597e-02
6.187500e+03 2.712500e+03 1.225000e+03 -2.075432e-01 5.937180e-02 1.710160e-01 4.168803e-02 -8.640970e-02 4.169281e-02 4.336029e-02 1.321597e-02
6.287500e+03 2.712500e+03 1.225000e+03 -2.022202e-01 5.937180e-02 2.577676e-01 4.168803e-02 -1.269408e-01 4.169281e-02 1.077479e-01 1.321597e-02
6.387500e+03 2.712500e+03 1.250000e+03 1.960160e-01 5.937180e-02 1.397722e-01 4.168803e-02 -1.276590e-01 4.169281e-02 8.052895e-02 1.321597e-02
6.487500e+03 2.712500e+03 1.250000e+03 3.786178e-01 5.937180e-02 1.551720e-01 4.168803e-02 3.181230e-02 4.169281e-02 8.141518e-02 1.321597e-02
6.587500e+03 2.712500e+03 1.275000e+03 2.990982e-01 5.937180e-02 7.533519e-02 4.168803e-02 7.953377e-02 4.169281e-02 1.156308e-01 1.321597e-02
6.687500e+03 2.712500e+03 1.275000e+03 2.083208e-01 5.937180e-02 1.808896e-01 4.168803e-02 3.688744e-02 4.169281e-02 7.144845e-02 1.321597e-02
6.787500e+03 2.712500e+03 1.275000e+03 2.639681e-01 5.937180e-02 6.729670e-02 4.168803e-02 8.548062e-02 4.169281e-02 2.183596e-02 1.321597e-02
6.887500e+03 2.712500e+03 1.250000e+03 5.567778e-01 5.937180e-02 -1.062698e-01 4.168803e-02 2.886909e-01 4.169281e-02 -5.582070e-02 1.321597e-02
6.987500e+03 2.712500e+03 1.250000e+03 5.784220e-01 5.937180e-02 -1.241945e-01 4.168803e-02 8.358434e-02 4.169281e-02 1.072477e-02 1.321597e-02
3.487500e+03 2.812500e+03 1.200000e+03 -5.724501e-02 5.937180e-02 -2.469311e-02 4.168803e-02 -5.941272e-02 4.169281e-02 2.420660e-03 1.321597e-02
3.587500e+03 2.812500e+03 1.225000e+03 -4.284261e-02 5.937180e-02 1.397267e-02 4.168803e-02 -6.231089e-02 4.169281e-02 -1.188740e-02 1.321597e-02
3.687500e+03 2.812500e+03 1.225000e+03 4.004832e-02 5.937180e-02 3.738329e-03 4.168803e-02 5.922276e-02 4.169281e-02 -1.080953e-02 1.321597e-02
3.787500e+03 2.812500e+03 1.200000e+03 -4.304944e-02 5.937180e-02 2.287446e-02 4.168803e-02 9.991172e-02 4.169281e-02 -4.106411e-02 1.321597e-02
3.887500e+03 2.812500e+03 1.200000e+03 -1.048047e-02 5.937180e-02 -1.175186e-02 4.168803e-02 3.374776e-02 4.169281e-02 -3.777749e-03 1.321597e-02
3.987500e+03 2.812500e+03 1.200000e+03 4.061672e-02 5.937180e-02 7.214988e-02 4.168803e-02 6.775295e-02 4.169281e-02 -2.273543e-03 1.321597e-02
4.087500e+03 2.812500e+03 1.200000e+03 -7.588295e-02 5.937180e-02 1.836184e-02 4.168803e-02 -1.827903e-03 4.169281e-02 1.992983e-02 1.321597e-02
4.187500e+03 2.812500e+03 1.175000e+03 -8.350680e-02 5.937180e-02 8.567962e-02 4.168803e-02 6.012042e-02 4.169281e-02 -9.761794e-04 1.321597e-02
4.287500e+03 2.812500e+03 1.200000e+03 -1.667152e-01 5.937180e-02 9.189132e-02 4.168803e-02 4.286653e-02 4.169281e-02 1.365153e-02 1.321597e-02
4.387500e+03 2.812500e+03 1.200000e+03 -1.380155e-01 5.937180e-02 1.656545e-02 4.168803e-02 4.044505e-02 4.169281e-02 -7.729040e-03 1.321597e-02
4.487500e+03 2.812500e+03 1.200000e+03 -1.060570e-02 5.937180e-02 1.031135e-01 4.168803e-02 1.228940e-01 4.169281e-02 -4.665599e-03 1.321597e-02
4.587500e+03 2.812500e+03 1.175000e+03 2.780457e-02 5.937180e-02 2.659072e-02 4.168803e-02 9.419576e-02 4.169281e-02 -3.630462e-02 1.321597e-02
4.687500e+03 2.812500e+03 1.150000e+03 5.704353e-02 5.937180e-02 -7.565694e-02 4.168803e-02 -4.351918e-02 4.169281e-02 9.234843e-03 1.321597e-02
4.787500e+03 2.812500e+03 1.150000e+03 2.635534e-02 5.937180e-02 5.164182e-02 4.168803e-02 -5.787769e-02 4.169281e-02 8.053141e-03 1.321597e-02
4.887500e+03 2.812500e+03 1.175000e+03 -4.015451e-02 5.937180e-02 4.759468e-02 4.168803e-02 -6.818405e-02 4.169281e-02 4.036886e-02 1.321597e-02
4.987500e+03 2.812500e+03 1.200000e+03 1.789534e-02 5.937180e-02 6.712041e-02 4.168803e-02 -9.837738e-02 4.169281e-02 7.259280e-02 1.321597e-02
5.087500e+03 2.812500e+03 1.200000e+03 -8.266248e-03 5.937180e-02 5.623220e-02 4.168803e-02 -8.831007e-02 4.169281e-02 4.648085e-02 1.321597e-02
5.187500e+03 2.812500e+03 1.200000e+03 7.037485e-02 5.937180e-02 8.911962e-02 4.168803e-02 2.672408e-02 4.169281e-02 -6.389155e-03 1.321597e-02
5.287500e+03 2.812500e+03 1.200000e+03 8.850053e-02 5.937180e-02 7.529606e-02 4.168803e-02 4.456996e-02 4.169281e-02 -6.591902e-03 1.321597e-02
5.387500e+03 2.812500e+03 1.200000e+03 -5.312646e-02 5.937180e-02 9.745871e-04 4.168803e-02 2.005181e-02 4.169281e-02 -1.762386e-02 1.321597e-02
5.487500e+03 2.812500e+03 1.200000e+03 -1.257209e-02 5.937180e-02 2.100313e-02 4.168803e-02 -1.572850e-02 4.169281e-02 -2.258712e-02 1.321597e-02
5.587500e+03 2.812500e+03 1.225000e+03 9.776484e-02 5.937180e-02 -8.150492e-03 4.168803e-02 -1.404226e-01 4.169281e-02 2.484663e-02 1.321597e-02
5.687500e+03 2.812500e+03 1.225000e+03 8.085622e-03 5.937180e-02 4.978899e-02 4.168803e-02 -1.334401e-01 4.169281e-02 2.117645e-04 1.321597e-02
5.787500e+03 2.812500e+03 1.225000e+03 5.909884e-02 5.937180e-02 -1.196780e-02 4.168803e-02 -1.390314e-01 4.169281e-02 5.306380e-02 1.321597e-02
5.887500e+03 2.812500e+03 1.250000e+03 -3.408407e-02 5.937180e-02 2.331684e-02 4.168803e-02 -7.756886e-02 4.169281e-02 2.958250e-02 1.321597e-02
5.987500e+03 2.812500e+03 1.250000e+03 1.400348e-02 5.937180e-02 6.645258e-02 4.168803e-02 -7.491712e-02 4.169281e-02 5.786113e-02 1.321597e-02
6.087500e+03 2.812500e+03 1.250000e+03 -8.664941e-02 5.937180e-02 1.231943e-01 4.168803e-02 -5.935849e-02 4.169281e-02 7.564468e-02 1.321597e-02
6.187500e+03 2.812500e+03 1.250000e+03 6.035373e-02 5.937180e-02 2.214781e-01 4.168803e-02 -2.679161e-02 4.169281e-02 7.967640e-02 1.321597e-02
6.287500e+03 2.812500e+03 1.250000e+03 9.089744e-02 5.937180e-02 2.903298e-01 4.168803e-02 -2.930469e-02 4.169281e-02 1.075864e-01 1.321597e-02
6.387500e+03 2.812500e+03 1.250000e+03 8.658794e-02 5.937180e-02 2.719288e-01 4.168803e-02 8.176392e-03 4.169281e-02 8.394938e-02 1.321597e-02
6.487500e+03 2.812500e+03 1.250000e+03 5.632058e-01 5.937180e-02 1.730671e-03 4.168803e-02 1.318700e-01 4.169281e-02 4.002503e-02 1.321597e-02
6.587500e+03 2.812500e+03 1.250000e+03 7.073390e-01 5.937180e-02 -2.660339e-01 4.168803e-02 2.363010e-01 4.169281e-02 -1.793091e-03 1.321597e-02
6.687500e+03 2.812500e+03 1.250000e+03 7.184142e-01 5.937180e-02 -2.395599e-01 4.168803e-02 -2.788629e-02 4.169281e-02 8.599710e-02 1.321597e-02
6.787500e+03 2.812500e+03 1.275000e+03 5.496098e-01 5.937180e-02 -2.439743e-01 4.168803e-02 9.021621e-02 4.169281e-02 -2.027834e-02 1.321597e-02
6.887500e+03 2.812500e+03 1.275000e+03 4.400451e-01 5.937180e-02 -1.331163e-01 4.168803e-02 3.369578e-02 4.169281e-02 1.520671e-02 1.321597e-02
6.987500e+03 2.812500e+03 1.275000e+03 2.498950e-01 5.937180e-02 3.114679e-02 4.168803e-02 4.627071e-02 4.169281e-02 3.775396e-02 1.321597e-02
3.487500e+03 2.912500e+03 1.225000e+03 5.229321e-02 5.937180e-02 2.496608e-02 4.168803e-02 -6.916731e-02 4.169281e-02 5.163705e-02 1.321597e-02
3.587500e+03 2.912500e+03 1.225000e+03 2.466088e-02 5.937180e-02 1.514818e-03 4.168803e-02 -5.411822e-02 4.169281e-02 1.243533e-02 1.321597e-02
3.687500e+03 2.912500e+03 1.250000e+03 -4.491222e-02 5.937180e-02 3.198264e-02 4.168803e-02 3.040523e-02 4.169281e-02 -2.420727e-02 1.321597e-02
3.787500e+03 2.912500e+03 1.225000e+03 -7.993572e-02 5.937180e-02 1.690172e-02 4.168803e-02 -5.003255e-03 4.169281e-02 -4.131907e-03 1.321597e-02
3.887500e+03 2.912500e+03 1.225000e+03 -3.121088e-02 5.937180e-02 4.426296e-02 4.168803e-02 3.785439e-02 4.169281e-02 -5.762640e-02 1.321597e-02
3.987500e+03 2.912500e+03 1.225000e+03 -7.361601e-02 5.937180e-02 1.865599e-01 4.168803e-02 5.732946e-02 4.169281e-02 -1.515951e-02 1.321597e-02
4.087500e+03 2.912500e+03 1.200000e+03 -8.662186e-02 5.937180e-02 1.090049e-01 4.168803e-02 1.101431e-01 4.169281e-02 -4.459512e-03 1.321597e-02
4.187500e+03 2.912500e+03 1.200000e+03 -1.709533e-01 5.937180e-02 1.151473e-01 4.168803e-02 6.587593e-02 4.169281e-02 2.216382e-02 1.321597e-02
4.287500e+03 2.912500e+03 1.225000e+03 -6.298055e-02 5.937180e-02 7.076888e-02 4.168803e-02 6.015213e-02 4.169281e-02 -4.365579e-03 1.321597e-02
4.387500e+03 2.912500e+03 1.200000e+03 -1.010561e-01 5.937180e-02 9.542848e-02 4.168803e-02 8.538181e-02 4.169281e-02 -1.441037e-02 1.321597e-02
4.487500e+03 2.912500e+03 1.200000e+03 3.020406e-02 5.937180e-02 -5.037419e-02 4.168803e-02 1.071385e-01 4.169281e-02 -6.330784e-02 1.321597e-02
4.587500e+03 2.912500e+03 1.150000e+03 -9.329548e-02 5.937180e-02 -4.116208e-02 4.168803e-02 8.544448e-02 4.169281e-02 -4.127159e-02 1.321597e-02
4.687500e+03 2.912500e+03 1.150000e+03 -6.465378e-02 5.937180e-02 4.044076e-02 4.168803e-02 4.557304e-02 4.169281e-02 9.462477e-03 1.321597e-02
4.787500e+03 2.912500e+03 1.150000e+03 2.879441e-02 5.937180e-02 3.786773e-02 4.168803e-02 -1.640125e-01 4.169281e-02 3.753922e-02 1.321597e-02
4.887500e+03 2.912500e+03 1.175000e+03 -8.695097e-02 5.937180e-02 5.296868e-02 4.168803e-02 -4.448447e-02 4.169281e-02 6.203432e-02 1.321597e-02
4.987500e+03 2.912500e+03 1.175000e+03 1.105380e-01 5.937180e-02 3.297210e-02 4.168803e-02 -8.124648e-02 4.169281e-02 6.884008e-02 1.321597e-02
5.087500e+03 2.912500e+03 1.200000e+03 4.730211e-02 5.937180e-02 7.503936e-02 4.168803e-02 2.468481e-03 4.169281e-02 4.710465e-02 1.321597e-02
5.187500e+03 2.912500e+03 1.200000e+03 1.312711e-01 5.937180e-02 2.382979e-02 4.168803e-02 9.924076e-02 4.169281e-02 1.179849e-02 1.321597e-02
5.287500e+03 2.912500e+03 1.200000e+03 3.256195e-02 5.937180e-02 -1.955241e-02 4.168803e-02 3.117243e-02 4.169281e-02 2.456372e-02 1.321597e-02
5.387500e+03 2.912500e+03 1.200000e+03 7.569494e-02 5.937180e-02 5.674664e-02 4.168803e-02 -1.195870e-01 4.169281e-02 -3.327280e-02 1.321597e-02
5.487500e+03 2.912500e+03 1.200000e+03 3.802620e-03 5.937180e-02 6.365588e-02 4.168803e-02 -1.526640e-02 4.169281e-02 -1.526027e-03 1.321597e-02
5.587500e+03 2.912500e+03 1.200000e+03 -1.023788e-01 5.937180e-02 8.744273e-02 4.168803e-02 -1.015572e-01 4.169281e-02 2.574543e-02 1.321597e-02
5.687500e+03 2.912500e+03 1.200000e+03 -2.494902e-02 5.937180e-02 1.143290e-01 4.168803e-02 -1.394975e-01 4.169281e-02 5.934262e-02 1.321597e-02
5.787500e+03 2.912500e+03 1.200000e+03 -6.719789e-02 5.937180e-02 8.726991e-02 4.168803e-02 -1.353300e-01 4.169281e-02 5.814352e-02 1.321597e-02
5.887500e+03 2.912500e+03 1.225000e+03 -9.193804e-02 5.937180e-02 2.473626e-01 4.168803e-02 -1.019959e-01 4.169281e-02 8.450444e-02 1.321597e-02
5.987500e+03 2.912500e+03 1.225000e+03 -3.348121e-02 5.937180e-02 3.095264e-01 4.168803e-02 -7.390442e-02 4.169281e-02 9.863033e-02 1.321597e-02
6.087500e+03 2.912500e+03 1.250000e+03 1.414281e-01 5.937180e-02 1.159219e-01 4.168803e-02 -9.582859e-02 4.169281e-02 7.078352e-02 1.321597e-02
6.187500e+03 2.912500e+03 1.250000e+03 3.246439e-01 5.937180e-02 1.540242e-01 4.168803e-02 9.438875e-02 4.169281e-02 4.613464e-02 1.321597e-02
6.287500e+03 2.912500e+03 1.250000e+03 3.542447e-01 5.937180e-02 5.356207e-02 4.168803e-02 1.276846e-01 4.169281e-02 6.301319e-02 1.321597e-02
6.387500e+03 2.912500e+03 1.250000e+03 4.428513e-01 5.937180e-02 2.259522e-02 4.168803e-02 3.022812e-01 4.169281e-02 -4.733739e-02 1.321597e-02
6.487500e+03 2.912500e+03 1.250000e+03 3.745737e-01 5.937180e-02 1.812757e-02 4.168803e-02 1.855865e-01 4.169281e-02 -3.754734e-02 1.321597e-02
6.587500e+03 2.912500e+03 1.250000e+03 3.797518e-01 5.937180e-02 1.332015e-02 4.168803e-02 1.105138e-01 4.169281e-02 1.497503e-02 1.321597e-02
6.687500e+03 2.912500e+03 1.250000e+03 4.042057e-01 5.937180e-02 3.651039e-02 4.168803e-02 -2.675181e-02 4.169281e-02 4.961477e-02 1.321597e-02
6.787500e+03 2.912500e+03 1.275000e+03 1.836411e-01 5.937180e-02 -6.381246e-03 4.168803e-02 -2.661655e-02 4.169281e-02 4.800399e-02 1.321597e-02
6.887500e+03 2.912500e+03 1.275000e+03 1.466832e-01 5.937180e-02 1.103922e-01 4.168803e-02 -2.384831e-02 4.169281e-02 4.663417e-02 1.321597e-02
6.987500e+03 2.912500e+03 1.275000e+03 1.569414e-01 5.937180e-02 4.607651e-02 4.168803e-02 6.815414e-02 4.169281e-02 2.628702e-02 1.321597e-02
3.487500e+03 3.012500e+03 1.225000e+03 -8.097744e-02 5.937180e-02 -7.074364e-05 4.168803e-02 -8.759357e-02 4.169281e-02 2.530079e-02 1.321597e-02
3.587500e+03 3.012500e+03 1.225000e+03 -4.244955e-02 5.937180e-02 -3.797529e-02 4.168803e-02 2.318457e-02 4.169281e-02 -1.895250e-02 1.321597e-02
3.687500e+03 3.012500e+03 1.225000e+03 4.733837e-02 5.937180e-02 -8.613660e-02 4.168803e-02 6.320639e-02 4.169281e-02 -7.612200e-03 1.321597e-02
3.787500e+03 3.012500e+03 1.225000e+03 -1.049480e-01 5.937180e-02 4.240335e-02 4.168803e-02 2.761169e-03 4.169281e-02 -1.269763e-02 1.321597e-02
3.887500e+03 3.012500e+03 1.225000e+03 -1.070946e-01 5.937180e-02 8.517774e-02 4.168803e-02 1.135055e-01 4.169281e-02 -2.675175e-03 1.321597e-02
3.987500e+03 3.012500e+03 1.225000e+03 -5.247132e-02 5.937180e-02 1.949696e-02 4.168803e-02 -3.768744e-02 4.169281e-02 6.117133e-03 1.321597e-02
4.087500e+03 3.012500e+03 1.225000e+03 -3.634906e-02 5.937180e-02 1.342756e-01 4.168803e-02 8.499409e-02 4.169281e-02 1.553993e-02 1.321597e-02
4.187500e+03 3.012500e+03 1.225000e+03 -1.356877e-01 5.937180e-02 9.319858e-02 4.168803e-02 4.795864e-02 4.169281e-02 5.815885e-03 1.321597e-02
4.287500e+03 3.012500e+03 1.225000e+03 -9.599887e-02 5.937180e-02 2.362347e-02 4.168803e-02 7.628898e-02 4.169281e-02 -1.747839e-02 1.321597e-02
4.387500e+03 3.012500e+03 1.225000e+03 -3.239009e-02 5.937180e-02 7.361038e-02 4.168803e-02 3.845237e-02 4.169281e-02 1.506453e-02 1.321597e-02
4.487500e+03 3.012500e+03 1.200000e+03 -7.749546e-02 5.937180e-02 1.455757e-01 4.168803e-02 1.386450e-01 4.169281e-02 -5.149538e-02 1.321597e-02
4.587500e+03 3.012500e+03 1.150000e+03 5.059238e-02 5.937180e-02 1.209962e-01 4.168803e-02 8.678687e-02 4.169281e-02 -2.151857e-02 1.321597e-02
4.687500e+03 3.012500e+03 1.150000e+03 8.969013e-02 5.937180e-02 1.877450e-02 4.168803e-02 1.786153e-02 4.169281e-02 1.271088e-02 1.321597e-02
4.787500e+03 3.012500e+03 1.150000e+03 6.338291e-02 5.937180e-02 8.651646e-02 4.168803e-02 -9.641570e-02 4.169281e-02 4.727884e-02 1.321597e-02
4.887500e+03 3.012500e+03 1.175000e+03 1.409043e-01 5.937180e-02 1.031814e-01 4.168803e-02 -1.455257e-02 4.169281e-02 8.071489e-02 1.321597e-02
4.987500e+03 3.012500e+03 1.175000e+03 3.089366e-02 5.937180e-02 5.831089e-02 4.168803e-02 -5.779438e-02 4.169281e-02 8.046882e-02 1.321597e-02
5.087500e+03 3.012500e+03 1.200000e+03 4.676958e-02 5.937180e-02 1.251854e-02 4.168803e-02 1.119342e-01 4.169281e-02 8.088967e-02 1.321597e-02
5.187500e+03 3.012500e+03 1.200000e+03 1.360869e-01 5.937180e-02 6.257569e-02 4.168803e-02 -6.179615e-03 4.169281e-02 1.189505e-02 1.321597e-02
5.287500e+03 3.012500e+03 1.200000e+03 1.047866e-01 5.937180e-02 -4.616338e-02 4.168803e-02 2.770490e-03 4.169281e-02 1.578880e-03 1.321597e-02
5.387500e+03 3.012500e+03 1.225000e+03 -1.904058e-01 5.937180e-02 1.548514e-01 4.168803e-02 -4.928816e-02 4.169281e-02 9.867298e-03 1.321597e-02
5.487500e+03 3.012500e+03 1.200000e+03 -1.515974e-02 5.937180e-02 1.162282e-01 4.168803e-02 -1.161772e-01 4.169281e-02 -1.394143e-03 1.321597e-02
5.587500e+03 3.012500e+03 1.200000e+03 -1.531900e-01 5.937180e-02 1.054570e-01 4.168803e-02 -1.277046e-01 4.169281e-02 2.772806e-02 1.321597e-02
5.687500e+03 3.012500e+03 1.200000e+03 -1.264089e-01 5.937180e-02 2.834393e-01 4.168803e-02 -1.467837e-01 4.169281e-02 5.487476e-02 1.321597e-02
5.787500e+03 3.012500e+03 1.225000e+03 2.397015e-02 5.937180e-02 1.925579e-01 4.168803e-02 -5.469820e-02 4.169281e-02 6.658063e-02 1.321597e-02
5.887500e+03 3.012500e+03 1.225000e+03 1.604215e-01 5.937180e-02 1.614619e-01 4.168803e-02 -4.328123e-02 4.169281e-02 7.822687e-02 1.321597e-02
5.987500e+03 3.012500e+03 1.225000e+03 3.664968e-01 5.937180e-02 7.437466e-03 4.168803e-02 9.770716e-02 4.169281e-02 5.339313e-02 1.321597e-02
6.087500e+03 3.012500e+03 1.225000e+03 5.879767e-01 5.937180e-02 -1.886892e-01 4.168803e-02 3.548075e-01 4.169281e-02 -4.743031e-02 1.321597e-02
6.187500e+03 3.012500e+03 1.225000e+03 5.230879e-01 5.937180e-02 -1.569832e-01 4.168803e-02 9.620232e-02 4.169281e-02 5.022734e-02 1.321597e-02
6.287500e+03 3.012500e+03 1.250000e+03 4.892263e-01 5.937180e-02 -2.031301e-01 4.168803e-02 7.573875e-02 4.169281e-02 6.013878e-02 1.321597e-02
6.387500e+03 3.012500e+03 1.275000e+03 3.434920e-01 5.937180e-02 -1.557625e-01 4.168803e-02 6.345472e-02 4.169281e-02 -4.062587e-03 1.321597e-02
6.487500e+03 3.012500e+03 1.275000e+03 1.737251e-01 5.937180e-02 -6.342325e-02 4.168803e-02 5.728806e-02 4.169281e-02 2.113041e-02 1.321597e-02
6.587500e+03 3.012500e+03 1.275000e+03 1.820046e-01 5.937180e-02 7.048517e-02 4.168803e-02 8.745565e-02 4.169281e-02 3.380978e-02 1.321597e-02
6.687500e+03 3.012500e+03 1.275000e+03 2.511260e-01 5.937180e-02 7.057539e-02 4.168803e-02 1.203598e-01 4.169281e-02 2.661138e-02 1.321597e-02
6.787500e+03 3.012500e+03 1.250000e+03 1.889063e-01 5.937180e-02 8.954301e-02 4.168803e-02 2.272872e-02 4.169281e-02 5.845869e-02 1.321597e-02
6.887500e+03 3.012500e+03 1.300000e+03 8.568339e-02 5.937180e-02 1.562488e-02 4.168803e-02 -8.740755e-03 4.169281e-02 2.527870e-02 1.321597e-02
6.987500e+03 3.012500e+03 1.275000e+03 1.039963e-01 5.937180e-02 4.212266e-02 4.168803e-02 -2.767181e-02 4.169281e-02 2.341513e-02 1.321597e-02
3.487500e+03 3.112500e+03 1.225000e+03 5.609252e-02 5.937180e-02 -3.037591e-02 4.168803e-02 -6.849756e-02 4.169281e-02 9.009632e-03 1.321597e-02
3.587500e+03 3.112500e+03 1.250000e+03 -5.783788e-02 5.937180e-02 5.601453e-02 4.168803e-02 5.712997e-02 4.169281e-02 -6.958417e-03 1.321597e-02
3.687500e+03 3.112500e+03 1.225000e+03 -6.353434e-02 5.937180e-02 4.090530e-02 4.168803e-02 7.378155e-03 4.169281e-02 7.640667e-04 1.321597e-02
3.787500e+03 3.112500e+03 1.225000e+03 8.929756e-02 5.937180e-02 -6.883504e-02 4.168803e-02 -4.873735e-02 4.169281e-02 -1.913551e-02 1.321597e-02
3.887500e+03 3.112500e+03 1.225000e+03 -3.012643e-02 5.937180e-02 1.559266e-02 4.168803e-02 6.561435e-02 4.169281e-02 1.008561e-02 1.321597e-02
3.987500e+03 3.112500e+03 1.250000e+03 -4.705428e-02 5.937180e-02 5.301689e-02 4.168803e-02 6.909261e-02 4.169281e-02 5.512789e-03 1.321597e-02
4.087500e+03 3.112500e+03 1.225000e+03 -3.540937e-02 5.937180e-02 4.678081e-02 4.168803e-02 -4.942286e-02 4.169281e-02 3.490676e-02 1.321597e-02
4.187500e+03 3.112500e+03 1.250000e+03 -5.124260e-02 5.937180e-02 8.694719e-02 4.168803e-02 3.024026e-02 4.169281e-02 1.986306e-02 1.321597e-02
4.287500e+03 3.112500e+03 1.225000e+03 -3.253349e-02 5.937180e-02 -4.250947e-02 4.168803e-02 5.894382e-02 4.169281e-02 2.003303e-02 1.321597e-02
4.387500e+03 3.112500e+03 1.225000e+03 4.084973e-02 5.937180e-02 -7.024928e-02 4.168803e-02 1.183881e-01 4.169281e-02 -1.130554e-02 1.321597e-02
4.487500e+03 3.112500e+03 1.200000e+03 1.167587e-01 5.937180e-02 -2.062320e-02 4.168803e-02 3.993476e-02 4.169281e-02 -3.746884e-02 1.321597e-02
4.587500e+03 3.112500e+03 1.175000e+03 7.667555e-02 5.937180e-02 1.786946e-02 4.168803e-02 -1.244249e-02 4.169281e-02 -7.067742e-03 1.321597e-02
4.687500e+03 3.112500e+03 1.150000e+03 -5.447191e-02 5.937180e-02 1.385396e-02 4.168803e-02 3.504400e-04 4.169281e-02 2.075872e-02 1.321597e-02
4.787500e+03 3.112500e+03 1.150000e+03 -2.767317e-02 5.937180e-02 6.930435e-02 4.168803e-02 -8.344984e-02 4.169281e-02 8.541502e-02 1.321597e-02
4.887500e+03 3.112500e+03 1.175000e+03 3.054724e-03 5.937180e-02 1.154495e-01 4.168803e-02 -1.106990e-01 4.169281e-02 9.686121e-02 1.321597e-02
4.987500e+03 3.112500e+03 1.175000e+03 3.409922e-02 5.937180e-02 1.839851e-02 4.168803e-02 -1.035721e-01 4.169281e-02 9.904885e-02 1.321597e-02
5.087500e+03 3.112500e+03 1.200000e+03 5.629253e-02 5.937180e-02 1.357428e-03 4.168803e-02 -1.210240e-02 4.169281e-02 8.132838e-02 1.321597e-02
5.187500e+03 3.112500e+03 1.225000e+03 1.849520e-01 5.937180e-02 9.502496e-02 4.168803e-02 -3.357478e-02 4.169281e-02 -5.182889e-03 1.321597e-02
5.287500e+03 3.112500e+03 1.200000e+03 -7.287970e-02 5.937180e-02 1.894296e-01 4.168803e-02 -1.682348e-02 4.169281e-02 3.946194e-02 1.321597e-02
5.387500e+03 3.112500e+03 1.225000e+03 2.862245e-02 5.937180e-02 8.831124e-02 4.168803e-02 -7.369861e-02 4.169281e-02 6.477570e-02 1.321597e-02
5.487500e+03 3.112500e+03 1.225000e+03 -1.234623e-01 5.937180e-02 2.351224e-01 4.168803e-02 -7.720120e-02 4.169281e-02 4.383510e-02 1.321597e-02
5.587500e+03 3.112500e+03 1.200000e+03 -7.324665e-02 5.937180e-02 2.547606e-01 4.168803e-02 -8.917763e-02 4.169281e-02 5.758021e-02 1.321597e-02
5.687500e+03 3.112500e+03 1.200000e+03 1.668833e-01 5.937180e-02 1.893662e-01 4.168803e-02 -7.142454e-02 4.169281e-02 1.104623e-01 1.321597e-02
5.787500e+03 3.112500e+03 1.225000e+03 1.734443e-01 5.937180e-02 1.850259e-01 4.168803e-02 -3.517609e-02 4.169281e-02 7.428798e-02 1.321597e-02
5.887500e+03 3.112500e+03 1.225000e+03 3.457966e-01 5.937180e-02 8.553264e-02 4.168803e-02 2.161056e-01 4.169281e-02 2.301161e-02 1.321597e-02
5.987500e+03 3.112500e+03 1.225000e+03 4.472179e-01 5.937180e-02 -1.867228e-01 4.168803e-02 2.378959e-01 4.169281e-02 -2.156738e-02 1.321597e-02
6.087500e+03 3.112500e+03 1.250000e+03 2.859793e-01 5.937180e-02 -5.332986e-04 4.168803e-02 2.062722e-01 4.169281e-02 -1.150265e-02 1.321597e-02
6.187500e+03 3.112500e+03 1.225000e+03 1.811874e-01 5.937180e-02 5.804252e-02 4.168803e-02 1.276514e-01 4.169281e-02 3.191773e-02 1.321597e-02
6.287500e+03 3.112500e+03 1.250000e+03 1.982209e-01 5.937180e-02 -2.334569e-02 4.168803e-02 -2.612658e-02 4.169281e-02 6.078364e-02 1.321597e-02
6.387500e+03 3.112500e+03 1.275000e+03 1.741902e-01 5.937180e-02 1.304932e-02 4.168803e-02 9.332968e-02 4.169281e-02 5.316849e-02 1.321597e-02
6.487500e+03 3.112500e+03 1.300000e+03 1.815151e-01 5.937180e-02 4.778137e-02 4.168803e-02 3.258300e-02 4.169281e-02 2.775015e-02 1.321597e-02
6.587500e+03 3.112500e+03 1.300000e+03 1.020609e-01 5.937180e-02 8.849993e-02 4.168803e-02 3.698293e-02 4.169281e-02 5.643518e-02 1.321597e-02
6.687500e+03 3.112500e+03 1.275000e+03 1.467685e-02 5.937180e-02 6.412781e-02 4.168803e-02 9.679107e-02 4.169281e-02 3.778915e-02 1.321597e-02
6.787500e+03 3.112500e+03 1.250000e+03 9.690973e-02 5.937180e-02 9.598465e-02 4.168803e-02 4.003054e-02 4.169281e-02 4.192484e-02 1.321597e-02
6.887500e+03 3.112500e+03 1.275000e+03 7.745164e-02 5.937180e-02 1.626186e-02 4.168803e-02 -4.366270e-02 4.169281e-02 4.669838e-02 1.321597e-02
6.987500e+03 3.112500e+03 1.300000e+03 4.984470e-02 5.937180e-02 1.052291e-01 4.168803e-02 -6.371821e-02 4.169281e-02 2.459441e-02 1.321597e-02
3.487500e+03 3.212500e+03 1.225000e+03 5.296420e-02 5.937180e-02 -1.374191e-01 4.168803e-02 -5.629798e-02 4.169281e-02 4.956853e-02 1.321597e-02
3.587500e+03 3.212500e+03 1.225000e+03 7.776599e-02 5.937180e-02 -3.119656e-02 4.168803e-02 -7.234132e-02 4.169281e-02 5.971583e-02 1.321597e-02
3.687500e+03 3.212500e+03 1.250000e+03 -5.795811e-02 5.937180e-02 4.382216e-02 4.168803e-02 1.056922e-01 4.169281e-02 -5.399313e-02 1.321597e-02
3.787500e+03 3.212500e+03 1.225000e+03 -9.698594e-02 5.937180e-02 -6.321605e-02 4.168803e-02 7.830370e-02 4.169281e-02 -6.101815e-02 1.321597e-02
3.887500e+03 3.212500e+03 1.200000e+03 -4.628713e-03 5.937180e-02 -1.914798e-02 4.168803e-02 8.765044e-02 4.169281e-02 1.270572e-02 1.321597e-02
3.987500e+03 3.212500e+03 1.200000e+03 1.192936e-01 5.937180e-02 -1.406204e-01 4.168803e-02 -1.783145e-02 4.169281e-02 3.345302e-02 1.321597e-02
4.087500e+03 3.212500e+03 1.225000e+03 1.972340e-01 5.937180e-02 2.709997e-02 4.168803e-02 -6.869183e-03 4.169281e-02 5.063948e-02 1.321597e-02
4.187500e+03 3.212500e+03 1.225000e+03 1.182173e-01 5.937180e-02 -1.765991e-02 4.168803e-02 1.658838e-02 4.169281e-02 1.786525e-02 1.321597e-02
4.287500e+03 3.212500e+03 1.200000e+03 7.971283e-02 5.937180e-02 -1.579966e-01 4.168803e-02 1.415607e-01 4.169281e-02 -3.300661e-02 1.321597e-02
4.387500e+03 3.212500e+03 1.200000e+03 2.284529e-01 5.937180e-02 -2.366885e-02 4.168803e-02 5.062665e-02 4.169281e-02 -2.914766e-02 1.321597e-02
4.487500e+03 3.212500e+03 1.175000e+03 1.373338e-01 5.937180e-02 -3.479062e-02 4.168803e-02 2.288860e-02 4.169281e-02 -5.819079e-03 1.321597e-02
4.587500e+03 3.212500e+03 1.150000e+03 4.107203e-02 5.937180e-02 5.875313e-02 4.168803e-02 -1.551484e-02 4.169281e-02 3.270634e-02 1.321597e-02
4.687500e+03 3.212500e+03 1.150000e+03 9.274562e-02 5.937180e-02 4.779709e-02 4.168803e-02 -4.377941e-02 4.169281e-02 6.067049e-02 1.321597e-02
4.787500e+03 3.212500e+03 1.150000e+03 -4.028698e-03 5.937180e-02 6.047178e-02 4.168803e-02 -4.542502e-02 4.169281e-02 1.055716e-01 1.321597e-02
4.887500e+03 3.212500e+03 1.175000e+03 1.250569e-01 5.937180e-02 2.649079e-02 4.168803e-02 -5.541059e-02 4.169281e-02 1.132860e-01 1.321597e-02
4.987500e+03 3.212500e+03 1.200000e+03 -4.935801e-02 5.937180e-02 7.491606e-04 4.168803e-02 2.739747e-02 4.169281e-02 8.501788e-02 1.321597e-02
5.087500e+03 3.212500e+03 1.200000e+03 -2.733024e-02 5.937180e-02 4.853677e-02 4.168803e-02 -3.807409e-02 4.169281e-02 5.774498e-02 1.321597e-02
5.187500e+03 3.212500e+03 1.225000e+03 5.197481e-02 5.937180e-02 1.846815e-02 4.168803e-02 7.411146e-03 4.169281e-02 5.366916e-02 1.321597e-02
5.287500e+03 3.212500e+03 1.225000e+03 -7.782252e-02 5.937180e-02 1.794253e-01 4.168803e-02 -3.853220e-02 4.169281e-02 6.449159e-02 1.321597e-02
5.387500e+03 3.212500e+03 1.225000e+03 -1.128420e-01 5.937180e-02 1.319293e-01 4.168803e-02 -1.592312e-01 4.169281e-02 6.860773e-02 1.321597e-02
5.487500e+03 3.212500e+03 1.250000e+03 -8.824698e-02 5.937180e-02 1.528478e-01 4.168803e-02 -1.338399e-01 4.169281e-02 5.071093e-02 1.321597e-02
5.587500e+03 3.212500e+03 1.225000e+03 7.131155e-02 5.937180e-02 1.894291e-01 4.168803e-02 -3.033088e-02 4.169281e-02 3.768133e-02 1.321597e-02
5.687500e+03 3.212500e+03 1.200000e+03 2.186584e-01 5.937180e-02 1.454609e-01 4.168803e-02 1.405686e-02 4.169281e-02 7.902482e-02 1.321597e-02
5.787500e+03 3.212500e+03 1.225000e+03 4.904473e-01 5.937180e-02 -1.070054e-01 4.168803e-02 6.674808e-02 4.169281e-02 7.624943e-02 1.321597e-02
5.887500e+03 3.212500e+03 1.250000e+03 2.620861e-01 5.937180e-02 -1.081534e-01 4.168803e-02 4.224120e-02 4.169281e-02 4.847087e-02 1.321597e-02
5.987500e+03 3.212500e+03 1.250000e+03 3.282100e-01 5.937180e-02 -3.918135e-02 4.168803e-02 2.155989e-01 4.169281e-02 2.484626e-03 1.321597e-02
6.087500e+03 3.212500e+03 1.250000e+03 1.725578e-01 5.937180e-02 -8.930683e-03 4.168803e-02 9.303325e-02 4.169281e-02 3.901207e-02 1.321597e-02
6.187500e+03 3.212500e+03 1.250000e+03 1.428990e-01 5.937180e-02 4.482359e-02 4.168803e-02 3.713271e-02 4.169281e-02 3.174189e-02 1.321597e-02
6.287500e+03 3.212500e+03 1.250000e+03 1.750386e-01 5.937180e-02 4.299835e-02 4.168803e-02 1.844875e-02 4.169281e-02 5.273297e-02 1.321597e-02
6.387500e+03 3.212500e+03 1.250000e+03 1.512690e-01 5.937180e-02 2.636678e-02 4.168803e-02 2.329572e-02 4.169281e-02 6.365392e-02 1.321597e-02
6.487500e+03 3.212500e+03 1.275000e+03 2.303394e-02 5.937180e-02 5.296202e-02 4.168803e-02 -4.449062e-02 4.169281e-02 4.336006e-02 1.321597e-02
6.587500e+03 3.212500e+03 1.300000e+03 7.832142e-02 5.937180e-02 1.353563e-01 4.168803e-02 -1.091538e-02 4.169281e-02 1.677010e-02 1.321597e-02
6.687500e+03 3.212500e+03 1.275000e+03 7.704143e-02 5.937180e-02 4.903143e-03 4.168803e-02 -2.978513e-02 4.169281e-02 2.002850e-03 1.321597e-02
6.787500e+03 3.212500e+03 1.275000e+03 -4.111033e-02 5.937180e-02 5.424857e-02 4.168803e-02 6.837962e-03 4.169281e-02 1.948335e-02 1.321597e-02
6.887500e+03 3.212500e+03 1.275000e+03 6.299510e-02 5.937180e-02 2.177329e-02 4.168803e-02 -2.903121e-02 4.169281e-02 3.003526e-02 1.321597e-02
6.987500e+03 3.212500e+03 1.300000e+03 6.506485e-02 5.937180e-02 5.868816e-02 4.168803e-02 -3.980354e-02 4.169281e-02 2.195564e-02 1.321597e-02
3.487500e+03 3.312500e+03 1.200000e+03 2.357978e-02 5.937180e-02 4.104885e-04 4.168803e-02 -6.682711e-02 4.169281e-02 3.240281e-02 1.321597e-02
3.587500e+03 3.312500e+03 1.225000e+03 4.520324e-02 5.937180e-02 5.551725e-02 4.168803e-02 -8.680403e-02 4.169281e-02 2.349438e-02 1.321597e-02
3.687500e+03 3.312500e+03 1.250000e+03 -9.669420e-02 5.937180e-02 8.866038e-02 4.168803e-02 1.015513e-02 4.169281e-02 -2.306660e-02 1.321597e-02
3.787500e+03 3.312500e+03 1.225000e+03 -5.784689e-02 5.937180e-02 3.016107e-02 4.168803e-02 5.584322e-02 4.169281e-02 -4.594596e-02 1.321597e-02
3.887500e+03 3.312500e+03 1.200000e+03 -7.465858e-02 5.937180e-02 7.304701e-02 4.168803e-02 8.011970e-02 4.169281e-02 -3.969397e-02 1.321597e-02
3.987500e+03 3.312500e+03 1.200000e+03 7.829006e-02 5.937180e-02 -7.003442e-02 4.168803e-02 2.846315e-02 4.169281e-02 -1.875526e-02 1.321597e-02
4.087500e+03 3.312500e+03 1.200000e+03 1.533785e-01 5.937180e-02 -5.241991e-02 4.168803e-02 6.850978e-03 4.169281e-02 1.556009e-02 1.321597e-02
4.187500e+03 3.312500e+03 1.225000e+03 1.296520e-01 5.937180e-02 -2.829795e-02 4.168803e-02 -2.005556e-02 4.169281e-02 7.286645e-02 1.321597e-02
4.287500e+03 3.312500e+03 1.225000e+03 -1.396287e-02 5.937180e-02 1.033081e-01 4.168803e-02 1.099876e-01 4.169281e-02 -5.830586e-02 1.321597e-02
4.387500e+03 3.312500e+03 1.200000e+03 6.278698e-02 5.937180e-02 2.472491e-02 4.168803e-02 6.192379e-02 4.169281e-02 -4.137289e-02 1.321597e-02
4.487500e+03 3.312500e+03 1.150000e+03 1.434044e-01 5.937180e-02 2.152574e-03 4.168803e-02 1.517277e-01 4.169281e-02 6.897823e-04 1.321597e-02
4.587500e+03 3.312500e+03 1.150000e+03 -5.273164e-03 5.937180e-02 3.481507e-02 4.168803e-02 -1.110023e-01 4.169281e-02 5.932808e-02 1.321597e-02
4.687500e+03 3.312500e+03 1.150000e+03 7.040761e-02 5.937180e-02 4.602455e-02 4.168803e-02 1.341923e-02 4.169281e-02 7.943265e-02 1.321597e-02
4.787500e+03 3.312500e+03 1.175000e+03 1.067166e-01 5.937180e-02 7.089806e-02 4.168803e-02 -1.380255e-01 4.169281e-02 9.715710e-02 1.321597e-02
4.887500e+03 3.312500e+03 1.175000e+03 1.201485e-01 5.937180e-02 5.596805e-02 4.168803e-02 1.584740e-02 4.169281e-02 7.698688e-02 1.321597e-02
4.987500e+03 3.312500e+03 1.200000e+03 8.201410e-02 5.937180e-02 -9.028733e-02 4.168803e-02 -1.630547e-02 4.169281e-02 1.228659e-01 1.321597e-02
5.087500e+03 3.312500e+03 1.225000e+03 7.305603e-02 5.937180e-02 -1.229869e-02 4.168803e-02 3.197532e-03 4.169281e-02 8.788661e-02 1.321597e-02
5.187500e+03 3.312500e+03 1.225000e+03 -7.924458e-03 5.937180e-02 -6.170776e-02 4.168803e-02 -2.566936e-02 4.169281e-02 9.115835e-02 1.321597e-02
5.287500e+03 3.312500e+03 1.225000e+03 -2.485112e-02 5.937180e-02 2.810403e-02 4.168803e-02 -9.175321e-02 4.169281e-02 9.982142e-02 1.321597e-02
5.387500e+03 3.312500e+03 1.225000e+03 6.624853e-02 5.937180e-02 1.587629e-01 4.168803e-02 -1.385047e-01 4.169281e-02 9.451998e-02 1.321597e-02
5.487500e+03 3.312500e+03 1.250000e+03 9.349732e-02 5.937180e-02 3.687335e-03 4.168803e-02 8.921784e-02 4.169281e-02 2.602508e-02 1.321597e-02
5.587500e+03 3.312500e+03 1.225000e+03 4.372287e-01 5.937180e-02 -2.712021e-01 4.168803e-02 2.970196e-01 4.169281e-02 5.567104e-03 1.321597e-02
5.687500e+03 3.312500e+03 1.225000e+03 4.885731e-01 5.937180e-02 -3.186531e-01 4.168803e-02 2.094030e-01 4.169281e-02 -8.139156e-03 1.321597e-02
5.787500e+03 3.312500e+03 1.225000e+03 3.514088e-01 5.937180e-02 -1.874202e-01 4.168803e-02 6.661940e-02 4.169281e-02 6.058505e-02 1.321597e-02
5.887500e+03 3.312500e+03 1.250000e+03 2.297124e-01 5.937180e-02 -1.195782e-01 4.168803e-02 6.447735e-02 4.169281e-02 2.373062e-02 1.321597e-02
5.987500e+03 3.312500e+03 1.250000e+03 1.672693e-01 5.937180e-02 -2.953932e-02 4.168803e-02 1.013100e-02 4.169281e-02 3.883149e-02 1.321597e-02
6.087500e+03 3.312500e+03 1.250000e+03 2.212130e-01 5.937180e-02 3.049698e-02 4.168803e-02 1.088815e-02 4.169281e-02 2.597087e-02 1.321597e-02
6.187500e+03 3.312500e+03 1.275000e+03 9.266981e-02 5.937180e-02 7.333105e-02 4.168803e-02 -3.393843e-02 4.169281e-02 6.253337e-02 1.321597e-02
6.287500e+03 3.312500e+03 1.275000e+03 -4.212042e-02 5.937180e-02 8.260197e-02 4.168803e-02 -4.434084e-02 4.169281e-02 3.124335e-02 1.321597e-02
6.387500e+03 3.312500e+03 1.275000e+03 -7.873173e-03 5.937180e-02 1.498087e-01 4.168803e-02 4.191977e-02 4.169281e-02 4.714631e-02 1.321597e-02
6.487500e+03 3.312500e+03 1.300000e+03 6.581405e-02 5.937180e-02 3.972547e-02 4.168803e-02 -1.106282e-01 4.169281e-02 6.346789e-02 1.321597e-02
6.587500e+03 3.312500e+03 1.300000e+03 3.609164e-03 5.937180e-02 1.144671e-01 4.168803e-02 3.469197e-02 4.169281e-02 6.503377e-03 1.321597e-02
6.687500e+03 3.312500e+03 1.275000e+03 -4.708431e-02 5.937180e-02 9.151845e-02 4.168803e-02 -1.954262e-02 4.169281e-02 1.326678e-02 1.321597e-02
6.787500e+03 3.312500e+03 1.275000e+03 1.631272e-02 5.937180e-02 3.138583e-02 4.168803e-02 1.230343e-01 4.169281e-02 2.821504e-02 1.321597e-02
6.887500e+03 3.312500e+03 1.275000e+03 -3.925120e-02 5.937180e-02 6.442866e-02 4.168803e-02 4.465136e-02 4.169281e-02 2.334663e-02 1.321597e-02
6.987500e+03 3.312500e+03 1.275000e+03 -3.692223e-02 5.937180e-02 8.530891e-02 4.168803e-02 -9.722823e-02 4.169281e-02 3.286102e-02 1.321597e-02
3.487500e+03 3.412500e+03 1.225000e+03 -7.843651e-02 5.937180e-02 9.280725e-02 4.168803e-02 -7.092412e-02 4.169281e-02 9.800080e-03 1.321597e-02
3.587500e+03 3.412500e+03 1.225000e+03 9.441537e-02 5.937180e-02 5.147002e-03 4.168803e-02 -1.017812e-01 4.169281e-02 2.298787e-02 1.321597e-02
3.687500e+03 3.412500e+03 1.250000e+03 1.455145e-02 5.937180e-02 -6.497523e-02 4.168803e-02 -2.094963e-02 4.169281e-02 3.362962e-02 1.321597e-02
3.787500e+03 3.412500e+03 1.250000e+03 5.775954e-02 5.937180e-02 -1.638042e-03 4.168803e-02 1.855982e-02 4.169281e-02 -1.278496e-02 1.321597e-02
3.887500e+03 3.412500e+03 1.225000e+03 -1.170336e-01 5.937180e-02 7.010368e-02 4.168803e-02 8.812827e-02 4.169281e-02 -2.720453e-02 1.321597e-02
3.987500e+03 3.412500e+03 1.200000e+03 1.486360e-01 5.937180e-02 2.664049e-02 4.168803e-02 6.829583e-02 4.169281e-02 -3.137033e-02 1.321597e-02
4.087500e+03 3.412500e+03 1.175000e+03 1.731826e-01 5.937180e-02 1.651953e-02 4.168803e-02 -2.552526e-02 4.169281e-02 2.618829e-02 1.321597e-02
4.187500e+03 3.412500e+03 1.200000e+03 1.694254e-02 5.937180e-02 -7.111818e-02 4.168803e-02 -2.371983e-02 4.169281e-02 6.046293e-02 1.321597e-02
4.287500e+03 3.412500e+03 1.200000e+03 1.382373e-01 5.937180e-02 1.030042e-02 4.168803e-02 4.813806e-02 4.169281e-02 9.193406e-03 1.321597e-02
4.387500e+03 3.412500e+03 1.175000e+03 1.104961e-01 5.937180e-02 -3.094168e-02 4.168803e-02 7.653726e-02 4.169281e-02 -3.595792e-02 1.321597e-02
4.487500e+03 3.412500e+03 1.150000e+03 7.029009e-02 5.937180e-02 4.067481e-02 4.168803e-02 -2.595794e-02 4.169281e-02 -7.419708e-04 1.321597e-02
4.587500e+03 3.412500e+03 1.150000e+03 1.028388e-01 5.937180e-02 6.102365e-02 4.168803e-02 1.210136e-01 4.169281e-02 4.762422e-02 1.321597e-02
4.687500e+03 3.412500e+03 1.150000e+03 1.159361e-01 5.937180e-02 1.056583e-01 4.168803e-02 -5.793603e-02 4.169281e-02 5.849036e-02 1.321597e-02
4.787500e+03 3.412500e+03 1.175000e+03 3.548914e-02 5.937180e-02 5.566635e-02 4.168803e-02 -5.558614e-03 4.169281e-02 6.330397e-02 1.321597e-02
4.887500e+03 3.412500e+03 1.175000e+03 -8.649022e-02 5.937180e-02 -1.226123e-01 4.168803e-02 5.969297e-02 4.169281e-02 7.065012e-02 1.321597e-02
4.987500e+03 3.412500e+03 1.175000e+03 -1.179997e-01 5.937180e-02 -1.470397e-02 4.168803e-02 3.407947e-02 4.169281e-02 1.178975e-01 1.321597e-02
5.087500e+03 3.412500e+03 1.175000e+03 -1.000407e-01 5.937180e-02 -1.539709e-02 4.168803e-02 -2.617856e-03 4.169281e-02 1.436771e-01 1.321597e-02
5.187500e+03 3.412500e+03 1.200000e+03 -5.867726e-02 5.937180e-02 -6.581509e-02 4.168803e-02 -6.882939e-02 4.169281e-02 1.374236e-01 1.321597e-02
5.287500e+03 3.412500e+03 1.225000e+03 1.669566e-01 5.937180e-02 -1.559318e-01 4.168803e-02 1.955100e-02 4.169281e-02 1.003181e-01 1.321597e-02
5.387500e+03 3.412500e+03 1.250000e+03 1.929732e-01 5.937180e-02 -1.931331e-01 4.168803e-02 2.008429e-02 4.169281e-02 1.158811e-01 1.321597e-02
5.487500e+03 3.412500e+03 1.250000e+03 1.188523e-01 5.937180e-02 -1.053969e-01 4.168803e-02 2.131143e-03 4.169281e-02 1.107033e-01 1.321597e-02
5.587500e+03 3.412500e+03 1.250000e+03 1.167612e-01 5.937180e-02 -1.321089e-02 4.168803e-02 1.831988e-01 4.169281e-02 1.800394e-02 1.321597e-02
5.687500e+03 3.412500e+03 1.225000e+03 3.252172e-02 5.937180e-02 -4.370923e-02 4.168803e-02 4.704672e-02 4.169281e-02 1.531297e-02 1.321597e-02
5.787500e+03 3.412500e+03 1.225000e+03 1.361006e-01 5.937180e-02 -7.705617e-02 4.168803e-02 8.516815e-02 4.169281e-02 2.584686e-02 1.321597e-02
5.887500e+03 3.412500e+03 1.250000e+03 1.868864e-01 5.937180e-02 -7.159402e-02 4.168803e-02 5.377897e-02 4.169281e-02 5.567008e-02 1.321597e-02
5.987500e+03 3.412500e+03 1.250000e+03 -2.910790e-02 5.937180e-02 -5.727134e-04 4.168803e-02 1.566170e-02 4.169281e-02 6.852700e-02 1.321597e-02
6.087500e+03 3.412500e+03 1.250000e+03 1.545187e-01 5.937180e-02 -1.012049e-02 4.168803e-02 2.002513e-04 4.169281e-02 7.977383e-02 1.321597e-02
6.187500e+03 3.412500e+03 1.275000e+03 -2.131843e-02 5.937180e-02 -1.794727e-02 4.168803e-02 -7.593562e-02 4.169281e-02 8.155629e-02 1.321597e-02
6.287500e+03 3.412500e+03 1.300000e+03 9.173238e-02 5.937180e-02 8.355540e-02 4.168803e-02 -8.733816e-03 4.169281e-02 2.428037e-02 1.321597e-02
6.387500e+03 3.412500e+03 1.275000e+03 -3.796799e-02 5.937180e-02 5.995784e-02 4.168803e-02 2.696541e-02 4.169281e-02 4.119292e-02 1.321597e-02
6.487500e+03 3.412500e+03 1.300000e+03 -1.914481e-02 5.937180e-02 4.713116e-02 4.168803e-02 3.226232e-02 4.169281e-02 7.461088e-02 1.321597e-02
6.587500e+03 3.412500e+03 1.325000e+03 -1.817880e-01 5.937180e-02 4.581628e-02 4.168803e-02 1.409456e-02 4.169281e-02 1.778578e-02 1.321597e-02
6.687500e+03 3.412500e+03 1.300000e+03 2.813963e-02 5.937180e-02 2.776013e-02 4.168803e-02 2.547320e-02 4.169281e-02 -2.815725e-02 1.321597e-02
6.787500e+03 3.412500e+03 1.275000e+03 -7.195665e-02 5.937180e-02 8.701381e-02 4.168803e-02 1.202720e-01 4.169281e-02 1.037532e-02 1.321597e-02
6.887500e+03 3.412500e+03 1.300000e+03 1.957654e-02 5.937180e-02 -9.348287e-03 4.168803e-02 -5.292275e-02 4.169281e-02 1.824872e-02 1.321597e-02
6.987500e+03 3.412500e+03 1.300000e+03 -1.243076e-01 5.937180e-02 7.418400e-02 4.168803e-02 1.060832e-02 4.169281e-02 -4.359067e-03 1.321597e-02
3.487500e+03 3.512500e+03 1.225000e+03 2.912726e-02 5.937180e-02 -6.615434e-02 4.168803e-02 2.747633e-02 4.169281e-02 -3.658818e-02 1.321597e-02
3.587500e+03 3.512500e+03 1.225000e+03 7.603457e-02 5.937180e-02 -4.094978e-02 4.168803e-02 5.994268e-02 4.169281e-02 -2.246887e-03 1.321597e-02
3.687500e+03 3.512500e+03 1.225000e+03 2.288865e-01 5.937180e-02 -1.103156e-01 4.168803e-02 -1.277962e-01 4.169281e-02 3.802288e-02 1.321597e-02
3.787500e+03 3.512500e+03 1.225000e+03 1.231980e-01 5.937180e-02 -1.138311e-01 4.168803e-02 1.163685e-02 4.169281e-02 1.183739e-02 1.321597e-02
3.887500e+03 3.512500e+03 1.225000e+03 9.461466e-02 5.937180e-02 -8.840615e-03 4.168803e-02 4.703641e-02 4.169281e-02 -1.067589e-02 1.321597e-02
3.987500e+03 3.512500e+03 1.225000e+03 3.254730e-02 5.937180e-02 4.733197e-02 4.168803e-02 8.212802e-02 4.169281e-02 -6.123483e-02 1.321597e-02
4.087500e+03 3.512500e+03 1.175000e+03 4.223518e-02 5.937180e-02 8.346971e-02 4.168803e-02 7.463008e-02 4.169281e-02 -1.674920e-02 1.321597e-02
4.187500e+03 3.512500e+03 1.175000e+03 1.231963e-01 5.937180e-02 2.462228e-02 4.168803e-02 -7.651331e-02 4.169281e-02 6.089483e-02 1.321597e-02
4.287500e+03 3.512500e+03 1.200000e+03 8.253752e-02 5.937180e-02 1.952081e-02 4.168803e-02 1.594179e-01 4.169281e-02 1.356641e-02 1.321597e-02
4.387500e+03 3.512500e+03 1.175000e+03 -1.709629e-02 5.937180e-02 -7.636703e-02 4.168803e-02 8.377974e-02 4.169281e-02 -1.398630e-02 1.321597e-02
4.487500e+03 3.512500e+03 1.150000e+03 1.576441e-01 5.937180e-02 6.069525e-02 4.168803e-02 5.185604e-02 4.169281e-02 2.221586e-02 1.321597e-02
4.587500e+03 3.512500e+03 1.150000e+03 9.869485e-03 5.937180e-02 1.110865e-01 4.168803e-02 -1.086676e-01 4.169281e-02 5.924177e-02 1.321597e-02
4.687500e+03 3.512500e+03 1.175000e+03 1.730013e-01 5.937180e-02 7.301465e-02 4.168803e-02 -4.855959e-02 4.169281e-02 6.726735e-02 1.321597e-02
4.787500e+03 3.512500e+03 1.175000e+03 4.153796e-02 5.937180e-02 7.594836e-02 4.168803e-02 -1.244028e-01 4.169281e-02 3.940764e-02 1.321597e-02
4.887500e+03 3.512500e+03 1.175000e+03 -1.485350e-01 5.937180e-02 1.173859e-01 4.168803e-02 1.127267e-01 4.169281e-02 6.985414e-02 1.321597e-02
4.987500e+03 3.512500e+03 1.175000e+03 -2.364985e-01 5.937180e-02 1.497747e-01 4.168803e-02 4.047609e-04 4.169281e-02 1.095574e-01 1.321597e-02
5.087500e+03 3.512500e+03 1.200000e+03 -2.728525e-01 5.937180e-02 1.115388e-01 4.168803e-02 7.719902e-02 4.169281e-02 1.353228e-01 1.321597e-02
5.187500e+03 3.512500e+03 1.200000e+03 -7.580671e-02 5.937180e-02 -1.898126e-01 4.168803e-02 2.294297e-01 4.169281e-02 -5.929609e-03 1.321597e-02
5.287500e+03 3.512500e+03 1.200000e+03 3.945389e-02 5.937180e-02 -1.029985e-01 4.168803e-02 1.359893e-01 4.169281e-02 9.245633e-02 1.321597e-02
5.387500e+03 3.512500e+03 1.225000e+03 -4.210225e-02 5.937180e-02 -1.454390e-01 4.168803e-02 2.001936e-02 4.169281e-02 1.134274e-01 1.321597e-02
5.487500e+03 3.512500e+03 1.250000e+03 1.744100e-01 5.937180e-02 -1.815236e-01 4.168803e-02 8.574259e-02 4.169281e-02 5.497770e-02 1.321597e-02
5.587500e+03 3.512500e+03 1.250000e+03 6.078279e-02 5.937180e-02 -4.514431e-02 4.168803e-02 1.513849e-01 4.169281e-02 8.420448e-02 1.321597e-02
5.687500e+03 3.512500e+03 1.250000e+03 3.545543e-03 5.937180e-02 -3.698112e-03 4.168803e-02 2.639032e-02 4.169281e-02 2.666246e-02 1.321597e-02
5.787500e+03 3.512500e+03 1.225000e+03 5.622686e-02 5.937180e-02 -5.553330e-03 4.168803e-02 2.455540e-02 4.169281e-02 5.778848e-02 1.321597e-02
5.887500e+03 3.512500e+03 1.225000e+03 2.447637e-02 5.937180e-02 -5.006267e-02 4.168803e-02 7.421586e-03 4.169281e-02 3.319944e-02 1.321597e-02
5.987500e+03 3.512500e+03 1.250000e+03 8.947228e-02 5.937180e-02 1.425141e-02 4.168803e-02 -6.357871e-02 4.169281e-02 6.946797e-02 1.321597e-02
6.087500e+03 3.512500e+03 1.275000e+03 6.974199e-02 5.937180e-02 1.616055e-02 4.168803e-02 -3.903562e-02 4.169281e-02 6.066435e-02 1.321597e-02
6.187500e+03 3.512500e+03 1.300000e+03 1.747962e-02 5.937180e-02 1.041103e-01 4.168803e-02 -2.276607e-02 4.169281e-02 6.543921e-02 1.321597e-02
6.287500e+03 3.512500e+03 1.300000e+03 2.231055e-02 5.937180e-02 4.319187e-02 4.168803e-02 -8.043777e-02 4.169281e-02 4.486676e-02 1.321597e-02
6.387500e+03 3.512500e+03 1.275000e+03 -2.627607e-02 5.937180e-02 9.573637e-02 4.168803e-02 -6.695052e-02 4.169281e-02 -8.705238e-05 1.321597e-02
6.487500e+03 3.512500e+03 1.300000e+03 3.277684e-03 5.937180e-02 3.591328e-02 4.168803e-02 4.927446e-02 4.169281e-02 6.516409e-02 1.321597e-02
6.587500e+03 3.512500e+03 1.325000e+03 -1.142091e-02 5.937180e-02 5.954556e-02 4.168803e-02 3.693649e-02 4.169281e-02 1.700000e-02 1.321597e-02
6.687500e+03 3.512500e+03 1.325000e+03 -7.258031e-02 5.937180e-02 6.107899e-02 4.168803e-02 3.402235e-02 4.169281e-02 -2.712203e-02 1.321597e-02
6.787500e+03 3.512500e+03 1.300000e+03 5.724006e-03 5.937180e-02 5.477467e-02 4.168803e-02 5.342544e-02 4.169281e-02 -9.684847e-03 1.321597e-02
6.887500e+03 3.512500e+03 1.300000e+03 -3.911682e-02 5.937180e-02 7.517202e-03 4.168803e-02 -9.639586e-04 4.169281e-02 1.645156e-02 1.321597e-02
6.987500e+03 3.512500e+03 1.300000e+03 -6.697998e-02 5.937180e-02 7.868580e-02 4.168803e-02 -1.404666e-02 4.169281e-02 3.797386e-02 1.321597e-02
3.487500e+03 3.612500e+03 1.225000e+03 9.280696e-03 5.937180e-02 1.062657e-02 4.168803e-02 -3.742144e-02 4.169281e-02 -3.548702e-02 1.321597e-02
3.587500e+03 3.612500e+03 1.200000e+03 2.536821e-02 5.937180e-02 1.041289e-02 4.168803e-02 6.344260e-02 4.169281e-02 -5.121842e-02 1.321597e-02
3.687500e+03 3.612500e+03 1.200000e+03 1.713564e-01 5.937180e-02 -1.845185e-02 4.168803e-02 4.256525e-02 4.169281e-02 1.761271e-02 1.321597e-02
3.787500e+03 3.612500e+03 1.200000e+03 8.601639e-02 5.937180e-02 -7.583029e-02 4.168803e-02 1.426109e-01 4.169281e-02 5.072757e-03 1.321597e-02
3.887500e+03 3.612500e+03 1.200000e+03 1.118672e-01 5.937180e-02 -8.270017e-02 4.168803e-02 1.207325e-01 4.169281e-02 2.436752e-02 1.321597e-02
3.987500e+03 3.612500e+03 1.200000e+03 1.254857e-01 5.937180e-02 1.917419e-03 4.168803e-02 2.134232e-02 4.169281e-02 5.327457e-03 1.321597e-02
4.087500e+03 3.612500e+03 1.175000e+03 8.698657e-02 5.937180e-02 -1.003055e-02 4.168803e-02 3.215659e-02 4.169281e-02 -1.668485e-02 1.321597e-02
4.187500e+03 3.612500e+03 1.175000e+03 9.601955e-02 5.937180e-02 -5.632970e-02 4.168803e-02 6.455911e-02 4.169281e-02 6.701919e-03 1.321597e-02
4.287500e+03 3.612500e+03 1.175000e+03 1.361030e-01 5.937180e-02 -1.595745e-02 4.168803e-02 4.032643e-02 4.169281e-02 5.312039e-03 1.321597e-02
4.387500e+03 3.612500e+03 1.150000e+03 1.600286e-01 5.937180e-02 4.456925e-02 4.168803e-02 8.351868e-02 4.169281e-02 -1.319617e-02 1.321597e-02
4.487500e+03 3.612500e+03 1.150000e+03 8.069659e-02 5.937180e-02 7.722151e-02 4.168803e-02 6.770444e-02 4.169281e-02 2.675607e-02 1.321597e-02
4.587500e+03 3.612500e+03 1.150000e+03 1.222098e-01 5.937180e-02 2.582445e-02 4.168803e-02 -3.209405e-02 4.169281e-02 4.262389e-02 1.321597e-02
4.687500e+03 3.612500e+03 1.175000e+03 7.246834e-02 5.937180e-02 3.912863e-02 4.168803e-02 3.530517e-02 4.169281e-02 3.967090e-02 1.321597e-02
4.787500e+03 3.612500e+03 1.175000e+03 1.876959e-01 5.937180e-02 2.639913e-02 4.168803e-02 -4.713731e-02 4.169281e-02 6.998213e-03 1.321597e-02
4.887500e+03 3.612500e+03 1.175000e+03 2.930886e-01 5.937180e-02 -1.512619e-02 4.168803e-02 -2.408955e-01 4.169281e-02 1.188205e-01 1.321597e-02
4.987500e+03 3.612500e+03 1.200000e+03 -1.343639e-01 5.937180e-02 2.743865e-01 4.168803e-02 6.860826e-02 4.169281e-02 4.591608e-02 1.321597e-02
5.087500e+03 3.612500e+03 1.200000e+03 -4.020289e-01 5.937180e-02 1.578692e-01 4.168803e-02 5.430413e-01 4.169281e-02 -1.237799e-01 1.321597e-02
5.187500e+03 3.612500e+03 1.200000e+03 -3.063287e-01 5.937180e-02 1.062828e-01 4.168803e-02 1.978896e-01 4.169281e-02 2.656223e-02 1.321597e-02
5.287500e+03 3.612500e+03 1.225000e+03 -1.848698e-01 5.937180e-02 1.349691e-01 4.168803e-02 1.333732e-01 4.169281e-02 6.614017e-02 1.321597e-02
5.387500e+03 3.612500e+03 1.250000e+03 -6.864335e-02 5.937180e-02 2.231344e-02 4.168803e-02 6.693764e-02 4.169281e-02 8.661087e-02 1.321597e-02
5.487500e+03 3.612500e+03 1.275000e+03 -1.222034e-01 5.937180e-02 1.505211e-02 4.168803e-02 8.136914e-02 4.169281e-02 1.144732e-01 1.321597e-02
5.587500e+03 3.612500e+03 1.275000e+03 -1.025797e-01 5.937180e-02 3.798671e-02 4.168803e-02 1.188442e-01 4.169281e-02 7.864841e-02 1.321597e-02
5.687500e+03 3.612500e+03 1.250000e+03 -1.470901e-01 5.937180e-02 2.147081e-02 4.168803e-02 2.608133e-02 4.169281e-02 4.832335e-02 1.321597e-02
5.787500e+03 3.612500e+03 1.250000e+03 -7.733559e-02 5.937180e-02 -2.252315e-02 4.168803e-02 3.148173e-02 4.169281e-02 6.229638e-02 1.321597e-02
5.887500e+03 3.612500e+03 1.250000e+03 -7.369955e-02 5.937180e-02 -2.953496e-02 4.168803e-02 4.246110e-02 4.169281e-02 4.527104e-02 1.321597e-02
5.987500e+03 3.612500e+03 1.250000e+03 -8.840360e-03 5.937180e-02 7.844589e-02 4.168803e-02 -3.873649e-02 4.169281e-02 8.437914e-02 1.321597e-02
6.087500e+03 3.612500e+03 1.275000e+03 -3.464853e-02 5.937180e-02 2.507009e-04 4.168803e-02 -9.909406e-02 4.169281e-02 9.370486e-02 1.321597e-02
6.187500e+03 3.612500e+03 1.300000e+03 -4.162700e-02 5.937180e-02 8.816701e-02 4.168803e-02 -7.826279e-02 4.169281e-02 5.516793e-02 1.321597e-02
6.287500e+03 3.612500e+03 1.300000e+03 -9.153767e-02 5.937180e-02 6.661494e-02 4.168803e-02 1.337140e-02 4.169281e-02 5.069716e-02 1.321597e-02
6.387500e+03 3.612500e+03 1.300000e+03 -1.212703e-01 5.937180e-02 5.788716e-02 4.168803e-02 -3.182115e-02 4.169281e-02 2.263486e-02 1.321597e-02
6.487500e+03 3.612500e+03 1.300000e+03 -8.767796e-02 5.937180e-02 1.397597e-01 4.168803e-02 -1.108593e-02 4.169281e-02 4.115910e-02 1.321597e-02
6.587500e+03 3.612500e+03 1.325000e+03 -6.684668e-02 5.937180e-02 7.114374e-02 4.168803e-02 3.288491e-02 4.169281e-02 4.255271e-02 1.321597e-02
6.687500e+03 3.612500e+03 1.325000e+03 -9.509241e-02 5.937180e-02 3.250591e-02 4.168803e-02 -2.809348e-02 4.169281e-02 3.434818e-02 1.321597e-02
6.787500e+03 3.612500e+03 1.325000e+03 -1.498295e-01 5.937180e-02 4.967780e-02 4.168803e-02 1.408569e-01 4.169281e-02 -1.571339e-03 1.321597e-02
6.887500e+03 3.612500e+03 1.300000e+03 -5.171037e-02 5.937180e-02 6.176127e-02 4.168803e-02 3.155702e-02 4.169281e-02 1.241182e-02 1.321597e-02
6.987500e+03 3.612500e+03 1.300000e+03 -5.257662e-02 5.937180e-02 1.678444e-02 4.168803e-02 -6.147528e-02 4.169281e-02 1.279897e-02 1.321597e-02
3.487500e+03 3.712500e+03 1.250000e+03 7.853111e-02 5.937180e-02 3.860023e-02 4.168803e-02 6.881421e-02 4.169281e-02 2.124534e-06 1.321597e-02
3.587500e+03 3.712500e+03 1.225000e+03 7.205130e-02 5.937180e-02 -1.696090e-03 4.168803e-02 9.555451e-02 4.169281e-02 -2.067973e-02 1.321597e-02
3.687500e+03 3.712500e+03 1.200000e+03 -2.526869e-02 5.937180e-02 8.697055e-02 4.168803e-02 3.837583e-02 4.169281e-02 -2.235878e-02 1.321597e-02
3.787500e+03 3.712500e+03 1.175000e+03 2.704999e-02 5.937180e-02 -3.358286e-04 4.168803e-02 1.136236e-01 4.169281e-02 -3.044560e-02 1.321597e-02
3.887500e+03 3.712500e+03 1.175000e+03 1.267716e-01 5.937180e-02 2.641694e-02 4.168803e-02 1.284927e-02 4.169281e-02 5.245773e-02 1.321597e-02
3.987500e+03 3.712500e+03 1.175000e+03 2.864499e-01 5.937180e-02 -1.433286e-02 4.168803e-02 1.263457e-01 4.169281e-02 2.385745e-02 1.321597e-02
4.087500e+03 3.712500e+03 1.175000e+03 1.682477e-01 5.937180e-02 7.851882e-02 4.168803e-02 5.930033e-02 4.169281e-02 -3.143387e-03 1.321597e-02
4.187500e+03 3.712500e+03 1.150000e+03 1.745926e-01 5.937180e-02 3.907005e-02 4.168803e-02 6.923655e-02 4.169281e-02 1.095907e-02 1.321597e-02
4.287500e+03 3.712500e+03 1.150000e+03 1.359606e-01 5.937180e-02 7.742197e-02 4.168803e-02 4.331397e-02 4.169281e-02 -6.969354e-03 1.321597e-02
4.387500e+03 3.712500e+03 1.150000e+03 1.548004e-01 5.937180e-02 -5.146475e-03 4.168803e-02 -1.120735e-02 4.169281e-02 -9.624459e-03 1.321597e-02
4.487500e+03 3.712500e+03 1.150000e+03 1.078764e-01 5.937180e-02 -2.496636e-02 4.168803e-02 5.712189e-02 4.169281e-02 1.186759e-02 1.321597e-02
4.587500e+03 3.712500e+03 1.150000e+03 1.683774e-01 5.937180e-02 -5.678345e-02 4.168803e-02 -7.598617e-02 4.169281e-02 2.546891e-02 1.321597e-02
4.687500e+03 3.712500e+03 1.175000e+03 1.394654e-01 5.937180e-02 5.769976e-02 4.168803e-02 -1.440610e-01 4.169281e-02 3.847920e-02 1.321597e-02
4.787500e+03 3.712500e+03 1.175000e+03 1.864218e-01 5.937180e-02 8.046452e-02 4.168803e-02 -1.427689e-01 4.169281e-02 5.788048e-02 1.321597e-02
4.887500e+03 3.712500e+03 1.200000e+03 2.138864e-01 5.937180e-02 1.335520e-01 4.168803e-02 -1.110376e-01 4.169281e-02 8.480294e-02 1.321597e-02
4.987500e+03 3.712500e+03 1.200000e+03 4.269295e-01 5.937180e-02 5.562928e-02 4.168803e-02 -1.461280e-01 4.169281e-02 3.366196e-02 1.321597e-02
5.087500e+03 3.712500e+03 1.225000e+03 3.172412e-01 5.937180e-02 -1.515144e-02 4.168803e-02 -1.283147e-01 4.169281e-02 4.556279e-02 1.321597e-02
5.187500e+03 3.712500e+03 1.225000e+03 -4.838675e-01 5.937180e-02 2.830462e-01 4.168803e-02 2.594995e-01 4.169281e-02 -6.739352e-02 1.321597e-02
5.287500e+03 3.712500e+03 1.225000e+03 -3.757125e-01 5.937180e-02 1.578174e-01 4.168803e-02 1.199285e-01 4.169281e-02 4.584133e-02 1.321597e-02
5.387500e+03 3.712500e+03 1.250000e+03 -3.525567e-01 5.937180e-02 -2.549912e-02 4.168803e-02 9.228776e-02 4.169281e-02 6.730136e-02 1.321597e-02
5.487500e+03 3.712500e+03 1.250000e+03 -1.871437e-01 5.937180e-02 -4.077421e-02 4.168803e-02 9.941669e-02 4.169281e-02 7.772995e-02 1.321597e-02
5.587500e+03 3.712500e+03 1.275000e+03 -1.148641e-01 5.937180e-02 -5.009586e-03 4.168803e-02 6.555287e-02 4.169281e-02 8.041998e-02 1.321597e-02
5.687500e+03 3.712500e+03 1.275000e+03 -2.057327e-01 5.937180e-02 -4.405445e-03 4.168803e-02 2.707171e-02 4.169281e-02 6.637306e-02 1.321597e-02
5.787500e+03 3.712500e+03 1.275000e+03 -9.178646e-02 5.937180e-02 -2.989910e-02 4.168803e-02 7.251424e-02 4.169281e-02 6.869093e-02 1.321597e-02
5.887500e+03 3.712500e+03 1.250000e+03 -9.129303e-02 5.937180e-02 -2.104152e-02 4.168803e-02 9.018399e-03 4.169281e-02 6.247559e-02 1.321597e-02
5.987500e+03 3.712500e+03 1.250000e+03 -3.607772e-02 5.937180e-02 -2.211060e-02 4.168803e-02 3.826946e-03 4.169281e-02 9.328039e-02 1.321597e-02
6.087500e+03 3.712500e+03 1.275000e+03 -6.452499e-02 5.937180e-02 -9.687553e-03 4.168803e-02 4.719281e-02 4.169281e-02 7.316125e-02 1.321597e-02
6.187500e+03 3.712500e+03 1.300000e+03 -3.340569e-02 5.937180e-02 -4.957878e-02 4.168803e-02 -5.429285e-02 4.169281e-02 7.832239e-02 1.321597e-02
6.287500e+03 3.712500e+03 1.325000e+03 -9.586682e-02 5.937180e-02 -1.667573e-02 4.168803e-02 -2.751427e-02 4.169281e-02 8.241358e-02 1.321597e-02
6.387500e+03 3.712500e+03 1.325000e+03 -2.769261e-02 5.937180e-02 -3.895471e-02 4.168803e-02 1.491309e-02 4.169281e-02 5.722615e-02 1.321597e-02
6.487500e+03 3.712500e+03 1.325000e+03 -9.777608e-02 5.937180e-02 7.164146e-02 4.168803e-02 -7.114664e-02 4.169281e-02 3.519591e-02 1.321597e-02
6.587500e+03 3.712500e+03 1.325000e+03 -3.552392e-02 5.937180e-02 -2.624629e-02 4.168803e-02 8.220306e-03 4.169281e-02 4.550660e-02 1.321597e-02
6.687500e+03 3.712500e+03 1.350000e+03 -8.948947e-02 5.937180e-02 1.665864e-01 4.168803e-02 2.415321e-02 4.169281e-02 -5.196504e-03 1.321597e-02
6.787500e+03 3.712500e+03 1.350000e+03 -1.189049e-01 5.937180e-02 5.446536e-02 4.168803e-02 -5.835991e-02 4.169281e-02 -1.087066e-03 1.321597e-02
6.887500e+03 3.712500e+03 1.325000e+03 -2.024557e-01 5.937180e-02 1.240815e-01 4.168803e-02 5.731797e-02 4.169281e-02 -3.749273e-03 1.321597e-02
6.987500e+03 3.712500e+03 1.300000e+03 -3.562193e-02 5.937180e-02 6.528962e-02 4.168803e-02 -2.570778e-02 4.169281e-02 -2.018377e-02 1.321597e-02
3.487500e+03 3.812500e+03 1.225000e+03 8.547250e-02 5.937180e-02 3.480324e-02 4.168803e-02 6.704395e-02 4.169281e-02 1.154090e-02 1.321597e-02
3.587500e+03 3.812500e+03 1.225000e+03 3.385774e-02 5.937180e-02 -2.978961e-03 4.168803e-02 7.093713e-02 4.169281e-02 -6.612592e-02 1.321597e-02
3.687500e+03 3.812500e+03 1.200000e+03 2.558826e-04 5.937180e-02 4.824600e-02 4.168803e-02 1.072248e-02 4.169281e-02 -3.367149e-02 1.321597e-02
3.787500e+03 3.812500e+03 1.200000e+03 1.688415e-02 5.937180e-02 1.211077e-01 4.168803e-02 4.720505e-02 4.169281e-02 -2.480369e-03 1.321597e-02
3.887500e+03 3.812500e+03 1.175000e+03 6.054371e-02 5.937180e-02 9.255131e-02 4.168803e-02 4.286176e-02 4.169281e-02 -1.129996e-04 1.321597e-02
3.987500e+03 3.812500e+03 1.175000e+03 7.160658e-02 5.937180e-02 8.390838e-02 4.168803e-02 1.359319e-01 4.169281e-02 -8.525143e-03 1.321597e-02
4.087500e+03 3.812500e+03 1.150000e+03 7.497064e-02 5.937180e-02 -4.233881e-04 4.168803e-02 1.212278e-01 4.169281e-02 -5.475036e-04 1.321597e-02
4.187500e+03 3.812500e+03 1.150000e+03 1.402571e-01 5.937180e-02 -1.078201e-02 4.168803e-02 6.349444e-02 4.169281e-02 2.066413e-02 1.321597e-02
4.287500e+03 3.812500e+03 1.150000e+03 1.555346e-01 5.937180e-02 5.484090e-02 4.168803e-02 -2.123286e-03 4.169281e-02 9.953839e-03 1.321597e-02
4.387500e+03 3.812500e+03 1.150000e+03 1.138418e-01 5.937180e-02 -4.272501e-03 4.168803e-02 8.157538e-02 4.169281e-02 -3.306649e-02 1.321597e-02
4.487500e+03 3.812500e+03 1.150000e+03 7.551083e-03 5.937180e-02 9.816887e-02 4.168803e-02 -8.165851e-02 4.169281e-02 7.013042e-03 1.321597e-02
4.587500e+03 3.812500e+03 1.150000e+03 -4.000068e-02 5.937180e-02 1.208824e-01 4.168803e-02 -1.240679e-01 4.169281e-02 5.680774e-02 1.321597e-02
4.687500e+03 3.812500e+03 1.175000e+03 2.541296e-04 5.937180e-02 1.361375e-01 4.168803e-02 -9.392545e-02 4.169281e-02 7.902240e-02 1.321597e-02
4.787500e+03 3.812500e+03 1.175000e+03 1.200651e-01 5.937180e-02 1.433976e-01 4.168803e-02 -1.297136e-01 4.169281e-02 7.512562e-02 1.321597e-02
4.887500e+03 3.812500e+03 1.200000e+03 1.278626e-01 5.937180e-02 1.606440e-01 4.168803e-02 -8.021511e-02 4.169281e-02 1.024755e-01 1.321597e-02
4.987500e+03 3.812500e+03 1.200000e+03 4.122606e-01 5.937180e-02 -1.666410e-01 4.168803e-02 -7.262887e-03 4.169281e-02 -4.662556e-02 1.321597e-02
5.087500e+03 3.812500e+03 1.225000e+03 5.132627e-01 5.937180e-02 -1.954226e-01 4.168803e-02 -2.513233e-01 4.169281e-02 5.108911e-02 1.321597e-02
5.187500e+03 3.812500e+03 1.250000e+03 1.707410e-01 5.937180e-02 4.127489e-02 4.168803e-02 -1.467882e-01 4.169281e-02 3.300641e-02 1.321597e-02
5.287500e+03 3.812500e+03 1.225000e+03 -6.925181e-01 5.937180e-02 5.155822e-01 4.168803e-02 1.478461e-01 4.169281e-02 -5.597268e-02 1.321597e-02
5.387500e+03 3.812500e+03 1.250000e+03 -3.623211e-01 5.937180e-02 2.618894e-01 4.168803e-02 1.634746e-01 4.169281e-02 -8.398034e-04 1.321597e-02
5.487500e+03 3.812500e+03 1.275000e+03 -4.400685e-01 5.937180e-02 1.551246e-01 4.168803e-02 1.850215e-01 4.169281e-02 7.118429e-02 1.321597e-02
5.587500e+03 3.812500e+03 1.275000e+03 -4.139509e-01 5.937180e-02 8.828425e-02 4.168803e-02 1.467413e-01 4.169281e-02 5.942578e-02 1.321597e-02
5.687500e+03 3.812500e+03 1.300000e+03 -2.082846e-01 5.937180e-02 1.702249e-02 4.168803e-02 1.034407e-01 4.169281e-02 6.582416e-02 1.321597e-02
5.787500e+03 3.812500e+03 1.300000e+03 -1.375322e-01 5.937180e-02 4.398170e-02 4.168803e-02 1.288432e-01 4.169281e-02 6.355442e-02 1.321597e-02
5.887500e+03 3.812500e+03 1.275000e+03 -2.122867e-01 5.937180e-02 1.480704e-02 4.168803e-02 5.599032e-02 4.169281e-02 4.798205e-02 1.321597e-02
5.987500e+03 3.812500e+03 1.250000e+03 -2.086359e-01 5.937180e-02 -5.564240e-02 4.168803e-02 2.227619e-02 4.169281e-02 7.660444e-02 1.321597e-02
6.087500e+03 3.812500e+03 1.250000e+03 -8.476637e-02 5.937180e-02 -8.122920e-02 4.168803e-02 1.703579e-03 4.169281e-02 8.663542e-02 1.321597e-02
6.187500e+03 3.812500e+03 1.250000e+03 -1.500704e-01 5.937180e-02 1.321659e-02 4.168803e-02 -1.098414e-02 4.169281e-02 1.209919e-01 1.321597e-02
6.287500e+03 3.812500e+03 1.300000e+03 -1.676784e-01 5.937180e-02 -2.668275e-02 4.168803e-02 -9.603552e-02 4.169281e-02 9.161327e-02 1.321597e-02
6.387500e+03 3.812500e+03 1.300000e+03 -8.140988e-02 5.937180e-02 1.448339e-03 4.168803e-02 -2.358752e-02 4.169281e-02 5.685841e-02 1.321597e-02
6.487500e+03 3.812500e+03 1.300000e+03 -4.095165e-02 5.937180e-02 2.887642e-02 4.168803e-02 1.925125e-02 4.169281e-02 3.706543e-02 1.321597e-02
6.587500e+03 3.812500e+03 1.325000e+03 -6.117087e-02 5.937180e-02 -4.109043e-02 4.168803e-02 -1.562306e-02 4.169281e-02 3.617425e-02 1.321597e-02
6.687500e+03 3.812500e+03 1.350000e+03 -1.029305e-01 5.937180e-02 3.652517e-02 4.168803e-02 6.260053e-03 4.169281e-02 3.425718e-02 1.321597e-02
6.787500e+03 3.812500e+03 1.375000e+03 -1.841111e-01 5.937180e-02 1.158196e-01 4.168803e-02 2.191659e-02 4.169281e-02 -2.364954e-03 1.321597e-02
6.887500e+03 3.812500e+03 1.350000e+03 -3.276898e-02 5.937180e-02 1.243987e-01 4.168803e-02 -2.635848e-02 4.169281e-02 -3.415357e-02 1.321597e-02
6.987500e+03 3.812500e+03 1.325000e+03 -1.738612e-01 5.937180e-02 1.224770e-01 4.168803e-02 2.435334e-02 4.169281e-02 -2.149855e-02 1.321597e-02
3.487500e+03 3.912500e+03 1.225000e+03 5.866134e-02 5.937180e-02 2.967263e-02 4.168803e-02 -3.640281e-02 4.169281e-02 3.737447e-02 1.321597e-02
3.587500e+03 3.912500e+03 1.225000e+03 2.423591e-02 5.937180e-02 -1.733950e-02 4.168803e-02 -4.715456e-03 4.169281e-02 1.113500e-02 1.321597e-02
3.687500e+03 3.912500e+03 1.225000e+03 3.170074e-02 5.937180e-02 1.573277e-02 4.168803e-02 7.966257e-02 4.169281e-02 8.506509e-03 1.321597e-02
3.787500e+03 3.912500e+03 1.200000e+03 5.316284e-02 5.937180e-02 2.581417e-03 4.168803e-02 1.568011e-01 4.169281e-02 3.120442e-03 1.321597e-02
3.887500e+03 3.912500e+03 1.200000e+03 5.129111e-03 5.937180e-02 2.156138e-02 4.168803e-02 1.114313e-01 4.169281e-02 -4.997112e-03 1.321597e-02
3.987500e+03 3.912500e+03 1.175000e+03 1.677128e-01 5.937180e-02 1.019346e-01 4.168803e-02 1.950554e-01 4.169281e-02 9.329985e-03 1.321597e-02
4.087500e+03 3.912500e+03 1.150000e+03 1.218406e-01 5.937180e-02 4.206191e-02 4.168803e-02 6.867869e-02 4.169281e-02 6.961510e-03 1.321597e-02
4.187500e+03 3.912500e+03 1.150000e+03 1.540421e-01 5.937180e-02 -6.907373e-03 4.168803e-02 3.724035e-02 4.169281e-02 3.562969e-02 1.321597e-02
4.287500e+03 3.912500e+03 1.150000e+03 1.475944e-01 5.937180e-02 2.930784e-02 4.168803e-02 1.324875e-01 4.169281e-02 8.533609e-03 1.321597e-02
4.387500e+03 3.912500e+03 1.125000e+03 2.064775e-01 5.937180e-02 8.760741e-02 4.168803e-02 -7.133606e-02 4.169281e-02 3.788999e-02 1.321597e-02
4.487500e+03 3.912500e+03 1.150000e+03 1.568232e-01 5.937180e-02 9.022347e-02 4.168803e-02 1.553976e-02 4.169281e-02 3.425573e-02 1.321597e-02
4.587500e+03 3.912500e+03 1.150000e+03 8.859536e-02 5.937180e-02 1.454291e-01 4.168803e-02 -1.585951e-01 4.169281e-02 4.261111e-02 1.321597e-02
4.687500e+03 3.912500e+03 1.175000e+03 -4.777833e-02 5.937180e-02 9.929892e-02 4.168803e-02 -1.158010e-01 4.169281e-02 3.777465e-02 1.321597e-02
4.787500e+03 3.912500e+03 1.175000e+03 4.462311e-02 5.937180e-02 8.389405e-02 4.168803e-02 -8.138581e-02 4.169281e-02 8.160570e-02 1.321597e-02
4.887500e+03 3.912500e+03 1.225000e+03 6.319811e-02 5.937180e-02 4.420838e-03 4.168803e-02 2.644932e-03 4.169281e-02 -1.763803e-02 1.321597e-02
4.987500e+03 3.912500e+03 1.200000e+03 2.274599e-01 5.937180e-02 -8.165382e-02 4.168803e-02 4.711573e-02 4.169281e-02 -5.870898e-02 1.321597e-02
5.087500e+03 3.912500e+03 1.225000e+03 2.239468e-01 5.937180e-02 -1.628850e-02 4.168803e-02 -1.130551e-01 4.169281e-02 3.736069e-02 1.321597e-02
5.187500e+03 3.912500e+03 1.225000e+03 4.115830e-01 5.937180e-02 -1.767211e-01 4.168803e-02 -2.840071e-01 4.169281e-02 6.095729e-02 1.321597e-02
5.287500e+03 3.912500e+03 1.225000e+03 7.168025e-01 5.937180e-02 -3.752098e-01 4.168803e-02 -3.962170e-01 4.169281e-02 1.276077e-01 1.321597e-02
5.387500e+03 3.912500e+03 1.250000e+03 1.276459e-01 5.937180e-02 1.166411e-01 4.168803e-02 -4.730631e-02 4.169281e-02 -1.135136e-03 1.321597e-02
5.487500e+03 3.912500e+03 1.275000e+03 -3.464909e-01 5.937180e-02 2.154664e-01 4.168803e-02 1.481982e-01 4.169281e-02 -1.007963e-03 1.321597e-02
5.587500e+03 3.912500e+03 1.275000e+03 -4.258674e-01 5.937180e-02 2.054415e-01 4.168803e-02 2.376243e-01 4.169281e-02 1.025044e-02 1.321597e-02
5.687500e+03 3.912500e+03 1.300000e+03 -3.294185e-01 5.937180e-02 1.312760e-01 4.168803e-02 8.716518e-02 4.169281e-02 1.253192e-02 1.321597e-02
5.787500e+03 3.912500e+03 1.300000e+03 -3.188610e-01 5.937180e-02 2.327023e-02 4.168803e-02 3.549430e-02 4.169281e-02 3.307937e-02 1.321597e-02
5.887500e+03 3.912500e+03 1.275000e+03 -2.492265e-01 5.937180e-02 -4.498992e-02 4.168803e-02 6.210643e-02 4.169281e-02 5.394235e-02 1.321597e-02
5.987500e+03 3.912500e+03 1.250000e+03 -1.909662e-01 5.937180e-02 4.119836e-02 4.168803e-02 -4.663762e-02 4.169281e-02 6.884555e-02 1.321597e-02
6.087500e+03 3.912500e+03 1.250000e+03 -1.562341e-01 5.937180e-02 -3.971134e-02 4.168803e-02 4.485468e-02 4.169281e-02 6.632583e-02 1.321597e-02
6.187500e+03 3.912500e+03 1.275000e+03 -8.241551e-02 5.937180e-02 1.609173e-02 4.168803e-02 3.921068e-03 4.169281e-02 1.138461e-01 1.321597e-02
6.287500e+03 3.912500e+03 1.275000e+03 -1.384134e-01 5.937180e-02 -7.387237e-03 4.168803e-02 -2.405378e-02 4.169281e-02 8.293122e-02 1.321597e-02
6.387500e+03 3.912500e+03 1.275000e+03 -1.566358e-01 5.937180e-02 -3.558027e-02 4.168803e-02 -6.485601e-02 4.169281e-02 7.782604e-02 1.321597e-02
6.487500e+03 3.912500e+03 1.300000e+03 -2.147367e-01 5.937180e-02 -4.624765e-03 4.168803e-02 -5.694158e-02 4.169281e-02 7.962855e-02 1.321597e-02
6.587500e+03 3.912500e+03 1.300000e+03 -3.751693e-02 5.937180e-02 4.436706e-02 4.168803e-02 -6.626356e-02 4.169281e-02 6.720372e-02 1.321597e-02
6.687500e+03 3.912500e+03 1.325000e+03 -2.974857e-03 5.937180e-02 2.395197e-02 4.168803e-02 -8.351727e-02 4.169281e-02 3.511171e-02 1.321597e-02
6.787500e+03 3.912500e+03 1.375000e+03 -1.719285e-01 5.937180e-02 3.634610e-02 4.168803e-02 -2.933075e-02 4.169281e-02 2.164131e-02 1.321597e-02
6.887500e+03 3.912500e+03 1.375000e+03 -7.922151e-02 5.937180e-02 1.187513e-01 4.168803e-02 9.132609e-02 4.169281e-02 -2.108395e-02 1.321597e-02
6.987500e+03 3.912500e+03 1.350000e+03 -7.001266e-02 5.937180e-02 1.278366e-01 4.168803e-02 -1.546201e-02 4.169281e-02 -2.697599e-02 1.321597e-02
3.487500e+03 4.012500e+03 1.225000e+03 1.135990e-01 5.937180e-02 -2.319486e-02 4.168803e-02 2.037868e-02 4.169281e-02 3.281092e-02 1.321597e-02
3.587500e+03 4.012500e+03 1.200000e+03 1.341199e-01 5.937180e-02 -9.646443e-02 4.168803e-02 7.248984e-02 4.169281e-02 -1.794620e-02 1.321597e-02
3.687500e+03 4.012500e+03 1.200000e+03 7.093944e-02 5.937180e-02 -8.336282e-02 4.168803e-02 1.004743e-01 4.169281e-02 1.001152e-03 1.321597e-02
3.787500e+03 4.012500e+03 1.175000e+03 1.440476e-01 5.937180e-02 2.466821e-02 4.168803e-02 4.017195e-02 4.169281e-02 7.537404e-04 1.321597e-02
3.887500e+03 4.012500e+03 1.175000e+03 1.570238e-01 5.937180e-02 -6.430240e-03 4.168803e-02 1.718956e-01 4.169281e-02 -6.241310e-03 1.321597e-02
3.987500e+03 4.012500e+03 1.150000e+03 1.364797e-01 5.937180e-02 2.363942e-02 4.168803e-02 6.755662e-02 4.169281e-02 2.493024e-02 1.321597e-02
4.087500e+03 4.012500e+03 1.150000e+03 1.782589e-01 5.937180e-02 2.772086e-02 4.168803e-02 4.270999e-02 4.169281e-02 1.421153e-02 1.321597e-02
4.187500e+03 4.012500e+03 1.150000e+03 1.120754e-01 5.937180e-02 -2.441983e-02 4.168803e-02 2.456206e-02 4.169281e-02 1.108709e-02 1.321597e-02
4.287500e+03 4.012500e+03 1.150000e+03 1.801707e-01 5.937180e-02 9.780690e-02 4.168803e-02 2.104908e-03 4.169281e-02 1.020597e-02 1.321597e-02
4.387500e+03 4.012500e+03 1.150000e+03 1.946683e-01 5.937180e-02 1.087728e-01 4.168803e-02 2.498539e-02 4.169281e-02 2.000809e-02 1.321597e-02
4.487500e+03 4.012500e+03 1.150000e+03 1.162156e-01 5.937180e-02 1.475956e-01 4.168803e-02 -7.532460e-02 4.169281e-02 7.842558e-02 1.321597e-02
4.587500e+03 4.012500e+03 1.175000e+03 8.944587e-02 5.937180e-02 7.563080e-02 4.168803e-02 -1.192604e-01 4.169281e-02 5.638631e-02 1.321597e-02
4.687500e+03 4.012500e+03 1.175000e+03 3.064263e-02 5.937180e-02 1.253780e-01 4.168803e-02 -1.186681e-01 4.169281e-02 2.580274e-02 1.321597e-02
4.787500e+03 4.012500e+03 1.175000e+03 2.869855e-01 5.937180e-02 -3.863893e-02 4.168803e-02 5.559396e-02 4.169281e-02 -4.329059e-02 1.321597e-02
4.887500e+03 4.012500e+03 1.225000e+03 1.624328e-01 5.937180e-02 -6.539988e-02 4.168803e-02 3.519979e-02 4.169281e-02 -3.765787e-02 1.321597e-02
4.987500e+03 4.012500e+03 1.225000e+03 1.206456e-01 5.937180e-02 -7.191536e-02 4.168803e-02 -1.282270e-02 4.169281e-02 -1.191101e-02 1.321597e-02
5.087500e+03 4.012500e+03 1.225000e+03 1.484223e-01 5.937180e-02 3.728251e-02 4.168803e-02 -6.998024e-02 4.169281e-02 4.164238e-02 1.321597e-02
5.187500e+03 4.012500e+03 1.225000e+03 1.331268e-01 5.937180e-02 -8.016930e-02 4.168803e-02 -1.399269e-01 4.169281e-02 4.299268e-02 1.321597e-02
5.287500e+03 4.012500e+03 1.250000e+03 3.355560e-01 5.937180e-02 -8.919241e-02 4.168803e-02 -1.978691e-01 4.169281e-02 3.320882e-02 1.321597e-02
5.387500e+03 4.012500e+03 1.250000e+03 3.629660e-01 5.937180e-02 -2.342116e-01 4.168803e-02 -3.315004e-01 4.169281e-02 7.275004e-02 1.321597e-02
5.487500e+03 4.012500e+03 1.275000e+03 5.923403e-01 5.937180e-02 -2.903142e-01 4.168803e-02 -2.972399e-01 4.169281e-02 8.363772e-02 1.321597e-02
5.587500e+03 4.012500e+03 1.275000e+03 -1.995614e-01 5.937180e-02 3.107805e-01 4.168803e-02 1.112963e-01 4.169281e-02 -8.562752e-02 1.321597e-02
5.687500e+03 4.012500e+03 1.300000e+03 -3.423571e-01 5.937180e-02 1.192054e-01 4.168803e-02 1.743179e-01 4.169281e-02 -9.450393e-03 1.321597e-02
5.787500e+03 4.012500e+03 1.275000e+03 -4.229039e-01 5.937180e-02 8.925101e-02 4.168803e-02 1.446956e-01 4.169281e-02 -4.004202e-03 1.321597e-02
5.887500e+03 4.012500e+03 1.275000e+03 -3.737945e-01 5.937180e-02 -4.964293e-03 4.168803e-02 8.352782e-02 4.169281e-02 5.632090e-02 1.321597e-02
5.987500e+03 4.012500e+03 1.250000e+03 -2.059797e-01 5.937180e-02 -1.441821e-02 4.168803e-02 8.456375e-02 4.169281e-02 6.661968e-02 1.321597e-02
6.087500e+03 4.012500e+03 1.275000e+03 -1.941630e-01 5.937180e-02 -4.410919e-02 4.168803e-02 1.860756e-02 4.169281e-02 9.792294e-02 1.321597e-02
6.187500e+03 4.012500e+03 1.300000e+03 -1.633880e-01 5.937180e-02 -3.792388e-02 4.168803e-02 -1.784818e-02 4.169281e-02 1.018768e-01 1.321597e-02
6.287500e+03 4.012500e+03 1.300000e+03 -1.100737e-01 5.937180e-02 5.086505e-02 4.168803e-02 -2.092503e-02 4.169281e-02 8.959930e-02 1.321597e-02
6.387500e+03 4.012500e+03 1.300000e+03 -1.407679e-01 5.937180e-02 2.550349e-02 4.168803e-02 -4.954196e-02 4.169281e-02 9.085695e-02 1.321597e-02
6.487500e+03 4.012500e+03 1.325000e+03 -1.898278e-01 5.937180e-02 1.999512e-02 4.168803e-02 -1.028857e-01 4.169281e-02 6.231272e-02 1.321597e-02
6.587500e+03 4.012500e+03 1.325000e+03 -5.545050e-02 5.937180e-02 3.876798e-02 4.168803e-02 -3.432312e-02 4.169281e-02 2.891639e-02 1.321597e-02
6.687500e+03 4.012500e+03 1.350000e+03 -9.004081e-02 5.937180e-02 3.218387e-02 4.168803e-02 -4.420051e-02 4.169281e-02 5.375080e-02 1.321597e-02
6.787500e+03 4.012500e+03 1.375000e+03 -4.860470e-02 5.937180e-02 3.222773e-02 4.168803e-02 -5.789149e-02 4.169281e-02 3.880916e-02 1.321597e-02
6.887500e+03 4.012500e+03 1.375000e+03 -4.283499e-02 5.937180e-02 7.753751e-02 4.168803e-02 3.958516e-02 4.169281e-02 4.155189e-03 1.321597e-02
6.987500e+03 4.012500e+03 1.375000e+03 -8.867384e-02 5.937180e-02 4.378514e-02 4.168803e-02 -4.842589e-02 4.169281e-02 3.854327e-04 1.321597e-02
3.487500e+03 4.112500e+03 1.200000e+03 -3.825320e-03 5.937180e-02 9.536421e-03 4.168803e-02 3.856346e-02 4.169281e-02 -1.551476e-02 1.321597e-02
3.587500e+03 4.112500e+03 1.175000e+03 2.550646e-01 5.937180e-02 -7.626512e-02 4.168803e-02 -4.156852e-04 4.169281e-02 2.151808e-02 1.321597e-02
3.687500e+03 4.112500e+03 1.175000e+03 1.790282e-01 5.937180e-02 -8.444883e-02 4.168803e-02 2.675850e-02 4.169281e-02 3.971907e-02 1.321597e-02
3.787500e+03 4.112500e+03 1.175000e+03 1.328300e-01 5.937180e-02 -1.993129e-02 4.168803e-02 1.291911e-01 4.169281e-02 2.731471e-02 1.321597e-02
3.887500e+03 4.112500e+03 1.150000e+03 1.567058e-01 5.937180e-02 -4.920104e-02 4.168803e-02 6.442855e-02 4.169281e-02 3.627008e-02 1.321597e-02
3.987500e+03 4.112500e+03 1.150000e+03 1.445223e-01 5.937180e-02 -7.403337e-02 4.168803e-02 7.566658e-02 4.169281e-02 3.297147e-02 1.321597e-02
4.087500e+03 4.112500e+03 1.150000e+03 1.237832e-01 5.937180e-02 1.980510e-02 4.168803e-02 8.325776e-02 4.169281e-02 3.962882e-02 1.321597e-02
4.187500e+03 4.112500e+03 1.150000e+03 9.179950e-02 5.937180e-02 1.089788e-02 4.168803e-02 5.320264e-02 4.169281e-02 -2.594024e-04 1.321597e-02
4.287500e+03 4.112500e+03 1.150000e+03 2.509109e-02 5.937180e-02 1.363905e-02 4.168803e-02 7.383465e-02 4.169281e-02 5.496893e-02 1.321597e-02
4.387500e+03 4.112500e+03 1.150000e+03 7.240260e-02 5.937180e-02 2.894942e-02 4.168803e-02 -9.987135e-03 4.169281e-02 3.696690e-02 1.321597e-02
4.487500e+03 4.112500e+03 1.175000e+03 2.328002e-01 5.937180e-02 1.012632e-01 4.168803e-02 -5.859567e-02 4.169281e-02 4.712428e-02 1.321597e-02
4.587500e+03 4.112500e+03 1.175000e+03 6.505125e-02 5.937180e-02 1.201705e-02 4.168803e-02 -1.467691e-01 4.169281e-02 2.980111e-02 1.321597e-02
4.687500e+03 4.112500e+03 1.200000e+03 6.337517e-02 5.937180e-02 1.313489e-02 4.168803e-02 -5.366492e-02 4.169281e-02 -4.565485e-03 1.321597e-02
4.787500e+03 4.112500e+03 1.200000e+03 1.705505e-01 5.937180e-02 -5.503244e-02 4.168803e-02 1.540736e-01 4.169281e-02 -1.311773e-01 1.321597e-02
4.887500e+03 4.112500e+03 1.200000e+03 1.579744e-01 5.937180e-02 5.826190e-02 4.168803e-02 4.860813e-03 4.169281e-02 -4.889931e-02 1.321597e-02
4.987500e+03 4.112500e+03 1.225000e+03 7.339037e-02 5.937180e-02 6.096282e-02 4.168803e-02 -4.937409e-02 4.169281e-02 2.198982e-03 1.321597e-02
5.087500e+03 4.112500e+03 1.225000e+03 -3.090663e-03 5.937180e-02 6.903673e-02 4.168803e-02 -4.501221e-02 4.169281e-02 1.918939e-03 1.321597e-02
5.187500e+03 4.112500e+03 1.250000e+03 3.148252e-02 5.937180e-02 -2.807706e-02 4.168803e-02 -1.052439e-01 4.169281e-02 2.840274e-02 1.321597e-02
5.287500e+03 4.112500e+03 1.250000e+03 1.874417e-01 5.937180e-02 4.912500e-02 4.168803e-02 -5.976560e-02 4.169281e-02 2.302093e-02 1.321597e-02
5.387500e+03 4.112500e+03 1.275000e+03 2.469693e-01 5.937180e-02 -2.686405e-02 4.168803e-02 -1.470565e-01 4.169281e-02 3.084407e-02 1.321597e-02
5.487500e+03 4.112500e+03 1.275000e+03 3.477508e-01 5.937180e-02 -7.739055e-02 4.168803e-02 -2.711138e-01 4.169281e-02 3.967698e-02 1.321597e-02
5.587500e+03 4.112500e+03 1.275000e+03 5.188867e-01 5.937180e-02 -1.827397e-01 4.168803e-02 -2.402155e-01 4.169281e-02 1.212704e-01 1.321597e-02
5.687500e+03 4.112500e+03 1.275000e+03 1.544206e-01 5.937180e-02 -1.087552e-01 4.168803e-02 -1.024699e-01 4.169281e-02 9.624394e-03 1.321597e-02
5.787500e+03 4.112500e+03 1.300000e+03 -3.233675e-01 5.937180e-02 1.738031e-01 4.168803e-02 2.161318e-01 4.169281e-02 -3.008439e-02 1.321597e-02
5.887500e+03 4.112500e+03 1.300000e+03 -3.216440e-01 5.937180e-02 1.051496e-01 4.168803e-02 9.723872e-02 4.169281e-02 8.352391e-04 1.321597e-02
5.987500e+03 4.112500e+03 1.275000e+03 -2.226032e-01 5.937180e-02 8.076215e-02 4.168803e-02 1.338559e-01 4.169281e-02 1.670086e-02 1.321597e-02
6.087500e+03 4.112500e+03 1.275000e+03 -1.798426e-01 5.937180e-02 6.784883e-02 4.168803e-02 3.338156e-02 4.169281e-02 9.437457e-02 1.321597e-02
6.187500e+03 4.112500e+03 1.300000e+03 -1.694452e-01 5.937180e-02 1.340756e-02 4.168803e-02 5.823841e-03 4.169281e-02 1.207976e-01 1.321597e-02
6.287500e+03 4.112500e+03 1.325000e+03 -1.646490e-01 5.937180e-02 -2.251736e-02 4.168803e-02 -3.629322e-02 4.169281e-02 9.534092e-02 1.321597e-02
6.387500e+03 4.112500e+03 1.300000e+03 -1.807837e-01 5.937180e-02 1.022290e-03 4.168803e-02 -2.062291e-02 4.169281e-02 9.215002e-02 1.321597e-02
6.487500e+03 4.112500e+03 1.350000e+03 -1.473776e-01 5.937180e-02 -1.341257e-02 4.168803e-02 -5.742406e-02 4.169281e-02 8.796511e-02 1.321597e-02
6.587500e+03 4.112500e+03 1.350000e+03 -1.023302e-01 5.937180e-02 -2.748372e-02 4.168803e-02 -2.329675e-02 4.169281e-02 6.290757e-02 1.321597e-02
6.687500e+03 4.112500e+03 1.375000e+03 -8.505066e-02 5.937180e-02 5.951309e-02 4.168803e-02 -6.022977e-02 4.169281e-02 5.481430e-02 1.321597e-02
6.787500e+03 4.112500e+03 1.400000e+03 -8.617413e-02 5.937180e-02 9.683318e-02 4.168803e-02 -3.769196e-02 4.169281e-02 5.636578e-02 1.321597e-02
6.887500e+03 4.112500e+03 1.400000e+03 -9.530954e-02 5.937180e-02 1.955075e-02 4.168803e-02 -1.271838e-02 4.169281e-02 1.022399e-02 1.321597e-02
6.987500e+03 4.112500e+03 1.375000e+03 -8.838681e-02 5.937180e-02 5.919624e-02 4.168803e-02 -2.887892e-02 4.169281e-02 -1.156298e-02 1.321597e-02
3.487500e+03 4.212500e+03 1.175000e+03 -1.918350e-02 5.937180e-02 -9.036189e-02 4.168803e-02 4.615383e-02 4.169281e-02 9.486616e-03 1.321597e-02
3.587500e+03 4.212500e+03 1.175000e+03 8.709921e-02 5.937180e-02 5.608832e-02 4.168803e-02 8.415058e-03 4.169281e-02 4.004678e-02 1.321597e-02
3.687500e+03 4.212500e+03 1.175000e+03 2.413574e-01 5.937180e-02 -4.415515e-03 4.168803e-02 1.237697e-01 4.169281e-02 -4.525598e-03 1.321597e-02
3.787500e+03 4.212500e+03 1.150000e+03 1.378154e-01 5.937180e-02 2.641807e-02 4.168803e-02 9.219195e-02 4.169281e-02 2.417794e-02 1.321597e-02
3.887500e+03 4.212500e+03 1.150000e+03 1.218177e-01 5.937180e-02 4.930938e-02 4.168803e-02 1.057412e-01 4.169281e-02 3.830619e-02 1.321597e-02
3.987500e+03 4.212500e+03 1.150000e+03 6.621200e-02 5.937180e-02 3.894802e-02 4.168803e-02 7.634521e-02 4.169281e-02 2.751868e-02 1.321597e-02
4.087500e+03 4.212500e+03 1.150000e+03 1.282548e-01 5.937180e-02 7.980922e-03 4.168803e-02 8.604137e-02 4.169281e-02 2.556692e-02 1.321597e-02
4.187500e+03 4.212500e+03 1.125000e+03 9.420604e-02 5.937180e-02 5.245786e-02 4.168803e-02 -5.811586e-03 4.169281e-02 7.519849e-02 1.321597e-02
4.287500e+03 4.212500e+03 1.150000e+03 1.413830e-01 5.937180e-02 5.172310e-02 4.168803e-02 -1.641879e-02 4.169281e-02 4.404899e-02 1.321597e-02
4.387500e+03 4.212500e+03 1.175000e+03 4.946108e-02 5.937180e-02 4.946930e-02 4.168803e-02 -3.537336e-02 4.169281e-02 3.581757e-02 1.321597e-02
4.487500e+03 4.212500e+03 1.175000e+03 1.712475e-02 5.937180e-02 8.169565e-02 4.168803e-02 -9.902077e-02 4.169281e-02 5.321805e-02 1.321597e-02
4.587500e+03 4.212500e+03 1.175000e+03 1.091927e-01 5.937180e-02 3.990948e-03 4.168803e-02 -8.109178e-02 4.169281e-02 5.273420e-02 1.321597e-02
4.687500e+03 4.212500e+03 1.200000e+03 1.245952e-01 5.937180e-02 1.318567e-01 4.168803e-02 -1.541421e-01 4.169281e-02 5.303092e-02 1.321597e-02
4.787500e+03 4.212500e+03 1.225000e+03 6.610378e-02 5.937180e-02 9.984177e-03 4.168803e-02 6.686146e-02 4.169281e-02 -9.565919e-02 1.321597e-02
4.887500e+03 4.212500e+03 1.225000e+03 1.480741e-03 5.937180e-02 -2.037974e-02 4.168803e-02 -7.727847e-02 4.169281e-02 -5.302026e-02 1.321597e-02
4.987500e+03 4.212500e+03 1.225000e+03 1.954987e-01 5.937180e-02 7.167908e-02 4.168803e-02 9.488944e-03 4.169281e-02 1.288809e-02 1.321597e-02
5.087500e+03 4.212500e+03 1.250000e+03 2.478804e-02 5.937180e-02 5.458304e-02 4.168803e-02 -4.019202e-02 4.169281e-02 -2.330531e-03 1.321597e-02
5.187500e+03 4.212500e+03 1.250000e+03 9.719868e-02 5.937180e-02 9.606231e-02 4.168803e-02 -1.215289e-01 4.169281e-02 7.051883e-03 1.321597e-02
5.287500e+03 4.212500e+03 1.275000e+03 -6.916915e-02 5.937180e-02 6.010483e-02 4.168803e-02 -6.320220e-02 4.169281e-02 5.049718e-02 1.321597e-02
5.387500e+03 4.212500e+03 1.300000e+03 9.443007e-02 5.937180e-02 7.900248e-02 4.168803e-02 -1.031020e-01 4.169281e-02 3.825039e-02 1.321597e-02
5.487500e+03 4.212500e+03 1.325000e+03 6.592910e-02 5.937180e-02 1.220924e-01 4.168803e-02 -1.045511e-01 4.169281e-02 1.584334e-02 1.321597e-02
5.587500e+03 4.212500e+03 1.325000e+03 1.295288e-01 5.937180e-02 -1.449217e-02 4.168803e-02 -6.781413e-02 4.169281e-02 1.505305e-02 1.321597e-02
5.687500e+03 4.212500e+03 1.300000e+03 2.395270e-01 5.937180e-02 -1.727238e-01 4.168803e-02 -1.935665e-01 4.169281e-02 -2.523812e-02 1.321597e-02
5.787500e+03 4.212500e+03 1.300000e+03 3.983158e-01 5.937180e-02 -3.416244e-01 4.168803e-02 -2.312240e-01 4.169281e-02 2.692631e-02 1.321597e-02
5.887500e+03 4.212500e+03 1.300000e+03 1.017628e-01 5.937180e-02 2.441595e-02 4.168803e-02 -7.473301e-02 4.169281e-02 -3.662298e-02 1.321597e-02
5.987500e+03 4.212500e+03 1.275000e+03 -3.003930e-01 5.937180e-02 2.156658e-01 4.168803e-02 2.161838e-01 4.169281e-02 -4.715052e-02 1.321597e-02
6.087500e+03 4.212500e+03 1.275000e+03 -3.458951e-01 5.937180e-02 2.277918e-02 4.168803e-02 1.938851e-01 4.169281e-02 4.860753e-02 1.321597e-02
6.187500e+03 4.212500e+03 1.300000e+03 -1.758504e-01 5.937180e-02 -5.650784e-02 4.168803e-02 1.085748e-01 4.169281e-02 9.282313e-02 1.321597e-02
6.287500e+03 4.212500e+03 1.325000e+03 -1.628380e-01 5.937180e-02 -1.513700e-02 4.168803e-02 -1.214187e-02 4.169281e-02 9.525586e-02 1.321597e-02
6.387500e+03 4.212500e+03 1.325000e+03 -2.275537e-01 5.937180e-02 -1.878338e-02 4.168803e-02 4.204907e-02 4.169281e-02 9.865625e-02 1.321597e-02
6.487500e+03 4.212500e+03 1.325000e+03 -3.775786e-02 5.937180e-02 9.349508e-04 4.168803e-02 7.672902e-03 4.169281e-02 7.835261e-02 1.321597e-02
6.587500e+03 4.212500e+03 1.350000e+03 -5.655415e-02 5.937180e-02 1.114934e-02 4.168803e-02 -9.612853e-02 4.169281e-02 7.520415e-02 1.321597e-02
6.687500e+03 4.212500e+03 1.375000e+03 -5.048426e-02 5.937180e-02 -7.644826e-03 4.168803e-02 1.763556e-03 4.169281e-02 6.329347e-02 1.321597e-02
6.787500e+03 4.212500e+03 1.400000e+03 -2.343904e-01 5.937180e-02 -3.144152e-02 4.168803e-02 -3.550208e-02 4.169281e-02 5.812409e-02 1.321597e-02
6.887500e+03 4.212500e+03 1.400000e+03 -1.916701e-01 5.937180e-02 7.514350e-02 4.168803e-02 -1.892229e-02 4.169281e-02 4.316195e-02 1.321597e-02
6.987500e+03 4.212500e+03 1.400000e+03 2.685624e-02 5.937180e-02 1.209160e-01 4.168803e-02 3.541387e-02 4.169281e-02 -3.198603e-02 1.321597e-02
3.487500e+03 4.312500e+03 1.175000e+03 1.402616e-01 5.937180e-02 5.370428e-02 4.168803e-02 6.431528e-02 4.169281e-02 3.282521e-02 1.321597e-02
3.587500e+03 4.312500e+03 1.175000e+03 1.278941e-01 5.937180e-02 2.465525e-02 4.168803e-02 7.878144e-02 4.169281e-02 2.595280e-03 1.321597e-02
3.687500e+03 4.312500e+03 1.150000e+03 1.493013e-01 5.937180e-02 3.745704e-02 4.168803e-02 1.037846e-01 4.169281e-02 1.149082e-02 1.321597e-02
3.787500e+03 4.312500e+03 1.150000e+03 2.373762e-01 5.937180e-02 2.272248e-02 4.168803e-02 9.368421e-02 4.169281e-02 8.676681e-03 1.321597e-02
3.887500e+03 4.312500e+03 1.150000e+03 2.245408e-01 5.937180e-02 -2.674750e-02 4.168803e-02 1.140121e-01 4.169281e-02 2.678735e-02 1.321597e-02
3.987500e+03 4.312500e+03 1.150000e+03 2.460189e-01 5.937180e-02 -4.269258e-02 4.168803e-02 1.046235e-01 4.169281e-02 3.681795e-02 1.321597e-02
4.087500e+03 4.312500e+03 1.125000e+03 4.596077e-02 5.937180e-02 -1.419395e-02 4.168803e-02 2.061816e-02 4.169281e-02 6.252489e-02 1.321597e-02
4.187500e+03 4.312500e+03 1.150000e+03 -5.361093e-02 5.937180e-02 1.133249e-02 4.168803e-02 -4.019372e-02 4.169281e-02 1.040042e-01 1.321597e-02
4.287500e+03 4.312500e+03 1.175000e+03 5.766424e-02 5.937180e-02 1.205303e-01 4.168803e-02 -4.620578e-02 4.169281e-02 5.486537e-02 1.321597e-02
4.387500e+03 4.312500e+03 1.175000e+03 1.245283e-01 5.937180e-02 3.014402e-02 4.168803e-02 -8.394616e-02 4.169281e-02 6.559744e-02 1.321597e-02
4.487500e+03 4.312500e+03 1.175000e+03 -4.402508e-02 5.937180e-02 6.428439e-02 4.168803e-02 -5.871815e-02 4.169281e-02 8.287750e-02 1.321597e-02
4.587500e+03 4.312500e+03 1.200000e+03 -8.896149e-04 5.937180e-02 9.803575e-02 4.168803e-02 -1.583048e-01 4.169281e-02 7.592021e-02 1.321597e-02
4.687500e+03 4.312500e+03 1.225000e+03 1.030685e-01 5.937180e-02 7.500484e-02 4.168803e-02 -5.887251e-02 4.169281e-02 -6.813442e-03 1.321597e-02
4.787500e+03 4.312500e+03 1.225000e+03 -4.377544e-02 5.937180e-02 5.517051e-02 4.168803e-02 3.343737e-02 4.169281e-02 -8.389965e-02 1.321597e-02
4.887500e+03 4.312500e+03 1.250000e+03 7.091901e-02 5.937180e-02 7.101466e-02 4.168803e-02 -8.189703e-02 4.169281e-02 -5.016848e-02 1.321597e-02
4.987500e+03 4.312500e+03 1.250000e+03 -1.718859e-02 5.937180e-02 1.265574e-01 4.168803e-02 -8.339509e-02 4.169281e-02 -5.724176e-03 1.321597e-02
5.087500e+03 4.312500e+03 1.250000e+03 7.106984e-03 5.937180e-02 2.757722e-02 4.168803e-02 -2.506531e-02 4.169281e-02 9.982984e-03 1.321597e-02
5.187500e+03 4.312500e+03 1.275000e+03 -2.727298e-02 5.937180e-02 -1.209820e-02 4.168803e-02 -5.594334e-02 4.169281e-02 2.664646e-02 1.321597e-02
5.287500e+03 4.312500e+03 1.300000e+03 -1.169080e-02 5.937180e-02 -8.091061e-03 4.168803e-02 -9.769827e-02 4.169281e-02 2.361607e-02 1.321597e-02
5.387500e+03 4.312500e+03 1.350000e+03 2.610681e-02 5.937180e-02 8.590768e-02 4.168803e-02 -1.325039e-01 4.169281e-02 5.880779e-02 1.321597e-02
5.487500e+03 4.312500e+03 1.350000e+03 -1.560457e-02 5.937180e-02 6.100126e-02 4.168803e-02 -3.095943e-02 4.169281e-02 1.559873e-02 1.321597e-02
5.587500e+03 4.312500e+03 1.350000e+03 1.811244e-02 5.937180e-02 1.395667e-02 4.168803e-02 -2.209714e-02 4.169281e-02 -4.728380e-02 1.321597e-02
5.687500e+03 4.312500e+03 1.325000e+03 1.615689e-01 5.937180e-02 3.993179e-02 4.168803e-02 -3.033398e-02 4.169281e-02 -2.791067e-02 1.321597e-02
5.787500e+03 4.312500e+03 1.300000e+03 6.292229e-02 5.937180e-02 -8.890072e-02 4.168803e-02 -7.990720e-02 4.169281e-02 -2.905661e-02 1.321597e-02
5.887500e+03 4.312500e+03 1.300000e+03 1.729753e-01 5.937180e-02 -1.474702e-01 4.168803e-02 -1.997402e-01 4.169281e-02 -1.275102e-02 1.321597e-02
5.987500e+03 4.312500e+03 1.275000e+03 4.126847e-01 5.937180e-02 -3.100250e-01 4.168803e-02 -2.956224e-01 4.169281e-02 1.036262e-01 1.321597e-02
6.087500e+03 4.312500e+03 1.275000e+03 -5.739039e-01 5.937180e-02 3.676969e-01 4.168803e-02 2.930103e-01 4.169281e-02 -7.616927e-02 1.321597e-02
6.187500e+03 4.312500e+03 1.275000e+03 -3.628093e-01 5.937180e-02 8.115769e-02 4.168803e-02 2.199080e-01 4.169281e-02 5.006577e-02 1.321597e-02
6.287500e+03 4.312500e+03 1.325000e+03 -3.321106e-01 5.937180e-02 -4.857067e-03 4.168803e-02 2.725892e-02 4.169281e-02 1.162165e-01 1.321597e-02
6.387500e+03 4.312500e+03 1.350000e+03 -2.048552e-01 5.937180e-02 -9.873510e-03 4.168803e-02 3.405329e-02 4.169281e-02 8.031847e-02 1.321597e-02
6.487500e+03 4.312500e+03 1.350000e+03 -1.298417e-01 5.937180e-02 3.049859e-02 4.168803e-02 -3.069877e-03 4.169281e-02 6.044337e-02 1.321597e-02
6.587500e+03 4.312500e+03 1.350000e+03 -7.927517e-02 5.937180e-02 -1.588534e-02 4.168803e-02 1.255699e-02 4.169281e-02 5.802302e-02 1.321597e-02
6.687500e+03 4.312500e+03 1.375000e+03 -1.472424e-01 5.937180e-02 -2.163365e-02 4.168803e-02 -5.131585e-02 4.169281e-02 6.790948e-02 1.321597e-02
6.787500e+03 4.312500e+03 1.400000e+03 -5.441061e-02 5.937180e-02 -7.392582e-02 4.168803e-02 -5.816717e-02 4.169281e-02 4.451285e-02 1.321597e-02
6.887500e+03 4.312500e+03 1.400000e+03 -5.383665e-02 5.937180e-02 4.365533e-02 4.168803e-02 -3.989323e-02 4.169281e-02 2.240104e-02 1.321597e-02
6.987500e+03 4.312500e+03 1.425000e+03 -1.102119e-01 5.937180e-02 -9.490711e-03 4.168803e-02 -3.407960e-02 4.169281e-02 3.100548e-03 1.321597e-02
3.487500e+03 4.412500e+03 1.175000e+03 -1.230071e-02 5.937180e-02 4.304091e-02 4.168803e-02 6.979837e-02 4.169281e-02 3.156869e-02 1.321597e-02
3.587500e+03 4.412500e+03 1.150000e+03 -5.889787e-03 5.937180e-02 -8.036693e-03 4.168803e-02 1.593001e-01 4.169281e-02 -2.935065e-02 1.321597e-02
3.687500e+03 4.412500e+03 1.150000e+03 1.500994e-01 5.937180e-02 5.877353e-02 4.168803e-02 1.696777e-01 4.169281e-02 3.157353e-02 1.321597e-02
3.787500e+03 4.412500e+03 1.125000e+03 2.450666e-01 5.937180e-02 -9.345479e-02 4.168803e-02 1.275482e-01 4.169281e-02 -1.194550e-02 1.321597e-02
3.887500e+03 4.412500e+03 1.125000e+03 5.167919e-02 5.937180e-02 -6.080775e-02 4.168803e-02 6.221690e-02 4.169281e-02 4.011419e-02 1.321597e-02
3.987500e+03 4.412500e+03 1.125000e+03 1.371248e-01 5.937180e-02 5.216957e-02 4.168803e-02 6.157455e-03 4.169281e-02 8.680647e-02 1.321597e-02
4.087500e+03 4.412500e+03 1.150000e+03 -2.933257e-02 5.937180e-02 3.963937e-02 4.168803e-02 -2.137782e-02 4.169281e-02 7.589322e-02 1.321597e-02
4.187500e+03 4.412500e+03 1.150000e+03 -4.796325e-02 5.937180e-02 8.693532e-02 4.168803e-02 4.995315e-03 4.169281e-02 5.161443e-02 1.321597e-02
4.287500e+03 4.412500e+03 1.175000e+03 -4.124333e-02 5.937180e-02 2.193630e-01 4.168803e-02 -7.551439e-02 4.169281e-02 7.756945e-02 1.321597e-02
4.387500e+03 4.412500e+03 1.175000e+03 -3.141192e-02 5.937180e-02 1.063228e-01 4.168803e-02 -4.697564e-02 4.169281e-02 3.174408e-02 1.321597e-02
4.487500e+03 4.412500e+03 1.200000e+03 4.638698e-02 5.937180e-02 2.519737e-02 4.168803e-02 -6.404278e-02 4.169281e-02 2.343313e-02 1.321597e-02
4.587500e+03 4.412500e+03 1.225000e+03 2.354690e-02 5.937180e-02 -1.751425e-02 4.168803e-02 -4.071106e-02 4.169281e-02 5.049453e-03 1.321597e-02
4.687500e+03 4.412500e+03 1.225000e+03 7.674744e-02 5.937180e-02 -1.096268e-01 4.168803e-02 -1.132523e-02 4.169281e-02 -2.145635e-02 1.321597e-02
4.787500e+03 4.412500e+03 1.250000e+03 5.410975e-02 5.937180e-02 3.285069e-02 4.168803e-02 -2.527653e-02 4.169281e-02 -1.016915e-01 1.321597e-02
4.887500e+03 4.412500e+03 1.250000e+03 -1.222276e-02 5.937180e-02 6.340989e-03 4.168803e-02 -4.623745e-02 4.169281e-02 -5.941767e-02 1.321597e-02
4.987500e+03 4.412500e+03 1.250000e+03 5.191677e-03 5.937180e-02 -3.637328e-02 4.168803e-02 9.990374e-03 4.169281e-02 -5.047098e-02 1.321597e-02
5.087500e+03 4.412500e+03 1.250000e+03 -1.508120e-03 5.937180e-02 9.265857e-02 4.168803e-02 -4.358811e-02 4.169281e-02 3.541850e-05 1.321597e-02
5.187500e+03 4.412500e+03 1.275000e+03 4.794094e-02 5.937180e-02 -1.986670e-02 4.168803e-02 -8.383108e-02 4.169281e-02 2.900732e-02 1.321597e-02
5.287500e+03 4.412500e+03 1.300000e+03 -3.024070e-02 5.937180e-02 8.821731e-02 4.168803e-02 -1.314450e-01 4.169281e-02 6.083966e-02 1.321597e-02
5.387500e+03 4.412500e+03 1.350000e+03 4.568850e-02 5.937180e-02 -6.260782e-02 4.168803e-02 -8.984642e-02 4.169281e-02 7.337248e-02 1.321597e-02
5.487500e+03 4.412500e+03 1.375000e+03 -1.115064e-01 5.937180e-02 -2.777347e-02 4.168803e-02 -8.902085e-02 4.169281e-02 2.141539e-03 1.321597e-02
5.587500e+03 4.412500e+03 1.375000e+03 1.111670e-02 5.937180e-02 1.325936e-01 4.168803e-02 3.155069e-02 4.169281e-02 -4.787380e-02 1.321597e-02
5.687500e+03 4.412500e+03 1.350000e+03 1.312054e-01 5.937180e-02 2.602105e-02 4.168803e-02 -2.487191e-02 4.169281e-02 -4.270098e-02 1.321597e-02
5.787500e+03 4.412500e+03 1.325000e+03 1.257270e-01 5.937180e-02 9.484956e-03 4.168803e-02 -4.125349e-02 4.169281e-02 -1.560021e-02 1.321597e-02
5.887500e+03 4.412500e+03 1.325000e+03 3.894730e-02 5.937180e-02 -4.154665e-02 4.168803e-02 -1.007467e-01 4.169281e-02 -2.340916e-03 1.321597e-02
5.987500e+03 4.412500e+03 1.300000e+03 2.716774e-01 5.937180e-02 -1.257820e-01 4.168803e-02 -2.359538e-01 4.169281e-02 6.616890e-03 1.321597e-02
6.087500e+03 4.412500e+03 1.275000e+03 6.270117e-01 5.937180e-02 -3.472249e-01 4.168803e-02 -4.439921e-01 4.169281e-02 1.338451e-01 1.321597e-02
6.187500e+03 4.412500e+03 1.275000e+03 -6.421969e-01 5.937180e-02 2.798189e-01 4.168803e-02 3.906399e-01 4.169281e-02 -4.380118e-02 1.321597e-02
6.287500e+03 4.412500e+03 1.300000e+03 -4.428060e-01 5.937180e-02 4.578330e-02 4.168803e-02 9.760310e-02 4.169281e-02 9.496371e-02 1.321597e-02
6.387500e+03 4.412500e+03 1.325000e+03 -1.770465e-01 5.937180e-02 -1.664748e-01 4.168803e-02 2.937165e-03 4.169281e-02 1.048603e-01 1.321597e-02
6.487500e+03 4.412500e+03 1.325000e+03 -1.276720e-01 5.937180e-02 -8.872549e-02 4.168803e-02 -9.553342e-03 4.169281e-02 9.704155e-02 1.321597e-02
6.587500e+03 4.412500e+03 1.375000e+03 -2.373087e-01 5.937180e-02 2.832715e-02 4.168803e-02 -1.553986e-02 4.169281e-02 7.941804e-02 1.321597e-02
6.687500e+03 4.412500e+03 1.375000e+03 -8.335622e-02 5.937180e-02 -1.192530e-02 4.168803e-02 -2.949655e-02 4.169281e-02 7.820450e-02 1.321597e-02
6.787500e+03 4.412500e+03 1.400000e+03 -1.250040e-01 5.937180e-02 -5.614674e-02 4.168803e-02 -1.724977e-02 4.169281e-02 9.250570e-02 1.321597e-02
6.887500e+03 4.412500e+03 1.400000e+03 3.296020e-03 5.937180e-02 9.936821e-03 4.168803e-02 -3.586200e-02 4.169281e-02 8.348477e-02 1.321597e-02
6.987500e+03 4.412500e+03 1.425000e+03 -1.041275e-01 5.937180e-02 5.195842e-02 4.168803e-02 -3.156547e-02 4.169281e-02 2.066890e-02 1.321597e-02
3.487500e+03 4.512500e+03 1.175000e+03 1.896378e-01 5.937180e-02 8.084534e-02 4.168803e-02 7.434467e-03 4.169281e-02 3.021874e-02 1.321597e-02
3.587500e+03 4.512500e+03 1.175000e+03 6.513080e-02 5.937180e-02 7.718554e-02 4.168803e-02 7.655469e-02 4.169281e-02 -6.566089e-03 1.321597e-02
3.687500e+03 4.512500e+03 1.150000e+03 5.637444e-02 5.937180e-02 9.387549e-03 4.168803e-02 1.402353e-01 4.169281e-02 6.099575e-03 1.321597e-02
3.787500e+03 4.512500e+03 1.125000e+03 1.536278e-01 5.937180e-02 1.504450e-02 4.168803e-02 1.567535e-01 4.169281e-02 -2.450382e-03 1.321597e-02
3.887500e+03 4.512500e+03 1.125000e+03 1.053304e-01 5.937180e-02 9.460382e-02 4.168803e-02 6.115331e-02 4.169281e-02 4.262005e-02 1.321597e-02
3.987500e+03 4.512500e+03 1.125000e+03 -1.666146e-03 5.937180e-02 2.516259e-02 4.168803e-02 -8.081098e-02 4.169281e-02 6.540770e-02 1.321597e-02
4.087500e+03 4.512500e+03 1.150000e+03 -9.141543e-03 5.937180e-02 7.330078e-02 4.168803e-02 -8.503374e-02 4.169281e-02 6.714661e-02 1.321597e-02
4.187500e+03 4.512500e+03 1.150000e+03 -7.731295e-02 5.937180e-02 1.808246e-01 4.168803e-02 -1.822952e-02 4.169281e-02 6.076884e-02 1.321597e-02
4.287500e+03 4.512500e+03 1.175000e+03 -7.358930e-02 5.937180e-02 8.156487e-02 4.168803e-02 -2.428625e-02 4.169281e-02 6.943351e-02 1.321597e-02
4.387500e+03 4.512500e+03 1.175000e+03 -4.309225e-02 5.937180e-02 -9.480768e-02 4.168803e-02 -4.466692e-02 4.169281e-02 1.199335e-02 1.321597e-02
4.487500e+03 4.512500e+03 1.200000e+03 -1.837866e-02 5.937180e-02 1.471155e-01 4.168803e-02 -7.184804e-02 4.169281e-02 4.941626e-02 1.321597e-02
4.587500e+03 4.512500e+03 1.225000e+03 1.257942e-01 5.937180e-02 -1.395716e-01 4.168803e-02 5.498847e-02 4.169281e-02 -1.428825e-01 1.321597e-02
4.687500e+03 4.512500e+03 1.250000e+03 8.180138e-02 5.937180e-02 -5.145218e-02 4.168803e-02 -4.709895e-02 4.169281e-02 -3.806041e-02 1.321597e-02
4.787500e+03 4.512500e+03 1.250000e+03 -1.226473e-02 5.937180e-02 -3.597437e-03 4.168803e-02 -8.275530e-02 4.169281e-02 -2.573929e-02 1.321597e-02
4.887500e+03 4.512500e+03 1.275000e+03 3.040181e-02 5.937180e-02 -6.635730e-03 4.168803e-02 3.845273e-02 4.169281e-02 -4.716313e-02 1.321597e-02
4.987500e+03 4.512500e+03 1.275000e+03 -4.765663e-02 5.937180e-02 6.960613e-02 4.168803e-02 -5.316153e-02 4.169281e-02 -3.173963e-02 1.321597e-02
5.087500e+03 4.512500e+03 1.275000e+03 -3.959846e-02 5.937180e-02 9.870572e-02 4.168803e-02 -1.213375e-01 4.169281e-02 -2.797538e-02 1.321597e-02
5.187500e+03 4.512500e+03 1.275000e+03 -7.695132e-02 5.937180e-02 1.087878e-01 4.168803e-02 6.188143e-03 4.169281e-02 1.610582e-02 1.321597e-02
5.287500e+03 4.512500e+03 1.300000e+03 1.526195e-01 5.937180e-02 -4.872933e-02 4.168803e-02 -7.814687e-02 4.169281e-02 4.759995e-02 1.321597e-02
5.387500e+03 4.512500e+03 1.325000e+03 -1.114966e-01 5.937180e-02 -3.739979e-03 4.168803e-02 -1.268417e-01 4.169281e-02 8.906722e-02 1.321597e-02
5.487500e+03 4.512500e+03 1.375000e+03 -4.092627e-02 5.937180e-02 4.359472e-02 4.168803e-02 -7.360266e-02 4.169281e-02 2.809300e-02 1.321597e-02
5.587500e+03 4.512500e+03 1.375000e+03 -8.863584e-02 5.937180e-02 1.969144e-02 4.168803e-02 3.137514e-02 4.169281e-02 -5.313300e-02 1.321597e-02
5.687500e+03 4.512500e+03 1.350000e+03 7.845900e-02 5.937180e-02 7.026674e-02 4.168803e-02 -1.470044e-02 4.169281e-02 -7.945151e-02 1.321597e-02
5.787500e+03 4.512500e+03 1.325000e+03 1.718021e-02 5.937180e-02 -1.849269e-02 4.168803e-02 -1.613825e-02 4.169281e-02 -8.054053e-02 1.321597e-02
5.887500e+03 4.512500e+03 1.325000e+03 1.064845e-01 5.937180e-02 -6.468077e-02 4.168803e-02 -9.046231e-02 4.169281e-02 1.854365e-03 1.321597e-02
5.987500e+03 4.512500e+03 1.300000e+03 2.270204e-01 5.937180e-02 1.368903e-02 4.168803e-02 -1.281926e-01 4.169281e-02 -3.918553e-02 1.321597e-02
6.087500e+03 4.512500e+03 1.300000e+03 1.885580e-01 5.937180e-02 -7.317979e-02 4.168803e-02 -2.842476e-01 4.169281e-02 -3.161229e-03 1.321597e-02
6.187500e+03 4.512500e+03 1.275000e+03 4.955308e-01 5.937180e-02 -3.781606e-01 4.168803e-02 -4.235924e-01 4.169281e-02 1.362449e-01 1.321597e-02
6.287500e+03 4.512500e+03 1.300000e+03 -4.259949e-01 5.937180e-02 7.878104e-02 4.168803e-02 1.031846e-01 4.169281e-02 5.019246e-02 1.321597e-02
6.387500e+03 4.512500e+03 1.300000e+03 -2.412114e-01 5.937180e-02 5.193296e-02 4.168803e-02 1.533367e-01 4.169281e-02 6.328164e-02 1.321597e-02
6.487500e+03 4.512500e+03 1.325000e+03 -2.267890e-01 5.937180e-02 -9.861639e-02 4.168803e-02 6.160260e-02 4.169281e-02 1.202955e-01 1.321597e-02
6.587500e+03 4.512500e+03 1.350000e+03 -5.500171e-02 5.937180e-02 -9.630368e-02 4.168803e-02 1.063465e-02 4.169281e-02 1.181765e-01 1.321597e-02
6.687500e+03 4.512500e+03 1.375000e+03 -5.146814e-02 5.937180e-02 -4.689415e-02 4.168803e-02 2.574625e-02 4.169281e-02 1.031814e-01 1.321597e-02
6.787500e+03 4.512500e+03 1.375000e+03 -9.714389e-02 5.937180e-02 -1.058055e-01 4.168803e-02 -5.876555e-02 4.169281e-02 7.951229e-02 1.321597e-02
6.887500e+03 4.512500e+03 1.425000e+03 -1.204319e-01 5.937180e-02 -5.554176e-02 4.168803e-02 -3.769651e-02 4.169281e-02 5.775960e-02 1.321597e-02
6.987500e+03 4.512500e+03 1.450000e+03 -1.692893e-01 5.937180e-02 -2.728481e-02 4.168803e-02 -4.615983e-02 4.169281e-02 2.617327e-02 1.321597e-02
3.487500e+03 4.612500e+03 1.175000e+03 6.010265e-02 5.937180e-02 -5.717633e-02 4.168803e-02 2.391174e-02 4.169281e-02 3.257895e-02 1.321597e-02
3.587500e+03 4.612500e+03 1.175000e+03 8.156918e-02 5.937180e-02 -2.207948e-02 4.168803e-02 1.593145e-01 4.169281e-02 -2.303719e-02 1.321597e-02
3.687500e+03 4.612500e+03 1.150000e+03 6.357120e-02 5.937180e-02 5.904988e-02 4.168803e-02 1.052945e-01 4.169281e-02 -6.363889e-03 1.321597e-02
3.787500e+03 4.612500e+03 1.125000e+03 9.756065e-02 5.937180e-02 2.168065e-03 4.168803e-02 9.840988e-02 4.169281e-02 3.654745e-03 1.321597e-02
3.887500e+03 4.612500e+03 1.125000e+03 9.372238e-02 5.937180e-02 5.704104e-02 4.168803e-02 6.423481e-02 4.169281e-02 4.382003e-02 1.321597e-02
3.987500e+03 4.612500e+03 1.150000e+03 1.109175e-01 5.937180e-02 1.562474e-01 4.168803e-02 -6.247527e-02 4.169281e-02 7.199648e-02 1.321597e-02
4.087500e+03 4.612500e+03 1.150000e+03 -3.907119e-02 5.937180e-02 1.279126e-01 4.168803e-02 -7.302805e-02 4.169281e-02 8.944035e-02 1.321597e-02
4.187500e+03 4.612500e+03 1.175000e+03 9.585602e-02 5.937180e-02 6.226323e-02 4.168803e-02 3.413434e-02 4.169281e-02 5.758493e-02 1.321597e-02
4.287500e+03 4.612500e+03 1.175000e+03 6.365429e-02 5.937180e-02 6.461393e-02 4.168803e-02 -2.369139e-02 4.169281e-02 1.393712e-02 1.321597e-02
4.387500e+03 4.612500e+03 1.200000e+03 -7.101851e-02 5.937180e-02 1.253789e-01 4.168803e-02 -4.572964e-02 4.169281e-02 2.780236e-02 1.321597e-02
4.487500e+03 4.612500e+03 1.200000e+03 6.145857e-02 5.937180e-02 2.140207e-01 4.168803e-02 4.608431e-02 4.169281e-02 -7.190331e-02 1.321597e-02
4.587500e+03 4.612500e+03 1.225000e+03 1.280835e-01 5.937180e-02 -5.480898e-02 4.168803e-02 3.539544e-02 4.169281e-02 -1.490305e-01 1.321597e-02
4.687500e+03 4.612500e+03 1.250000e+03 -1.698317e-02 5.937180e-02 5.066656e-02 4.168803e-02 -1.307808e-01 4.169281e-02 -1.764090e-02 1.321597e-02
4.787500e+03 4.612500e+03 1.250000e+03 -9.807638e-02 5.937180e-02 7.083501e-02 4.168803e-02 1.755053e-02 4.169281e-02 -1.417945e-02 1.321597e-02
4.887500e+03 4.612500e+03 1.275000e+03 4.086262e-02 5.937180e-02 5.976031e-02 4.168803e-02 -7.262140e-03 4.169281e-02 4.228132e-04 1.321597e-02
4.987500e+03 4.612500e+03 1.275000e+03 -1.008527e-01 5.937180e-02 1.398585e-02 4.168803e-02 -1.003022e-01 4.169281e-02 -5.664536e-02 1.321597e-02
5.087500e+03 4.612500e+03 1.300000e+03 -1.220082e-01 5.937180e-02 9.577472e-02 4.168803e-02 -1.583238e-02 4.169281e-02 2.822800e-02 1.321597e-02
5.187500e+03 4.612500e+03 1.300000e+03 -7.694652e-03 5.937180e-02 -4.576554e-02 4.168803e-02 -2.818707e-02 4.169281e-02 -4.741805e-03 1.321597e-02
5.287500e+03 4.612500e+03 1.300000e+03 -6.492169e-02 5.937180e-02 -3.629176e-02 4.168803e-02 -7.733913e-02 4.169281e-02 4.354170e-02 1.321597e-02
5.387500e+03 4.612500e+03 1.325000e+03 1.200956e-01 5.937180e-02 -6.485818e-02 4.168803e-02 -1.154070e-01 4.169281e-02 7.990222e-02 1.321597e-02
5.487500e+03 4.612500e+03 1.375000e+03 4.023179e-02 5.937180e-02 -4.579387e-02 4.168803e-02 -5.291272e-02 4.169281e-02 7.288334e-02 1.321597e-02
5.587500e+03 4.612500e+03 1.400000e+03 7.249517e-02 5.937180e-02 1.278068e-01 4.168803e-02 3.456983e-02 4.169281e-02 -2.159171e-02 1.321597e-02
5.687500e+03 4.612500e+03 1.375000e+03 -6.948400e-02 5.937180e-02 6.720860e-02 4.168803e-02 2.376226e-02 4.169281e-02 -6.295303e-02 1.321597e-02
5.787500e+03 4.612500e+03 1.350000e+03 -6.057500e-02 5.937180e-02 9.280109e-02 4.168803e-02 1.084748e-02 4.169281e-02 -5.777278e-02 1.321597e-02
5.887500e+03 4.612500e+03 1.350000e+03 -2.109938e-03 5.937180e-02 1.526054e-01 4.168803e-02 -2.616557e-02 4.169281e-02 -3.720684e-02 1.321597e-02
5.987500e+03 4.612500e+03 1.325000e+03 1.213891e-01 5.937180e-02 7.071022e-03 4.168803e-02 -2.912628e-02 4.169281e-02 -2.127067e-02 1.321597e-02
6.087500e+03 4.612500e+03 1.300000e+03 1.034208e-01 5.937180e-02 -2.751041e-02 4.168803e-02 -1.350520e-01 4.169281e-02 -1.869695e-02 1.321597e-02
6.187500e+03 4.612500e+03 1.275000e+03 3.157916e-01 5.937180e-02 -1.110677e-01 4.168803e-02 -3.859107e-01 4.169281e-02 3.614737e-02 1.321597e-02
6.287500e+03 4.612500e+03 1.275000e+03 4.560863e-01 5.937180e-02 -2.338188e-01 4.168803e-02 -5.030374e-01 4.169281e-02 1.510748e-01 1.321597e-02
6.387500e+03 4.612500e+03 1.300000e+03 -4.271467e-01 5.937180e-02 7.425087e-02 4.168803e-02 2.002504e-01 4.169281e-02 4.651167e-02 1.321597e-02
6.487500e+03 4.612500e+03 1.325000e+03 -1.073008e-01 5.937180e-02 -1.804506e-02 4.168803e-02 5.554863e-02 4.169281e-02 8.124476e-02 1.321597e-02
6.587500e+03 4.612500e+03 1.325000e+03 -1.603322e-01 5.937180e-02 -1.132770e-01 4.168803e-02 -2.545499e-02 4.169281e-02 1.086831e-01 1.321597e-02
6.687500e+03 4.612500e+03 1.350000e+03 -6.744868e-02 5.937180e-02 -2.533861e-02 4.168803e-02 1.959353e-02 4.169281e-02 1.024448e-01 1.321597e-02
6.787500e+03 4.612500e+03 1.375000e+03 -1.008471e-01 5.937180e-02 -2.948178e-02 4.168803e-02 -1.066212e-01 4.169281e-02 5.977175e-02 1.321597e-02
6.887500e+03 4.612500e+03 1.400000e+03 -1.831327e-01 5.937180e-02 -6.499058e-02 4.168803e-02 -6.420556e-02 4.169281e-02 9.327893e-02 1.321597e-02
6.987500e+03 4.612500e+03 1.450000e+03 8.462914e-03 5.937180e-02 1.018679e-01 4.168803e-02 -9.447486e-02 4.169281e-02 6.077331e-02 1.321597e-02
3.487500e+03 4.712500e+03 1.175000e+03 1.407198e-02 5.937180e-02 8.871979e-02 4.168803e-02 7.255062e-02 4.169281e-02 4.042757e-02 1.321597e-02
3.587500e+03 4.712500e+03 1.150000e+03 8.917627e-02 5.937180e-02 3.218394e-02 4.168803e-02 1.161386e-01 4.169281e-02 -1.461816e-02 1.321597e-02
3.687500e+03 4.712500e+03 1.150000e+03 5.633442e-02 5.937180e-02 2.909085e-03 4.168803e-02 1.338318e-01 4.169281e-02 -4.277145e-02 1.321597e-02
3.787500e+03 4.712500e+03 1.125000e+03 1.274872e-01 5.937180e-02 1.127778e-01 4.168803e-02 2.992637e-02 4.169281e-02 4.760386e-02 1.321597e-02
3.887500e+03 4.712500e+03 1.125000e+03 3.643728e-02 5.937180e-02 8.548261e-02 4.168803e-02 6.661974e-02 4.169281e-02 7.160966e-02 1.321597e-02
3.987500e+03 4.712500e+03 1.150000e+03 4.700992e-02 5.937180e-02 8.112328e-02 4.168803e-02 3.158509e-02 4.169281e-02 6.601005e-02 1.321597e-02
4.087500e+03 4.712500e+03 1.175000e+03 2.766372e-02 5.937180e-02 8.465533e-03 4.168803e-02 -6.490785e-02 4.169281e-02 6.519630e-02 1.321597e-02
4.187500e+03 4.712500e+03 1.175000e+03 8.600312e-02 5.937180e-02 1.889795e-02 4.168803e-02 -4.795964e-03 4.169281e-02 2.680036e-02 1.321597e-02
4.287500e+03 4.712500e+03 1.175000e+03 9.209005e-02 5.937180e-02 3.405672e-02 4.168803e-02 -4.103482e-02 4.169281e-02 4.547576e-02 1.321597e-02
4.387500e+03 4.712500e+03 1.200000e+03 -6.020431e-02 5.937180e-02 1.900785e-02 4.168803e-02 -1.182195e-01 4.169281e-02 7.708030e-02 1.321597e-02
4.487500e+03 4.712500e+03 1.225000e+03 3.858785e-02 5.937180e-02 -5.473352e-03 4.168803e-02 1.213062e-01 4.169281e-02 -9.302282e-02 1.321597e-02
4.587500e+03 4.712500e+03 1.250000e+03 -1.486732e-02 5.937180e-02 9.025353e-02 4.168803e-02 1.079973e-02 4.169281e-02 -8.633638e-02 1.321597e-02
4.687500e+03 4.712500e+03 1.250000e+03 -3.345355e-02 5.937180e-02 3.914842e-02 4.168803e-02 -3.212981e-02 4.169281e-02 -5.233371e-02 1.321597e-02
4.787500e+03 4.712500e+03 1.250000e+03 -3.825000e-02 5.937180e-02 4.516691e-02 4.168803e-02 -9.873027e-02 4.169281e-02 -1.208460e-02 1.321597e-02
4.887500e+03 4.712500e+03 1.275000e+03 8.910728e-02 5.937180e-02 -1.303545e-02 4.168803e-02 -4.240308e-02 4.169281e-02 -2.032786e-02 1.321597e-02
4.987500e+03 4.712500e+03 1.275000e+03 -8.241823e-02 5.937180e-02 -2.260646e-02 4.168803e-02 -4.844382e-02 4.169281e-02 -2.419657e-02 1.321597e-02
5.087500e+03 4.712500e+03 1.300000e+03 -8.338758e-02 5.937180e-02 -1.615401e-02 4.168803e-02 1.690172e-02 4.169281e-02 1.602808e-03 1.321597e-02
5.187500e+03 4.712500e+03 1.300000e+03 1.848822e-02 5.937180e-02 -1.192811e-02 4.168803e-02 -3.865842e-02 4.169281e-02 -2.570428e-03 1.321597e-02
5.287500e+03 4.712500e+03 1.300000e+03 3.189599e-02 5.937180e-02 -4.663045e-02 4.168803e-02 -3.284271e-02 4.169281e-02 3.107738e-02 1.321597e-02
5.387500e+03 4.712500e+03 1.325000e+03 -1.440533e-01 5.937180e-02 -6.067118e-02 4.168803e-02 -1.343906e-01 4.169281e-02 8.823527e-02 1.321597e-02
5.487500e+03 4.712500e+03 1.350000e+03 7.675494e-02 5.937180e-02 2.274632e-02 4.168803e-02 -1.295275e-01 4.169281e-02 6.354361e-02 1.321597e-02
5.587500e+03 4.712500e+03 1.400000e+03 4.237525e-02 5.937180e-02 2.248600e-02 4.168803e-02 -1.554078e-01 4.169281e-02 4.359256e-02 1.321597e-02
5.687500e+03 4.712500e+03 1.400000e+03 -7.850529e-02 5.937180e-02 1.450678e-01 4.168803e-02 -1.593701e-02 4.169281e-02 -5.994909e-02 1.321597e-02
5.787500e+03 4.712500e+03 1.350000e+03 -1.369736e-01 5.937180e-02 1.109116e-01 4.168803e-02 4.965186e-02 4.169281e-02 -8.843153e-02 1.321597e-02
5.887500e+03 4.712500e+03 1.350000e+03 -7.445458e-02 5.937180e-02 6.034642e-02 4.168803e-02 -2.301062e-02 4.169281e-02 -5.773767e-02 1.321597e-02
5.987500e+03 4.712500e+03 1.325000e+03 -3.011972e-02 5.937180e-02 6.644169e-02 4.168803e-02 -1.579655e-01 4.169281e-02 -8.744624e-02 1.321597e-02
6.087500e+03 4.712500e+03 1.325000e+03 3.835124e-03 5.937180e-02 1.924535e-01 4.168803e-02 -1.448936e-01 4.169281e-02 -4.950034e-02 1.321597e-02
6.187500e+03 4.712500e+03 1.300000e+03 1.103394e-01 5.937180e-02 -4.699597e-02 4.168803e-02 -2.238948e-01 4.169281e-02 -8.028775e-03 1.321597e-02
6.287500e+03 4.712500e+03 1.300000e+03 2.388923e-01 5.937180e-02 -1.356204e-01 4.168803e-02 -4.424672e-01 4.169281e-02 9.900560e-02 1.321597e-02
6.387500e+03 4.712500e+03 1.300000e+03 -3.109914e-01 5.937180e-02 2.510735e-02 4.168803e-02 2.291696e-01 4.169281e-02 -2.663319e-02 1.321597e-02
6.487500e+03 4.712500e+03 1.350000e+03 -1.961507e-01 5.937180e-02 -6.406956e-02 4.168803e-02 5.220082e-02 4.169281e-02 9.804348e-02 1.321597e-02
6.587500e+03 4.712500e+03 1.350000e+03 -1.473093e-01 5.937180e-02 -1.021060e-01 4.168803e-02 2.013350e-02 4.169281e-02 1.037167e-01 1.321597e-02
6.687500e+03 4.712500e+03 1.375000e+03 -1.789387e-01 5.937180e-02 -1.000953e-03 4.168803e-02 -8.458412e-02 4.169281e-02 1.287978e-01 1.321597e-02
6.787500e+03 4.712500e+03 1.375000e+03 -1.670638e-01 5.937180e-02 2.627881e-02 4.168803e-02 1.202744e-02 4.169281e-02 8.526135e-02 1.321597e-02
6.887500e+03 4.712500e+03 1.400000e+03 -1.759702e-01 5.937180e-02 3.152179e-02 4.168803e-02 -9.644956e-02 4.169281e-02 1.220267e-01 1.321597e-02
6.987500e+03 4.712500e+03 1.425000e+03 -7.033422e-02 5.937180e-02 2.088586e-02 4.168803e-02 -1.039621e-01 4.169281e-02 7.385057e-02 1.321597e-02
3.487500e+03 4.812500e+03 1.175000e+03 -4.500570e-03 5.937180e-02 5.830335e-02 4.168803e-02 8.042283e-02 4.169281e-02 3.385123e-02 1.321597e-02
3.587500e+03 4.812500e+03 1.150000e+03 2.196772e-01 5.937180e-02 1.999179e-02 4.168803e-02 2.267234e-01 4.169281e-02 -1.223402e-02 1.321597e-02
3.687500e+03 4.812500e+03 1.125000e+03 1.406403e-01 5.937180e-02 5.753348e-02 4.168803e-02 1.840905e-01 4.169281e-02 3.337965e-02 1.321597e-02
3.787500e+03 4.812500e+03 1.125000e+03 -4.190923e-02 5.937180e-02 6.631483e-02 4.168803e-02 4.049319e-02 4.169281e-02 4.134954e-02 1.321597e-02
3.887500e+03 4.812500e+03 1.125000e+03 3.278492e-02 5.937180e-02 3.078147e-02 4.168803e-02 6.402045e-03 4.169281e-02 7.164041e-02 1.321597e-02
3.987500e+03 4.812500e+03 1.150000e+03 9.264060e-02 5.937180e-02 6.607819e-02 4.168803e-02 -1.003422e-01 4.169281e-02 7.140864e-02 1.321597e-02
4.087500e+03 4.812500e+03 1.175000e+03 -4.799604e-02 5.937180e-02 3.698347e-02 4.168803e-02 -3.468895e-02 4.169281e-02 2.001891e-02 1.321597e-02
4.187500e+03 4.812500e+03 1.175000e+03 -1.207740e-02 5.937180e-02 1.128994e-02 4.168803e-02 3.583751e-02 4.169281e-02 5.545170e-03 1.321597e-02
4.287500e+03 4.812500e+03 1.175000e+03 1.081602e-01 5.937180e-02 -4.242911e-02 4.168803e-02 4.083307e-02 4.169281e-02 -1.317055e-02 1.321597e-02
4.387500e+03 4.812500e+03 1.200000e+03 1.378436e-01 5.937180e-02 -5.637350e-02 4.168803e-02 -8.136134e-02 4.169281e-02 3.905637e-02 1.321597e-02
4.487500e+03 4.812500e+03 1.250000e+03 -1.114056e-01 5.937180e-02 2.637458e-02 4.168803e-02 -7.668193e-02 4.169281e-02 1.932564e-03 1.321597e-02
4.587500e+03 4.812500e+03 1.250000e+03 -5.447995e-02 5.937180e-02 6.809301e-02 4.168803e-02 1.150151e-02 4.169281e-02 -1.008666e-01 1.321597e-02
4.687500e+03 4.812500e+03 1.275000e+03 7.361337e-02 5.937180e-02 4.069554e-02 4.168803e-02 -5.503915e-02 4.169281e-02 -2.832131e-02 1.321597e-02
4.787500e+03 4.812500e+03 1.275000e+03 2.372809e-02 5.937180e-02 8.066507e-02 4.168803e-02 -5.203646e-02 4.169281e-02 -2.818018e-02 1.321597e-02
4.887500e+03 4.812500e+03 1.275000e+03 2.594877e-02 5.937180e-02 6.603747e-02 4.168803e-02 -7.784557e-02 4.169281e-02 -3.355721e-02 1.321597e-02
4.987500e+03 4.812500e+03 1.275000e+03 -2.349122e-02 5.937180e-02 1.261175e-01 4.168803e-02 -3.823667e-02 4.169281e-02 -3.408734e-02 1.321597e-02
5.087500e+03 4.812500e+03 1.275000e+03 2.692890e-02 5.937180e-02 -3.461914e-02 4.168803e-02 -1.739479e-02 4.169281e-02 8.138196e-03 1.321597e-02
5.187500e+03 4.812500e+03 1.275000e+03 -5.171639e-02 5.937180e-02 5.069260e-03 4.168803e-02 -6.409153e-02 4.169281e-02 -2.657708e-02 1.321597e-02
5.287500e+03 4.812500e+03 1.275000e+03 -2.885700e-03 5.937180e-02 -6.698647e-03 4.168803e-02 -1.103513e-01 4.169281e-02 5.024815e-02 1.321597e-02
5.387500e+03 4.812500e+03 1.300000e+03 8.374524e-03 5.937180e-02 -4.967743e-02 4.168803e-02 -8.472709e-02 4.169281e-02 5.654419e-02 1.321597e-02
5.487500e+03 4.812500e+03 1.350000e+03 -6.944467e-02 5.937180e-02 3.002961e-02 4.168803e-02 -1.106759e-01 4.169281e-02 9.177203e-02 1.321597e-02
5.587500e+03 4.812500e+03 1.375000e+03 -1.659222e-02 5.937180e-02 1.785830e-02 4.168803e-02 -6.757123e-02 4.169281e-02 6.840010e-02 1.321597e-02
5.687500e+03 4.812500e+03 1.400000e+03 1.436888e-01 5.937180e-02 -1.403693e-02 4.168803e-02 -1.591142e-02 4.169281e-02 -6.365943e-04 1.321597e-02
5.787500e+03 4.812500e+03 1.375000e+03 -5.592915e-02 5.937180e-02 1.907517e-01 4.168803e-02 6.268670e-02 4.169281e-02 -8.758846e-02 1.321597e-02
5.887500e+03 4.812500e+03 1.350000e+03 -1.455509e-01 5.937180e-02 1.715700e-01 4.168803e-02 7.300852e-02 4.169281e-02 -9.444497e-02 1.321597e-02
5.987500e+03 4.812500e+03 1.350000e+03 -6.183687e-02 5.937180e-02 2.608099e-01 4.168803e-02 -4.281381e-02 4.169281e-02 -7.819857e-02 1.321597e-02
6.087500e+03 4.812500e+03 1.350000e+03 7.449974e-02 5.937180e-02 1.175431e-01 4.168803e-02 -1.104333e-01 4.169281e-02 -5.764892e-02 1.321597e-02
6.187500e+03 4.812500e+03 1.325000e+03 1.044713e-01 5.937180e-02 5.488724e-02 4.168803e-02 -1.338488e-01 4.169281e-02 -1.275184e-02 1.321597e-02
6.287500e+03 4.812500e+03 1.300000e+03 -1.457296e-03 5.937180e-02 9.785850e-02 4.168803e-02 -4.061568e-01 4.169281e-02 4.898138e-02 1.321597e-02
6.387500e+03 4.812500e+03 1.300000e+03 1.453678e-01 5.937180e-02 1.205326e-03 4.168803e-02 -4.111023e-01 4.169281e-02 1.435242e-01 1.321597e-02
6.487500e+03 4.812500e+03 1.325000e+03 -2.036161e-01 5.937180e-02 9.548455e-03 4.168803e-02 2.162042e-01 4.169281e-02 6.219848e-02 1.321597e-02
6.587500e+03 4.812500e+03 1.350000e+03 -4.663629e-02 5.937180e-02 -1.373441e-01 4.168803e-02 7.757765e-02 4.169281e-02 1.122927e-01 1.321597e-02
6.687500e+03 4.812500e+03 1.375000e+03 -2.298585e-02 5.937180e-02 -2.408697e-02 4.168803e-02 -4.376725e-02 4.169281e-02 1.198345e-01 1.321597e-02
6.787500e+03 4.812500e+03 1.400000e+03 -9.965936e-02 5.937180e-02 2.288615e-02 4.168803e-02 -6.851955e-02 4.169281e-02 1.238889e-01 1.321597e-02
6.887500e+03 4.812500e+03 1.400000e+03 -1.766260e-01 5.937180e-02 -3.916896e-02 4.168803e-02 -4.868326e-02 4.169281e-02 8.872393e-02 1.321597e-02
6.987500e+03 4.812500e+03 1.425000e+03 -1.228683e-01 5.937180e-02 2.276881e-02 4.168803e-02 -1.727575e-02 4.169281e-02 7.608587e-02 1.321597e-02
3.487500e+03 4.912500e+03 1.175000e+03 1.030237e-01 5.937180e-02 4.048962e-02 4.168803e-02 1.404226e-01 4.169281e-02 -3.326347e-02 1.321597e-02
3.587500e+03 4.912500e+03 1.125000e+03 2.201627e-01 5.937180e-02 -3.017858e-02 4.168803e-02 2.101546e-01 4.169281e-02 -5.213927e-02 1.321597e-02
3.687500e+03 4.912500e+03 1.125000e+03 1.109279e-01 5.937180e-02 1.282028e-02 4.168803e-02 5.197705e-02 4.169281e-02 2.860441e-02 1.321597e-02
3.787500e+03 4.912500e+03 1.125000e+03 7.865244e-02 5.937180e-02 9.431862e-02 4.168803e-02 7.326361e-03 4.169281e-02 2.978530e-02 1.321597e-02
3.887500e+03 4.912500e+03 1.125000e+03 1.369987e-01 5.937180e-02 1.380710e-01 4.168803e-02 -6.397821e-03 4.169281e-02 5.848484e-02 1.321597e-02
3.987500e+03 4.912500e+03 1.150000e+03 1.043794e-02 5.937180e-02 2.209878e-02 4.168803e-02 -2.415623e-02 4.169281e-02 7.655299e-02 1.321597e-02
4.087500e+03 4.912500e+03 1.175000e+03 -4.098883e-02 5.937180e-02 1.024727e-01 4.168803e-02 5.766781e-03 4.169281e-02 6.202404e-02 1.321597e-02
4.187500e+03 4.912500e+03 1.175000e+03 -1.588063e-02 5.937180e-02 1.384416e-01 4.168803e-02 -3.571847e-02 4.169281e-02 1.463108e-02 1.321597e-02
4.287500e+03 4.912500e+03 1.200000e+03 -3.384332e-02 5.937180e-02 3.720824e-02 4.168803e-02 -4.888638e-02 4.169281e-02 1.039832e-02 1.321597e-02
4.387500e+03 4.912500e+03 1.200000e+03 -1.094139e-01 5.937180e-02 4.845012e-02 4.168803e-02 -5.807529e-02 4.169281e-02 -4.699922e-03 1.321597e-02
4.487500e+03 4.912500e+03 1.225000e+03 1.991728e-02 5.937180e-02 -8.290647e-02 4.168803e-02 -1.623438e-01 4.169281e-02 2.335545e-02 1.321597e-02
4.587500e+03 4.912500e+03 1.250000e+03 -8.673141e-02 5.937180e-02 -7.957590e-02 4.168803e-02 -9.419743e-02 4.169281e-02 -1.125500e-02 1.321597e-02
4.687500e+03 4.912500e+03 1.275000e+03 -2.796717e-02 5.937180e-02 2.130130e-02 4.168803e-02 -6.913866e-02 4.169281e-02 -1.555491e-03 1.321597e-02
4.787500e+03 4.912500e+03 1.300000e+03 -2.138875e-02 5.937180e-02 7.638287e-02 4.168803e-02 -1.008179e-01 4.169281e-02 1.257097e-02 1.321597e-02
4.887500e+03 4.912500e+03 1.300000e+03 -7.683429e-02 5.937180e-02 1.165331e-01 4.168803e-02 -8.052760e-02 4.169281e-02 -4.904739e-02 1.321597e-02
4.987500e+03 4.912500e+03 1.275000e+03 -1.780399e-02 5.937180e-02 1.421064e-01 4.168803e-02 -9.259565e-02 4.169281e-02 -6.925594e-02 1.321597e-02
5.087500e+03 4.912500e+03 1.275000e+03 -6.803337e-02 5.937180e-02 2.624659e-02 4.168803e-02 -9.288442e-02 4.169281e-02 -2.497150e-02 1.321597e-02
5.187500e+03 4.912500e+03 1.275000e+03 -1.174489e-01 5.937180e-02 1.919615e-02 4.168803e-02 -8.917614e-02 4.169281e-02 7.263406e-03 1.321597e-02
5.287500e+03 4.912500e+03 1.275000e+03 1.056510e-02 5.937180e-02 4.734110e-02 4.168803e-02 -1.135559e-01 4.169281e-02 -4.225416e-03 1.321597e-02
5.387500e+03 4.912500e+03 1.300000e+03 6.538316e-02 5.937180e-02 -5.135466e-02 4.168803e-02 -1.041067e-01 4.169281e-02 4.333998e-02 1.321597e-02
5.487500e+03 4.912500e+03 1.325000e+03 2.323790e-02 5.937180e-02 5.271909e-03 4.168803e-02 -1.504245e-01 4.169281e-02 5.955875e-02 1.321597e-02
5.587500e+03 4.912500e+03 1.350000e+03 1.989264e-03 5.937180e-02 -7.523773e-03 4.168803e-02 1.458175e-02 4.169281e-02 5.953181e-02 1.321597e-02
5.687500e+03 4.912500e+03 1.375000e+03 -8.103002e-02 5.937180e-02 -9.246263e-02 4.168803e-02 -5.403907e-02 4.169281e-02 5.817637e-02 1.321597e-02
5.787500e+03 4.912500e+03 1.400000e+03 5.631360e-02 5.937180e-02 4.576056e-02 4.168803e-02 -5.431480e-02 4.169281e-02 1.858647e-02 1.321597e-02
5.887500e+03 4.912500e+03 1.375000e+03 -1.136596e-01 5.937180e-02 1.420182e-01 4.168803e-02 -2.700287e-02 4.169281e-02 -2.525549e-02 1.321597e-02
5.987500e+03 4.912500e+03 1.375000e+03 -9.406552e-02 5.937180e-02 2.416549e-01 4.168803e-02 -1.396776e-02 4.169281e-02 -5.855013e-02 1.321597e-02
6.087500e+03 4.912500e+03 1.350000e+03 -5.576075e-02 5.937180e-02 2.125246e-01 4.168803e-02 -8.687751e-02 4.169281e-02 -6.745231e-02 1.321597e-02
6.187500e+03 4.912500e+03 1.350000e+03 5.302309e-03 5.937180e-02 2.259074e-01 4.168803e-02 -7.757421e-02 4.169281e-02 -4.440775e-02 1.321597e-02
6.287500e+03 4.912500e+03 1.325000e+03 1.874930e-02 5.937180e-02 1.749578e-01 4.168803e-02 -2.662815e-01 4.169281e-02 -7.094488e-04 1.321597e-02
6.387500e+03 4.912500e+03 1.300000e+03 1.181790e-01 5.937180e-02 6.449285e-02 4.168803e-02 -4.918423e-01 4.169281e-02 1.261460e-01 1.321597e-02
6.487500e+03 4.912500e+03 1.325000e+03 -2.659557e-01 5.937180e-02 -5.661017e-02 4.168803e-02 2.170679e-01 4.169281e-02 6.017167e-02 1.321597e-02
6.587500e+03 4.912500e+03 1.325000e+03 -2.643508e-01 5.937180e-02 -4.752723e-02 4.168803e-02 1.314757e-01 4.169281e-02 1.247482e-01 1.321597e-02
6.687500e+03 4.912500e+03 1.350000e+03 -1.482299e-01 5.937180e-02 -2.603370e-02 4.168803e-02 1.362305e-02 4.169281e-02 1.399805e-01 1.321597e-02
6.787500e+03 4.912500e+03 1.400000e+03 4.665530e-02 5.937180e-02 -7.716496e-02 4.168803e-02 -4.652824e-02 4.169281e-02 1.133616e-01 1.321597e-02
6.887500e+03 4.912500e+03 1.425000e+03 -4.357790e-02 5.937180e-02 -7.558614e-02 4.168803e-02 -5.950185e-02 4.169281e-02 8.876037e-02 1.321597e-02
6.987500e+03 4.912500e+03 1.450000e+03 -3.245674e-02 5.937180e-02 -4.740566e-02 4.168803e-02 3.122675e-04 4.169281e-02 8.895441e-02 1.321597e-02
3.487500e+03 5.012500e+03 1.150000e+03 2.005052e-01 5.937180e-02 -3.244060e-02 4.168803e-02 2.084116e-01 4.169281e-02 -5.748164e-02 1.321597e-02
3.587500e+03 5.012500e+03 1.125000e+03 1.407083e-01 5.937180e-02 1.239980e-01 4.168803e-02 1.855903e-01 4.169281e-02 2.735447e-02 1.321597e-02
3.687500e+03 5.012500e+03 1.125000e+03 -5.970520e-02 5.937180e-02 2.051000e-03 4.168803e-02 5.628189e-02 4.169281e-02 3.760676e-02 1.321597e-02
3.787500e+03 5.012500e+03 1.125000e+03 7.053523e-02 5.937180e-02 4.483985e-02 4.168803e-02 -5.036384e-04 4.169281e-02 5.359939e-02 1.321597e-02
3.887500e+03 5.012500e+03 1.150000e+03 -2.455114e-02 5.937180e-02 1.097342e-01 4.168803e-02 -1.655951e-02 4.169281e-02 5.986035e-02 1.321597e-02
3.987500e+03 5.012500e+03 1.175000e+03 -7.897401e-02 5.937180e-02 1.281902e-01 4.168803e-02 -7.292559e-02 4.169281e-02 6.537929e-02 1.321597e-02
4.087500e+03 5.012500e+03 1.175000e+03 -3.524352e-03 5.937180e-02 8.068561e-02 4.168803e-02 -8.139134e-03 4.169281e-02 3.099916e-02 1.321597e-02
4.187500e+03 5.012500e+03 1.200000e+03 1.908858e-02 5.937180e-02 3.136952e-02 4.168803e-02 -4.444313e-02 4.169281e-02 2.447190e-02 1.321597e-02
4.287500e+03 5.012500e+03 1.200000e+03 -1.213752e-01 5.937180e-02 1.226418e-02 4.168803e-02 -4.057463e-02 4.169281e-02 -2.034233e-03 1.321597e-02
4.387500e+03 5.012500e+03 1.225000e+03 3.316009e-02 5.937180e-02 1.138402e-01 4.168803e-02 -1.205712e-01 4.169281e-02 -2.858591e-02 1.321597e-02
4.487500e+03 5.012500e+03 1.225000e+03 2.002852e-03 5.937180e-02 4.157366e-02 4.168803e-02 -9.839621e-02 4.169281e-02 -2.102034e-02 1.321597e-02
4.587500e+03 5.012500e+03 1.250000e+03 7.593129e-02 5.937180e-02 1.419645e-01 4.168803e-02 -4.710340e-02 4.169281e-02 -4.990690e-03 1.321597e-02
4.687500e+03 5.012500e+03 1.275000e+03 -1.215195e-01 5.937180e-02 1.188627e-01 4.168803e-02 -4.595445e-02 4.169281e-02 1.480563e-02 1.321597e-02
4.787500e+03 5.012500e+03 1.300000e+03 -6.523476e-02 5.937180e-02 2.196852e-03 4.168803e-02 -8.862942e-02 4.169281e-02 -2.162317e-02 1.321597e-02
4.887500e+03 5.012500e+03 1.300000e+03 -7.346607e-02 5.937180e-02 1.054600e-01 4.168803e-02 -6.364219e-02 4.169281e-02 -2.364916e-02 1.321597e-02
4.987500e+03 5.012500e+03 1.300000e+03 -5.050283e-02 5.937180e-02 1.214393e-01 4.168803e-02 -8.088664e-02 4.169281e-02 -6.069678e-02 1.321597e-02
5.087500e+03 5.012500e+03 1.275000e+03 -1.727656e-01 5.937180e-02 1.057560e-01 4.168803e-02 -4.968924e-02 4.169281e-02 -6.033861e-02 1.321597e-02
5.187500e+03 5.012500e+03 1.275000e+03 -4.793382e-02 5.937180e-02 9.466620e-02 4.168803e-02 -6.675734e-02 4.169281e-02 -4.100221e-03 1.321597e-02
5.287500e+03 5.012500e+03 1.275000e+03 -1.601946e-02 5.937180e-02 5.384420e-02 4.168803e-02 2.228324e-02 4.169281e-02 3.494289e-02 1.321597e-02
5.387500e+03 5.012500e+03 1.300000e+03 6.350829e-02 5.937180e-02 3.371950e-02 4.168803e-02 -3.967089e-02 4.169281e-02 5.056873e-02 1.321597e-02
5.487500e+03 5.012500e+03 1.300000e+03 1.163892e-02 5.937180e-02 -8.511182e-02 4.168803e-02 -6.029827e-02 4.169281e-02 4.802176e-02 1.321597e-02
5.587500e+03 5.012500e+03 1.325000e+03 5.017860e-03 5.937180e-02 4.050889e-03 4.168803e-02 -6.880127e-02 4.169281e-02 7.255806e-02 1.321597e-02
5.687500e+03 5.012500e+03 1.325000e+03 8.926582e-02 5.937180e-02 -1.539279e-02 4.168803e-02 -9.255497e-02 4.169281e-02 5.619023e-02 1.321597e-02
5.787500e+03 5.012500e+03 1.375000e+03 -8.906857e-02 5.937180e-02 6.350015e-03 4.168803e-02 -6.930337e-02 4.169281e-02 7.633757e-02 1.321597e-02
5.887500e+03 5.012500e+03 1.400000e+03 -1.026728e-01 5.937180e-02 1.091345e-01 4.168803e-02 -6.425137e-02 4.169281e-02 2.461384e-02 1.321597e-02
5.987500e+03 5.012500e+03 1.400000e+03 -3.912914e-03 5.937180e-02 1.492996e-01 4.168803e-02 2.577276e-02 4.169281e-02 -3.925034e-02 1.321597e-02
6.087500e+03 5.012500e+03 1.375000e+03 5.702906e-02 5.937180e-02 1.952329e-01 4.168803e-02 -1.581072e-02 4.169281e-02 -9.040588e-02 1.321597e-02
6.187500e+03 5.012500e+03 1.375000e+03 -1.219577e-03 5.937180e-02 2.662145e-01 4.168803e-02 -8.012847e-02 4.169281e-02 -4.667665e-02 1.321597e-02
6.287500e+03 5.012500e+03 1.350000e+03 -9.285540e-03 5.937180e-02 5.665303e-02 4.168803e-02 -9.932151e-02 4.169281e-02 -1.661229e-02 1.321597e-02
6.387500e+03 5.012500e+03 1.325000e+03 1.206902e-01 5.937180e-02 9.426601e-02 4.168803e-02 -3.501584e-01 4.169281e-02 3.372080e-02 1.321597e-02
6.487500e+03 5.012500e+03 1.300000e+03 -3.790267e-01 5.937180e-02 1.381265e-01 4.168803e-02 2.185568e-01 4.169281e-02 -2.790781e-02 1.321597e-02
6.587500e+03 5.012500e+03 1.325000e+03 -2.932533e-01 5.937180e-02 1.940808e-02 4.168803e-02 2.139427e-01 4.169281e-02 8.449702e-02 1.321597e-02
6.687500e+03 5.012500e+03 1.350000e+03 -1.605533e-01 5.937180e-02 -3.459595e-02 4.168803e-02 7.338702e-02 4.169281e-02 1.012805e-01 1.321597e-02
6.787500e+03 5.012500e+03 1.375000e+03 4.783385e-03 5.937180e-02 -1.015032e-01 4.168803e-02 -1.428165e-03 4.169281e-02 1.053802e-01 1.321597e-02
6.887500e+03 5.012500e+03 1.375000e+03 5.296845e-02 5.937180e-02 -4.564611e-02 4.168803e-02 4.911794e-03 4.169281e-02 1.056384e-01 1.321597e-02
6.987500e+03 5.012500e+03 1.400000e+03 7.258409e-02 5.937180e-02 -9.959575e-02 4.168803e-02 1.735278e-02 4.169281e-02 1.130212e-01 1.321597e-02
3.487500e+03 5.112500e+03 1.150000e+03 1.286409e-01 5.937180e-02 -3.808932e-02 4.168803e-02 1.090465e-01 4.169281e-02 -1.029364e-02 1.321597e-02
3.587500e+03 5.112500e+03 1.125000e+03 6.856384e-02 5.937180e-02 6.099162e-02 4.168803e-02 3.149752e-02 4.169281e-02 4.887472e-02 1.321597e-02
3.687500e+03 5.112500e+03 1.125000e+03 4.674900e-02 5.937180e-02 1.168614e-01 4.168803e-02 -1.660308e-02 4.169281e-02 7.511359e-02 1.321597e-02
3.787500e+03 5.112500e+03 1.150000e+03 -4.139036e-02 5.937180e-02 2.180283e-02 4.168803e-02 -6.929152e-02 4.169281e-02 7.429207e-02 1.321597e-02
3.887500e+03 5.112500e+03 1.150000e+03 -5.841352e-03 5.937180e-02 1.044034e-01 4.168803e-02 -3.938137e-02 4.169281e-02 1.173848e-03 1.321597e-02
3.987500e+03 5.112500e+03 1.175000e+03 -1.704718e-02 5.937180e-02 4.552943e-02 4.168803e-02 -1.531924e-03 4.169281e-02 5.664128e-02 1.321597e-02
4.087500e+03 5.112500e+03 1.200000e+03 -7.537133e-02 5.937180e-02 6.182489e-02 4.168803e-02 -1.261107e-02 4.169281e-02 2.401354e-02 1.321597e-02
4.187500e+03 5.112500e+03 1.200000e+03 -6.499239e-02 5.937180e-02 7.192073e-02 4.168803e-02 2.422084e-02 4.169281e-02 7.326736e-03 1.321597e-02
4.287500e+03 5.112500e+03 1.200000e+03 8.813443e-03 5.937180e-02 -2.196450e-02 4.168803e-02 -2.700429e-02 4.169281e-02 -2.019918e-02 1.321597e-02
4.387500e+03 5.112500e+03 1.200000e+03 -8.835306e-02 5.937180e-02 5.628287e-02 4.168803e-02 -1.018094e-01 4.169281e-02 -3.080049e-03 1.321597e-02
4.487500e+03 5.112500e+03 1.225000e+03 -1.590139e-01 5.937180e-02 -3.324921e-02 4.168803e-02 -1.442910e-01 4.169281e-02 3.722609e-02 1.321597e-02
4.587500e+03 5.112500e+03 1.275000e+03 -6.181854e-02 5.937180e-02 1.024196e-01 4.168803e-02 -4.701989e-02 4.169281e-02 2.560150e-02 1.321597e-02
4.687500e+03 5.112500e+03 1.300000e+03 -4.035926e-02 5.937180e-02 2.492949e-02 4.168803e-02 -1.565894e-01 4.169281e-02 1.072704e-02 1.321597e-02
4.787500e+03 5.112500e+03 1.300000e+03 -7.734105e-02 5.937180e-02 5.349505e-02 4.168803e-02 -5.763518e-02 4.169281e-02 5.988369e-03 1.321597e-02
4.887500e+03 5.112500e+03 1.325000e+03 -6.094066e-02 5.937180e-02 -2.324833e-02 4.168803e-02 -5.080348e-02 4.169281e-02 -1.027963e-03 1.321597e-02
4.987500e+03 5.112500e+03 1.325000e+03 -6.254830e-02 5.937180e-02 1.445421e-01 4.168803e-02 1.604305e-02 4.169281e-02 -7.315801e-03 1.321597e-02
5.087500e+03 5.112500e+03 1.300000e+03 -7.572677e-02 5.937180e-02 8.124515e-02 4.168803e-02 -2.800529e-02 4.169281e-02 -4.438112e-02 1.321597e-02
5.187500e+03 5.112500e+03 1.275000e+03 -2.181768e-03 5.937180e-02 1.681338e-01 4.168803e-02 -6.397272e-02 4.169281e-02 -3.507855e-02 1.321597e-02
5.287500e+03 5.112500e+03 1.275000e+03 7.947772e-03 5.937180e-02 9.017207e-02 4.168803e-02 -2.866655e-02 4.169281e-02 -6.122800e-03 1.321597e-02
5.387500e+03 5.112500e+03 1.275000e+03 -3.604636e-03 5.937180e-02 8.923349e-02 4.168803e-02 -8.871596e-02 4.169281e-02 2.153148e-02 1.321597e-02
5.487500e+03 5.112500e+03 1.300000e+03 -1.350439e-02 5.937180e-02 5.469416e-02 4.168803e-02 -6.693739e-02 4.169281e-02 4.962281e-02 1.321597e-02
5.587500e+03 5.112500e+03 1.300000e+03 1.326683e-01 5.937180e-02 1.040110e-01 4.168803e-02 -1.190214e-01 4.169281e-02 3.874257e-02 1.321597e-02
5.687500e+03 5.112500e+03 1.325000e+03 2.357748e-02 5.937180e-02 1.491131e-01 4.168803e-02 -5.520477e-02 4.169281e-02 4.905795e-02 1.321597e-02
5.787500e+03 5.112500e+03 1.350000e+03 1.625788e-01 5.937180e-02 1.174664e-02 4.168803e-02 -1.287698e-01 4.169281e-02 5.550753e-02 1.321597e-02
5.887500e+03 5.112500e+03 1.375000e+03 3.266791e-02 5.937180e-02 8.944235e-02 4.168803e-02 -8.348210e-02 4.169281e-02 4.264904e-02 1.321597e-02
5.987500e+03 5.112500e+03 1.425000e+03 4.502193e-02 5.937180e-02 2.000231e-02 4.168803e-02 -5.525103e-02 4.169281e-02 1.614245e-02 1.321597e-02
6.087500e+03 5.112500e+03 1.400000e+03 -2.521343e-02 5.937180e-02 1.330911e-01 4.168803e-02 -3.452364e-02 4.169281e-02 -2.537742e-02 1.321597e-02
6.187500e+03 5.112500e+03 1.375000e+03 -4.192985e-02 5.937180e-02 2.566596e-01 4.168803e-02 -8.067492e-02 4.169281e-02 -7.946170e-02 1.321597e-02
6.287500e+03 5.112500e+03 1.350000e+03 -3.603318e-02 5.937180e-02 2.213138e-01 4.168803e-02 -1.943746e-01 4.169281e-02 -6.276635e-02 1.321597e-02
6.387500e+03 5.112500e+03 1.325000e+03 5.516535e-02 5.937180e-02 1.130170e-01 4.168803e-02 -2.173896e-01 4.169281e-02 -2.292333e-02 1.321597e-02
6.487500e+03 5.112500e+03 1.300000e+03 3.328960e-01 5.937180e-02 3.978550e-02 4.168803e-02 -4.843729e-01 4.169281e-02 7.854731e-02 1.321597e-02
6.587500e+03 5.112500e+03 1.325000e+03 -3.094971e-01 5.937180e-02 9.996190e-02 4.168803e-02 3.185961e-01 4.169281e-02 -2.479531e-02 1.321597e-02
6.687500e+03 5.112500e+03 1.350000e+03 -1.631037e-01 5.937180e-02 -1.394581e-01 4.168803e-02 1.737356e-01 4.169281e-02 8.129041e-02 1.321597e-02
6.787500e+03 5.112500e+03 1.350000e+03 -7.311892e-02 5.937180e-02 -5.420162e-02 4.168803e-02 1.052210e-01 4.169281e-02 9.915164e-02 1.321597e-02
6.887500e+03 5.112500e+03 1.350000e+03 2.020200e-02 5.937180e-02 -1.465352e-01 4.168803e-02 2.717146e-02 4.169281e-02 1.032592e-01 1.321597e-02
6.987500e+03 5.112500e+03 1.375000e+03 8.169225e-02 5.937180e-02 -1.825473e-01 4.168803e-02 5.868936e-02 4.169281e-02 1.054652e-01 1.321597e-02
3.487500e+03 5.212500e+03 1.125000e+03 5.354161e-02 5.937180e-02 -4.080844e-02 4.168803e-02 9.687184e-02 4.169281e-02 5.892624e-02 1.321597e-02
3.587500e+03 5.212500e+03 1.125000e+03 1.017036e-01 5.937180e-02 4.369098e-02 4.168803e-02 5.102741e-03 4.169281e-02 2.091956e-02 1.321597e-02
3.687500e+03 5.212500e+03 1.125000e+03 4.760220e-02 5.937180e-02 8.901661e-02 4.168803e-02 -8.295286e-02 4.169281e-02 5.177487e-02 1.321597e-02
3.787500e+03 5.212500e+03 1.150000e+03 2.304820e-02 5.937180e-02 5.313484e-02 4.168803e-02 -9.811976e-03 4.169281e-02 5.412270e-02 1.321597e-02
3.887500e+03 5.212500e+03 1.150000e+03 2.895273e-02 5.937180e-02 8.255810e-02 4.168803e-02 -4.846891e-02 4.169281e-02 3.268999e-02 1.321597e-02
3.987500e+03 5.212500e+03 1.175000e+03 8.687617e-03 5.937180e-02 3.256186e-02 4.168803e-02 -9.586903e-02 4.169281e-02 4.255185e-02 1.321597e-02
4.087500e+03 5.212500e+03 1.175000e+03 4.062611e-03 5.937180e-02 -4.956855e-02 4.168803e-02 -4.342866e-02 4.169281e-02 1.858850e-02 1.321597e-02
4.187500e+03 5.212500e+03 1.200000e+03 -2.867277e-03 5.937180e-02 -1.599692e-02 4.168803e-02 -6.479476e-02 4.169281e-02 -9.562308e-03 1.321597e-02
4.287500e+03 5.212500e+03 1.200000e+03 2.942452e-02 5.937180e-02 4.850236e-02 4.168803e-02 -2.262096e-02 4.169281e-02 -1.053773e-02 1.321597e-02
4.387500e+03 5.212500e+03 1.225000e+03 -9.054627e-02 5.937180e-02 1.253210e-01 4.168803e-02 -4.552463e-02 4.169281e-02 1.183952e-02 1.321597e-02
4.487500e+03 5.212500e+03 1.225000e+03 -9.090182e-02 5.937180e-02 4.992404e-02 4.168803e-02 -9.355426e-02 4.169281e-02 -2.991362e-03 1.321597e-02
4.587500e+03 5.212500e+03 1.250000e+03 -6.532902e-02 5.937180e-02 6.838166e-02 4.168803e-02 -6.311498e-02 4.169281e-02 1.509650e-02 1.321597e-02
4.687500e+03 5.212500e+03 1.275000e+03 -5.667819e-02 5.937180e-02 4.558856e-02 4.168803e-02 -8.381779e-02 4.169281e-02 2.136852e-02 1.321597e-02
4.787500e+03 5.212500e+03 1.300000e+03 2.765685e-02 5.937180e-02 1.469265e-01 4.168803e-02 -1.974828e-01 4.169281e-02 9.333611e-03 1.321597e-02
4.887500e+03 5.212500e+03 1.300000e+03 4.571991e-02 5.937180e-02 4.587832e-02 4.168803e-02 -1.163382e-01 4.169281e-02 2.767913e-02 1.321597e-02
4.987500e+03 5.212500e+03 1.325000e+03 1.703095e-02 5.937180e-02 1.058410e-01 4.168803e-02 -8.564002e-02 4.169281e-02 4.363195e-02 1.321597e-02
5.087500e+03 5.212500e+03 1.325000e+03 1.074875e-02 5.937180e-02 1.474894e-01 4.168803e-02 4.278986e-03 4.169281e-02 -2.290790e-02 1.321597e-02
5.187500e+03 5.212500e+03 1.300000e+03 -9.853318e-02 5.937180e-02 1.264233e-01 4.168803e-02 -4.999754e-02 4.169281e-02 -8.554829e-03 1.321597e-02
5.287500e+03 5.212500e+03 1.275000e+03 -1.028443e-02 5.937180e-02 1.912577e-01 4.168803e-02 -3.906925e-03 4.169281e-02 -2.925140e-02 1.321597e-02
5.387500e+03 5.212500e+03 1.275000e+03 -4.596241e-02 5.937180e-02 1.307033e-01 4.168803e-02 -5.484288e-02 4.169281e-02 4.382084e-03 1.321597e-02
5.487500e+03 5.212500e+03 1.275000e+03 7.876760e-02 5.937180e-02 1.213018e-01 4.168803e-02 -6.543126e-02 4.169281e-02 3.788491e-02 1.321597e-02
5.587500e+03 5.212500e+03 1.300000e+03 -1.836309e-02 5.937180e-02 7.314471e-02 4.168803e-02 -2.034211e-02 4.169281e-02 5.808256e-02 1.321597e-02
5.687500e+03 5.212500e+03 1.300000e+03 -1.046337e-02 5.937180e-02 1.465512e-01 4.168803e-02 -2.211771e-01 4.169281e-02 5.364181e-02 1.321597e-02
5.787500e+03 5.212500e+03 1.325000e+03 8.725214e-02 5.937180e-02 -3.058156e-03 4.168803e-02 -5.544234e-02 4.169281e-02 4.778563e-02 1.321597e-02
5.887500e+03 5.212500e+03 1.350000e+03 -1.297961e-02 5.937180e-02 5.506270e-02 4.168803e-02 -1.163937e-01 4.169281e-02 2.597214e-02 1.321597e-02
5.987500e+03 5.212500e+03 1.375000e+03 1.681735e-01 5.937180e-02 3.178687e-02 4.168803e-02 -4.721224e-02 4.169281e-02 1.516867e-02 1.321597e-02
6.087500e+03 5.212500e+03 1.400000e+03 4.580007e-02 5.937180e-02 2.416067e-02 4.168803e-02 -1.566903e-02 4.169281e-02 -2.852581e-02 1.321597e-02
6.187500e+03 5.212500e+03 1.400000e+03 -3.171109e-02 5.937180e-02 1.158707e-01 4.168803e-02 -9.182968e-02 4.169281e-02 -5.377288e-02 1.321597e-02
6.287500e+03 5.212500e+03 1.350000e+03 -1.850635e-01 5.937180e-02 2.276881e-01 4.168803e-02 -7.965823e-02 4.169281e-02 -1.004150e-01 1.321597e-02
6.387500e+03 5.212500e+03 1.350000e+03 -5.628902e-03 5.937180e-02 2.395861e-01 4.168803e-02 -1.119850e-01 4.169281e-02 -6.177587e-02 1.321597e-02
6.487500e+03 5.212500e+03 1.325000e+03 1.684683e-01 5.937180e-02 4.255493e-02 4.168803e-02 -3.218417e-01 4.169281e-02 5.411178e-03 1.321597e-02
6.587500e+03 5.212500e+03 1.325000e+03 -1.537640e-01 5.937180e-02 1.065752e-01 4.168803e-02 6.827473e-02 4.169281e-02 -7.720365e-02 1.321597e-02
6.687500e+03 5.212500e+03 1.325000e+03 -2.441440e-01 5.937180e-02 6.647599e-02 4.168803e-02 2.924005e-01 4.169281e-02 1.572401e-02 1.321597e-02
6.787500e+03 5.212500e+03 1.325000e+03 -2.124622e-01 5.937180e-02 -2.301319e-02 4.168803e-02 1.554424e-01 4.169281e-02 9.144290e-02 1.321597e-02
6.887500e+03 5.212500e+03 1.325000e+03 6.163070e-02 5.937180e-02 -9.359954e-02 4.168803e-02 1.233849e-01 4.169281e-02 9.269608e-02 1.321597e-02
6.987500e+03 5.212500e+03 1.350000e+03 9.319644e-02 5.937180e-02 -1.153664e-01 4.168803e-02 -2.348574e-02 4.169281e-02 7.599300e-02 1.321597e-02
3.487500e+03 5.312500e+03 1.125000e+03 -1.482776e-02 5.937180e-02 1.664006e-02 4.168803e-02 1.910846e-02 4.169281e-02 4.727317e-02 1.321597e-02
3.587500e+03 5.312500e+03 1.125000e+03 -5.267782e-02 5.937180e-02 1.158176e-01 4.168803e-02 -5.782932e-02 4.169281e-02 4.634664e-02 1.321597e-02
3.687500e+03 5.312500e+03 1.150000e+03 1.544792e-02 5.937180e-02 1.187485e-01 4.168803e-02 -4.915847e-03 4.169281e-02 5.281939e-02 1.321597e-02
3.787500e+03 5.312500e+03 1.150000e+03 1.168942e-02 5.937180e-02 1.115113e-01 4.168803e-02 1.162792e-02 4.169281e-02 2.190400e-02 1.321597e-02
3.887500e+03 5.312500e+03 1.150000e+03 3.124394e-02 5.937180e-02 -7.093784e-02 4.168803e-02 -4.982978e-02 4.169281e-02 1.482618e-02 1.321597e-02
3.987500e+03 5.312500e+03 1.150000e+03 3.571268e-02 5.937180e-02 2.010041e-02 4.168803e-02 -8.676298e-02 4.169281e-02 2.619455e-02 1.321597e-02
4.087500e+03 5.312500e+03 1.175000e+03 -5.034232e-02 5.937180e-02 4.276795e-02 4.168803e-02 -1.022129e-01 4.169281e-02 1.611127e-02 1.321597e-02
4.187500e+03 5.312500e+03 1.175000e+03 -3.863101e-02 5.937180e-02 8.619630e-02 4.168803e-02 -6.669361e-02 4.169281e-02 1.128605e-02 1.321597e-02
4.287500e+03 5.312500e+03 1.200000e+03 -1.236673e-01 5.937180e-02 4.883745e-02 4.168803e-02 -1.367567e-01 4.169281e-02 4.689839e-03 1.321597e-02
4.387500e+03 5.312500e+03 1.225000e+03 -1.082821e-01 5.937180e-02 1.331244e-01 4.168803e-02 -3.598188e-02 4.169281e-02 -2.645673e-02 1.321597e-02
4.487500e+03 5.312500e+03 1.225000e+03 -2.316387e-02 5.937180e-02 8.052577e-02 4.168803e-02 -6.194395e-02 4.169281e-02 -2.804611e-02 1.321597e-02
4.587500e+03 5.312500e+03 1.225000e+03 -6.060446e-02 5.937180e-02 1.343077e-01 4.168803e-02 -7.732782e-02 4.169281e-02 8.708789e-03 1.321597e-02
4.687500e+03 5.312500e+03 1.250000e+03 -3.942894e-03 5.937180e-02 4.270773e-02 4.168803e-02 -1.133762e-01 4.169281e-02 2.518910e-02 1.321597e-02
4.787500e+03 5.312500e+03 1.250000e+03 -3.625483e-02 5.937180e-02 6.241785e-02 4.168803e-02 -9.482384e-02 4.169281e-02 1.951186e-02 1.321597e-02
4.887500e+03 5.312500e+03 1.275000e+03 -2.403605e-02 5.937180e-02 1.005245e-01 4.168803e-02 -5.211207e-02 4.169281e-02 3.063147e-02 1.321597e-02
4.987500e+03 5.312500e+03 1.300000e+03 -5.186060e-02 5.937180e-02 -5.220425e-02 4.168803e-02 -1.315655e-01 4.169281e-02 2.470413e-02 1.321597e-02
5.087500e+03 5.312500e+03 1.325000e+03 4.383512e-02 5.937180e-02 3.673550e-02 4.168803e-02 -4.638457e-02 4.169281e-02 3.221713e-03 1.321597e-02
5.187500e+03 5.312500e+03 1.325000e+03 -6.858965e-04 5.937180e-02 1.930458e-01 4.168803e-02 -9.155999e-02 4.169281e-02 -2.009181e-02 1.321597e-02
5.287500e+03 5.312500e+03 1.300000e+03 -4.135328e-02 5.937180e-02 2.029796e-01 4.168803e-02 8.378483e-03 4.169281e-02 1.377207e-02 1.321597e-02
5.387500e+03 5.312500e+03 1.275000e+03 -5.856553e-02 5.937180e-02 2.049928e-01 4.168803e-02 -4.693234e-02 4.169281e-02 -4.634257e-03 1.321597e-02
5.487500e+03 5.312500e+03 1.275000e+03 3.617250e-03 5.937180e-02 1.603591e-01 4.168803e-02 -4.331433e-02 4.169281e-02 2.877705e-02 1.321597e-02
5.587500e+03 5.312500e+03 1.275000e+03 -5.645488e-02 5.937180e-02 5.983672e-02 4.168803e-02 -6.282802e-02 4.169281e-02 5.048557e-02 1.321597e-02
5.687500e+03 5.312500e+03 1.300000e+03 7.530716e-02 5.937180e-02 1.683724e-01 4.168803e-02 -1.037476e-01 4.169281e-02 5.345610e-02 1.321597e-02
5.787500e+03 5.312500e+03 1.300000e+03 8.887274e-02 5.937180e-02 5.274860e-02 4.168803e-02 -6.434770e-02 4.169281e-02 4.424378e-02 1.321597e-02
5.887500e+03 5.312500e+03 1.325000e+03 5.719318e-02 5.937180e-02 7.783863e-02 4.168803e-02 -1.116604e-01 4.169281e-02 4.485439e-02 1.321597e-02
5.987500e+03 5.312500e+03 1.350000e+03 5.672332e-02 5.937180e-02 -1.230873e-03 4.168803e-02 -2.925221e-02 4.169281e-02 7.947443e-03 1.321597e-02
6.087500e+03 5.312500e+03 1.350000e+03 2.329363e-02 5.937180e-02 4.986992e-02 4.168803e-02 -7.608613e-02 4.169281e-02 1.238549e-02 1.321597e-02
6.187500e+03 5.312500e+03 1.375000e+03 1.932392e-02 5.937180e-02 1.272324e-01 4.168803e-02 -2.172841e-02 4.169281e-02 -2.222804e-02 1.321597e-02
6.287500e+03 5.312500e+03 1.375000e+03 3.121407e-02 5.937180e-02 1.246717e-01 4.168803e-02 -1.121383e-01 4.169281e-02 -4.172095e-02 1.321597e-02
6.387500e+03 5.312500e+03 1.350000e+03 -3.199408e-02 5.937180e-02 1.662076e-01 4.168803e-02 -8.529011e-02 4.169281e-02 -4.645299e-02 1.321597e-02
6.487500e+03 5.312500e+03 1.350000e+03 6.522170e-02 5.937180e-02 1.597825e-01 4.168803e-02 -1.778824e-01 4.169281e-02 -5.067526e-02 1.321597e-02
6.587500e+03 5.312500e+03 1.325000e+03 2.868637e-01 5.937180e-02 -1.662351e-02 4.168803e-02 -3.501285e-01 4.169281e-02 1.162398e-02 1.321597e-02
6.687500e+03 5.312500e+03 1.325000e+03 -2.348613e-01 5.937180e-02 2.493408e-01 4.168803e-02 2.451221e-01 4.169281e-02 -1.382667e-01 1.321597e-02
6.787500e+03 5.312500e+03 1.325000e+03 -4.057198e-02 5.937180e-02 8.178409e-02 4.168803e-02 1.902721e-01 4.169281e-02 3.274825e-02 1.321597e-02
6.887500e+03 5.312500e+03 1.325000e+03 6.065140e-02 5.937180e-02 -5.156863e-02 4.168803e-02 7.799625e-02 4.169281e-02 5.603211e-02 1.321597e-02
6.987500e+03 5.312500e+03 1.350000e+03 -5.987927e-03 5.937180e-02 -6.722768e-02 4.168803e-02 2.104122e-02 4.169281e-02 5.837181e-02 1.321597e-02
3.487500e+03 5.412500e+03 1.125000e+03 4.719279e-03 5.937180e-02 2.722147e-02 4.168803e-02 2.525468e-02 4.169281e-02 8.777668e-02 1.321597e-02
3.587500e+03 5.412500e+03 1.150000e+03 -3.065884e-02 5.937180e-02 6.475736e-02 4.168803e-02 -3.534820e-02 4.169281e-02 6.827152e-02 1.321597e-02
3.687500e+03 5.412500e+03 1.150000e+03 1.968958e-02 5.937180e-02 6.431174e-02 4.168803e-02 -3.725197e-02 4.169281e-02 5.521027e-02 1.321597e-02
3.787500e+03 5.412500e+03 1.150000e+03 -4.680667e-02 5.937180e-02 5.443791e-02 4.168803e-02 -3.064328e-02 4.169281e-02 4.423970e-02 1.321597e-02
3.887500e+03 5.412500e+03 1.150000e+03 -2.406965e-02 5.937180e-02 9.559226e-02 4.168803e-02 -3.771173e-02 4.169281e-02 4.139555e-02 1.321597e-02
3.987500e+03 5.412500e+03 1.175000e+03 2.144176e-03 5.937180e-02 8.458065e-02 4.168803e-02 -9.640613e-02 4.169281e-02 2.050189e-02 1.321597e-02
4.087500e+03 5.412500e+03 1.175000e+03 -3.960155e-02 5.937180e-02 -4.419253e-03 4.168803e-02 -4.232512e-02 4.169281e-02 3.233066e-02 1.321597e-02
4.187500e+03 5.412500e+03 1.200000e+03 -3.758562e-02 5.937180e-02 7.607150e-02 4.168803e-02 -6.351929e-02 4.169281e-02 5.268809e-04 1.321597e-02
4.287500e+03 5.412500e+03 1.225000e+03 -1.272067e-01 5.937180e-02 7.217335e-02 4.168803e-02 -1.329172e-01 4.169281e-02 1.989327e-02 1.321597e-02
4.387500e+03 5.412500e+03 1.225000e+03 -7.551457e-02 5.937180e-02 1.293154e-01 4.168803e-02 -5.821858e-02 4.169281e-02 1.712167e-02 1.321597e-02
4.487500e+03 5.412500e+03 1.250000e+03 -1.221161e-01 5.937180e-02 3.901411e-02 4.168803e-02 -5.355788e-02 4.169281e-02 3.845183e-02 1.321597e-02
4.587500e+03 5.412500e+03 1.275000e+03 -1.454409e-01 5.937180e-02 1.512548e-01 4.168803e-02 -7.304064e-02 4.169281e-02 -1.186023e-02 1.321597e-02
4.687500e+03 5.412500e+03 1.250000e+03 -1.695904e-01 5.937180e-02 7.669535e-02 4.168803e-02 -5.985176e-02 4.169281e-02 2.763621e-02 1.321597e-02
4.787500e+03 5.412500e+03 1.250000e+03 -2.542633e-02 5.937180e-02 1.404873e-01 4.168803e-02 -1.540411e-01 4.169281e-02 -1.245930e-03 1.321597e-02
4.887500e+03 5.412500e+03 1.275000e+03 -1.524774e-01 5.937180e-02 5.876019e-02 4.168803e-02 -9.437385e-02 4.169281e-02 2.577486e-02 1.321597e-02
4.987500e+03 5.412500e+03 1.275000e+03 -5.372104e-02 5.937180e-02 1.486251e-01 4.168803e-02 -1.134371e-01 4.169281e-02 1.431002e-02 1.321597e-02
5.087500e+03 5.412500e+03 1.275000e+03 -8.103034e-02 5.937180e-02 2.122097e-03 4.168803e-02 -3.545141e-02 4.169281e-02 2.986643e-02 1.321597e-02
5.187500e+03 5.412500e+03 1.325000e+03 -3.840060e-02 5.937180e-02 9.531192e-02 4.168803e-02 -6.366554e-02 4.169281e-02 5.447264e-02 1.321597e-02
5.287500e+03 5.412500e+03 1.325000e+03 -6.550989e-02 5.937180e-02 1.140782e-01 4.168803e-02 -1.850308e-03 4.169281e-02 -9.328776e-03 1.321597e-02
5.387500e+03 5.412500e+03 1.300000e+03 -1.832567e-01 5.937180e-02 1.740114e-01 4.168803e-02 -1.325923e-02 4.169281e-02 -6.357331e-03 1.321597e-02
5.487500e+03 5.412500e+03 1.275000e+03 -5.976598e-02 5.937180e-02 2.029746e-01 4.168803e-02 1.109320e-02 4.169281e-02 -2.913025e-03 1.321597e-02
5.587500e+03 5.412500e+03 1.275000e+03 -4.481168e-02 5.937180e-02 9.869263e-02 4.168803e-02 7.312554e-02 4.169281e-02 2.480565e-02 1.321597e-02
5.687500e+03 5.412500e+03 1.300000e+03 -3.240596e-02 5.937180e-02 1.236768e-01 4.168803e-02 -1.109636e-01 4.169281e-02 4.584822e-02 1.321597e-02
5.787500e+03 5.412500e+03 1.300000e+03 4.234374e-02 5.937180e-02 1.262585e-01 4.168803e-02 -3.488264e-02 4.169281e-02 3.665745e-02 1.321597e-02
5.887500e+03 5.412500e+03 1.300000e+03 2.348195e-02 5.937180e-02 1.844476e-02 4.168803e-02 -6.561862e-02 4.169281e-02 3.697858e-02 1.321597e-02
5.987500e+03 5.412500e+03 1.325000e+03 7.480457e-02 5.937180e-02 -6.731869e-02 4.168803e-02 -1.093937e-01 4.169281e-02 7.447308e-03 1.321597e-02
6.087500e+03 5.412500e+03 1.325000e+03 4.686365e-02 5.937180e-02 4.695517e-02 4.168803e-02 -5.857282e-02 4.169281e-02 3.838361e-02 1.321597e-02
6.187500e+03 5.412500e+03 1.350000e+03 1.924043e-02 5.937180e-02 4.413081e-02 4.168803e-02 -1.089080e-01 4.169281e-02 2.116812e-02 1.321597e-02
6.287500e+03 5.412500e+03 1.350000e+03 1.013979e-02 5.937180e-02 8.316263e-02 4.168803e-02 -9.210808e-02 4.169281e-02 8.556249e-03 1.321597e-02
6.387500e+03 5.412500e+03 1.400000e+03 -1.338723e-02 5.937180e-02 7.904341e-02 4.168803e-02 -9.299794e-02 4.169281e-02 -1.293199e-02 1.321597e-02
6.487500e+03 5.412500e+03 1.400000e+03 4.046503e-02 5.937180e-02 1.734189e-01 4.168803e-02 -4.079804e-02 4.169281e-02 -5.032754e-02 1.321597e-02
6.587500e+03 5.412500e+03 1.375000e+03 4.803177e-02 5.937180e-02 1.145297e-01 4.168803e-02 -5.766844e-02 4.169281e-02 -5.466772e-02 1.321597e-02
6.687500e+03 5.412500e+03 1.350000e+03 7.994816e-02 5.937180e-02 2.268354e-02 4.168803e-02 -3.986412e-02 4.169281e-02 -4.166312e-02 1.321597e-02
6.787500e+03 5.412500e+03 1.325000e+03 -1.209151e-01 5.937180e-02 1.787429e-01 4.168803e-02 1.462642e-01 4.169281e-02 -3.776127e-02 1.321597e-02
6.887500e+03 5.412500e+03 1.325000e+03 -9.925024e-02 5.937180e-02 3.917499e-02 4.168803e-02 1.736561e-01 4.169281e-02 3.577647e-02 1.321597e-02
6.987500e+03 5.412500e+03 1.325000e+03 6.927790e-02 5.937180e-02 2.048403e-02 4.168803e-02 8.267935e-02 4.169281e-02 5.777851e-02 1.321597e-02
3.487500e+03 5.512500e+03 1.125000e+03 -2.450506e-02 5.937180e-02 1.173341e-01 4.168803e-02 -5.143642e-02 4.169281e-02 7.775543e-02 1.321597e-02
3.587500e+03 5.512500e+03 1.150000e+03 1.038495e-01 5.937180e-02 9.513953e-02 4.168803e-02 -4.365694e-02 4.169281e-02 8.070736e-02 1.321597e-02
3.687500e+03 5.512500e+03 1.150000e+03 -6.564065e-02 5.937180e-02 1.131924e-01 4.168803e-02 1.198879e-02 4.169281e-02 5.954175e-02 1.321597e-02
3.787500e+03 5.512500e+03 1.175000e+03 -1.811013e-01 5.937180e-02 5.525993e-02 4.168803e-02 -3.888232e-02 4.169281e-02 2.782374e-02 1.321597e-02
3.887500e+03 5.512500e+03 1.150000e+03 -2.341268e-02 5.937180e-02 1.125266e-01 4.168803e-02 -6.996713e-02 4.169281e-02 1.384438e-02 1.321597e-02
3.987500e+03 5.512500e+03 1.175000e+03 1.206457e-01 5.937180e-02 1.039538e-01 4.168803e-02 -1.945416e-02 4.169281e-02 1.574251e-02 1.321597e-02
4.087500e+03 5.512500e+03 1.175000e+03 -8.232563e-02 5.937180e-02 9.157141e-02 4.168803e-02 -1.236619e-02 4.169281e-02 2.535215e-02 1.321597e-02
4.187500e+03 5.512500e+03 1.200000e+03 4.257877e-02 5.937180e-02 -1.035461e-02 4.168803e-02 -7.275994e-02 4.169281e-02 3.066444e-02 1.321597e-02
4.287500e+03 5.512500e+03 1.200000e+03 6.029464e-02 5.937180e-02 9.932238e-02 4.168803e-02 -9.640231e-02 4.169281e-02 2.529007e-02 1.321597e-02
4.387500e+03 5.512500e+03 1.225000e+03 -5.720922e-02 5.937180e-02 1.165497e-02 4.168803e-02 -1.081091e-01 4.169281e-02 7.470934e-03 1.321597e-02
4.487500e+03 5.512500e+03 1.250000e+03 -3.817353e-03 5.937180e-02 -5.720719e-02 4.168803e-02 -8.620548e-02 4.169281e-02 2.925159e-02 1.321597e-02
4.587500e+03 5.512500e+03 1.275000e+03 -1.078025e-01 5.937180e-02 1.356671e-01 4.168803e-02 -1.543932e-02 4.169281e-02 -5.680468e-03 1.321597e-02
4.687500e+03 5.512500e+03 1.275000e+03 -1.328111e-01 5.937180e-02 9.322249e-02 4.168803e-02 -2.516870e-02 4.169281e-02 8.407391e-03 1.321597e-02
4.787500e+03 5.512500e+03 1.275000e+03 -9.707393e-02 5.937180e-02 8.324889e-02 4.168803e-02 -8.039952e-02 4.169281e-02 1.432636e-03 1.321597e-02
4.887500e+03 5.512500e+03 1.300000e+03 -9.654442e-02 5.937180e-02 1.324835e-01 4.168803e-02 -1.003865e-01 4.169281e-02 4.519716e-02 1.321597e-02
4.987500e+03 5.512500e+03 1.300000e+03 3.591580e-02 5.937180e-02 1.318058e-01 4.168803e-02 -1.450146e-01 4.169281e-02 -1.104139e-03 1.321597e-02
5.087500e+03 5.512500e+03 1.275000e+03 -6.940159e-02 5.937180e-02 2.142276e-01 4.168803e-02 -8.755179e-02 4.169281e-02 2.680697e-02 1.321597e-02
5.187500e+03 5.512500e+03 1.300000e+03 -1.250013e-01 5.937180e-02 3.816599e-02 4.168803e-02 -2.157892e-02 4.169281e-02 4.289124e-02 1.321597e-02
5.287500e+03 5.512500e+03 1.325000e+03 -1.076489e-01 5.937180e-02 1.187011e-01 4.168803e-02 -5.472633e-03 4.169281e-02 5.905411e-03 1.321597e-02
5.387500e+03 5.512500e+03 1.300000e+03 -2.722960e-02 5.937180e-02 1.131220e-01 4.168803e-02 -3.907242e-02 4.169281e-02 2.973226e-02 1.321597e-02
5.487500e+03 5.512500e+03 1.300000e+03 -8.197443e-02 5.937180e-02 1.268205e-01 4.168803e-02 -2.492117e-02 4.169281e-02 5.398822e-03 1.321597e-02
5.587500e+03 5.512500e+03 1.300000e+03 -1.170114e-01 5.937180e-02 5.070749e-02 4.168803e-02 -5.339114e-02 4.169281e-02 -1.608026e-02 1.321597e-02
5.687500e+03 5.512500e+03 1.300000e+03 1.044930e-01 5.937180e-02 1.296107e-01 4.168803e-02 8.437495e-03 4.169281e-02 4.035358e-02 1.321597e-02
5.787500e+03 5.512500e+03 1.300000e+03 2.616713e-02 5.937180e-02 2.591253e-02 4.168803e-02 -1.219940e-01 4.169281e-02 3.368387e-03 1.321597e-02
5.887500e+03 5.512500e+03 1.300000e+03 -1.508896e-02 5.937180e-02 7.138755e-02 4.168803e-02 -5.784632e-02 4.169281e-02 -1.359909e-03 1.321597e-02
5.987500e+03 5.512500e+03 1.300000e+03 -1.116425e-02 5.937180e-02 9.624263e-02 4.168803e-02 -1.104720e-01 4.169281e-02 1.727283e-02 1.321597e-02
6.087500e+03 5.512500e+03 1.300000e+03 9.992131e-02 5.937180e-02 3.978636e-02 4.168803e-02 -1.553234e-02 4.169281e-02 3.330670e-02 1.321597e-02
6.187500e+03 5.512500e+03 1.325000e+03 1.183461e-01 5.937180e-02 -2.976270e-03 4.168803e-02 -1.726184e-01 4.169281e-02 4.346493e-02 1.321597e-02
6.287500e+03 5.512500e+03 1.375000e+03 1.070812e-01 5.937180e-02 4.337991e-02 4.168803e-02 -1.149938e-01 4.169281e-02 3.158421e-02 1.321597e-02
6.387500e+03 5.512500e+03 1.400000e+03 2.197884e-02 5.937180e-02 3.413956e-02 4.168803e-02 -4.213816e-02 4.169281e-02 -9.721806e-03 1.321597e-02
6.487500e+03 5.512500e+03 1.425000e+03 5.792612e-02 5.937180e-02 1.160445e-01 4.168803e-02 -9.004608e-02 4.169281e-02 -2.776788e-02 1.321597e-02
6.587500e+03 5.512500e+03 1.400000e+03 1.216100e-02 5.937180e-02 8.248023e-02 4.168803e-02 -1.067712e-01 4.169281e-02 -6.329013e-02 1.321597e-02
6.687500e+03 5.512500e+03 1.350000e+03 1.300735e-01 5.937180e-02 9.587499e-02 4.168803e-02 -5.304840e-02 4.169281e-02 -6.438548e-02 1.321597e-02
6.787500e+03 5.512500e+03 1.350000e+03 -7.081670e-02 5.937180e-02 1.915906e-01 4.168803e-02 2.136158e-02 4.169281e-02 -5.386833e-02 1.321597e-02
6.887500e+03 5.512500e+03 1.350000e+03 -4.017022e-02 5.937180e-02 1.400069e-01 4.168803e-02 1.057006e-01 4.169281e-02 3.304949e-03 1.321597e-02
6.987500e+03 5.512500e+03 1.325000e+03 -7.406439e-02 5.937180e-02 1.050426e-01 4.168803e-02 5.919947e-02 4.169281e-02 2.723254e-02 1.321597e-02


DATATYPE MTT
FREQUENCY 794.3001
N_RECV 1117
19987.5 -12.5 975.0 i i i i i i i i
3.487500e+03 2.512500e+03 1.250000e+03 -1.190004e-01 8.096768e-02 -2.351713e-02 4.552353e-02 -8.003402e-02 4.535083e-02 -4.113894e-02 1.343895e-02
3.587500e+03 2.512500e+03 1.225000e+03 -7.710884e-02 8.096768e-02 6.568018e-02 4.552353e-02 2.995919e-02 4.535083e-02 -2.867298e-02 1.343895e-02
3.687500e+03 2.512500e+03 1.225000e+03 -2.768946e-02 8.096768e-02 -1.362110e-02 4.552353e-02 1.105581e-01 4.535083e-02 -4.008628e-03 1.343895e-02
3.787500e+03 2.512500e+03 1.200000e+03 6.916338e-02 8.096768e-02 -7.441805e-02 4.552353e-02 6.567890e-04 4.535083e-02 6.190667e-03 1.343895e-02
3.887500e+03 2.512500e+03 1.200000e+03 -1.744402e-01 8.096768e-02 3.863006e-02 4.552353e-02 4.359288e-02 4.535083e-02 -1.214152e-02 1.343895e-02
3.987500e+03 2.512500e+03 1.200000e+03 1.640916e-02 8.096768e-02 -1.082649e-03 4.552353e-02 1.101158e-01 4.535083e-02 1.965316e-02 1.343895e-02
4.087500e+03 2.512500e+03 1.200000e+03 -6.299134e-03 8.096768e-02 -8.816253e-02 4.552353e-02 2.980734e-02 4.535083e-02 1.202717e-03 1.343895e-02
4.187500e+03 2.512500e+03 1.200000e+03 -1.261815e-02 8.096768e-02 -4.885163e-02 4.552353e-02 3.539786e-02 4.535083e-02 1.761518e-02 1.343895e-02
4.287500e+03 2.512500e+03 1.200000e+03 2.814415e-01 8.096768e-02 -2.317723e-02 4.552353e-02 2.335983e-02 4.535083e-02 3.619067e-02 1.343895e-02
4.387500e+03 2.512500e+03 1.200000e+03 1.918788e-01 8.096768e-02 -3.339701e-02 4.552353e-02 -1.898403e-03 4.535083e-02 1.501865e-02 1.343895e-02
4.487500e+03 2.512500e+03 1.200000e+03 1.251021e-01 8.096768e-02 -7.962030e-02 4.552353e-02 1.947299e-02 4.535083e-02 -5.730301e-02 1.343895e-02
4.587500e+03 2.512500e+03 1.175000e+03 1.483508e-01 8.096768e-02 -7.034230e-02 4.552353e-02 3.918368e-02 4.535083e-02 -5.338600e-03 1.343895e-02
4.687500e+03 2.512500e+03 1.175000e+03 1.703592e-01 8.096768e-02 -5.177917e-02 4.552353e-02 -1.105691e-02 4.535083e-02 -3.227138e-02 1.343895e-02
4.787500e+03 2.512500e+03 1.150000e+03 2.329972e-02 8.096768e-02 -1.246414e-03 4.552353e-02 6.513632e-02 4.535083e-02 -3.167601e-02 1.343895e-02
4.887500e+03 2.512500e+03 1.150000e+03 2.714500e-03 8.096768e-02 2.372191e-02 4.552353e-02 -3.346177e-02 4.535083e-02 -3.375100e-03 1.343895e-02
4.987500e+03 2.512500e+03 1.150000e+03 -1.441065e-01 8.096768e-02 1.558226e-01 4.552353e-02 -1.145413e-01 4.535083e-02 1.207196e-02 1.343895e-02
5.087500e+03 2.512500e+03 1.175000e+03 -1.420602e-01 8.096768e-02 5.772808e-02 4.552353e-02 -2.408477e-02 4.535083e-02 -1.175556e-02 1.343895e-02
5.187500e+03 2.512500e+03 1.175000e+03 -6.638972e-02 8.096768e-02 -4.827377e-02 4.552353e-02 -6.284075e-02 4.535083e-02 1.290999e-03 1.343895e-02
5.287500e+03 2.512500e+03 1.200000e+03 -2.427894e-01 8.096768e-02 -4.284523e-02 4.552353e-02 -1.321954e-01 4.535083e-02 5.369473e-02 1.343895e-02
5.387500e+03 2.512500e+03 1.200000e+03 8.866986e-02 8.096768e-02 -4.348571e-02 4.552353e-02 -4.936329e-02 4.535083e-02 1.203758e-02 1.343895e-02
5.487500e+03 2.512500e+03 1.200000e+03 2.760861e-02 8.096768e-02 1.433520e-02 4.552353e-02 -1.083412e-01 4.535083e-02 4.387601e-02 1.343895e-02
5.587500e+03 2.512500e+03 1.225000e+03 1.307309e-02 8.096768e-02 1.925542e-02 4.552353e-02 -6.085938e-02 4.535083e-02 4.381475e-03 1.343895e-02
5.687500e+03 2.512500e+03 1.225000e+03 1.275469e-01 8.096768e-02 -4.252695e-02 4.552353e-02 -2.407716e-02 4.535083e-02 -3.388659e-02 1.343895e-02
5.787500e+03 2.512500e+03 1.250000e+03 1.285763e-01 8.096768e-02 4.453640e-02 4.552353e-02 -3.621778e-02 4.535083e-02 3.581163e-02 1.343895e-02
5.887500e+03 2.512500e+03 1.225000e+03 -1.034589e-01 8.096768e-02 -4.054239e-02 4.552353e-02 4.487547e-02 4.535083e-02 -4.373586e-02 1.343895e-02
5.987500e+03 2.512500e+03 1.225000e+03 -3.996435e-02 8.096768e-02 -2.925232e-02 4.552353e-02 3.263540e-02 4.535083e-02 -1.940844e-02 1.343895e-02
6.087500e+03 2.512500e+03 1.225000e+03 -1.067956e-01 8.096768e-02 1.720567e-02 4.552353e-02 7.152003e-02 4.535083e-02 -1.873564e-02 1.343895e-02
6.187500e+03 2.512500e+03 1.225000e+03 -8.027307e-02 8.096768e-02 -6.723256e-02 4.552353e-02 -2.838933e-02 4.535083e-02 -2.241056e-02 1.343895e-02
6.287500e+03 2.512500e+03 1.250000e+03 -3.826114e-02 8.096768e-02 -1.069816e-01 4.552353e-02 -3.338795e-02 4.535083e-02 2.370509e-02 1.343895e-02
6.387500e+03 2.512500e+03 1.250000e+03 -1.244845e-01 8.096768e-02 -2.402715e-02 4.552353e-02 -3.004504e-02 4.535083e-02 -1.930305e-02 1.343895e-02
6.487500e+03 2.512500e+03 1.250000e+03 -2.471968e-01 8.096768e-02 -8.364725e-03 4.552353e-02 -8.526842e-02 4.535083e-02 9.130445e-03 1.343895e-02
6.587500e+03 2.512500e+03 1.250000e+03 -2.989563e-01 8.096768e-02 2.244367e-02 4.552353e-02 -4.392625e-02 4.535083e-02 -9.647303e-03 1.343895e-02
6.687500e+03 2.512500e+03 1.250000e+03 -2.343009e-01 8.096768e-02 5.688831e-02 4.552353e-02 -7.286710e-02 4.535083e-02 2.239423e-04 1.343895e-02
6.787500e+03 2.512500e+03 1.250000e+03 -1.927117e-01 8.096768e-02 1.232679e-01 4.552353e-02 -3.695333e-02 4.535083e-02 1.885139e-02 1.343895e-02
6.887500e+03 2.512500e+03 1.250000e+03 -4.019446e-01 8.096768e-02 2.209833e-01 4.552353e-02 -2.576079e-02 4.535083e-02 -2.221333e-02 1.343895e-02
6.987500e+03 2.512500e+03 1.250000e+03 -1.305622e-01 8.096768e-02 3.574479e-01 4.552353e-02 -6.347221e-02 4.535083e-02 4.653693e-02 1.343895e-02
3.487500e+03 2.612500e+03 1.225000e+03 6.766222e-02 8.096768e-02 -1.660500e-01 4.552353e-02 3.393229e-02 4.535083e-02 1.548427e-02 1.343895e-02
3.587500e+03 2.612500e+03 1.225000e+03 -1.387160e-01 8.096768e-02 -4.401540e-02 4.552353e-02 1.634852e-02 4.535083e-02 -1.008232e-02 1.343895e-02
3.687500e+03 2.612500e+03 1.225000e+03 -9.146773e-02 8.096768e-02 -4.054472e-03 4.552353e-02 3.760573e-02 4.535083e-02 -8.126155e-03 1.343895e-02
3.787500e+03 2.612500e+03 1.225000e+03 8.913602e-03 8.096768e-02 1.582277e-01 4.552353e-02 8.508325e-02 4.535083e-02 -3.051318e-02 1.343895e-02
3.887500e+03 2.612500e+03 1.200000e+03 1.732082e-03 8.096768e-02 1.206975e-01 4.552353e-02 -1.158777e-03 4.535083e-02 -1.249441e-02 1.343895e-02
3.987500e+03 2.612500e+03 1.200000e+03 5.255407e-03 8.096768e-02 2.377284e-02 4.552353e-02 5.697735e-02 4.535083e-02 -1.506310e-02 1.343895e-02
4.087500e+03 2.612500e+03 1.200000e+03 -8.734538e-02 8.096768e-02 7.220097e-02 4.552353e-02 3.292974e-02 4.535083e-02 -2.972745e-02 1.343895e-02
4.187500e+03 2.612500e+03 1.175000e+03 7.527469e-02 8.096768e-02 -1.969061e-02 4.552353e-02 2.023551e-02 4.535083e-02 -1.207431e-02 1.343895e-02
4.287500e+03 2.612500e+03 1.175000e+03 2.264498e-02 8.096768e-02 1.439762e-02 4.552353e-02 5.280369e-02 4.535083e-02 1.108515e-02 1.343895e-02
4.387500e+03 2.612500e+03 1.175000e+03 1.592085e-01 8.096768e-02 -7.530044e-02 4.552353e-02 -6.934802e-03 4.535083e-02 5.673676e-03 1.343895e-02
4.487500e+03 2.612500e+03 1.175000e+03 1.624979e-01 8.096768e-02 -7.683062e-02 4.552353e-02 7.596826e-02 4.535083e-02 1.348423e-02 1.343895e-02
4.587500e+03 2.612500e+03 1.175000e+03 7.884201e-02 8.096768e-02 -7.365611e-02 4.552353e-02 1.722079e-01 4.535083e-02 -1.567088e-02 1.343895e-02
4.687500e+03 2.612500e+03 1.150000e+03 1.277464e-01 8.096768e-02 -1.150827e-01 4.552353e-02 3.259453e-02 4.535083e-02 -2.517651e-02 1.343895e-02
4.787500e+03 2.612500e+03 1.150000e+03 -4.379754e-02 8.096768e-02 -4.620043e-02 4.552353e-02 -7.232806e-03 4.535083e-02 3.007666e-03 1.343895e-02
4.887500e+03 2.612500e+03 1.175000e+03 -1.440359e-01 8.096768e-02 -7.857461e-02 4.552353e-02 1.581365e-02 4.535083e-02 8.377217e-04 1.343895e-02
4.987500e+03 2.612500e+03 1.175000e+03 -1.964383e-02 8.096768e-02 3.533995e-03 4.552353e-02 -5.741140e-02 4.535083e-02 -5.741097e-03 1.343895e-02
5.087500e+03 2.612500e+03 1.175000e+03 -2.002060e-01 8.096768e-02 9.441326e-02 4.552353e-02 -3.475604e-02 4.535083e-02 5.460291e-03 1.343895e-02
5.187500e+03 2.612500e+03 1.175000e+03 4.145136e-02 8.096768e-02 6.931157e-02 4.552353e-02 -1.043731e-01 4.535083e-02 2.623292e-02 1.343895e-02
5.287500e+03 2.612500e+03 1.200000e+03 8.620022e-02 8.096768e-02 -1.439977e-02 4.552353e-02 -6.115723e-02 4.535083e-02 7.353307e-02 1.343895e-02
5.387500e+03 2.612500e+03 1.200000e+03 8.678711e-02 8.096768e-02 2.314541e-02 4.552353e-02 -2.278370e-02 4.535083e-02 7.179422e-03 1.343895e-02
5.487500e+03 2.612500e+03 1.200000e+03 1.082217e-01 8.096768e-02 7.975006e-02 4.552353e-02 -6.164993e-02 4.535083e-02 3.804125e-02 1.343895e-02
5.587500e+03 2.612500e+03 1.225000e+03 8.608920e-02 8.096768e-02 1.980990e-02 4.552353e-02 -8.607012e-02 4.535083e-02 1.523250e-02 1.343895e-02
5.687500e+03 2.612500e+03 1.225000e+03 1.547676e-01 8.096768e-02 -3.539066e-02 4.552353e-02 -5.431135e-02 4.535083e-02 -1.257625e-04 1.343895e-02
5.787500e+03 2.612500e+03 1.250000e+03 8.529392e-02 8.096768e-02 -7.468254e-02 4.552353e-02 -2.017107e-01 4.535083e-02 7.629835e-02 1.343895e-02
5.887500e+03 2.612500e+03 1.250000e+03 9.298757e-02 8.096768e-02 -1.985426e-02 4.552353e-02 2.063276e-02 4.535083e-02 -3.292403e-02 1.343895e-02
5.987500e+03 2.612500e+03 1.225000e+03 9.885699e-02 8.096768e-02 5.556666e-03 4.552353e-02 5.240438e-02 4.535083e-02 -9.050781e-02 1.343895e-02
6.087500e+03 2.612500e+03 1.225000e+03 -9.075332e-03 8.096768e-02 2.250419e-02 4.552353e-02 -7.291039e-02 4.535083e-02 -4.052686e-02 1.343895e-02
6.187500e+03 2.612500e+03 1.225000e+03 5.741696e-02 8.096768e-02 -9.970664e-02 4.552353e-02 -6.271741e-02 4.535083e-02 -4.968386e-02 1.343895e-02
6.287500e+03 2.612500e+03 1.250000e+03 -1.208720e-02 8.096768e-02 -6.779265e-02 4.552353e-02 -1.316711e-01 4.535083e-02 7.009366e-02 1.343895e-02
6.387500e+03 2.612500e+03 1.250000e+03 -6.768567e-02 8.096768e-02 1.370372e-02 4.552353e-02 -1.304876e-01 4.535083e-02 -1.325641e-02 1.343895e-02
6.487500e+03 2.612500e+03 1.250000e+03 -2.738916e-01 8.096768e-02 1.099154e-01 4.552353e-02 -3.192160e-02 4.535083e-02 8.007966e-03 1.343895e-02
6.587500e+03 2.612500e+03 1.250000e+03 -2.467166e-01 8.096768e-02 2.053279e-01 4.552353e-02 -1.044505e-01 4.535083e-02 9.274935e-03 1.343895e-02
6.687500e+03 2.612500e+03 1.275000e+03 -1.672884e-01 8.096768e-02 1.570031e-01 4.552353e-02 4.103474e-02 4.535083e-02 3.279990e-02 1.343895e-02
6.787500e+03 2.612500e+03 1.250000e+03 -1.498252e-01 8.096768e-02 2.878192e-01 4.552353e-02 3.661959e-02 4.535083e-02 6.136768e-03 1.343895e-02
6.887500e+03 2.612500e+03 1.250000e+03 1.511478e-01 8.096768e-02 2.653077e-01 4.552353e-02 6.787393e-02 4.535083e-02 6.924424e-02 1.343895e-02
6.987500e+03 2.612500e+03 1.250000e+03 4.752110e-01 8.096768e-02 2.139415e-01 4.552353e-02 -5.163380e-02 4.535083e-02 2.344114e-02 1.343895e-02
3.487500e+03 2.712500e+03 1.225000e+03 9.645059e-02 8.096768e-02 -2.006849e-01 4.552353e-02 4.524294e-02 4.535083e-02 3.437842e-02 1.343895e-02
3.587500e+03 2.712500e+03 1.225000e+03 -4.695632e-02 8.096768e-02 -9.879061e-02 4.552353e-02 4.865696e-03 4.535083e-02 2.998677e-02 1.343895e-02
3.687500e+03 2.712500e+03 1.225000e+03 6.926789e-02 8.096768e-02 3.975483e-02 4.552353e-02 5.161447e-02 4.535083e-02 5.547108e-03 1.343895e-02
3.787500e+03 2.712500e+03 1.225000e+03 3.994442e-03 8.096768e-02 -5.696232e-02 4.552353e-02 1.095319e-01 4.535083e-02 2.647744e-03 1.343895e-02
3.887500e+03 2.712500e+03 1.225000e+03 6.408882e-02 8.096768e-02 -6.363731e-03 4.552353e-02 2.027608e-02 4.535083e-02 -2.574667e-03 1.343895e-02
3.987500e+03 2.712500e+03 1.225000e+03 -5.497859e-03 8.096768e-02 -1.792364e-02 4.552353e-02 1.296480e-01 4.535083e-02 -1.116098e-03 1.343895e-02
4.087500e+03 2.712500e+03 1.200000e+03 -4.338176e-02 8.096768e-02 1.901720e-02 4.552353e-02 9.823139e-02 4.535083e-02 -1.655872e-02 1.343895e-02
4.187500e+03 2.712500e+03 1.200000e+03 -2.322389e-02 8.096768e-02 3.066414e-02 4.552353e-02 1.280687e-01 4.535083e-02 -4.491063e-02 1.343895e-02
4.287500e+03 2.712500e+03 1.175000e+03 -3.201266e-02 8.096768e-02 1.199739e-01 4.552353e-02 1.641347e-02 4.535083e-02 -7.607523e-03 1.343895e-02
4.387500e+03 2.712500e+03 1.175000e+03 5.086541e-02 8.096768e-02 7.618200e-03 4.552353e-02 -4.451984e-02 4.535083e-02 3.297165e-02 1.343895e-02
4.487500e+03 2.712500e+03 1.175000e+03 -1.908343e-01 8.096768e-02 1.037961e-03 4.552353e-02 -5.328299e-02 4.535083e-02 2.081966e-03 1.343895e-02
4.587500e+03 2.712500e+03 1.175000e+03 -1.274632e-01 8.096768e-02 4.932552e-02 4.552353e-02 2.891554e-02 4.535083e-02 -3.431333e-02 1.343895e-02
4.687500e+03 2.712500e+03 1.150000e+03 5.006944e-02 8.096768e-02 -3.305036e-02 4.552353e-02 1.398741e-01 4.535083e-02 -1.013085e-02 1.343895e-02
4.787500e+03 2.712500e+03 1.150000e+03 1.255464e-01 8.096768e-02 -1.073228e-01 4.552353e-02 -1.537500e-01 4.535083e-02 7.216596e-03 1.343895e-02
4.887500e+03 2.712500e+03 1.175000e+03 1.546980e-01 8.096768e-02 -5.688911e-02 4.552353e-02 -6.351561e-02 4.535083e-02 1.988320e-02 1.343895e-02
4.987500e+03 2.712500e+03 1.175000e+03 -1.519604e-01 8.096768e-02 4.183045e-02 4.552353e-02 -8.176914e-02 4.535083e-02 3.417637e-02 1.343895e-02
5.087500e+03 2.712500e+03 1.200000e+03 1.955326e-02 8.096768e-02 9.790902e-02 4.552353e-02 -5.626707e-02 4.535083e-02 -8.570365e-03 1.343895e-02
5.187500e+03 2.712500e+03 1.200000e+03 -5.023945e-02 8.096768e-02 1.548435e-01 4.552353e-02 -1.273018e-03 4.535083e-02 -1.843839e-02 1.343895e-02
5.287500e+03 2.712500e+03 1.175000e+03 -1.464197e-01 8.096768e-02 1.555391e-01 4.552353e-02 -3.303307e-02 4.535083e-02 1.448607e-02 1.343895e-02
5.387500e+03 2.712500e+03 1.200000e+03 1.690990e-01 8.096768e-02 -7.734701e-02 4.552353e-02 -6.477981e-02 4.535083e-02 7.137069e-03 1.343895e-02
5.487500e+03 2.712500e+03 1.200000e+03 1.856739e-01 8.096768e-02 -3.680036e-02 4.552353e-02 -8.593624e-02 4.535083e-02 9.836591e-03 1.343895e-02
5.587500e+03 2.712500e+03 1.225000e+03 -1.310600e-02 8.096768e-02 -7.850704e-02 4.552353e-02 -3.751727e-02 4.535083e-02 1.029967e-02 1.343895e-02
5.687500e+03 2.712500e+03 1.225000e+03 6.261707e-03 8.096768e-02 -3.718818e-02 4.552353e-02 -1.445121e-01 4.535083e-02 -4.411907e-02 1.343895e-02
5.787500e+03 2.712500e+03 1.225000e+03 1.816135e-01 8.096768e-02 -2.169678e-01 4.552353e-02 -1.557475e-01 4.535083e-02 4.092555e-02 1.343895e-02
5.887500e+03 2.712500e+03 1.250000e+03 5.833663e-02 8.096768e-02 -2.825448e-02 4.552353e-02 -4.880937e-02 4.535083e-02 -1.281972e-02 1.343895e-02
5.987500e+03 2.712500e+03 1.250000e+03 -2.261235e-01 8.096768e-02 4.147657e-02 4.552353e-02 -2.586193e-02 4.535083e-02 -5.017711e-02 1.343895e-02
6.087500e+03 2.712500e+03 1.250000e+03 -2.524609e-01 8.096768e-02 1.127364e-01 4.552353e-02 -1.733079e-02 4.535083e-02 -6.028017e-02 1.343895e-02
6.187500e+03 2.712500e+03 1.225000e+03 -2.056192e-01 8.096768e-02 1.777527e-01 4.552353e-02 -8.900567e-02 4.535083e-02 3.176248e-02 1.343895e-02
6.287500e+03 2.712500e+03 1.225000e+03 -2.492773e-01 8.096768e-02 2.283690e-01 4.552353e-02 -1.359157e-01 4.535083e-02 9.014396e-02 1.343895e-02
6.387500e+03 2.712500e+03 1.250000e+03 -7.114751e-02 8.096768e-02 2.220488e-01 4.552353e-02 -4.036442e-02 4.535083e-02 6.523146e-02 1.343895e-02
6.487500e+03 2.712500e+03 1.250000e+03 1.054233e-01 8.096768e-02 2.033502e-01 4.552353e-02 -3.227661e-02 4.535083e-02 5.579121e-02 1.343895e-02
6.587500e+03 2.712500e+03 1.275000e+03 2.385914e-01 8.096768e-02 9.285274e-02 4.552353e-02 -4.207508e-02 4.535083e-02 1.311056e-01 1.343895e-02
6.687500e+03 2.712500e+03 1.275000e+03 3.516804e-01 8.096768e-02 1.680181e-01 4.552353e-02 -1.795707e-02 4.535083e-02 3.800776e-02 1.343895e-02
6.787500e+03 2.712500e+03 1.275000e+03 1.984054e-01 8.096768e-02 2.649872e-01 4.552353e-02 5.111510e-02 4.535083e-02 4.632073e-02 1.343895e-02
6.887500e+03 2.712500e+03 1.250000e+03 6.008956e-01 8.096768e-02 4.089979e-02 4.552353e-02 3.584327e-01 4.535083e-02 -8.373817e-02 1.343895e-02
6.987500e+03 2.712500e+03 1.250000e+03 7.723124e-01 8.096768e-02 -1.760704e-01 4.552353e-02 1.264490e-01 4.535083e-02 8.159172e-03 1.343895e-02
3.487500e+03 2.812500e+03 1.200000e+03 6.084948e-02 8.096768e-02 1.872756e-02 4.552353e-02 -8.964634e-02 4.535083e-02 1.985526e-02 1.343895e-02
3.587500e+03 2.812500e+03 1.225000e+03 -2.352868e-02 8.096768e-02 1.214150e-01 4.552353e-02 -1.874016e-02 4.535083e-02 2.185577e-02 1.343895e-02
3.687500e+03 2.812500e+03 1.225000e+03 -1.655453e-01 8.096768e-02 4.372819e-02 4.552353e-02 -1.073900e-02 4.535083e-02 1.123868e-03 1.343895e-02
3.787500e+03 2.812500e+03 1.200000e+03 3.778378e-02 8.096768e-02 2.451169e-02 4.552353e-02 6.411502e-02 4.535083e-02 -5.010168e-02 1.343895e-02
3.887500e+03 2.812500e+03 1.200000e+03 -2.472814e-02 8.096768e-02 -8.556154e-02 4.552353e-02 1.093414e-01 4.535083e-02 4.906530e-03 1.343895e-02
3.987500e+03 2.812500e+03 1.200000e+03 7.065614e-02 8.096768e-02 2.181377e-02 4.552353e-02 8.848669e-02 4.535083e-02 -9.738603e-03 1.343895e-02
4.087500e+03 2.812500e+03 1.200000e+03 -1.748466e-01 8.096768e-02 3.544731e-02 4.552353e-02 -2.946040e-02 4.535083e-02 -1.835018e-02 1.343895e-02
4.187500e+03 2.812500e+03 1.175000e+03 -4.216847e-03 8.096768e-02 1.341261e-01 4.552353e-02 1.262103e-01 4.535083e-02 -3.717419e-02 1.343895e-02
4.287500e+03 2.812500e+03 1.200000e+03 -7.636217e-02 8.096768e-02 1.009564e-01 4.552353e-02 -2.480927e-02 4.535083e-02 1.509860e-02 1.343895e-02
4.387500e+03 2.812500e+03 1.200000e+03 -2.027033e-01 8.096768e-02 6.099238e-02 4.552353e-02 1.171078e-01 4.535083e-02 -2.182611e-02 1.343895e-02
4.487500e+03 2.812500e+03 1.200000e+03 3.850140e-02 8.096768e-02 1.551147e-01 4.552353e-02 5.789789e-02 4.535083e-02 9.916201e-03 1.343895e-02
4.587500e+03 2.812500e+03 1.175000e+03 4.158436e-02 8.096768e-02 4.127957e-03 4.552353e-02 1.388425e-01 4.535083e-02 -3.227051e-02 1.343895e-02
4.687500e+03 2.812500e+03 1.150000e+03 1.140943e-02 8.096768e-02 -7.193067e-03 4.552353e-02 3.546316e-02 4.535083e-02 -6.483134e-03 1.343895e-02
4.787500e+03 2.812500e+03 1.150000e+03 -7.809535e-02 8.096768e-02 -9.473709e-03 4.552353e-02 -3.937243e-02 4.535083e-02 1.941639e-02 1.343895e-02
4.887500e+03 2.812500e+03 1.175000e+03 -1.520843e-01 8.096768e-02 4.007786e-02 4.552353e-02 -9.394885e-02 4.535083e-02 4.145754e-02 1.343895e-02
4.987500e+03 2.812500e+03 1.200000e+03 -6.804275e-02 8.096768e-02 -2.635509e-03 4.552353e-02 -1.089095e-01 4.535083e-02 7.918836e-02 1.343895e-02
5.087500e+03 2.812500e+03 1.200000e+03 -7.705368e-02 8.096768e-02 -5.220649e-02 4.552353e-02 -1.410159e-01 4.535083e-02 -1.883699e-02 1.343895e-02
5.187500e+03 2.812500e+03 1.200000e+03 4.257909e-02 8.096768e-02 2.298598e-02 4.552353e-02 8.602376e-02 4.535083e-02 2.857569e-02 1.343895e-02
5.287500e+03 2.812500e+03 1.200000e+03 6.212401e-02 8.096768e-02 -5.167747e-02 4.552353e-02 -3.015304e-02 4.535083e-02 -1.347583e-02 1.343895e-02
5.387500e+03 2.812500e+03 1.200000e+03 1.088995e-01 8.096768e-02 3.419788e-02 4.552353e-02 5.339402e-02 4.535083e-02 -3.238429e-02 1.343895e-02
5.487500e+03 2.812500e+03 1.200000e+03 1.817467e-01 8.096768e-02 -2.128361e-01 4.552353e-02 3.587467e-02 4.535083e-02 2.652425e-04 1.343895e-02
5.587500e+03 2.812500e+03 1.225000e+03 -3.046020e-02 8.096768e-02 -2.740399e-01 4.552353e-02 -7.038457e-02 4.535083e-02 1.938711e-02 1.343895e-02
5.687500e+03 2.812500e+03 1.225000e+03 -8.056267e-03 8.096768e-02 -1.061467e-01 4.552353e-02 -1.816827e-02 4.535083e-02 -2.649171e-02 1.343895e-02
5.787500e+03 2.812500e+03 1.225000e+03 -3.377524e-03 8.096768e-02 -1.244592e-01 4.552353e-02 -1.945693e-01 4.535083e-02 2.021774e-02 1.343895e-02
5.887500e+03 2.812500e+03 1.250000e+03 1.182010e-02 8.096768e-02 -1.353415e-01 4.552353e-02 -3.906506e-02 4.535083e-02 -2.708840e-02 1.343895e-02
5.987500e+03 2.812500e+03 1.250000e+03 8.655631e-02 8.096768e-02 -9.204217e-02 4.552353e-02 -4.565075e-02 4.535083e-02 3.809972e-02 1.343895e-02
6.087500e+03 2.812500e+03 1.250000e+03 -1.461607e-01 8.096768e-02 1.771008e-01 4.552353e-02 -9.703567e-02 4.535083e-02 3.323447e-02 1.343895e-02
6.187500e+03 2.812500e+03 1.250000e+03 -2.154109e-01 8.096768e-02 2.272434e-01 4.552353e-02 7.981456e-03 4.535083e-02 4.290698e-02 1.343895e-02
6.287500e+03 2.812500e+03 1.250000e+03 -1.066499e-01 8.096768e-02 3.771783e-01 4.552353e-02 -1.414466e-01 4.535083e-02 1.180282e-01 1.343895e-02
6.387500e+03 2.812500e+03 1.250000e+03 2.628015e-02 8.096768e-02 4.008794e-01 4.552353e-02 -4.239484e-02 4.535083e-02 9.015770e-02 1.343895e-02
6.487500e+03 2.812500e+03 1.250000e+03 5.322393e-01 8.096768e-02 5.470426e-02 4.552353e-02 1.300212e-01 4.535083e-02 2.908101e-02 1.343895e-02
6.587500e+03 2.812500e+03 1.250000e+03 9.678653e-01 8.096768e-02 -2.103763e-01 4.552353e-02 2.586744e-01 4.535083e-02 3.655173e-02 1.343895e-02
6.687500e+03 2.812500e+03 1.250000e+03 8.518261e-01 8.096768e-02 -3.928558e-01 4.552353e-02 2.072152e-02 4.535083e-02 8.029834e-02 1.343895e-02
6.787500e+03 2.812500e+03 1.275000e+03 6.620769e-01 8.096768e-02 -3.318425e-01 4.552353e-02 1.649451e-01 4.535083e-02 -2.805697e-02 1.343895e-02
6.887500e+03 2.812500e+03 1.275000e+03 5.367650e-01 8.096768e-02 -1.091986e-01 4.552353e-02 5.026508e-02 4.535083e-02 1.040015e-02 1.343895e-02
6.987500e+03 2.812500e+03 1.275000e+03 2.335561e-01 8.096768e-02 1.082392e-01 4.552353e-02 -8.778571e-03 4.535083e-02 -5.976645e-03 1.343895e-02
3.487500e+03 2.912500e+03 1.225000e+03 -1.639222e-01 8.096768e-02 1.430367e-02 4.552353e-02 -6.735076e-02 4.535083e-02 6.393283e-02 1.343895e-02
3.587500e+03 2.912500e+03 1.225000e+03 -5.230062e-02 8.096768e-02 6.502471e-02 4.552353e-02 -4.513928e-02 4.535083e-02 2.183967e-02 1.343895e-02
3.687500e+03 2.912500e+03 1.250000e+03 -1.246500e-01 8.096768e-02 1.086535e-01 4.552353e-02 1.303184e-02 4.535083e-02 -3.135544e-02 1.343895e-02
3.787500e+03 2.912500e+03 1.225000e+03 4.004503e-02 8.096768e-02 5.986067e-02 4.552353e-02 1.015538e-01 4.535083e-02 -2.637681e-03 1.343895e-02
3.887500e+03 2.912500e+03 1.225000e+03 -5.205487e-02 8.096768e-02 5.325387e-02 4.552353e-02 5.800037e-02 4.535083e-02 -5.186286e-02 1.343895e-02
3.987500e+03 2.912500e+03 1.225000e+03 4.372923e-02 8.096768e-02 1.362233e-02 4.552353e-02 4.337373e-02 4.535083e-02 2.601669e-02 1.343895e-02
4.087500e+03 2.912500e+03 1.200000e+03 -2.290023e-01 8.096768e-02 1.133636e-01 4.552353e-02 4.529145e-02 4.535083e-02 -1.767000e-02 1.343895e-02
4.187500e+03 2.912500e+03 1.200000e+03 -2.641308e-01 8.096768e-02 1.175955e-01 4.552353e-02 -2.807031e-02 4.535083e-02 1.415357e-02 1.343895e-02
4.287500e+03 2.912500e+03 1.225000e+03 -8.238457e-02 8.096768e-02 1.387503e-01 4.552353e-02 3.377406e-03 4.535083e-02 -2.927714e-02 1.343895e-02
4.387500e+03 2.912500e+03 1.200000e+03 -8.125911e-02 8.096768e-02 1.023590e-02 4.552353e-02 -2.830469e-02 4.535083e-02 7.221425e-04 1.343895e-02
4.487500e+03 2.912500e+03 1.200000e+03 7.423837e-02 8.096768e-02 6.518952e-02 4.552353e-02 1.991758e-01 4.535083e-02 -4.014946e-02 1.343895e-02
4.587500e+03 2.912500e+03 1.150000e+03 3.027583e-02 8.096768e-02 -8.951214e-02 4.552353e-02 1.087545e-01 4.535083e-02 -3.275263e-02 1.343895e-02
4.687500e+03 2.912500e+03 1.150000e+03 -3.569684e-02 8.096768e-02 -9.844798e-04 4.552353e-02 1.577263e-02 4.535083e-02 1.766778e-02 1.343895e-02
4.787500e+03 2.912500e+03 1.150000e+03 -7.538030e-02 8.096768e-02 5.756087e-02 4.552353e-02 -3.264367e-02 4.535083e-02 5.423868e-02 1.343895e-02
4.887500e+03 2.912500e+03 1.175000e+03 7.489888e-03 8.096768e-02 1.396767e-02 4.552353e-02 4.531357e-03 4.535083e-02 5.435880e-03 1.343895e-02
4.987500e+03 2.912500e+03 1.175000e+03 -2.190138e-02 8.096768e-02 2.342947e-02 4.552353e-02 -7.355200e-02 4.535083e-02 4.113125e-02 1.343895e-02
5.087500e+03 2.912500e+03 1.200000e+03 2.775708e-02 8.096768e-02 3.632936e-02 4.552353e-02 6.027497e-03 4.535083e-02 6.355912e-02 1.343895e-02
5.187500e+03 2.912500e+03 1.200000e+03 -2.900386e-02 8.096768e-02 2.215021e-02 4.552353e-02 9.204267e-02 4.535083e-02 7.425125e-03 1.343895e-02
5.287500e+03 2.912500e+03 1.200000e+03 1.206954e-01 8.096768e-02 -5.529963e-02 4.552353e-02 1.022119e-01 4.535083e-02 -1.586187e-02 1.343895e-02
5.387500e+03 2.912500e+03 1.200000e+03 -6.651574e-02 8.096768e-02 -1.363046e-02 4.552353e-02 6.743464e-02 4.535083e-02 -6.413324e-02 1.343895e-02
5.487500e+03 2.912500e+03 1.200000e+03 -2.060353e-02 8.096768e-02 -2.194619e-02 4.552353e-02 -5.901618e-02 4.535083e-02 -4.199218e-02 1.343895e-02
5.587500e+03 2.912500e+03 1.200000e+03 -1.680956e-01 8.096768e-02 -5.642109e-02 4.552353e-02 -1.433591e-01 4.535083e-02 -2.357608e-02 1.343895e-02
5.687500e+03 2.912500e+03 1.200000e+03 -1.552456e-01 8.096768e-02 6.569182e-05 4.552353e-02 -1.309108e-01 4.535083e-02 2.166411e-02 1.343895e-02
5.787500e+03 2.912500e+03 1.200000e+03 -6.399716e-02 8.096768e-02 9.363274e-02 4.552353e-02 -2.058036e-01 4.535083e-02 9.092167e-03 1.343895e-02
5.887500e+03 2.912500e+03 1.225000e+03 -1.171666e-01 8.096768e-02 1.064875e-01 4.552353e-02 -1.881266e-01 4.535083e-02 3.100300e-02 1.343895e-02
5.987500e+03 2.912500e+03 1.225000e+03 -2.138243e-01 8.096768e-02 2.482508e-01 4.552353e-02 -1.304869e-01 4.535083e-02 7.965634e-02 1.343895e-02
6.087500e+03 2.912500e+03 1.250000e+03 2.159989e-01 8.096768e-02 1.029422e-01 4.552353e-02 -7.652016e-02 4.535083e-02 4.712424e-02 1.343895e-02
6.187500e+03 2.912500e+03 1.250000e+03 1.501223e-01 8.096768e-02 2.752752e-01 4.552353e-02 -4.040988e-02 4.535083e-02 8.616533e-02 1.343895e-02
6.287500e+03 2.912500e+03 1.250000e+03 2.656772e-01 8.096768e-02 1.275495e-01 4.552353e-02 8.109968e-02 4.535083e-02 6.728123e-02 1.343895e-02
6.387500e+03 2.912500e+03 1.250000e+03 3.958455e-01 8.096768e-02 9.481650e-02 4.552353e-02 4.007097e-01 4.535083e-02 -6.761030e-02 1.343895e-02
6.487500e+03 2.912500e+03 1.250000e+03 3.118009e-01 8.096768e-02 2.982122e-02 4.552353e-02 1.515271e-01 4.535083e-02 -2.403780e-03 1.343895e-02
6.587500e+03 2.912500e+03 1.250000e+03 3.335084e-01 8.096768e-02 -5.997261e-02 4.552353e-02 5.511942e-02 4.535083e-02 1.124547e-02 1.343895e-02
6.687500e+03 2.912500e+03 1.250000e+03 2.627927e-01 8.096768e-02 -2.992275e-02 4.552353e-02 6.280806e-02 4.535083e-02 3.455621e-02 1.343895e-02
6.787500e+03 2.912500e+03 1.275000e+03 3.164734e-01 8.096768e-02 7.036347e-03 4.552353e-02 7.864773e-02 4.535083e-02 3.677755e-02 1.343895e-02
6.887500e+03 2.912500e+03 1.275000e+03 1.266045e-01 8.096768e-02 9.105275e-02 4.552353e-02 -4.217069e-02 4.535083e-02 1.352829e-02 1.343895e-02
6.987500e+03 2.912500e+03 1.275000e+03 2.066278e-01 8.096768e-02 2.516379e-02 4.552353e-02 -1.544010e-02 4.535083e-02 3.550241e-02 1.343895e-02
3.487500e+03 3.012500e+03 1.225000e+03 -1.009292e-01 8.096768e-02 3.411902e-03 4.552353e-02 -1.256621e-01 4.535083e-02 5.714934e-03 1.343895e-02
3.587500e+03 3.012500e+03 1.225000e+03 -9.059566e-03 8.096768e-02 -2.312689e-02 4.552353e-02 -2.322518e-02 4.535083e-02 -1.991569e-02 1.343895e-02
3.687500e+03 3.012500e+03 1.225000e+03 9.526755e-02 8.096768e-02 -1.182239e-02 4.552353e-02 -2.535797e-02 4.535083e-02 -1.297178e-02 1.343895e-02
3.787500e+03 3.012500e+03 1.225000e+03 -1.654184e-01 8.096768e-02 1.833618e-02 4.552353e-02 -1.148686e-02 4.535083e-02 -2.053459e-02 1.343895e-02
3.887500e+03 3.012500e+03 1.225000e+03 1.473823e-01 8.096768e-02 8.220540e-02 4.552353e-02 5.451778e-02 4.535083e-02 1.955115e-02 1.343895e-02
3.987500e+03 3.012500e+03 1.225000e+03 -4.175578e-02 8.096768e-02 1.476267e-02 4.552353e-02 2.642596e-02 4.535083e-02 -1.367136e-02 1.343895e-02
4.087500e+03 3.012500e+03 1.225000e+03 -4.157991e-02 8.096768e-02 1.439309e-01 4.552353e-02 -2.494465e-02 4.535083e-02 7.938899e-03 1.343895e-02
4.187500e+03 3.012500e+03 1.225000e+03 -9.361180e-02 8.096768e-02 7.649767e-02 4.552353e-02 -1.136087e-02 4.535083e-02 2.204321e-02 1.343895e-02
4.287500e+03 3.012500e+03 1.225000e+03 -1.270734e-01 8.096768e-02 1.093899e-01 4.552353e-02 9.993458e-02 4.535083e-02 -1.660018e-02 1.343895e-02
4.387500e+03 3.012500e+03 1.225000e+03 2.977336e-03 8.096768e-02 7.062244e-02 4.552353e-02 2.507300e-02 4.535083e-02 -9.765697e-03 1.343895e-02
4.487500e+03 3.012500e+03 1.200000e+03 9.127255e-02 8.096768e-02 4.135768e-02 4.552353e-02 1.888444e-01 4.535083e-02 -2.844276e-02 1.343895e-02
4.587500e+03 3.012500e+03 1.150000e+03 -4.231408e-03 8.096768e-02 6.876940e-02 4.552353e-02 1.407653e-01 4.535083e-02 -5.650002e-02 1.343895e-02
4.687500e+03 3.012500e+03 1.150000e+03 -6.482699e-02 8.096768e-02 9.564969e-02 4.552353e-02 6.605265e-02 4.535083e-02 2.705250e-02 1.343895e-02
4.787500e+03 3.012500e+03 1.150000e+03 7.712571e-03 8.096768e-02 1.691712e-02 4.552353e-02 -9.306204e-02 4.535083e-02 1.264593e-02 1.343895e-02
4.887500e+03 3.012500e+03 1.175000e+03 7.398599e-02 8.096768e-02 4.650519e-02 4.552353e-02 -4.637370e-02 4.535083e-02 4.607281e-02 1.343895e-02
4.987500e+03 3.012500e+03 1.175000e+03 -9.105152e-02 8.096768e-02 1.911974e-02 4.552353e-02 3.399612e-02 4.535083e-02 4.015903e-02 1.343895e-02
5.087500e+03 3.012500e+03 1.200000e+03 1.035728e-01 8.096768e-02 1.739705e-02 4.552353e-02 2.772552e-02 4.535083e-02 4.016666e-02 1.343895e-02
5.187500e+03 3.012500e+03 1.200000e+03 -9.388941e-02 8.096768e-02 -2.651712e-02 4.552353e-02 7.928701e-02 4.535083e-02 -6.863719e-03 1.343895e-02
5.287500e+03 3.012500e+03 1.200000e+03 -1.574387e-02 8.096768e-02 3.636923e-02 4.552353e-02 2.370605e-02 4.535083e-02 -1.061286e-02 1.343895e-02
5.387500e+03 3.012500e+03 1.225000e+03 -9.970557e-02 8.096768e-02 6.381668e-02 4.552353e-02 6.248834e-04 4.535083e-02 -2.314406e-02 1.343895e-02
5.487500e+03 3.012500e+03 1.200000e+03 -1.072406e-01 8.096768e-02 7.976479e-02 4.552353e-02 -1.534040e-02 4.535083e-02 -3.457718e-02 1.343895e-02
5.587500e+03 3.012500e+03 1.200000e+03 -2.328937e-01 8.096768e-02 1.676087e-01 4.552353e-02 -1.206562e-01 4.535083e-02 4.528461e-03 1.343895e-02
5.687500e+03 3.012500e+03 1.200000e+03 -3.428337e-01 8.096768e-02 2.080416e-01 4.552353e-02 -1.703676e-01 4.535083e-02 1.778233e-02 1.343895e-02
5.787500e+03 3.012500e+03 1.225000e+03 -2.586195e-01 8.096768e-02 1.487132e-01 4.552353e-02 -2.021099e-01 4.535083e-02 3.571978e-02 1.343895e-02
5.887500e+03 3.012500e+03 1.225000e+03 5.591253e-02 8.096768e-02 2.657882e-01 4.552353e-02 -6.355964e-02 4.535083e-02 6.998010e-02 1.343895e-02
5.987500e+03 3.012500e+03 1.225000e+03 4.371137e-01 8.096768e-02 2.127055e-01 4.552353e-02 1.967233e-01 4.535083e-02 7.531527e-02 1.343895e-02
6.087500e+03 3.012500e+03 1.225000e+03 8.468024e-01 8.096768e-02 -1.010827e-01 4.552353e-02 2.816200e-01 4.535083e-02 -2.286069e-02 1.343895e-02
6.187500e+03 3.012500e+03 1.225000e+03 7.334156e-01 8.096768e-02 -2.257793e-01 4.552353e-02 4.456535e-02 4.535083e-02 9.009119e-02 1.343895e-02
6.287500e+03 3.012500e+03 1.250000e+03 5.094637e-01 8.096768e-02 -1.639116e-01 4.552353e-02 -2.809331e-02 4.535083e-02 7.286509e-02 1.343895e-02
6.387500e+03 3.012500e+03 1.275000e+03 2.534963e-01 8.096768e-02 -1.947213e-01 4.552353e-02 9.338010e-02 4.535083e-02 1.559153e-02 1.343895e-02
6.487500e+03 3.012500e+03 1.275000e+03 2.780930e-01 8.096768e-02 3.995845e-02 4.552353e-02 1.012803e-01 4.535083e-02 2.697655e-02 1.343895e-02
6.587500e+03 3.012500e+03 1.275000e+03 1.081647e-01 8.096768e-02 6.971394e-02 4.552353e-02 -1.899335e-02 4.535083e-02 3.215634e-02 1.343895e-02
6.687500e+03 3.012500e+03 1.275000e+03 4.388539e-02 8.096768e-02 6.445733e-02 4.552353e-02 1.448366e-02 4.535083e-02 2.693317e-02 1.343895e-02
6.787500e+03 3.012500e+03 1.250000e+03 2.167730e-01 8.096768e-02 8.510915e-02 4.552353e-02 -7.477344e-02 4.535083e-02 6.326525e-02 1.343895e-02
6.887500e+03 3.012500e+03 1.300000e+03 1.587930e-01 8.096768e-02 6.495139e-02 4.552353e-02 -2.567888e-02 4.535083e-02 4.146086e-02 1.343895e-02
6.987500e+03 3.012500e+03 1.275000e+03 8.110197e-02 8.096768e-02 8.671684e-02 4.552353e-02 3.957885e-02 4.535083e-02 8.182212e-03 1.343895e-02
3.487500e+03 3.112500e+03 1.225000e+03 1.396767e-01 8.096768e-02 6.379166e-03 4.552353e-02 -8.865713e-02 4.535083e-02 -7.911411e-03 1.343895e-02
3.587500e+03 3.112500e+03 1.250000e+03 -6.107907e-02 8.096768e-02 3.733681e-02 4.552353e-02 2.311224e-02 4.535083e-02 -5.208913e-02 1.343895e-02
3.687500e+03 3.112500e+03 1.225000e+03 5.727155e-02 8.096768e-02 4.288255e-02 4.552353e-02 5.275444e-02 4.535083e-02 -4.078089e-02 1.343895e-02
3.787500e+03 3.112500e+03 1.225000e+03 -1.199076e-02 8.096768e-02 -3.808471e-02 4.552353e-02 2.520991e-02 4.535083e-02 -3.926038e-02 1.343895e-02
3.887500e+03 3.112500e+03 1.225000e+03 5.691087e-03 8.096768e-02 -6.734575e-02 4.552353e-02 -1.293014e-01 4.535083e-02 5.967799e-03 1.343895e-02
3.987500e+03 3.112500e+03 1.250000e+03 8.031506e-02 8.096768e-02 6.811106e-02 4.552353e-02 -6.799731e-02 4.535083e-02 7.498030e-03 1.343895e-02
4.087500e+03 3.112500e+03 1.225000e+03 -1.394075e-03 8.096768e-02 1.360267e-01 4.552353e-02 -4.327426e-02 4.535083e-02 5.563040e-02 1.343895e-02
4.187500e+03 3.112500e+03 1.250000e+03 -1.152418e-01 8.096768e-02 2.010469e-02 4.552353e-02 7.330647e-02 4.535083e-02 -1.846028e-02 1.343895e-02
4.287500e+03 3.112500e+03 1.225000e+03 -2.412855e-04 8.096768e-02 -1.642953e-03 4.552353e-02 9.103086e-03 4.535083e-02 2.410165e-02 1.343895e-02
4.387500e+03 3.112500e+03 1.225000e+03 8.928787e-03 8.096768e-02 -1.513666e-01 4.552353e-02 2.038042e-01 4.535083e-02 -1.708740e-02 1.343895e-02
4.487500e+03 3.112500e+03 1.200000e+03 2.880789e-01 8.096768e-02 -5.147249e-02 4.552353e-02 1.056327e-01 4.535083e-02 -9.355465e-03 1.343895e-02
4.587500e+03 3.112500e+03 1.175000e+03 3.783728e-02 8.096768e-02 2.704039e-02 4.552353e-02 1.730467e-01 4.535083e-02 -4.661586e-02 1.343895e-02
4.687500e+03 3.112500e+03 1.150000e+03 3.802455e-02 8.096768e-02 2.028968e-02 4.552353e-02 -2.768153e-02 4.535083e-02 -3.188117e-03 1.343895e-02
4.787500e+03 3.112500e+03 1.150000e+03 7.357757e-02 8.096768e-02 -2.193309e-02 4.552353e-02 -7.074407e-02 4.535083e-02 4.326481e-02 1.343895e-02
4.887500e+03 3.112500e+03 1.175000e+03 1.023802e-01 8.096768e-02 1.408864e-01 4.552353e-02 -1.120734e-01 4.535083e-02 2.692712e-02 1.343895e-02
4.987500e+03 3.112500e+03 1.175000e+03 -8.943851e-02 8.096768e-02 4.923470e-02 4.552353e-02 -7.288135e-02 4.535083e-02 6.540354e-02 1.343895e-02
5.087500e+03 3.112500e+03 1.200000e+03 7.642352e-02 8.096768e-02 -4.411144e-02 4.552353e-02 7.742030e-02 4.535083e-02 4.736414e-02 1.343895e-02
5.187500e+03 3.112500e+03 1.225000e+03 -2.522646e-01 8.096768e-02 1.230035e-01 4.552353e-02 9.282494e-02 4.535083e-02 -3.034316e-02 1.343895e-02
5.287500e+03 3.112500e+03 1.200000e+03 -2.349291e-01 8.096768e-02 1.035042e-01 4.552353e-02 -6.274806e-02 4.535083e-02 -5.105138e-02 1.343895e-02
5.387500e+03 3.112500e+03 1.225000e+03 -9.338788e-02 8.096768e-02 1.616883e-01 4.552353e-02 -1.382001e-01 4.535083e-02 3.424506e-03 1.343895e-02
5.487500e+03 3.112500e+03 1.225000e+03 -2.726477e-01 8.096768e-02 1.706890e-01 4.552353e-02 -4.737649e-02 4.535083e-02 -3.093422e-02 1.343895e-02
5.587500e+03 3.112500e+03 1.200000e+03 -2.081742e-01 8.096768e-02 3.011991e-01 4.552353e-02 -6.147305e-02 4.535083e-02 -3.075586e-05 1.343895e-02
5.687500e+03 3.112500e+03 1.200000e+03 -1.514203e-01 8.096768e-02 2.818638e-01 4.552353e-02 -1.669024e-01 4.535083e-02 6.004077e-02 1.343895e-02
5.787500e+03 3.112500e+03 1.225000e+03 1.125037e-01 8.096768e-02 1.991643e-01 4.552353e-02 -3.610871e-02 4.535083e-02 7.399842e-02 1.343895e-02
5.887500e+03 3.112500e+03 1.225000e+03 1.443201e-01 8.096768e-02 2.397017e-01 4.552353e-02 1.366369e-01 4.535083e-02 7.329559e-02 1.343895e-02
5.987500e+03 3.112500e+03 1.225000e+03 5.025236e-01 8.096768e-02 -2.328936e-01 4.552353e-02 2.095506e-01 4.535083e-02 1.248575e-02 1.343895e-02
6.087500e+03 3.112500e+03 1.250000e+03 1.997467e-01 8.096768e-02 3.633345e-02 4.552353e-02 1.853641e-01 4.535083e-02 -4.978093e-03 1.343895e-02
6.187500e+03 3.112500e+03 1.225000e+03 2.241114e-01 8.096768e-02 5.499632e-02 4.552353e-02 7.657541e-02 4.535083e-02 1.762504e-02 1.343895e-02
6.287500e+03 3.112500e+03 1.250000e+03 2.787470e-01 8.096768e-02 -3.046060e-02 4.552353e-02 9.559252e-03 4.535083e-02 3.895181e-02 1.343895e-02
6.387500e+03 3.112500e+03 1.275000e+03 2.850483e-01 8.096768e-02 -1.101613e-02 4.552353e-02 -1.874305e-02 4.535083e-02 1.000472e-01 1.343895e-02
6.487500e+03 3.112500e+03 1.300000e+03 2.070348e-03 8.096768e-02 6.321449e-02 4.552353e-02 9.638887e-03 4.535083e-02 2.463203e-02 1.343895e-02
6.587500e+03 3.112500e+03 1.300000e+03 8.019967e-02 8.096768e-02 1.508463e-01 4.552353e-02 5.148303e-02 4.535083e-02 3.935961e-02 1.343895e-02
6.687500e+03 3.112500e+03 1.275000e+03 -5.757905e-04 8.096768e-02 8.619315e-02 4.552353e-02 3.417728e-02 4.535083e-02 1.121471e-02 1.343895e-02
6.787500e+03 3.112500e+03 1.250000e+03 8.660292e-02 8.096768e-02 8.717954e-02 4.552353e-02 7.299800e-03 4.535083e-02 1.627638e-02 1.343895e-02
6.887500e+03 3.112500e+03 1.275000e+03 1.871292e-03 8.096768e-02 7.014519e-02 4.552353e-02 -4.895576e-02 4.535083e-02 5.604022e-02 1.343895e-02
6.987500e+03 3.112500e+03 1.300000e+03 8.786754e-02 8.096768e-02 8.339221e-02 4.552353e-02 -6.289239e-02 4.535083e-02 4.061970e-02 1.343895e-02
3.487500e+03 3.212500e+03 1.225000e+03 1.544171e-01 8.096768e-02 -8.101546e-02 4.552353e-02 -1.462915e-01 4.535083e-02 5.506427e-02 1.343895e-02
3.587500e+03 3.212500e+03 1.225000e+03 1.349478e-01 8.096768e-02 1.052852e-02 4.552353e-02 -6.467509e-02 4.535083e-02 2.951922e-02 1.343895e-02
3.687500e+03 3.212500e+03 1.250000e+03 -3.592825e-02 8.096768e-02 7.982948e-02 4.552353e-02 8.783665e-02 4.535083e-02 -4.133548e-02 1.343895e-02
3.787500e+03 3.212500e+03 1.225000e+03 -3.876372e-03 8.096768e-02 5.894992e-02 4.552353e-02 1.785631e-01 4.535083e-02 -7.920333e-02 1.343895e-02
3.887500e+03 3.212500e+03 1.200000e+03 2.343740e-03 8.096768e-02 -3.625562e-03 4.552353e-02 7.571031e-03 4.535083e-02 2.470981e-02 1.343895e-02
3.987500e+03 3.212500e+03 1.200000e+03 8.077730e-02 8.096768e-02 -7.378121e-02 4.552353e-02 -7.430828e-02 4.535083e-02 6.761396e-02 1.343895e-02
4.087500e+03 3.212500e+03 1.225000e+03 6.866621e-02 8.096768e-02 -7.881016e-02 4.552353e-02 2.415702e-02 4.535083e-02 3.854894e-02 1.343895e-02
4.187500e+03 3.212500e+03 1.225000e+03 1.664433e-01 8.096768e-02 -1.470090e-01 4.552353e-02 7.603728e-02 4.535083e-02 1.847953e-02 1.343895e-02
4.287500e+03 3.212500e+03 1.200000e+03 1.677608e-01 8.096768e-02 -1.046060e-01 4.552353e-02 1.327821e-01 4.535083e-02 -5.032077e-02 1.343895e-02
4.387500e+03 3.212500e+03 1.200000e+03 1.148106e-01 8.096768e-02 -1.016152e-01 4.552353e-02 1.877313e-01 4.535083e-02 -3.277215e-02 1.343895e-02
4.487500e+03 3.212500e+03 1.175000e+03 2.264018e-02 8.096768e-02 -8.858734e-02 4.552353e-02 8.740861e-02 4.535083e-02 1.350832e-03 1.343895e-02
4.587500e+03 3.212500e+03 1.150000e+03 8.306988e-02 8.096768e-02 -8.257265e-02 4.552353e-02 3.591560e-02 4.535083e-02 5.773380e-03 1.343895e-02
4.687500e+03 3.212500e+03 1.150000e+03 6.018813e-02 8.096768e-02 3.121852e-02 4.552353e-02 7.660405e-03 4.535083e-02 1.214645e-02 1.343895e-02
4.787500e+03 3.212500e+03 1.150000e+03 3.671066e-02 8.096768e-02 8.847477e-02 4.552353e-02 -3.705169e-02 4.535083e-02 4.943351e-02 1.343895e-02
4.887500e+03 3.212500e+03 1.175000e+03 2.239300e-02 8.096768e-02 -1.764222e-03 4.552353e-02 -7.574485e-02 4.535083e-02 5.672855e-02 1.343895e-02
4.987500e+03 3.212500e+03 1.200000e+03 -2.751942e-02 8.096768e-02 1.519163e-02 4.552353e-02 -7.193870e-02 4.535083e-02 5.676397e-02 1.343895e-02
5.087500e+03 3.212500e+03 1.200000e+03 1.689230e-02 8.096768e-02 9.179445e-02 4.552353e-02 -7.870363e-02 4.535083e-02 4.928708e-02 1.343895e-02
5.187500e+03 3.212500e+03 1.225000e+03 9.820565e-02 8.096768e-02 1.213096e-01 4.552353e-02 -6.954553e-02 4.535083e-02 1.873335e-02 1.343895e-02
5.287500e+03 3.212500e+03 1.225000e+03 -3.889635e-02 8.096768e-02 1.201420e-01 4.552353e-02 -1.282464e-01 4.535083e-02 -1.042689e-02 1.343895e-02
5.387500e+03 3.212500e+03 1.225000e+03 -1.075182e-02 8.096768e-02 1.352835e-01 4.552353e-02 -1.544796e-01 4.535083e-02 2.341597e-02 1.343895e-02
5.487500e+03 3.212500e+03 1.250000e+03 -1.458972e-01 8.096768e-02 2.708049e-01 4.552353e-02 -8.601001e-02 4.535083e-02 -9.377283e-03 1.343895e-02
5.587500e+03 3.212500e+03 1.225000e+03 -2.116347e-01 8.096768e-02 3.305326e-01 4.552353e-02 -9.200433e-02 4.535083e-02 2.861747e-02 1.343895e-02
5.687500e+03 3.212500e+03 1.200000e+03 5.878009e-02 8.096768e-02 1.843197e-01 4.552353e-02 1.463253e-02 4.535083e-02 5.673996e-02 1.343895e-02
5.787500e+03 3.212500e+03 1.225000e+03 6.252960e-01 8.096768e-02 -4.751293e-02 4.552353e-02 -3.758492e-02 4.535083e-02 6.276399e-02 1.343895e-02
5.887500e+03 3.212500e+03 1.250000e+03 3.614649e-01 8.096768e-02 9.916704e-02 4.552353e-02 8.034062e-02 4.535083e-02 4.640479e-02 1.343895e-02
5.987500e+03 3.212500e+03 1.250000e+03 3.027538e-01 8.096768e-02 -3.240804e-02 4.552353e-02 1.552568e-01 4.535083e-02 -2.840026e-02 1.343895e-02
6.087500e+03 3.212500e+03 1.250000e+03 2.799214e-01 8.096768e-02 -3.410863e-02 4.552353e-02 6.224116e-02 4.535083e-02 4.876850e-02 1.343895e-02
6.187500e+03 3.212500e+03 1.250000e+03 9.909559e-02 8.096768e-02 5.430104e-02 4.552353e-02 2.202435e-02 4.535083e-02 4.053370e-02 1.343895e-02
6.287500e+03 3.212500e+03 1.250000e+03 -5.130080e-02 8.096768e-02 2.005433e-01 4.552353e-02 -1.066114e-02 4.535083e-02 4.334325e-02 1.343895e-02
6.387500e+03 3.212500e+03 1.250000e+03 3.329453e-02 8.096768e-02 6.949686e-02 4.552353e-02 2.990402e-02 4.535083e-02 6.093872e-02 1.343895e-02
6.487500e+03 3.212500e+03 1.275000e+03 -6.139744e-02 8.096768e-02 7.340624e-02 4.552353e-02 -5.582171e-02 4.535083e-02 4.664025e-02 1.343895e-02
6.587500e+03 3.212500e+03 1.300000e+03 1.423998e-01 8.096768e-02 9.900139e-02 4.552353e-02 1.620557e-02 4.535083e-02 7.061413e-03 1.343895e-02
6.687500e+03 3.212500e+03 1.275000e+03 -4.406576e-03 8.096768e-02 7.249075e-02 4.552353e-02 -4.359781e-03 4.535083e-02 1.531168e-02 1.343895e-02
6.787500e+03 3.212500e+03 1.275000e+03 -5.512829e-02 8.096768e-02 -4.083982e-03 4.552353e-02 -5.235158e-02 4.535083e-02 1.528560e-02 1.343895e-02
6.887500e+03 3.212500e+03 1.275000e+03 -1.166304e-01 8.096768e-02 1.240466e-01 4.552353e-02 -5.236978e-02 4.535083e-02 3.269783e-02 1.343895e-02
6.987500e+03 3.212500e+03 1.300000e+03 -7.459216e-02 8.096768e-02 -4.534817e-02 4.552353e-02 -9.247069e-02 4.535083e-02 5.542126e-02 1.343895e-02
3.487500e+03 3.312500e+03 1.200000e+03 -8.325584e-02 8.096768e-02 8.070932e-02 4.552353e-02 -9.884660e-02 4.535083e-02 2.768612e-02 1.343895e-02
3.587500e+03 3.312500e+03 1.225000e+03 -1.138652e-01 8.096768e-02 3.584348e-02 4.552353e-02 -8.923698e-02 4.535083e-02 1.712659e-02 1.343895e-02
3.687500e+03 3.312500e+03 1.250000e+03 4.009663e-02 8.096768e-02 6.627444e-02 4.552353e-02 -1.401996e-02 4.535083e-02 -1.646829e-02 1.343895e-02
3.787500e+03 3.312500e+03 1.225000e+03 -9.108835e-02 8.096768e-02 4.860889e-02 4.552353e-02 7.804859e-02 4.535083e-02 9.849621e-03 1.343895e-02
3.887500e+03 3.312500e+03 1.200000e+03 -5.089758e-02 8.096768e-02 9.500233e-02 4.552353e-02 1.390594e-01 4.535083e-02 -3.606043e-02 1.343895e-02
3.987500e+03 3.312500e+03 1.200000e+03 6.889622e-02 8.096768e-02 -4.910922e-03 4.552353e-02 -1.580779e-02 4.535083e-02 -1.023811e-02 1.343895e-02
4.087500e+03 3.312500e+03 1.200000e+03 2.434711e-01 8.096768e-02 -1.682244e-01 4.552353e-02 -2.762770e-02 4.535083e-02 3.417353e-02 1.343895e-02
4.187500e+03 3.312500e+03 1.225000e+03 1.315233e-01 8.096768e-02 -1.227487e-01 4.552353e-02 -5.283900e-02 4.535083e-02 6.858769e-02 1.343895e-02
4.287500e+03 3.312500e+03 1.225000e+03 3.623783e-02 8.096768e-02 -1.496251e-02 4.552353e-02 2.043730e-01 4.535083e-02 -6.991684e-02 1.343895e-02
4.387500e+03 3.312500e+03 1.200000e+03 3.408975e-03 8.096768e-02 1.208499e-02 4.552353e-02 1.454472e-01 4.535083e-02 -5.273757e-02 1.343895e-02
4.487500e+03 3.312500e+03 1.150000e+03 1.758262e-01 8.096768e-02 -1.354059e-02 4.552353e-02 3.684175e-02 4.535083e-02 7.158556e-03 1.343895e-02
4.587500e+03 3.312500e+03 1.150000e+03 2.233363e-02 8.096768e-02 6.536642e-02 4.552353e-02 4.388130e-02 4.535083e-02 6.107187e-03 1.343895e-02
4.687500e+03 3.312500e+03 1.150000e+03 6.202592e-02 8.096768e-02 1.218406e-01 4.552353e-02 -9.366691e-02 4.535083e-02 2.467664e-02 1.343895e-02
4.787500e+03 3.312500e+03 1.175000e+03 8.488326e-03 8.096768e-02 1.265273e-01 4.552353e-02 -2.231773e-02 4.535083e-02 8.360271e-02 1.343895e-02
4.887500e+03 3.312500e+03 1.175000e+03 1.125716e-01 8.096768e-02 -4.358485e-02 4.552353e-02 -1.425630e-02 4.535083e-02 6.477036e-02 1.343895e-02
4.987500e+03 3.312500e+03 1.200000e+03 3.291010e-02 8.096768e-02 -1.907109e-01 4.552353e-02 -1.239569e-01 4.535083e-02 9.419448e-02 1.343895e-02
5.087500e+03 3.312500e+03 1.225000e+03 1.379917e-01 8.096768e-02 -1.743470e-01 4.552353e-02 -1.824368e-01 4.535083e-02 9.132419e-02 1.343895e-02
5.187500e+03 3.312500e+03 1.225000e+03 3.889760e-03 8.096768e-02 -1.945757e-02 4.552353e-02 -1.159789e-01 4.535083e-02 8.298457e-02 1.343895e-02
5.287500e+03 3.312500e+03 1.225000e+03 9.265920e-02 8.096768e-02 4.470572e-02 4.552353e-02 -3.442369e-02 4.535083e-02 7.376756e-02 1.343895e-02
5.387500e+03 3.312500e+03 1.225000e+03 1.761706e-02 8.096768e-02 3.460201e-01 4.552353e-02 -1.722095e-01 4.535083e-02 6.143387e-02 1.343895e-02
5.487500e+03 3.312500e+03 1.250000e+03 1.858947e-01 8.096768e-02 9.851560e-02 4.552353e-02 9.885700e-02 4.535083e-02 1.155100e-02 1.343895e-02
5.587500e+03 3.312500e+03 1.225000e+03 6.729958e-01 8.096768e-02 -1.582330e-01 4.552353e-02 2.412638e-01 4.535083e-02 1.532415e-03 1.343895e-02
5.687500e+03 3.312500e+03 1.225000e+03 5.364478e-01 8.096768e-02 -2.946553e-01 4.552353e-02 6.752778e-02 4.535083e-02 5.208729e-03 1.343895e-02
5.787500e+03 3.312500e+03 1.225000e+03 4.738679e-01 8.096768e-02 -2.059165e-01 4.552353e-02 6.753247e-02 4.535083e-02 6.321382e-02 1.343895e-02
5.887500e+03 3.312500e+03 1.250000e+03 3.116435e-01 8.096768e-02 -1.526544e-01 4.552353e-02 1.051768e-01 4.535083e-02 -1.408354e-02 1.343895e-02
5.987500e+03 3.312500e+03 1.250000e+03 1.905555e-01 8.096768e-02 1.885534e-02 4.552353e-02 -3.781065e-02 4.535083e-02 4.335161e-03 1.343895e-02
6.087500e+03 3.312500e+03 1.250000e+03 2.898114e-02 8.096768e-02 9.307749e-02 4.552353e-02 1.154944e-02 4.535083e-02 6.509567e-02 1.343895e-02
6.187500e+03 3.312500e+03 1.275000e+03 2.011947e-01 8.096768e-02 7.535628e-02 4.552353e-02 -2.758820e-02 4.535083e-02 3.439860e-02 1.343895e-02
6.287500e+03 3.312500e+03 1.275000e+03 8.603093e-02 8.096768e-02 8.376491e-02 4.552353e-02 -5.633086e-03 4.535083e-02 2.353298e-02 1.343895e-02
6.387500e+03 3.312500e+03 1.275000e+03 -1.134428e-01 8.096768e-02 8.343249e-02 4.552353e-02 -2.050708e-02 4.535083e-02 4.020459e-02 1.343895e-02
6.487500e+03 3.312500e+03 1.300000e+03 -4.607551e-02 8.096768e-02 7.783407e-02 4.552353e-02 -6.798012e-02 4.535083e-02 4.001996e-02 1.343895e-02
6.587500e+03 3.312500e+03 1.300000e+03 -1.049266e-01 8.096768e-02 5.743612e-03 4.552353e-02 -2.913626e-02 4.535083e-02 1.753570e-02 1.343895e-02
6.687500e+03 3.312500e+03 1.275000e+03 -4.661252e-02 8.096768e-02 2.146114e-02 4.552353e-02 7.154915e-02 4.535083e-02 1.658986e-02 1.343895e-02
6.787500e+03 3.312500e+03 1.275000e+03 4.066684e-02 8.096768e-02 4.079706e-02 4.552353e-02 9.775806e-02 4.535083e-02 1.913630e-02 1.343895e-02
6.887500e+03 3.312500e+03 1.275000e+03 -1.000668e-01 8.096768e-02 6.925667e-02 4.552353e-02 2.103753e-02 4.535083e-02 -1.231016e-02 1.343895e-02
6.987500e+03 3.312500e+03 1.275000e+03 -8.168806e-02 8.096768e-02 -3.722439e-02 4.552353e-02 -4.714697e-02 4.535083e-02 1.189198e-02 1.343895e-02
3.487500e+03 3.412500e+03 1.225000e+03 -7.347402e-02 8.096768e-02 4.548068e-02 4.552353e-02 -4.876795e-02 4.535083e-02 -6.806297e-03 1.343895e-02
3.587500e+03 3.412500e+03 1.225000e+03 1.390619e-01 8.096768e-02 7.810522e-03 4.552353e-02 -2.841408e-02 4.535083e-02 5.486854e-03 1.343895e-02
3.687500e+03 3.412500e+03 1.250000e+03 8.769922e-02 8.096768e-02 -1.172190e-01 4.552353e-02 -6.285041e-02 4.535083e-02 6.585741e-02 1.343895e-02
3.787500e+03 3.412500e+03 1.250000e+03 1.910932e-01 8.096768e-02 -5.034669e-03 4.552353e-02 -2.932264e-02 4.535083e-02 2.444679e-03 1.343895e-02
3.887500e+03 3.412500e+03 1.225000e+03 -1.406127e-02 8.096768e-02 1.141312e-01 4.552353e-02 6.318132e-02 4.535083e-02 -2.697753e-02 1.343895e-02
3.987500e+03 3.412500e+03 1.200000e+03 -2.003536e-02 8.096768e-02 4.877612e-02 4.552353e-02 -6.096629e-03 4.535083e-02 -3.582802e-02 1.343895e-02
4.087500e+03 3.412500e+03 1.175000e+03 1.909046e-01 8.096768e-02 -8.448873e-02 4.552353e-02 8.431821e-02 4.535083e-02 -1.874614e-02 1.343895e-02
4.187500e+03 3.412500e+03 1.200000e+03 2.349040e-01 8.096768e-02 -1.513100e-04 4.552353e-02 -8.603044e-02 4.535083e-02 7.464870e-02 1.343895e-02
4.287500e+03 3.412500e+03 1.200000e+03 1.184183e-01 8.096768e-02 -1.234042e-02 4.552353e-02 8.040429e-02 4.535083e-02 -1.083507e-02 1.343895e-02
4.387500e+03 3.412500e+03 1.175000e+03 2.013591e-01 8.096768e-02 1.999120e-03 4.552353e-02 1.992331e-01 4.535083e-02 -3.483602e-02 1.343895e-02
4.487500e+03 3.412500e+03 1.150000e+03 2.341631e-02 8.096768e-02 1.233668e-01 4.552353e-02 5.594981e-02 4.535083e-02 2.267459e-02 1.343895e-02
4.587500e+03 3.412500e+03 1.150000e+03 1.001432e-01 8.096768e-02 9.759395e-02 4.552353e-02 5.765955e-02 4.535083e-02 2.467416e-02 1.343895e-02
4.687500e+03 3.412500e+03 1.150000e+03 6.297704e-02 8.096768e-02 7.954236e-02 4.552353e-02 -3.997828e-03 4.535083e-02 6.928792e-02 1.343895e-02
4.787500e+03 3.412500e+03 1.175000e+03 7.055878e-02 8.096768e-02 2.466415e-02 4.552353e-02 3.082004e-02 4.535083e-02 6.297869e-02 1.343895e-02
4.887500e+03 3.412500e+03 1.175000e+03 -5.512885e-02 8.096768e-02 -5.702557e-02 4.552353e-02 5.822648e-02 4.535083e-02 4.094313e-02 1.343895e-02
4.987500e+03 3.412500e+03 1.175000e+03 3.709342e-02 8.096768e-02 1.208241e-01 4.552353e-02 -9.361640e-02 4.535083e-02 9.017089e-02 1.343895e-02
5.087500e+03 3.412500e+03 1.175000e+03 -9.442534e-02 8.096768e-02 -1.600706e-03 4.552353e-02 -1.131196e-01 4.535083e-02 1.623769e-01 1.343895e-02
5.187500e+03 3.412500e+03 1.200000e+03 1.025740e-01 8.096768e-02 3.353405e-02 4.552353e-02 -1.558401e-01 4.535083e-02 1.565473e-01 1.343895e-02
5.287500e+03 3.412500e+03 1.225000e+03 1.389312e-01 8.096768e-02 -1.149358e-01 4.552353e-02 -8.222658e-02 4.535083e-02 1.387790e-01 1.343895e-02
5.387500e+03 3.412500e+03 1.250000e+03 2.365060e-01 8.096768e-02 -2.430900e-01 4.552353e-02 -5.489516e-04 4.535083e-02 1.287576e-01 1.343895e-02
5.487500e+03 3.412500e+03 1.250000e+03 2.754894e-01 8.096768e-02 4.129681e-02 4.552353e-02 -3.475775e-02 4.535083e-02 1.375377e-01 1.343895e-02
5.587500e+03 3.412500e+03 1.250000e+03 1.763273e-01 8.096768e-02 1.557544e-01 4.552353e-02 2.035875e-01 4.535083e-02 -8.834700e-03 1.343895e-02
5.687500e+03 3.412500e+03 1.225000e+03 1.968293e-01 8.096768e-02 3.737381e-02 4.552353e-02 5.546241e-02 4.535083e-02 4.181320e-03 1.343895e-02
5.787500e+03 3.412500e+03 1.225000e+03 2.752232e-01 8.096768e-02 -4.176497e-02 4.552353e-02 -4.289333e-02 4.535083e-02 3.688274e-02 1.343895e-02
5.887500e+03 3.412500e+03 1.250000e+03 1.684302e-01 8.096768e-02 3.289530e-02 4.552353e-02 -1.099747e-01 4.535083e-02 4.336253e-02 1.343895e-02
5.987500e+03 3.412500e+03 1.250000e+03 3.469331e-02 8.096768e-02 4.995446e-02 4.552353e-02 -5.380133e-02 4.535083e-02 4.880806e-02 1.343895e-02
6.087500e+03 3.412500e+03 1.250000e+03 -8.114382e-03 8.096768e-02 5.098070e-02 4.552353e-02 -8.486122e-02 4.535083e-02 2.876462e-02 1.343895e-02
6.187500e+03 3.412500e+03 1.275000e+03 8.296824e-02 8.096768e-02 1.204187e-01 4.552353e-02 -7.476907e-02 4.535083e-02 4.667075e-02 1.343895e-02
6.287500e+03 3.412500e+03 1.300000e+03 2.549025e-02 8.096768e-02 1.134347e-01 4.552353e-02 -3.890681e-02 4.535083e-02 3.279603e-02 1.343895e-02
6.387500e+03 3.412500e+03 1.275000e+03 -4.753318e-02 8.096768e-02 6.658372e-02 4.552353e-02 -4.432865e-02 4.535083e-02 2.779225e-02 1.343895e-02
6.487500e+03 3.412500e+03 1.300000e+03 -1.017021e-01 8.096768e-02 1.030768e-01 4.552353e-02 -3.503500e-02 4.535083e-02 3.596263e-02 1.343895e-02
6.587500e+03 3.412500e+03 1.325000e+03 -1.725650e-01 8.096768e-02 3.784342e-02 4.552353e-02 2.623478e-02 4.535083e-02 2.307244e-02 1.343895e-02
6.687500e+03 3.412500e+03 1.300000e+03 -1.636983e-01 8.096768e-02 1.580456e-01 4.552353e-02 3.167136e-02 4.535083e-02 -2.494599e-02 1.343895e-02
6.787500e+03 3.412500e+03 1.275000e+03 4.124014e-02 8.096768e-02 1.148390e-01 4.552353e-02 1.111686e-01 4.535083e-02 1.262166e-03 1.343895e-02
6.887500e+03 3.412500e+03 1.300000e+03 -1.979514e-01 8.096768e-02 2.114800e-02 4.552353e-02 4.854079e-02 4.535083e-02 3.755922e-02 1.343895e-02
6.987500e+03 3.412500e+03 1.300000e+03 -3.136566e-02 8.096768e-02 7.777307e-02 4.552353e-02 -6.702177e-02 4.535083e-02 1.365181e-02 1.343895e-02
3.487500e+03 3.512500e+03 1.225000e+03 1.530548e-02 8.096768e-02 -6.697356e-02 4.552353e-02 6.790693e-02 4.535083e-02 -3.521865e-02 1.343895e-02
3.587500e+03 3.512500e+03 1.225000e+03 7.592079e-03 8.096768e-02 -9.182470e-02 4.552353e-02 3.810325e-02 4.535083e-02 -4.221090e-02 1.343895e-02
3.687500e+03 3.512500e+03 1.225000e+03 2.158578e-01 8.096768e-02 -1.669799e-01 4.552353e-02 -1.533359e-02 4.535083e-02 1.493880e-02 1.343895e-02
3.787500e+03 3.512500e+03 1.225000e+03 8.059641e-02 8.096768e-02 -1.022408e-01 4.552353e-02 7.645565e-02 4.535083e-02 4.988806e-02 1.343895e-02
3.887500e+03 3.512500e+03 1.225000e+03 -3.840207e-02 8.096768e-02 4.763807e-03 4.552353e-02 -1.125182e-02 4.535083e-02 5.029019e-04 1.343895e-02
3.987500e+03 3.512500e+03 1.225000e+03 8.522244e-02 8.096768e-02 1.801287e-01 4.552353e-02 1.707978e-01 4.535083e-02 -6.765370e-02 1.343895e-02
4.087500e+03 3.512500e+03 1.175000e+03 1.857470e-01 8.096768e-02 -9.892955e-04 4.552353e-02 1.736471e-02 4.535083e-02 -8.248811e-03 1.343895e-02
4.187500e+03 3.512500e+03 1.175000e+03 5.277579e-02 8.096768e-02 3.925801e-02 4.552353e-02 -5.753912e-02 4.535083e-02 5.048561e-02 1.343895e-02
4.287500e+03 3.512500e+03 1.200000e+03 1.634332e-01 8.096768e-02 4.012075e-02 4.552353e-02 2.368716e-02 4.535083e-02 -1.148537e-02 1.343895e-02
4.387500e+03 3.512500e+03 1.175000e+03 1.635229e-01 8.096768e-02 6.284500e-03 4.552353e-02 2.113083e-01 4.535083e-02 -4.901656e-02 1.343895e-02
4.487500e+03 3.512500e+03 1.150000e+03 5.146638e-02 8.096768e-02 8.777374e-03 4.552353e-02 2.519406e-02 4.535083e-02 2.930767e-02 1.343895e-02
4.587500e+03 3.512500e+03 1.150000e+03 8.062558e-02 8.096768e-02 4.452322e-03 4.552353e-02 -5.647266e-02 4.535083e-02 2.619427e-02 1.343895e-02
4.687500e+03 3.512500e+03 1.175000e+03 8.430865e-02 8.096768e-02 9.185463e-02 4.552353e-02 5.619149e-02 4.535083e-02 3.671989e-02 1.343895e-02
4.787500e+03 3.512500e+03 1.175000e+03 -1.284900e-02 8.096768e-02 -4.366588e-02 4.552353e-02 -1.035849e-01 4.535083e-02 -8.690600e-03 1.343895e-02
4.887500e+03 3.512500e+03 1.175000e+03 -2.706015e-01 8.096768e-02 1.703226e-03 4.552353e-02 -2.414823e-02 4.535083e-02 2.214449e-02 1.343895e-02
4.987500e+03 3.512500e+03 1.175000e+03 -3.290530e-01 8.096768e-02 -3.225735e-03 4.552353e-02 1.543339e-03 4.535083e-02 1.441342e-01 1.343895e-02
5.087500e+03 3.512500e+03 1.200000e+03 -2.208328e-01 8.096768e-02 9.168979e-02 4.552353e-02 -5.028250e-02 4.535083e-02 1.839556e-01 1.343895e-02
5.187500e+03 3.512500e+03 1.200000e+03 1.861738e-01 8.096768e-02 -2.304813e-01 4.552353e-02 2.966994e-01 4.535083e-02 4.654899e-02 1.343895e-02
5.287500e+03 3.512500e+03 1.200000e+03 1.962969e-01 8.096768e-02 -1.241061e-01 4.552353e-02 6.045227e-02 4.535083e-02 8.426886e-02 1.343895e-02
5.387500e+03 3.512500e+03 1.225000e+03 1.906591e-01 8.096768e-02 -1.826904e-01 4.552353e-02 -6.755451e-02 4.535083e-02 1.710187e-01 1.343895e-02
5.487500e+03 3.512500e+03 1.250000e+03 6.865498e-02 8.096768e-02 -2.861554e-01 4.552353e-02 1.125041e-01 4.535083e-02 6.772297e-02 1.343895e-02
5.587500e+03 3.512500e+03 1.250000e+03 1.862822e-01 8.096768e-02 -1.336162e-01 4.552353e-02 7.037564e-02 4.535083e-02 4.202937e-02 1.343895e-02
5.687500e+03 3.512500e+03 1.250000e+03 -2.371570e-02 8.096768e-02 5.297220e-02 4.552353e-02 -2.715044e-02 4.535083e-02 3.741345e-02 1.343895e-02
5.787500e+03 3.512500e+03 1.225000e+03 1.141790e-01 8.096768e-02 5.890047e-02 4.552353e-02 2.777265e-02 4.535083e-02 3.337097e-02 1.343895e-02
5.887500e+03 3.512500e+03 1.225000e+03 3.601026e-03 8.096768e-02 -2.023389e-02 4.552353e-02 -5.519134e-02 4.535083e-02 2.989985e-02 1.343895e-02
5.987500e+03 3.512500e+03 1.250000e+03 7.502896e-02 8.096768e-02 -4.094559e-02 4.552353e-02 -7.954618e-02 4.535083e-02 7.462108e-02 1.343895e-02
6.087500e+03 3.512500e+03 1.275000e+03 1.182796e-01 8.096768e-02 -6.566283e-02 4.552353e-02 -1.073317e-01 4.535083e-02 4.994374e-02 1.343895e-02
6.187500e+03 3.512500e+03 1.300000e+03 -6.020364e-02 8.096768e-02 1.010526e-02 4.552353e-02 -6.522610e-02 4.535083e-02 7.092026e-02 1.343895e-02
6.287500e+03 3.512500e+03 1.300000e+03 -2.213167e-01 8.096768e-02 2.099344e-01 4.552353e-02 -7.180907e-02 4.535083e-02 4.426101e-02 1.343895e-02
6.387500e+03 3.512500e+03 1.275000e+03 -7.076373e-02 8.096768e-02 7.901992e-02 4.552353e-02 1.101797e-02 4.535083e-02 2.301891e-02 1.343895e-02
6.487500e+03 3.512500e+03 1.300000e+03 -7.491129e-02 8.096768e-02 1.352913e-01 4.552353e-02 -5.259927e-02 4.535083e-02 4.575248e-02 1.343895e-02
6.587500e+03 3.512500e+03 1.325000e+03 -6.253769e-02 8.096768e-02 2.496979e-02 4.552353e-02 8.519779e-02 4.535083e-02 2.382781e-02 1.343895e-02
6.687500e+03 3.512500e+03 1.325000e+03 -1.158756e-01 8.096768e-02 3.944994e-02 4.552353e-02 1.039966e-01 4.535083e-02 -1.228586e-02 1.343895e-02
6.787500e+03 3.512500e+03 1.300000e+03 -4.026897e-02 8.096768e-02 8.027114e-02 4.552353e-02 -5.622035e-03 4.535083e-02 -3.548556e-03 1.343895e-02
6.887500e+03 3.512500e+03 1.300000e+03 -2.090935e-02 8.096768e-02 8.020133e-02 4.552353e-02 -7.707746e-02 4.535083e-02 7.183542e-03 1.343895e-02
6.987500e+03 3.512500e+03 1.300000e+03 -6.415182e-02 8.096768e-02 -3.677314e-04 4.552353e-02 -7.762457e-02 4.535083e-02 3.404352e-02 1.343895e-02
3.487500e+03 3.612500e+03 1.225000e+03 8.142499e-02 8.096768e-02 7.606850e-02 4.552353e-02 -3.503866e-02 4.535083e-02 -3.438401e-02 1.343895e-02
3.587500e+03 3.612500e+03 1.200000e+03 -6.870314e-02 8.096768e-02 8.579542e-02 4.552353e-02 1.770607e-01 4.535083e-02 -5.524390e-02 1.343895e-02
3.687500e+03 3.612500e+03 1.200000e+03 2.914284e-02 8.096768e-02 1.002875e-02 4.552353e-02 -3.158342e-02 4.535083e-02 1.206887e-03 1.343895e-02
3.787500e+03 3.612500e+03 1.200000e+03 2.826643e-01 8.096768e-02 -1.233497e-01 4.552353e-02 -5.352915e-03 4.535083e-02 9.861804e-03 1.343895e-02
3.887500e+03 3.612500e+03 1.200000e+03 1.700348e-01 8.096768e-02 -7.770484e-02 4.552353e-02 2.547845e-02 4.535083e-02 6.083884e-02 1.343895e-02
3.987500e+03 3.612500e+03 1.200000e+03 2.171805e-01 8.096768e-02 6.425482e-03 4.552353e-02 4.348390e-02 4.535083e-02 -1.166655e-02 1.343895e-02
4.087500e+03 3.612500e+03 1.175000e+03 1.139303e-01 8.096768e-02 6.326188e-04 4.552353e-02 1.336724e-01 4.535083e-02 -9.068112e-03 1.343895e-02
4.187500e+03 3.612500e+03 1.175000e+03 2.097862e-01 8.096768e-02 -3.787437e-02 4.552353e-02 -5.874627e-03 4.535083e-02 3.426741e-02 1.343895e-02
4.287500e+03 3.612500e+03 1.175000e+03 1.347049e-01 8.096768e-02 6.342263e-02 4.552353e-02 6.232587e-02 4.535083e-02 8.858439e-04 1.343895e-02
4.387500e+03 3.612500e+03 1.150000e+03 -1.189784e-02 8.096768e-02 1.766437e-02 4.552353e-02 1.130354e-01 4.535083e-02 4.930068e-03 1.343895e-02
4.487500e+03 3.612500e+03 1.150000e+03 1.989029e-01 8.096768e-02 2.413318e-02 4.552353e-02 -4.354878e-02 4.535083e-02 1.602845e-03 1.343895e-02
4.587500e+03 3.612500e+03 1.150000e+03 1.541136e-01 8.096768e-02 -7.239745e-02 4.552353e-02 -9.039980e-02 4.535083e-02 3.687971e-02 1.343895e-02
4.687500e+03 3.612500e+03 1.175000e+03 9.653012e-02 8.096768e-02 8.914061e-02 4.552353e-02 -1.409918e-01 4.535083e-02 5.652599e-03 1.343895e-02
4.787500e+03 3.612500e+03 1.175000e+03 1.282343e-01 8.096768e-02 -1.150954e-02 4.552353e-02 -8.091152e-02 4.535083e-02 -4.088448e-03 1.343895e-02
4.887500e+03 3.612500e+03 1.175000e+03 4.467133e-01 8.096768e-02 -5.506591e-02 4.552353e-02 -2.901243e-01 4.535083e-02 8.468468e-02 1.343895e-02
4.987500e+03 3.612500e+03 1.200000e+03 -4.866642e-01 8.096768e-02 3.670616e-01 4.552353e-02 -2.934695e-02 4.535083e-02 4.283780e-02 1.343895e-02
5.087500e+03 3.612500e+03 1.200000e+03 -4.813066e-01 8.096768e-02 1.005450e-01 4.552353e-02 5.749929e-01 4.535083e-02 -1.095772e-01 1.343895e-02
5.187500e+03 3.612500e+03 1.200000e+03 -2.925596e-01 8.096768e-02 6.602127e-02 4.552353e-02 2.231510e-01 4.535083e-02 3.217484e-02 1.343895e-02
5.287500e+03 3.612500e+03 1.225000e+03 -2.369313e-01 8.096768e-02 -5.551452e-03 4.552353e-02 5.605109e-02 4.535083e-02 7.765314e-02 1.343895e-02
5.387500e+03 3.612500e+03 1.250000e+03 -2.119648e-01 8.096768e-02 -4.075882e-03 4.552353e-02 6.340810e-02 4.535083e-02 1.214727e-01 1.343895e-02
5.487500e+03 3.612500e+03 1.275000e+03 7.913945e-02 8.096768e-02 4.118960e-02 4.552353e-02 5.499619e-02 4.535083e-02 1.044702e-01 1.343895e-02
5.587500e+03 3.612500e+03 1.275000e+03 -1.902845e-01 8.096768e-02 -6.925028e-02 4.552353e-02 3.515188e-02 4.535083e-02 6.449366e-02 1.343895e-02
5.687500e+03 3.612500e+03 1.250000e+03 -7.893514e-02 8.096768e-02 1.226038e-02 4.552353e-02 -5.435426e-03 4.535083e-02 5.056252e-02 1.343895e-02
5.787500e+03 3.612500e+03 1.250000e+03 -4.796186e-02 8.096768e-02 3.933084e-02 4.552353e-02 1.299272e-02 4.535083e-02 3.185719e-02 1.343895e-02
5.887500e+03 3.612500e+03 1.250000e+03 -1.117929e-01 8.096768e-02 8.768970e-02 4.552353e-02 1.537822e-02 4.535083e-02 2.273133e-02 1.343895e-02
5.987500e+03 3.612500e+03 1.250000e+03 -9.545723e-03 8.096768e-02 -3.102653e-02 4.552353e-02 -1.409018e-01 4.535083e-02 7.208200e-02 1.343895e-02
6.087500e+03 3.612500e+03 1.275000e+03 -2.658722e-01 8.096768e-02 1.523834e-02 4.552353e-02 -1.080660e-01 4.535083e-02 6.570968e-02 1.343895e-02
6.187500e+03 3.612500e+03 1.300000e+03 -1.048790e-01 8.096768e-02 1.491424e-01 4.552353e-02 1.214361e-02 4.535083e-02 4.050746e-02 1.343895e-02
6.287500e+03 3.612500e+03 1.300000e+03 -2.109646e-02 8.096768e-02 4.062589e-02 4.552353e-02 -1.328813e-01 4.535083e-02 4.452262e-02 1.343895e-02
6.387500e+03 3.612500e+03 1.300000e+03 -5.926701e-02 8.096768e-02 4.981360e-02 4.552353e-02 -6.001946e-02 4.535083e-02 4.363454e-04 1.343895e-02
6.487500e+03 3.612500e+03 1.300000e+03 4.558499e-03 8.096768e-02 1.577007e-01 4.552353e-02 5.057620e-02 4.535083e-02 2.397400e-03 1.343895e-02
6.587500e+03 3.612500e+03 1.325000e+03 2.455941e-02 8.096768e-02 1.761771e-01 4.552353e-02 -2.918386e-02 4.535083e-02 5.840593e-02 1.343895e-02
6.687500e+03 3.612500e+03 1.325000e+03 -1.277975e-01 8.096768e-02 -1.626033e-02 4.552353e-02 6.482062e-03 4.535083e-02 -3.425186e-02 1.343895e-02
6.787500e+03 3.612500e+03 1.325000e+03 -2.882658e-01 8.096768e-02 1.391810e-01 4.552353e-02 4.338578e-02 4.535083e-02 -6.390696e-03 1.343895e-02
6.887500e+03 3.612500e+03 1.300000e+03 -9.716578e-02 8.096768e-02 9.776381e-02 4.552353e-02 -5.215480e-02 4.535083e-02 -5.058579e-02 1.343895e-02
6.987500e+03 3.612500e+03 1.300000e+03 -1.515943e-01 8.096768e-02 7.616635e-02 4.552353e-02 -4.155730e-02 4.535083e-02 -5.468532e-03 1.343895e-02
3.487500e+03 3.712500e+03 1.250000e+03 -5.077070e-02 8.096768e-02 -2.239144e-02 4.552353e-02 9.292575e-02 4.535083e-02 2.606279e-05 1.343895e-02
3.587500e+03 3.712500e+03 1.225000e+03 -9.005413e-02 8.096768e-02 -4.496082e-02 4.552353e-02 1.515918e-01 4.535083e-02 9.798737e-04 1.343895e-02
3.687500e+03 3.712500e+03 1.200000e+03 6.458030e-02 8.096768e-02 9.961981e-02 4.552353e-02 4.680031e-02 4.535083e-02 -2.783141e-02 1.343895e-02
3.787500e+03 3.712500e+03 1.175000e+03 6.623233e-02 8.096768e-02 -5.632670e-02 4.552353e-02 1.405629e-01 4.535083e-02 -1.775318e-02 1.343895e-02
3.887500e+03 3.712500e+03 1.175000e+03 2.439815e-01 8.096768e-02 4.018644e-02 4.552353e-02 -2.868926e-03 4.535083e-02 2.123420e-02 1.343895e-02
3.987500e+03 3.712500e+03 1.175000e+03 2.809631e-01 8.096768e-02 -1.703145e-01 4.552353e-02 -8.608355e-04 4.535083e-02 3.526166e-02 1.343895e-02
4.087500e+03 3.712500e+03 1.175000e+03 9.410036e-02 8.096768e-02 -3.351511e-02 4.552353e-02 1.360327e-01 4.535083e-02 -1.528366e-02 1.343895e-02
4.187500e+03 3.712500e+03 1.150000e+03 2.079286e-01 8.096768e-02 -7.075196e-03 4.552353e-02 5.354357e-02 4.535083e-02 1.067323e-02 1.343895e-02
4.287500e+03 3.712500e+03 1.150000e+03 2.018715e-01 8.096768e-02 -4.647653e-02 4.552353e-02 7.214945e-02 4.535083e-02 4.193205e-02 1.343895e-02
4.387500e+03 3.712500e+03 1.150000e+03 8.948291e-02 8.096768e-02 -5.312321e-02 4.552353e-02 1.354241e-01 4.535083e-02 6.185061e-03 1.343895e-02
4.487500e+03 3.712500e+03 1.150000e+03 1.366564e-01 8.096768e-02 -2.404323e-02 4.552353e-02 2.911727e-02 4.535083e-02 1.045358e-02 1.343895e-02
4.587500e+03 3.712500e+03 1.150000e+03 -2.495106e-02 8.096768e-02 -1.287696e-01 4.552353e-02 2.568607e-02 4.535083e-02 -2.717618e-03 1.343895e-02
4.687500e+03 3.712500e+03 1.175000e+03 1.289286e-01 8.096768e-02 4.962167e-02 4.552353e-02 -1.660120e-01 4.535083e-02 -1.378239e-02 1.343895e-02
4.787500e+03 3.712500e+03 1.175000e+03 -7.262533e-02 8.096768e-02 1.083677e-01 4.552353e-02 -1.458157e-01 4.535083e-02 2.827661e-02 1.343895e-02
4.887500e+03 3.712500e+03 1.200000e+03 7.712386e-02 8.096768e-02 1.757877e-01 4.552353e-02 -8.856518e-02 4.535083e-02 7.683639e-02 1.343895e-02
4.987500e+03 3.712500e+03 1.200000e+03 6.224807e-01 8.096768e-02 2.367701e-01 4.552353e-02 -1.545314e-01 4.535083e-02 5.392385e-03 1.343895e-02
5.087500e+03 3.712500e+03 1.225000e+03 3.011664e-01 8.096768e-02 1.866623e-02 4.552353e-02 -3.855774e-02 4.535083e-02 2.246004e-03 1.343895e-02
5.187500e+03 3.712500e+03 1.225000e+03 -6.316184e-01 8.096768e-02 1.836854e-01 4.552353e-02 4.335709e-01 4.535083e-02 -2.186934e-02 1.343895e-02
5.287500e+03 3.712500e+03 1.225000e+03 -2.347629e-01 8.096768e-02 1.002245e-01 4.552353e-02 1.074609e-01 4.535083e-02 6.020993e-02 1.343895e-02
5.387500e+03 3.712500e+03 1.250000e+03 -3.527870e-01 8.096768e-02 5.746904e-02 4.552353e-02 9.655416e-02 4.535083e-02 9.505434e-02 1.343895e-02
5.487500e+03 3.712500e+03 1.250000e+03 -2.374319e-01 8.096768e-02 -1.987744e-02 4.552353e-02 -4.503619e-02 4.535083e-02 1.258644e-01 1.343895e-02
5.587500e+03 3.712500e+03 1.275000e+03 -1.285269e-01 8.096768e-02 -4.068257e-02 4.552353e-02 6.724294e-02 4.535083e-02 7.944018e-02 1.343895e-02
5.687500e+03 3.712500e+03 1.275000e+03 -1.679493e-01 8.096768e-02 8.484302e-03 4.552353e-02 5.777506e-02 4.535083e-02 8.336841e-02 1.343895e-02
5.787500e+03 3.712500e+03 1.275000e+03 -2.900700e-01 8.096768e-02 3.508159e-02 4.552353e-02 7.101507e-02 4.535083e-02 4.501769e-02 1.343895e-02
5.887500e+03 3.712500e+03 1.250000e+03 -2.073068e-01 8.096768e-02 3.327908e-02 4.552353e-02 -5.300141e-02 4.535083e-02 4.457546e-02 1.343895e-02
5.987500e+03 3.712500e+03 1.250000e+03 -1.546031e-01 8.096768e-02 -2.207063e-02 4.552353e-02 -2.908137e-02 4.535083e-02 6.103884e-02 1.343895e-02
6.087500e+03 3.712500e+03 1.275000e+03 -1.325509e-01 8.096768e-02 -3.622001e-02 4.552353e-02 -1.319968e-01 4.535083e-02 5.249899e-02 1.343895e-02
6.187500e+03 3.712500e+03 1.300000e+03 -1.076998e-01 8.096768e-02 8.670692e-03 4.552353e-02 -1.147364e-01 4.535083e-02 6.097252e-02 1.343895e-02
6.287500e+03 3.712500e+03 1.325000e+03 2.730278e-02 8.096768e-02 -4.982886e-02 4.552353e-02 -3.915924e-02 4.535083e-02 6.491207e-02 1.343895e-02
6.387500e+03 3.712500e+03 1.325000e+03 4.179469e-02 8.096768e-02 1.401610e-03 4.552353e-02 -7.430283e-02 4.535083e-02 5.870653e-02 1.343895e-02
6.487500e+03 3.712500e+03 1.325000e+03 -1.027974e-01 8.096768e-02 6.399713e-02 4.552353e-02 -4.196236e-02 4.535083e-02 1.449549e-02 1.343895e-02
6.587500e+03 3.712500e+03 1.325000e+03 -1.859194e-03 8.096768e-02 2.330703e-02 4.552353e-02 1.879186e-02 4.535083e-02 1.514442e-02 1.343895e-02
6.687500e+03 3.712500e+03 1.350000e+03 -4.214930e-02 8.096768e-02 2.596413e-03 4.552353e-02 5.575009e-02 4.535083e-02 1.705412e-02 1.343895e-02
6.787500e+03 3.712500e+03 1.350000e+03 -2.516870e-01 8.096768e-02 1.350018e-01 4.552353e-02 1.021658e-01 4.535083e-02 -9.401056e-03 1.343895e-02
6.887500e+03 3.712500e+03 1.325000e+03 -2.079754e-01 8.096768e-02 8.679582e-02 4.552353e-02 -7.793764e-02 4.535083e-02 -1.786733e-02 1.343895e-02
6.987500e+03 3.712500e+03 1.300000e+03 -1.538912e-01 8.096768e-02 8.836881e-02 4.552353e-02 -5.758406e-03 4.535083e-02 -2.950040e-02 1.343895e-02
3.487500e+03 3.812500e+03 1.225000e+03 -5.397654e-02 8.096768e-02 -1.867872e-03 4.552353e-02 -3.270397e-02 4.535083e-02 2.970370e-02 1.343895e-02
3.587500e+03 3.812500e+03 1.225000e+03 -8.713627e-02 8.096768e-02 9.663976e-02 4.552353e-02 8.420675e-02 4.535083e-02 -4.958291e-02 1.343895e-02
3.687500e+03 3.812500e+03 1.200000e+03 4.775093e-02 8.096768e-02 9.955288e-03 4.552353e-02 8.720765e-02 4.535083e-02 1.825316e-02 1.343895e-02
3.787500e+03 3.812500e+03 1.200000e+03 -2.005016e-02 8.096768e-02 2.385285e-02 4.552353e-02 6.978600e-03 4.535083e-02 -1.348931e-03 1.343895e-02
3.887500e+03 3.812500e+03 1.175000e+03 1.331140e-01 8.096768e-02 1.384250e-01 4.552353e-02 8.436739e-02 4.535083e-02 1.074463e-02 1.343895e-02
3.987500e+03 3.812500e+03 1.175000e+03 6.358577e-02 8.096768e-02 -7.452584e-03 4.552353e-02 8.906542e-02 4.535083e-02 1.835571e-02 1.343895e-02
4.087500e+03 3.812500e+03 1.150000e+03 5.709610e-02 8.096768e-02 6.082889e-02 4.552353e-02 6.480442e-02 4.535083e-02 1.947305e-02 1.343895e-02
4.187500e+03 3.812500e+03 1.150000e+03 1.372381e-01 8.096768e-02 1.664400e-02 4.552353e-02 4.814118e-02 4.535083e-02 5.079007e-02 1.343895e-02
4.287500e+03 3.812500e+03 1.150000e+03 3.150156e-02 8.096768e-02 5.187560e-02 4.552353e-02 6.523667e-03 4.535083e-02 9.879880e-03 1.343895e-02
4.387500e+03 3.812500e+03 1.150000e+03 8.625592e-02 8.096768e-02 -7.832442e-02 4.552353e-02 1.162651e-01 4.535083e-02 -2.209026e-02 1.343895e-02
4.487500e+03 3.812500e+03 1.150000e+03 3.704287e-02 8.096768e-02 9.995854e-02 4.552353e-02 -1.434794e-01 4.535083e-02 4.364972e-03 1.343895e-02
4.587500e+03 3.812500e+03 1.150000e+03 -7.548880e-02 8.096768e-02 5.628282e-02 4.552353e-02 -9.837202e-02 4.535083e-02 -2.155567e-02 1.343895e-02
4.687500e+03 3.812500e+03 1.175000e+03 6.218731e-02 8.096768e-02 1.093407e-01 4.552353e-02 -1.351522e-01 4.535083e-02 3.767249e-02 1.343895e-02
4.787500e+03 3.812500e+03 1.175000e+03 -2.472562e-02 8.096768e-02 1.583522e-01 4.552353e-02 -2.192927e-01 4.535083e-02 8.844917e-02 1.343895e-02
4.887500e+03 3.812500e+03 1.200000e+03 -2.431065e-02 8.096768e-02 2.360661e-01 4.552353e-02 -1.444099e-01 4.535083e-02 1.473126e-01 1.343895e-02
4.987500e+03 3.812500e+03 1.200000e+03 4.666951e-01 8.096768e-02 -1.301938e-01 4.552353e-02 2.434666e-02 4.535083e-02 -3.914341e-02 1.343895e-02
5.087500e+03 3.812500e+03 1.225000e+03 7.663571e-01 8.096768e-02 -1.194763e-01 4.552353e-02 -2.218892e-01 4.535083e-02 8.243091e-03 1.343895e-02
5.187500e+03 3.812500e+03 1.250000e+03 4.068995e-02 8.096768e-02 7.533398e-02 4.552353e-02 -1.293407e-01 4.535083e-02 -3.498277e-02 1.343895e-02
5.287500e+03 3.812500e+03 1.225000e+03 -9.883353e-01 8.096768e-02 5.952388e-01 4.552353e-02 1.934508e-01 4.535083e-02 -6.307311e-02 1.343895e-02
5.387500e+03 3.812500e+03 1.250000e+03 -3.909311e-01 8.096768e-02 1.636429e-01 4.552353e-02 1.769440e-01 4.535083e-02 2.025397e-02 1.343895e-02
5.487500e+03 3.812500e+03 1.275000e+03 -5.800594e-01 8.096768e-02 7.554220e-02 4.552353e-02 1.428525e-01 4.535083e-02 9.389646e-02 1.343895e-02
5.587500e+03 3.812500e+03 1.275000e+03 -3.149285e-01 8.096768e-02 -3.846603e-02 4.552353e-02 2.387407e-02 4.535083e-02 8.524962e-02 1.343895e-02
5.687500e+03 3.812500e+03 1.300000e+03 -4.116296e-01 8.096768e-02 -1.036390e-02 4.552353e-02 1.056539e-01 4.535083e-02 6.953594e-02 1.343895e-02
5.787500e+03 3.812500e+03 1.300000e+03 -2.918396e-01 8.096768e-02 -2.986831e-02 4.552353e-02 5.110765e-02 4.535083e-02 5.946395e-02 1.343895e-02
5.887500e+03 3.812500e+03 1.275000e+03 -8.234399e-02 8.096768e-02 -1.646055e-03 4.552353e-02 -2.439262e-02 4.535083e-02 3.441031e-02 1.343895e-02
5.987500e+03 3.812500e+03 1.250000e+03 1.082007e-01 8.096768e-02 -3.101512e-02 4.552353e-02 -2.075158e-02 4.535083e-02 7.107505e-02 1.343895e-02
6.087500e+03 3.812500e+03 1.250000e+03 -1.512820e-01 8.096768e-02 -4.182395e-02 4.552353e-02 -6.114370e-02 4.535083e-02 7.255473e-02 1.343895e-02
6.187500e+03 3.812500e+03 1.250000e+03 -8.630152e-02 8.096768e-02 -1.471078e-01 4.552353e-02 -4.990804e-02 4.535083e-02 7.324675e-02 1.343895e-02
6.287500e+03 3.812500e+03 1.300000e+03 2.207869e-02 8.096768e-02 -5.060625e-02 4.552353e-02 -1.188986e-01 4.535083e-02 4.596892e-02 1.343895e-02
6.387500e+03 3.812500e+03 1.300000e+03 1.583680e-01 8.096768e-02 -6.238440e-02 4.552353e-02 -7.399911e-02 4.535083e-02 3.259754e-02 1.343895e-02
6.487500e+03 3.812500e+03 1.300000e+03 1.516429e-02 8.096768e-02 -4.430765e-02 4.552353e-02 -6.337804e-02 4.535083e-02 3.497151e-02 1.343895e-02
6.587500e+03 3.812500e+03 1.325000e+03 -1.226658e-01 8.096768e-02 -7.264929e-02 4.552353e-02 5.303029e-03 4.535083e-02 3.064474e-02 1.343895e-02
6.687500e+03 3.812500e+03 1.350000e+03 -8.122101e-02 8.096768e-02 7.479314e-02 4.552353e-02 -2.004158e-02 4.535083e-02 3.140546e-02 1.343895e-02
6.787500e+03 3.812500e+03 1.375000e+03 -6.989487e-03 8.096768e-02 9.382100e-02 4.552353e-02 4.971104e-02 4.535083e-02 -5.148913e-03 1.343895e-02
6.887500e+03 3.812500e+03 1.350000e+03 -1.024622e-01 8.096768e-02 9.014586e-02 4.552353e-02 -5.824877e-02 4.535083e-02 -1.879538e-02 1.343895e-02
6.987500e+03 3.812500e+03 1.325000e+03 -1.600046e-01 8.096768e-02 1.720094e-01 4.552353e-02 -3.897542e-03 4.535083e-02 -3.088843e-02 1.343895e-02
3.487500e+03 3.912500e+03 1.225000e+03 8.196240e-02 8.096768e-02 -8.425215e-02 4.552353e-02 1.029972e-01 4.535083e-02 3.151475e-02 1.343895e-02
3.587500e+03 3.912500e+03 1.225000e+03 -7.789155e-02 8.096768e-02 -2.118527e-02 4.552353e-02 4.955818e-02 4.535083e-02 -2.649111e-04 1.343895e-02
3.687500e+03 3.912500e+03 1.225000e+03 6.058667e-02 8.096768e-02 1.209042e-01 4.552353e-02 5.350978e-02 4.535083e-02 3.788289e-03 1.343895e-02
3.787500e+03 3.912500e+03 1.200000e+03 6.230384e-02 8.096768e-02 2.699223e-02 4.552353e-02 1.872718e-01 4.535083e-02 -8.433399e-03 1.343895e-02
3.887500e+03 3.912500e+03 1.200000e+03 1.840218e-01 8.096768e-02 -8.068014e-02 4.552353e-02 1.306756e-01 4.535083e-02 2.316532e-03 1.343895e-02
3.987500e+03 3.912500e+03 1.175000e+03 1.015891e-02 8.096768e-02 -1.972746e-02 4.552353e-02 8.606097e-02 4.535083e-02 1.587851e-02 1.343895e-02
4.087500e+03 3.912500e+03 1.150000e+03 1.227421e-01 8.096768e-02 1.881338e-02 4.552353e-02 8.254127e-02 4.535083e-02 8.646793e-04 1.343895e-02
4.187500e+03 3.912500e+03 1.150000e+03 1.147487e-01 8.096768e-02 -4.398367e-02 4.552353e-02 8.322243e-02 4.535083e-02 2.752816e-02 1.343895e-02
4.287500e+03 3.912500e+03 1.150000e+03 2.714509e-01 8.096768e-02 9.288909e-03 4.552353e-02 4.632962e-02 4.535083e-02 -2.702532e-02 1.343895e-02
4.387500e+03 3.912500e+03 1.125000e+03 3.688220e-02 8.096768e-02 3.654531e-02 4.552353e-02 -5.211460e-02 4.535083e-02 8.216279e-04 1.343895e-02
4.487500e+03 3.912500e+03 1.150000e+03 -4.446024e-02 8.096768e-02 4.117535e-02 4.552353e-02 -1.198747e-01 4.535083e-02 -1.298841e-03 1.343895e-02
4.587500e+03 3.912500e+03 1.150000e+03 -3.208955e-02 8.096768e-02 1.999236e-01 4.552353e-02 -9.115015e-02 4.535083e-02 -2.759577e-03 1.343895e-02
4.687500e+03 3.912500e+03 1.175000e+03 -3.248987e-02 8.096768e-02 2.058750e-01 4.552353e-02 -8.136167e-02 4.535083e-02 5.035686e-02 1.343895e-02
4.787500e+03 3.912500e+03 1.175000e+03 9.174198e-03 8.096768e-02 2.081975e-01 4.552353e-02 -2.316319e-01 4.535083e-02 1.110108e-01 1.343895e-02
4.887500e+03 3.912500e+03 1.225000e+03 2.135421e-01 8.096768e-02 5.684702e-02 4.552353e-02 -2.300367e-02 4.535083e-02 4.613583e-02 1.343895e-02
4.987500e+03 3.912500e+03 1.200000e+03 3.267426e-01 8.096768e-02 3.497143e-03 4.552353e-02 9.499050e-02 4.535083e-02 -3.059653e-02 1.343895e-02
5.087500e+03 3.912500e+03 1.225000e+03 2.187075e-01 8.096768e-02 2.521359e-02 4.552353e-02 -1.145774e-01 4.535083e-02 -1.193881e-04 1.343895e-02
5.187500e+03 3.912500e+03 1.225000e+03 4.974863e-01 8.096768e-02 -4.003026e-02 4.552353e-02 -2.311088e-01 4.535083e-02 6.676597e-03 1.343895e-02
5.287500e+03 3.912500e+03 1.225000e+03 1.007075e+00 8.096768e-02 -2.251503e-01 4.552353e-02 -4.358948e-01 4.535083e-02 3.640665e-02 1.343895e-02
5.387500e+03 3.912500e+03 1.250000e+03 -1.589583e-01 8.096768e-02 4.731293e-01 4.552353e-02 -9.084195e-02 4.535083e-02 -6.095024e-02 1.343895e-02
5.487500e+03 3.912500e+03 1.275000e+03 -5.046280e-01 8.096768e-02 3.999935e-01 4.552353e-02 2.108466e-01 4.535083e-02 -1.426486e-02 1.343895e-02
5.587500e+03 3.912500e+03 1.275000e+03 -6.373812e-01 8.096768e-02 7.897277e-02 4.552353e-02 1.905101e-01 4.535083e-02 7.411973e-02 1.343895e-02
5.687500e+03 3.912500e+03 1.300000e+03 -3.738377e-01 8.096768e-02 2.616236e-03 4.552353e-02 9.375284e-02 4.535083e-02 6.305768e-02 1.343895e-02
5.787500e+03 3.912500e+03 1.300000e+03 -3.709411e-01 8.096768e-02 5.141884e-02 4.552353e-02 5.812060e-02 4.535083e-02 5.072652e-02 1.343895e-02
5.887500e+03 3.912500e+03 1.275000e+03 -2.364756e-01 8.096768e-02 -1.018842e-01 4.552353e-02 7.283018e-02 4.535083e-02 3.341469e-02 1.343895e-02
5.987500e+03 3.912500e+03 1.250000e+03 -1.786557e-01 8.096768e-02 -6.354408e-02 4.552353e-02 -2.136524e-02 4.535083e-02 8.730275e-02 1.343895e-02
6.087500e+03 3.912500e+03 1.250000e+03 -2.036001e-01 8.096768e-02 9.397698e-02 4.552353e-02 -7.424404e-02 4.535083e-02 6.557638e-02 1.343895e-02
6.187500e+03 3.912500e+03 1.275000e+03 1.388225e-02 8.096768e-02 -1.352682e-02 4.552353e-02 -8.177457e-03 4.535083e-02 4.186397e-02 1.343895e-02
6.287500e+03 3.912500e+03 1.275000e+03 -2.190374e-02 8.096768e-02 1.398272e-02 4.552353e-02 -8.916976e-02 4.535083e-02 3.230077e-02 1.343895e-02
6.387500e+03 3.912500e+03 1.275000e+03 -6.835420e-02 8.096768e-02 5.089803e-02 4.552353e-02 -8.035365e-02 4.535083e-02 3.469189e-02 1.343895e-02
6.487500e+03 3.912500e+03 1.300000e+03 -2.485903e-01 8.096768e-02 1.130328e-01 4.552353e-02 -1.346117e-01 4.535083e-02 4.385048e-02 1.343895e-02
6.587500e+03 3.912500e+03 1.300000e+03 -1.444974e-01 8.096768e-02 9.289349e-02 4.552353e-02 -1.137592e-01 4.535083e-02 6.640849e-02 1.343895e-02
6.687500e+03 3.912500e+03 1.325000e+03 -7.246827e-02 8.096768e-02 4.740341e-02 4.552353e-02 -9.427113e-02 4.535083e-02 6.601550e-02 1.343895e-02
6.787500e+03 3.912500e+03 1.375000e+03 -3.693393e-03 8.096768e-02 4.287828e-02 4.552353e-02 -3.027500e-02 4.535083e-02 3.264356e-02 1.343895e-02
6.887500e+03 3.912500e+03 1.375000e+03 -1.432457e-01 8.096768e-02 3.883132e-02 4.552353e-02 3.268857e-02 4.535083e-02 -4.215486e-03 1.343895e-02
6.987500e+03 3.912500e+03 1.350000e+03 -8.072787e-02 8.096768e-02 9.436064e-02 4.552353e-02 5.586112e-02 4.535083e-02 -1.657131e-02 1.343895e-02
3.487500e+03 4.012500e+03 1.225000e+03 5.762867e-02 8.096768e-02 -9.409365e-02 4.552353e-02 1.920830e-02 4.535083e-02 -8.024618e-03 1.343895e-02
3.587500e+03 4.012500e+03 1.200000e+03 3.510004e-01 8.096768e-02 -1.084954e-01 4.552353e-02 7.702311e-02 4.535083e-02 -1.191450e-02 1.343895e-02
3.687500e+03 4.012500e+03 1.200000e+03 1.189455e-01 8.096768e-02 -1.107218e-01 4.552353e-02 7.162115e-02 4.535083e-02 1.222027e-02 1.343895e-02
3.787500e+03 4.012500e+03 1.175000e+03 2.613210e-01 8.096768e-02 -1.101800e-01 4.552353e-02 2.963206e-02 4.535083e-02 -4.296696e-02 1.343895e-02
3.887500e+03 4.012500e+03 1.175000e+03 2.415283e-01 8.096768e-02 -4.686254e-02 4.552353e-02 1.672379e-01 4.535083e-02 1.272433e-02 1.343895e-02
3.987500e+03 4.012500e+03 1.150000e+03 9.322405e-02 8.096768e-02 3.198514e-02 4.552353e-02 9.899416e-02 4.535083e-02 7.483430e-03 1.343895e-02
4.087500e+03 4.012500e+03 1.150000e+03 2.371755e-01 8.096768e-02 3.265699e-02 4.552353e-02 3.917638e-02 4.535083e-02 2.093860e-02 1.343895e-02
4.187500e+03 4.012500e+03 1.150000e+03 1.543014e-01 8.096768e-02 5.903625e-02 4.552353e-02 -5.516401e-02 4.535083e-02 1.074078e-03 1.343895e-02
4.287500e+03 4.012500e+03 1.150000e+03 1.159382e-01 8.096768e-02 1.498726e-01 4.552353e-02 -6.796423e-02 4.535083e-02 -1.537934e-03 1.343895e-02
4.387500e+03 4.012500e+03 1.150000e+03 -5.789254e-02 8.096768e-02 8.355366e-02 4.552353e-02 -6.783212e-02 4.535083e-02 2.236773e-04 1.343895e-02
4.487500e+03 4.012500e+03 1.150000e+03 -3.141139e-02 8.096768e-02 2.086349e-01 4.552353e-02 -1.409207e-01 4.535083e-02 5.622280e-03 1.343895e-02
4.587500e+03 4.012500e+03 1.175000e+03 1.294194e-02 8.096768e-02 2.835261e-01 4.552353e-02 -1.564852e-01 4.535083e-02 2.928662e-04 1.343895e-02
4.687500e+03 4.012500e+03 1.175000e+03 -2.125514e-02 8.096768e-02 1.713379e-01 4.552353e-02 -2.489531e-01 4.535083e-02 5.804454e-02 1.343895e-02
4.787500e+03 4.012500e+03 1.175000e+03 2.689482e-01 8.096768e-02 -1.457122e-02 4.552353e-02 7.798260e-02 4.535083e-02 1.904685e-02 1.343895e-02
4.887500e+03 4.012500e+03 1.225000e+03 3.507497e-01 8.096768e-02 -7.391340e-03 4.552353e-02 7.335448e-02 4.535083e-02 -3.566391e-02 1.343895e-02
4.987500e+03 4.012500e+03 1.225000e+03 1.035301e-01 8.096768e-02 1.287497e-01 4.552353e-02 7.801023e-02 4.535083e-02 -4.039427e-02 1.343895e-02
5.087500e+03 4.012500e+03 1.225000e+03 7.147669e-02 8.096768e-02 5.609200e-02 4.552353e-02 -1.793562e-01 4.535083e-02 1.004883e-02 1.343895e-02
5.187500e+03 4.012500e+03 1.225000e+03 1.922338e-01 8.096768e-02 2.599567e-02 4.552353e-02 -1.006161e-01 4.535083e-02 8.539475e-03 1.343895e-02
5.287500e+03 4.012500e+03 1.250000e+03 4.330507e-01 8.096768e-02 -7.641707e-03 4.552353e-02 -2.185960e-01 4.535083e-02 -2.059143e-03 1.343895e-02
5.387500e+03 4.012500e+03 1.250000e+03 6.266867e-01 8.096768e-02 -1.014564e-01 4.552353e-02 -2.128599e-01 4.535083e-02 -1.873975e-02 1.343895e-02
5.487500e+03 4.012500e+03 1.275000e+03 6.140654e-01 8.096768e-02 -4.624050e-02 4.552353e-02 -3.819039e-01 4.535083e-02 -2.157833e-03 1.343895e-02
5.587500e+03 4.012500e+03 1.275000e+03 -4.591179e-01 8.096768e-02 3.807924e-01 4.552353e-02 1.415574e-01 4.535083e-02 -7.697579e-02 1.343895e-02
5.687500e+03 4.012500e+03 1.300000e+03 -5.686190e-01 8.096768e-02 1.494584e-01 4.552353e-02 2.260212e-01 4.535083e-02 -6.785572e-03 1.343895e-02
5.787500e+03 4.012500e+03 1.275000e+03 -4.312628e-01 8.096768e-02 2.780489e-02 4.552353e-02 1.872196e-01 4.535083e-02 5.415075e-02 1.343895e-02
5.887500e+03 4.012500e+03 1.275000e+03 -3.033859e-01 8.096768e-02 -1.701362e-02 4.552353e-02 1.373356e-01 4.535083e-02 5.126735e-02 1.343895e-02
5.987500e+03 4.012500e+03 1.250000e+03 -2.971481e-01 8.096768e-02 -8.352163e-02 4.552353e-02 -4.285424e-02 4.535083e-02 4.809252e-02 1.343895e-02
6.087500e+03 4.012500e+03 1.275000e+03 -2.186462e-01 8.096768e-02 -1.169769e-01 4.552353e-02 -5.049699e-02 4.535083e-02 7.944915e-02 1.343895e-02
6.187500e+03 4.012500e+03 1.300000e+03 -1.017087e-01 8.096768e-02 7.450671e-04 4.552353e-02 -2.558219e-02 4.535083e-02 8.210564e-02 1.343895e-02
6.287500e+03 4.012500e+03 1.300000e+03 -1.439083e-01 8.096768e-02 6.584944e-03 4.552353e-02 -5.407796e-02 4.535083e-02 6.600340e-02 1.343895e-02
6.387500e+03 4.012500e+03 1.300000e+03 -2.027129e-02 8.096768e-02 2.218418e-02 4.552353e-02 -9.869258e-02 4.535083e-02 2.819990e-02 1.343895e-02
6.487500e+03 4.012500e+03 1.325000e+03 -1.271646e-01 8.096768e-02 7.554668e-02 4.552353e-02 -9.749345e-02 4.535083e-02 3.164238e-02 1.343895e-02
6.587500e+03 4.012500e+03 1.325000e+03 -1.015713e-01 8.096768e-02 1.247121e-01 4.552353e-02 -8.124946e-02 4.535083e-02 3.049105e-02 1.343895e-02
6.687500e+03 4.012500e+03 1.350000e+03 -9.266871e-02 8.096768e-02 1.032198e-01 4.552353e-02 -9.610082e-02 4.535083e-02 3.150254e-02 1.343895e-02
6.787500e+03 4.012500e+03 1.375000e+03 -2.268659e-01 8.096768e-02 7.527868e-03 4.552353e-02 -5.815102e-02 4.535083e-02 4.866907e-02 1.343895e-02
6.887500e+03 4.012500e+03 1.375000e+03 -1.180603e-01 8.096768e-02 1.531921e-01 4.552353e-02 3.263937e-02 4.535083e-02 1.173075e-03 1.343895e-02
6.987500e+03 4.012500e+03 1.375000e+03 -1.240642e-01 8.096768e-02 9.755251e-02 4.552353e-02 4.427744e-02 4.535083e-02 -4.788322e-02 1.343895e-02
3.487500e+03 4.112500e+03 1.200000e+03 2.052683e-01 8.096768e-02 -1.447777e-01 4.552353e-02 6.746673e-02 4.535083e-02 -4.649746e-02 1.343895e-02
3.587500e+03 4.112500e+03 1.175000e+03 2.373401e-01 8.096768e-02 -3.409531e-02 4.552353e-02 1.429937e-02 4.535083e-02 9.945479e-03 1.343895e-02
3.687500e+03 4.112500e+03 1.175000e+03 3.760217e-01 8.096768e-02 -3.772909e-02 4.552353e-02 8.721441e-02 4.535083e-02 3.441867e-02 1.343895e-02
3.787500e+03 4.112500e+03 1.175000e+03 1.092311e-01 8.096768e-02 -6.604374e-02 4.552353e-02 9.736878e-02 4.535083e-02 4.055179e-02 1.343895e-02
3.887500e+03 4.112500e+03 1.150000e+03 1.995632e-01 8.096768e-02 -1.827514e-02 4.552353e-02 1.055398e-01 4.535083e-02 3.672545e-02 1.343895e-02
3.987500e+03 4.112500e+03 1.150000e+03 8.444677e-02 8.096768e-02 -1.569416e-02 4.552353e-02 7.342897e-02 4.535083e-02 3.804273e-02 1.343895e-02
4.087500e+03 4.112500e+03 1.150000e+03 1.980172e-01 8.096768e-02 -3.429476e-02 4.552353e-02 7.151941e-02 4.535083e-02 2.022764e-02 1.343895e-02
4.187500e+03 4.112500e+03 1.150000e+03 2.005599e-01 8.096768e-02 -1.072347e-02 4.552353e-02 2.421518e-02 4.535083e-02 1.124671e-02 1.343895e-02
4.287500e+03 4.112500e+03 1.150000e+03 7.454623e-02 8.096768e-02 8.744891e-02 4.552353e-02 -3.074790e-02 4.535083e-02 3.789107e-02 1.343895e-02
4.387500e+03 4.112500e+03 1.150000e+03 -1.244468e-02 8.096768e-02 1.596228e-01 4.552353e-02 -1.407710e-01 4.535083e-02 2.021989e-02 1.343895e-02
4.487500e+03 4.112500e+03 1.175000e+03 9.457686e-02 8.096768e-02 1.591387e-01 4.552353e-02 -1.831925e-01 4.535083e-02 1.571924e-02 1.343895e-02
4.587500e+03 4.112500e+03 1.175000e+03 1.054467e-01 8.096768e-02 1.169394e-01 4.552353e-02 -1.234459e-01 4.535083e-02 4.004185e-02 1.343895e-02
4.687500e+03 4.112500e+03 1.200000e+03 6.282617e-02 8.096768e-02 2.274664e-01 4.552353e-02 -7.545133e-02 4.535083e-02 4.731203e-02 1.343895e-02
4.787500e+03 4.112500e+03 1.200000e+03 2.017103e-01 8.096768e-02 3.421109e-02 4.552353e-02 1.653158e-01 4.535083e-02 -9.615721e-02 1.343895e-02
4.887500e+03 4.112500e+03 1.200000e+03 1.910557e-01 8.096768e-02 5.707871e-02 4.552353e-02 -4.110760e-03 4.535083e-02 -2.461843e-02 1.343895e-02
4.987500e+03 4.112500e+03 1.225000e+03 5.782834e-02 8.096768e-02 4.299173e-02 4.552353e-02 2.398374e-02 4.535083e-02 9.539906e-03 1.343895e-02
5.087500e+03 4.112500e+03 1.225000e+03 -3.617589e-03 8.096768e-02 4.731521e-02 4.552353e-02 -4.294657e-02 4.535083e-02 1.037353e-03 1.343895e-02
5.187500e+03 4.112500e+03 1.250000e+03 3.233624e-02 8.096768e-02 2.057778e-01 4.552353e-02 -1.634185e-01 4.535083e-02 5.169687e-02 1.343895e-02
5.287500e+03 4.112500e+03 1.250000e+03 2.882238e-01 8.096768e-02 1.351806e-01 4.552353e-02 -1.838854e-01 4.535083e-02 -1.096392e-02 1.343895e-02
5.387500e+03 4.112500e+03 1.275000e+03 1.914061e-01 8.096768e-02 1.692854e-01 4.552353e-02 -1.739810e-01 4.535083e-02 1.379516e-02 1.343895e-02
5.487500e+03 4.112500e+03 1.275000e+03 2.378244e-01 8.096768e-02 1.689950e-01 4.552353e-02 -2.738283e-01 4.535083e-02 1.538333e-02 1.343895e-02
5.587500e+03 4.112500e+03 1.275000e+03 6.287637e-01 8.096768e-02 -5.608271e-02 4.552353e-02 -3.896593e-01 4.535083e-02 3.924345e-02 1.343895e-02
5.687500e+03 4.112500e+03 1.275000e+03 2.221028e-01 8.096768e-02 3.922292e-02 4.552353e-02 -1.369776e-01 4.535083e-02 -2.483697e-02 1.343895e-02
5.787500e+03 4.112500e+03 1.300000e+03 -4.471902e-01 8.096768e-02 3.433974e-01 4.552353e-02 9.093902e-02 4.535083e-02 -1.271864e-02 1.343895e-02
5.887500e+03 4.112500e+03 1.300000e+03 -3.643074e-01 8.096768e-02 1.661493e-01 4.552353e-02 1.846121e-01 4.535083e-02 1.009902e-02 1.343895e-02
5.987500e+03 4.112500e+03 1.275000e+03 -2.246930e-01 8.096768e-02 -8.563937e-02 4.552353e-02 1.730135e-01 4.535083e-02 3.669474e-02 1.343895e-02
6.087500e+03 4.112500e+03 1.275000e+03 -2.166039e-01 8.096768e-02 1.662907e-02 4.552353e-02 -3.106664e-02 4.535083e-02 7.884263e-02 1.343895e-02
6.187500e+03 4.112500e+03 1.300000e+03 -8.464630e-02 8.096768e-02 -4.995149e-02 4.552353e-02 -6.937447e-02 4.535083e-02 1.099378e-01 1.343895e-02
6.287500e+03 4.112500e+03 1.325000e+03 -1.603940e-01 8.096768e-02 8.916946e-02 4.552353e-02 -2.608341e-02 4.535083e-02 6.053753e-02 1.343895e-02
6.387500e+03 4.112500e+03 1.300000e+03 -2.291911e-02 8.096768e-02 -4.235779e-02 4.552353e-02 -1.356884e-01 4.535083e-02 7.964912e-02 1.343895e-02
6.487500e+03 4.112500e+03 1.350000e+03 -9.919218e-02 8.096768e-02 -1.138330e-02 4.552353e-02 -1.142896e-01 4.535083e-02 5.639470e-02 1.343895e-02
6.587500e+03 4.112500e+03 1.350000e+03 -1.589240e-01 8.096768e-02 9.428164e-02 4.552353e-02 -1.055985e-01 4.535083e-02 5.062345e-02 1.343895e-02
6.687500e+03 4.112500e+03 1.375000e+03 -9.129385e-02 8.096768e-02 8.307426e-02 4.552353e-02 -7.734739e-02 4.535083e-02 4.274475e-02 1.343895e-02
6.787500e+03 4.112500e+03 1.400000e+03 -1.829670e-01 8.096768e-02 6.402425e-02 4.552353e-02 -2.244669e-02 4.535083e-02 2.837597e-02 1.343895e-02
6.887500e+03 4.112500e+03 1.400000e+03 -2.133070e-01 8.096768e-02 2.774731e-02 4.552353e-02 5.257021e-02 4.535083e-02 -6.551707e-04 1.343895e-02
6.987500e+03 4.112500e+03 1.375000e+03 -7.532515e-02 8.096768e-02 1.971917e-01 4.552353e-02 5.678996e-02 4.535083e-02 -4.064433e-02 1.343895e-02
3.487500e+03 4.212500e+03 1.175000e+03 1.665169e-01 8.096768e-02 5.902094e-02 4.552353e-02 3.496507e-02 4.535083e-02 -2.414141e-02 1.343895e-02
3.587500e+03 4.212500e+03 1.175000e+03 1.764131e-01 8.096768e-02 6.498984e-03 4.552353e-02 2.921154e-02 4.535083e-02 4.921631e-02 1.343895e-02
3.687500e+03 4.212500e+03 1.175000e+03 1.280186e-01 8.096768e-02 -1.501589e-01 4.552353e-02 1.541459e-01 4.535083e-02 2.089350e-02 1.343895e-02
3.787500e+03 4.212500e+03 1.150000e+03 2.566057e-01 8.096768e-02 -3.163268e-02 4.552353e-02 8.508661e-02 4.535083e-02 4.675890e-02 1.343895e-02
3.887500e+03 4.212500e+03 1.150000e+03 1.611892e-01 8.096768e-02 4.385506e-02 4.552353e-02 6.465156e-02 4.535083e-02 6.065626e-02 1.343895e-02
3.987500e+03 4.212500e+03 1.150000e+03 3.141300e-01 8.096768e-02 5.745442e-02 4.552353e-02 8.878793e-02 4.535083e-02 2.487141e-02 1.343895e-02
4.087500e+03 4.212500e+03 1.150000e+03 1.627920e-01 8.096768e-02 -9.181521e-02 4.552353e-02 1.654083e-02 4.535083e-02 2.146681e-03 1.343895e-02
4.187500e+03 4.212500e+03 1.125000e+03 7.602855e-02 8.096768e-02 -7.778253e-02 4.552353e-02 -1.167719e-01 4.535083e-02 3.944625e-02 1.343895e-02
4.287500e+03 4.212500e+03 1.150000e+03 3.263073e-03 8.096768e-02 9.854908e-02 4.552353e-02 -2.011417e-02 4.535083e-02 3.687460e-02 1.343895e-02
4.387500e+03 4.212500e+03 1.175000e+03 -2.457681e-02 8.096768e-02 1.574215e-01 4.552353e-02 -1.163071e-01 4.535083e-02 4.819921e-02 1.343895e-02
4.487500e+03 4.212500e+03 1.175000e+03 -5.227774e-02 8.096768e-02 1.096881e-01 4.552353e-02 -1.324608e-01 4.535083e-02 7.059511e-02 1.343895e-02
4.587500e+03 4.212500e+03 1.175000e+03 -4.598753e-02 8.096768e-02 4.083512e-02 4.552353e-02 -1.380367e-01 4.535083e-02 5.591471e-02 1.343895e-02
4.687500e+03 4.212500e+03 1.200000e+03 -2.135189e-02 8.096768e-02 2.084819e-01 4.552353e-02 -7.379326e-02 4.535083e-02 6.160234e-02 1.343895e-02
4.787500e+03 4.212500e+03 1.225000e+03 -6.486865e-02 8.096768e-02 9.418710e-02 4.552353e-02 1.585002e-01 4.535083e-02 -3.856972e-02 1.343895e-02
4.887500e+03 4.212500e+03 1.225000e+03 1.391547e-01 8.096768e-02 -2.365196e-02 4.552353e-02 2.547147e-02 4.535083e-02 -3.624948e-02 1.343895e-02
4.987500e+03 4.212500e+03 1.225000e+03 5.566887e-02 8.096768e-02 1.225454e-01 4.552353e-02 -4.449211e-05 4.535083e-02 5.622034e-03 1.343895e-02
5.087500e+03 4.212500e+03 1.250000e+03 -7.341386e-02 8.096768e-02 4.496362e-02 4.552353e-02 -1.130649e-01 4.535083e-02 2.709061e-02 1.343895e-02
5.187500e+03 4.212500e+03 1.250000e+03 -5.225460e-02 8.096768e-02 1.406613e-01 4.552353e-02 -1.230828e-01 4.535083e-02 -1.865802e-02 1.343895e-02
5.287500e+03 4.212500e+03 1.275000e+03 1.013700e-01 8.096768e-02 1.582313e-01 4.552353e-02 -1.740977e-01 4.535083e-02 4.179033e-02 1.343895e-02
5.387500e+03 4.212500e+03 1.300000e+03 1.446030e-01 8.096768e-02 2.369174e-01 4.552353e-02 -1.095811e-01 4.535083e-02 2.944691e-02 1.343895e-02
5.487500e+03 4.212500e+03 1.325000e+03 -7.825446e-02 8.096768e-02 1.863122e-01 4.552353e-02 -5.962388e-02 4.535083e-02 -1.142927e-02 1.343895e-02
5.587500e+03 4.212500e+03 1.325000e+03 7.477409e-02 8.096768e-02 4.234720e-02 4.552353e-02 -2.410321e-02 4.535083e-02 -5.462110e-02 1.343895e-02
5.687500e+03 4.212500e+03 1.300000e+03 3.882471e-01 8.096768e-02 -1.145955e-01 4.552353e-02 -6.424693e-02 4.535083e-02 -6.070924e-02 1.343895e-02
5.787500e+03 4.212500e+03 1.300000e+03 4.390451e-01 8.096768e-02 -4.176942e-01 4.552353e-02 -2.398116e-01 4.535083e-02 -2.412556e-02 1.343895e-02
5.887500e+03 4.212500e+03 1.300000e+03 -3.542701e-02 8.096768e-02 8.120747e-02 4.552353e-02 -7.577830e-03 4.535083e-02 -6.027662e-02 1.343895e-02
5.987500e+03 4.212500e+03 1.275000e+03 -5.557969e-01 8.096768e-02 2.343593e-01 4.552353e-02 1.643653e-01 4.535083e-02 -3.275033e-02 1.343895e-02
6.087500e+03 4.212500e+03 1.275000e+03 -5.135817e-01 8.096768e-02 5.862600e-02 4.552353e-02 7.911685e-02 4.535083e-02 4.443351e-02 1.343895e-02
6.187500e+03 4.212500e+03 1.300000e+03 -2.368740e-01 8.096768e-02 -1.107244e-01 4.552353e-02 -5.316895e-03 4.535083e-02 9.445021e-02 1.343895e-02
6.287500e+03 4.212500e+03 1.325000e+03 -2.288501e-01 8.096768e-02 -4.019823e-02 4.552353e-02 -9.444101e-02 4.535083e-02 9.579158e-02 1.343895e-02
6.387500e+03 4.212500e+03 1.325000e+03 2.849970e-02 8.096768e-02 -3.311707e-02 4.552353e-02 -1.029908e-01 4.535083e-02 7.525910e-02 1.343895e-02
6.487500e+03 4.212500e+03 1.325000e+03 9.754607e-03 8.096768e-02 -9.236408e-02 4.552353e-02 -1.285807e-01 4.535083e-02 8.145847e-02 1.343895e-02
6.587500e+03 4.212500e+03 1.350000e+03 -3.549249e-02 8.096768e-02 -8.260867e-02 4.552353e-02 -1.292653e-01 4.535083e-02 5.998806e-02 1.343895e-02
6.687500e+03 4.212500e+03 1.375000e+03 -1.347410e-01 8.096768e-02 -2.610425e-02 4.552353e-02 -6.182165e-02 4.535083e-02 4.638096e-02 1.343895e-02
6.787500e+03 4.212500e+03 1.400000e+03 -1.172220e-01 8.096768e-02 3.719323e-04 4.552353e-02 -1.211684e-01 4.535083e-02 8.420396e-02 1.343895e-02
6.887500e+03 4.212500e+03 1.400000e+03 -1.502997e-01 8.096768e-02 1.054986e-01 4.552353e-02 -1.148762e-02 4.535083e-02 2.630668e-02 1.343895e-02
6.987500e+03 4.212500e+03 1.400000e+03 3.233439e-02 8.096768e-02 1.664327e-02 4.552353e-02 2.770621e-02 4.535083e-02 -5.658152e-02 1.343895e-02
3.487500e+03 4.312500e+03 1.175000e+03 2.184081e-02 8.096768e-02 -2.428106e-02 4.552353e-02 2.838192e-02 4.535083e-02 8.576615e-04 1.343895e-02
3.587500e+03 4.312500e+03 1.175000e+03 1.274327e-01 8.096768e-02 -2.977257e-02 4.552353e-02 1.182285e-01 4.535083e-02 -2.163647e-02 1.343895e-02
3.687500e+03 4.312500e+03 1.150000e+03 2.298330e-01 8.096768e-02 3.790820e-02 4.552353e-02 1.361200e-01 4.535083e-02 2.643539e-02 1.343895e-02
3.787500e+03 4.312500e+03 1.150000e+03 1.241402e-01 8.096768e-02 -1.131782e-01 4.552353e-02 1.213719e-01 4.535083e-02 2.220622e-02 1.343895e-02
3.887500e+03 4.312500e+03 1.150000e+03 1.021631e-01 8.096768e-02 -2.788502e-02 4.552353e-02 3.683837e-02 4.535083e-02 3.967124e-02 1.343895e-02
3.987500e+03 4.312500e+03 1.150000e+03 3.097830e-01 8.096768e-02 -1.878888e-01 4.552353e-02 8.232424e-02 4.535083e-02 1.518925e-02 1.343895e-02
4.087500e+03 4.312500e+03 1.125000e+03 7.487232e-02 8.096768e-02 -5.361441e-02 4.552353e-02 -9.510186e-03 4.535083e-02 4.547284e-02 1.343895e-02
4.187500e+03 4.312500e+03 1.150000e+03 4.295966e-03 8.096768e-02 6.196525e-02 4.552353e-02 -8.564012e-02 4.535083e-02 9.043234e-02 1.343895e-02
4.287500e+03 4.312500e+03 1.175000e+03 -2.131430e-02 8.096768e-02 1.168100e-01 4.552353e-02 -1.384540e-01 4.535083e-02 8.646610e-02 1.343895e-02
4.387500e+03 4.312500e+03 1.175000e+03 -3.151355e-02 8.096768e-02 1.132645e-01 4.552353e-02 -1.326965e-01 4.535083e-02 6.172552e-02 1.343895e-02
4.487500e+03 4.312500e+03 1.175000e+03 -2.210962e-01 8.096768e-02 1.719290e-01 4.552353e-02 -1.810043e-01 4.535083e-02 1.110762e-01 1.343895e-02
4.587500e+03 4.312500e+03 1.200000e+03 -1.003354e-02 8.096768e-02 1.604774e-01 4.552353e-02 -1.921350e-01 4.535083e-02 1.133590e-01 1.343895e-02
4.687500e+03 4.312500e+03 1.225000e+03 3.075010e-02 8.096768e-02 1.412672e-01 4.552353e-02 -3.831369e-02 4.535083e-02 5.677589e-02 1.343895e-02
4.787500e+03 4.312500e+03 1.225000e+03 -1.239427e-02 8.096768e-02 8.396791e-02 4.552353e-02 4.495270e-02 4.535083e-02 -5.751675e-03 1.343895e-02
4.887500e+03 4.312500e+03 1.250000e+03 -1.435752e-01 8.096768e-02 1.485545e-01 4.552353e-02 -6.267850e-02 4.535083e-02 -4.006823e-02 1.343895e-02
4.987500e+03 4.312500e+03 1.250000e+03 -8.780963e-02 8.096768e-02 1.826518e-01 4.552353e-02 5.763191e-03 4.535083e-02 -1.870243e-02 1.343895e-02
5.087500e+03 4.312500e+03 1.250000e+03 -2.071701e-02 8.096768e-02 6.614530e-02 4.552353e-02 -1.087407e-01 4.535083e-02 7.988862e-03 1.343895e-02
5.187500e+03 4.312500e+03 1.275000e+03 -3.528347e-02 8.096768e-02 3.647922e-02 4.552353e-02 -1.353766e-01 4.535083e-02 2.960364e-02 1.343895e-02
5.287500e+03 4.312500e+03 1.300000e+03 8.254026e-02 8.096768e-02 8.373216e-02 4.552353e-02 -1.450226e-01 4.535083e-02 6.680506e-02 1.343895e-02
5.387500e+03 4.312500e+03 1.350000e+03 -2.674071e-02 8.096768e-02 1.974631e-01 4.552353e-02 -1.476168e-01 4.535083e-02 5.344349e-02 1.343895e-02
5.487500e+03 4.312500e+03 1.350000e+03 -8.456639e-02 8.096768e-02 1.724058e-01 4.552353e-02 -5.959786e-02 4.535083e-02 -2.581900e-02 1.343895e-02
5.587500e+03 4.312500e+03 1.350000e+03 1.747073e-01 8.096768e-02 1.039645e-01 4.552353e-02 -1.156620e-01 4.535083e-02 -9.086313e-02 1.343895e-02
5.687500e+03 4.312500e+03 1.325000e+03 1.770070e-01 8.096768e-02 1.485901e-01 4.552353e-02 -5.547017e-03 4.535083e-02 -6.128623e-02 1.343895e-02
5.787500e+03 4.312500e+03 1.300000e+03 2.505691e-01 8.096768e-02 -2.106782e-02 4.552353e-02 -9.600397e-02 4.535083e-02 -5.185739e-02 1.343895e-02
5.887500e+03 4.312500e+03 1.300000e+03 3.991226e-02 8.096768e-02 -1.943512e-02 4.552353e-02 -1.148824e-01 4.535083e-02 -2.723131e-02 1.343895e-02
5.987500e+03 4.312500e+03 1.275000e+03 4.344685e-01 8.096768e-02 -1.817044e-01 4.552353e-02 -3.458374e-01 4.535083e-02 1.804409e-03 1.343895e-02
6.087500e+03 4.312500e+03 1.275000e+03 -8.788483e-01 8.096768e-02 4.283771e-01 4.552353e-02 3.706636e-01 4.535083e-02 -5.431613e-02 1.343895e-02
6.187500e+03 4.312500e+03 1.275000e+03 -4.593098e-01 8.096768e-02 3.540746e-02 4.552353e-02 2.252864e-01 4.535083e-02 1.041160e-01 1.343895e-02
6.287500e+03 4.312500e+03 1.325000e+03 -2.975211e-01 8.096768e-02 -4.767595e-02 4.552353e-02 -7.509787e-02 4.535083e-02 1.322781e-01 1.343895e-02
6.387500e+03 4.312500e+03 1.350000e+03 -2.159436e-01 8.096768e-02 -3.573002e-02 4.552353e-02 -7.994937e-02 4.535083e-02 7.546350e-02 1.343895e-02
6.487500e+03 4.312500e+03 1.350000e+03 -3.334864e-02 8.096768e-02 -1.737870e-02 4.552353e-02 -2.990046e-02 4.535083e-02 6.979395e-02 1.343895e-02
6.587500e+03 4.312500e+03 1.350000e+03 -2.130268e-01 8.096768e-02 -6.626731e-02 4.552353e-02 -5.773431e-02 4.535083e-02 5.220289e-02 1.343895e-02
6.687500e+03 4.312500e+03 1.375000e+03 -1.666522e-01 8.096768e-02 -1.317542e-02 4.552353e-02 -8.467246e-02 4.535083e-02 4.124868e-02 1.343895e-02
6.787500e+03 4.312500e+03 1.400000e+03 -1.417446e-01 8.096768e-02 6.396090e-03 4.552353e-02 -4.383190e-03 4.535083e-02 6.244004e-02 1.343895e-02
6.887500e+03 4.312500e+03 1.400000e+03 -1.238675e-01 8.096768e-02 2.089100e-02 4.552353e-02 -5.124755e-02 4.535083e-02 3.050651e-02 1.343895e-02
6.987500e+03 4.312500e+03 1.425000e+03 -1.817220e-01 8.096768e-02 8.145988e-02 4.552353e-02 -5.530337e-02 4.535083e-02 -3.080296e-02 1.343895e-02
3.487500e+03 4.412500e+03 1.175000e+03 -3.975158e-02 8.096768e-02 4.311180e-02 4.552353e-02 3.010753e-02 4.535083e-02 1.700943e-02 1.343895e-02
3.587500e+03 4.412500e+03 1.150000e+03 -1.122025e-01 8.096768e-02 2.191882e-02 4.552353e-02 1.362204e-01 4.535083e-02 4.591399e-03 1.343895e-02
3.687500e+03 4.412500e+03 1.150000e+03 9.279898e-02 8.096768e-02 2.902670e-02 4.552353e-02 1.265172e-01 4.535083e-02 2.859600e-02 1.343895e-02
3.787500e+03 4.412500e+03 1.125000e+03 2.143448e-01 8.096768e-02 -1.624328e-01 4.552353e-02 1.288584e-01 4.535083e-02 -5.636002e-02 1.343895e-02
3.887500e+03 4.412500e+03 1.125000e+03 1.201759e-01 8.096768e-02 -9.329574e-02 4.552353e-02 8.533041e-02 4.535083e-02 7.291530e-03 1.343895e-02
3.987500e+03 4.412500e+03 1.125000e+03 1.359574e-02 8.096768e-02 -4.747882e-03 4.552353e-02 -9.220478e-02 4.535083e-02 3.708933e-02 1.343895e-02
4.087500e+03 4.412500e+03 1.150000e+03 -3.254602e-02 8.096768e-02 1.342585e-01 4.552353e-02 -1.105367e-01 4.535083e-02 8.231749e-02 1.343895e-02
4.187500e+03 4.412500e+03 1.150000e+03 -1.491388e-01 8.096768e-02 1.238388e-01 4.552353e-02 -1.186295e-01 4.535083e-02 1.018342e-01 1.343895e-02
4.287500e+03 4.412500e+03 1.175000e+03 4.017545e-02 8.096768e-02 1.495032e-01 4.552353e-02 -8.674586e-02 4.535083e-02 4.559816e-02 1.343895e-02
4.387500e+03 4.412500e+03 1.175000e+03 -9.651312e-02 8.096768e-02 1.709533e-01 4.552353e-02 -6.598676e-02 4.535083e-02 5.758586e-02 1.343895e-02
4.487500e+03 4.412500e+03 1.200000e+03 -1.664242e-01 8.096768e-02 1.300096e-01 4.552353e-02 -1.487327e-01 4.535083e-02 5.783858e-02 1.343895e-02
4.587500e+03 4.412500e+03 1.225000e+03 -7.178053e-03 8.096768e-02 9.230076e-02 4.552353e-02 -7.494758e-02 4.535083e-02 4.939644e-02 1.343895e-02
4.687500e+03 4.412500e+03 1.225000e+03 2.755289e-02 8.096768e-02 -3.760836e-03 4.552353e-02 1.064068e-02 4.535083e-02 -1.202039e-02 1.343895e-02
4.787500e+03 4.412500e+03 1.250000e+03 1.435120e-01 8.096768e-02 2.629650e-02 4.552353e-02 7.387461e-02 4.535083e-02 -1.285868e-01 1.343895e-02
4.887500e+03 4.412500e+03 1.250000e+03 -1.393084e-02 8.096768e-02 4.687614e-02 4.552353e-02 2.320035e-02 4.535083e-02 -1.097472e-02 1.343895e-02
4.987500e+03 4.412500e+03 1.250000e+03 -4.998953e-02 8.096768e-02 1.801034e-01 4.552353e-02 -3.022987e-02 4.535083e-02 -3.834715e-02 1.343895e-02
5.087500e+03 4.412500e+03 1.250000e+03 -1.138366e-01 8.096768e-02 8.521219e-02 4.552353e-02 -1.243686e-01 4.535083e-02 2.191984e-02 1.343895e-02
5.187500e+03 4.412500e+03 1.275000e+03 1.444002e-02 8.096768e-02 1.229841e-01 4.552353e-02 -1.350613e-01 4.535083e-02 2.226615e-02 1.343895e-02
5.287500e+03 4.412500e+03 1.300000e+03 -4.514347e-02 8.096768e-02 5.382268e-02 4.552353e-02 -1.649760e-01 4.535083e-02 7.100583e-02 1.343895e-02
5.387500e+03 4.412500e+03 1.350000e+03 5.573768e-02 8.096768e-02 6.568024e-02 4.552353e-02 -1.649818e-01 4.535083e-02 8.766679e-02 1.343895e-02
5.487500e+03 4.412500e+03 1.375000e+03 -5.114609e-02 8.096768e-02 5.032146e-02 4.552353e-02 -6.160516e-02 4.535083e-02 -1.021880e-02 1.343895e-02
5.587500e+03 4.412500e+03 1.375000e+03 -1.811498e-01 8.096768e-02 1.615272e-01 4.552353e-02 2.471231e-02 4.535083e-02 -8.077164e-02 1.343895e-02
5.687500e+03 4.412500e+03 1.350000e+03 7.723819e-02 8.096768e-02 1.678450e-01 4.552353e-02 3.222351e-02 4.535083e-02 -1.049164e-01 1.343895e-02
5.787500e+03 4.412500e+03 1.325000e+03 6.727943e-02 8.096768e-02 7.404170e-02 4.552353e-02 6.283026e-03 4.535083e-02 -7.679392e-02 1.343895e-02
5.887500e+03 4.412500e+03 1.325000e+03 1.148999e-01 8.096768e-02 -5.662759e-04 4.552353e-02 -2.841099e-02 4.535083e-02 -5.197309e-02 1.343895e-02
5.987500e+03 4.412500e+03 1.300000e+03 2.105072e-01 8.096768e-02 -8.262259e-02 4.552353e-02 -1.530453e-01 4.535083e-02 -4.120233e-02 1.343895e-02
6.087500e+03 4.412500e+03 1.275000e+03 6.500716e-01 8.096768e-02 -3.409105e-01 4.552353e-02 -5.032894e-01 4.535083e-02 1.176138e-02 1.343895e-02
6.187500e+03 4.412500e+03 1.275000e+03 -7.983390e-01 8.096768e-02 4.282670e-01 4.552353e-02 3.740288e-01 4.535083e-02 1.140033e-02 1.343895e-02
6.287500e+03 4.412500e+03 1.300000e+03 -3.277173e-01 8.096768e-02 -3.411202e-02 4.552353e-02 -1.302209e-02 4.535083e-02 1.194249e-01 1.343895e-02
6.387500e+03 4.412500e+03 1.325000e+03 -2.003326e-01 8.096768e-02 -1.243005e-01 4.552353e-02 -5.570214e-02 4.535083e-02 1.094481e-01 1.343895e-02
6.487500e+03 4.412500e+03 1.325000e+03 -2.298358e-02 8.096768e-02 -1.689043e-01 4.552353e-02 -1.010229e-01 4.535083e-02 1.121921e-01 1.343895e-02
6.587500e+03 4.412500e+03 1.375000e+03 -8.209927e-02 8.096768e-02 -7.357587e-02 4.552353e-02 -8.576367e-02 4.535083e-02 9.152859e-02 1.343895e-02
6.687500e+03 4.412500e+03 1.375000e+03 -9.101757e-02 8.096768e-02 -4.560812e-03 4.552353e-02 -9.071667e-02 4.535083e-02 4.191997e-02 1.343895e-02
6.787500e+03 4.412500e+03 1.400000e+03 -1.044718e-01 8.096768e-02 -3.721406e-03 4.552353e-02 -9.228598e-02 4.535083e-02 5.785249e-02 1.343895e-02
6.887500e+03 4.412500e+03 1.400000e+03 -1.918333e-01 8.096768e-02 -7.477737e-02 4.552353e-02 -1.160540e-01 4.535083e-02 4.043242e-02 1.343895e-02
6.987500e+03 4.412500e+03 1.425000e+03 -9.274785e-02 8.096768e-02 4.032596e-02 4.552353e-02 3.068685e-02 4.535083e-02 -5.155339e-03 1.343895e-02
3.487500e+03 4.512500e+03 1.175000e+03 -1.102362e-01 8.096768e-02 -2.329409e-02 4.552353e-02 -2.567940e-02 4.535083e-02 3.347135e-02 1.343895e-02
3.587500e+03 4.512500e+03 1.175000e+03 6.859687e-02 8.096768e-02 1.320251e-01 4.552353e-02 1.706374e-01 4.535083e-02 -4.424857e-03 1.343895e-02
3.687500e+03 4.512500e+03 1.150000e+03 9.014428e-02 8.096768e-02 8.208971e-02 4.552353e-02 1.883169e-01 4.535083e-02 -4.107630e-02 1.343895e-02
3.787500e+03 4.512500e+03 1.125000e+03 2.624034e-01 8.096768e-02 -2.148903e-02 4.552353e-02 8.526332e-02 4.535083e-02 -4.669917e-02 1.343895e-02
3.887500e+03 4.512500e+03 1.125000e+03 -4.929822e-02 8.096768e-02 3.625787e-02 4.552353e-02 -4.737479e-03 4.535083e-02 3.975853e-02 1.343895e-02
3.987500e+03 4.512500e+03 1.125000e+03 -5.558256e-02 8.096768e-02 8.878374e-02 4.552353e-02 -8.787286e-02 4.535083e-02 5.482827e-02 1.343895e-02
4.087500e+03 4.512500e+03 1.150000e+03 2.762219e-02 8.096768e-02 8.732663e-02 4.552353e-02 7.209951e-03 4.535083e-02 6.051920e-02 1.343895e-02
4.187500e+03 4.512500e+03 1.150000e+03 -8.595185e-02 8.096768e-02 2.220839e-02 4.552353e-02 4.262955e-02 4.535083e-02 6.136550e-02 1.343895e-02
4.287500e+03 4.512500e+03 1.175000e+03 -1.262441e-01 8.096768e-02 8.242494e-02 4.552353e-02 -6.382371e-02 4.535083e-02 8.720444e-02 1.343895e-02
4.387500e+03 4.512500e+03 1.175000e+03 3.252476e-02 8.096768e-02 -2.342492e-02 4.552353e-02 1.193764e-02 4.535083e-02 6.047106e-02 1.343895e-02
4.487500e+03 4.512500e+03 1.200000e+03 -9.181206e-02 8.096768e-02 1.580622e-01 4.552353e-02 -1.962375e-01 4.535083e-02 1.492959e-01 1.343895e-02
4.587500e+03 4.512500e+03 1.225000e+03 1.403238e-01 8.096768e-02 -1.841685e-01 4.552353e-02 1.550082e-01 4.535083e-02 -1.043474e-01 1.343895e-02
4.687500e+03 4.512500e+03 1.250000e+03 9.962409e-02 8.096768e-02 -2.378480e-02 4.552353e-02 7.154342e-02 4.535083e-02 -7.141070e-03 1.343895e-02
4.787500e+03 4.512500e+03 1.250000e+03 -1.149716e-02 8.096768e-02 -8.817711e-02 4.552353e-02 -1.254929e-01 4.535083e-02 2.132457e-02 1.343895e-02
4.887500e+03 4.512500e+03 1.275000e+03 -1.653418e-01 8.096768e-02 9.798136e-02 4.552353e-02 -2.502833e-02 4.535083e-02 -3.080672e-02 1.343895e-02
4.987500e+03 4.512500e+03 1.275000e+03 -4.944816e-02 8.096768e-02 7.620677e-02 4.552353e-02 -7.103436e-02 4.535083e-02 -2.143646e-02 1.343895e-02
5.087500e+03 4.512500e+03 1.275000e+03 -1.461594e-01 8.096768e-02 1.940475e-01 4.552353e-02 -4.561834e-02 4.535083e-02 -1.732991e-03 1.343895e-02
5.187500e+03 4.512500e+03 1.275000e+03 5.074421e-02 8.096768e-02 1.201617e-01 4.552353e-02 -5.261319e-02 4.535083e-02 3.163921e-02 1.343895e-02
5.287500e+03 4.512500e+03 1.300000e+03 -2.090138e-02 8.096768e-02 3.776304e-02 4.552353e-02 -1.492899e-01 4.535083e-02 6.487053e-02 1.343895e-02
5.387500e+03 4.512500e+03 1.325000e+03 4.418904e-02 8.096768e-02 -1.081072e-01 4.552353e-02 -8.369362e-02 4.535083e-02 7.816295e-02 1.343895e-02
5.487500e+03 4.512500e+03 1.375000e+03 -2.980698e-02 8.096768e-02 7.363570e-02 4.552353e-02 -6.068134e-02 4.535083e-02 6.009467e-02 1.343895e-02
5.587500e+03 4.512500e+03 1.375000e+03 -6.377627e-02 8.096768e-02 2.358294e-01 4.552353e-02 -7.480164e-02 4.535083e-02 -7.907579e-02 1.343895e-02
5.687500e+03 4.512500e+03 1.350000e+03 -9.180328e-02 8.096768e-02 7.626543e-02 4.552353e-02 1.010420e-01 4.535083e-02 -1.154390e-01 1.343895e-02
5.787500e+03 4.512500e+03 1.325000e+03 3.043140e-02 8.096768e-02 5.924970e-02 4.552353e-02 -3.424828e-02 4.535083e-02 -9.069054e-02 1.343895e-02
5.887500e+03 4.512500e+03 1.325000e+03 1.436806e-01 8.096768e-02 1.091347e-01 4.552353e-02 6.293048e-03 4.535083e-02 -6.417878e-02 1.343895e-02
5.987500e+03 4.512500e+03 1.300000e+03 1.033530e-02 8.096768e-02 -6.349431e-03 4.552353e-02 4.330916e-03 4.535083e-02 -1.029696e-01 1.343895e-02
6.087500e+03 4.512500e+03 1.300000e+03 2.619015e-01 8.096768e-02 1.366348e-02 4.552353e-02 -1.687581e-01 4.535083e-02 -1.094584e-01 1.343895e-02
6.187500e+03 4.512500e+03 1.275000e+03 5.968414e-01 8.096768e-02 -2.724219e-01 4.552353e-02 -5.300076e-01 4.535083e-02 2.070297e-02 1.343895e-02
6.287500e+03 4.512500e+03 1.300000e+03 -3.803527e-01 8.096768e-02 6.665331e-02 4.552353e-02 1.553762e-01 4.535083e-02 4.376069e-02 1.343895e-02
6.387500e+03 4.512500e+03 1.300000e+03 -2.985492e-01 8.096768e-02 -2.177497e-02 4.552353e-02 1.462013e-01 4.535083e-02 1.005206e-01 1.343895e-02
6.487500e+03 4.512500e+03 1.325000e+03 -1.249674e-01 8.096768e-02 -8.714393e-02 4.552353e-02 -9.192531e-02 4.535083e-02 1.238450e-01 1.343895e-02
6.587500e+03 4.512500e+03 1.350000e+03 -8.648497e-02 8.096768e-02 -8.720615e-02 4.552353e-02 -1.765154e-01 4.535083e-02 9.351135e-02 1.343895e-02
6.687500e+03 4.512500e+03 1.375000e+03 -1.044773e-03 8.096768e-02 -1.055557e-01 4.552353e-02 -1.780359e-01 4.535083e-02 8.826203e-02 1.343895e-02
6.787500e+03 4.512500e+03 1.375000e+03 -5.403429e-02 8.096768e-02 -9.579575e-02 4.552353e-02 -9.677499e-02 4.535083e-02 6.631112e-02 1.343895e-02
6.887500e+03 4.512500e+03 1.425000e+03 -5.144392e-03 8.096768e-02 -4.510270e-02 4.552353e-02 -4.824719e-02 4.535083e-02 7.772591e-02 1.343895e-02
6.987500e+03 4.512500e+03 1.450000e+03 -8.243118e-02 8.096768e-02 8.899458e-02 4.552353e-02 -7.243433e-02 4.535083e-02 4.759085e-02 1.343895e-02
3.487500e+03 4.612500e+03 1.175000e+03 9.713608e-02 8.096768e-02 9.595018e-02 4.552353e-02 -1.182595e-02 4.535083e-02 2.303274e-02 1.343895e-02
3.587500e+03 4.612500e+03 1.175000e+03 1.534640e-01 8.096768e-02 -6.974776e-02 4.552353e-02 1.892568e-01 4.535083e-02 -1.818696e-02 1.343895e-02
3.687500e+03 4.612500e+03 1.150000e+03 5.297469e-02 8.096768e-02 5.210013e-02 4.552353e-02 1.086682e-01 4.535083e-02 -1.109929e-02 1.343895e-02
3.787500e+03 4.612500e+03 1.125000e+03 3.151390e-02 8.096768e-02 1.817953e-01 4.552353e-02 7.845694e-02 4.535083e-02 7.764589e-03 1.343895e-02
3.887500e+03 4.612500e+03 1.125000e+03 4.545969e-02 8.096768e-02 8.976079e-02 4.552353e-02 3.823054e-02 4.535083e-02 4.114996e-02 1.343895e-02
3.987500e+03 4.612500e+03 1.150000e+03 7.358241e-02 8.096768e-02 1.349788e-01 4.552353e-02 -1.123937e-02 4.535083e-02 7.430839e-02 1.343895e-02
4.087500e+03 4.612500e+03 1.150000e+03 -9.448495e-02 8.096768e-02 1.171421e-01 4.552353e-02 -8.349753e-02 4.535083e-02 8.315807e-02 1.343895e-02
4.187500e+03 4.612500e+03 1.175000e+03 -3.040840e-02 8.096768e-02 1.169321e-01 4.552353e-02 -1.002952e-01 4.535083e-02 9.098034e-02 1.343895e-02
4.287500e+03 4.612500e+03 1.175000e+03 -4.641825e-02 8.096768e-02 4.235794e-02 4.552353e-02 -8.042300e-02 4.535083e-02 8.370035e-02 1.343895e-02
4.387500e+03 4.612500e+03 1.200000e+03 -7.703241e-02 8.096768e-02 1.190798e-01 4.552353e-02 -1.402175e-01 4.535083e-02 9.668518e-02 1.343895e-02
4.487500e+03 4.612500e+03 1.200000e+03 -1.705561e-01 8.096768e-02 3.227180e-01 4.552353e-02 2.489261e-02 4.535083e-02 -2.910536e-02 1.343895e-02
4.587500e+03 4.612500e+03 1.225000e+03 4.518708e-03 8.096768e-02 9.841331e-03 4.552353e-02 5.775442e-02 4.535083e-02 -1.263535e-01 1.343895e-02
4.687500e+03 4.612500e+03 1.250000e+03 3.042910e-02 8.096768e-02 -4.102368e-02 4.552353e-02 -7.785932e-02 4.535083e-02 5.240058e-03 1.343895e-02
4.787500e+03 4.612500e+03 1.250000e+03 8.649335e-02 8.096768e-02 2.756246e-02 4.552353e-02 1.653497e-02 4.535083e-02 -1.211690e-02 1.343895e-02
4.887500e+03 4.612500e+03 1.275000e+03 -1.207155e-01 8.096768e-02 6.839248e-02 4.552353e-02 -7.065058e-02 4.535083e-02 4.216615e-02 1.343895e-02
4.987500e+03 4.612500e+03 1.275000e+03 -2.299389e-02 8.096768e-02 1.098418e-01 4.552353e-02 -5.487887e-02 4.535083e-02 -1.205830e-02 1.343895e-02
5.087500e+03 4.612500e+03 1.300000e+03 4.938600e-03 8.096768e-02 1.348550e-01 4.552353e-02 -1.580082e-01 4.535083e-02 2.961447e-02 1.343895e-02
5.187500e+03 4.612500e+03 1.300000e+03 -1.418621e-01 8.096768e-02 -1.536615e-02 4.552353e-02 -1.202942e-01 4.535083e-02 3.475041e-02 1.343895e-02
5.287500e+03 4.612500e+03 1.300000e+03 9.465582e-02 8.096768e-02 2.911715e-02 4.552353e-02 -1.080446e-01 4.535083e-02 4.568363e-02 1.343895e-02
5.387500e+03 4.612500e+03 1.325000e+03 -1.777242e-01 8.096768e-02 5.664508e-04 4.552353e-02 -1.938526e-01 4.535083e-02 8.993599e-02 1.343895e-02
5.487500e+03 4.612500e+03 1.375000e+03 1.091924e-01 8.096768e-02 3.757777e-03 4.552353e-02 -1.298686e-01 4.535083e-02 8.097651e-02 1.343895e-02
5.587500e+03 4.612500e+03 1.400000e+03 -2.932093e-01 8.096768e-02 3.390734e-02 4.552353e-02 1.355603e-02 4.535083e-02 -2.121200e-02 1.343895e-02
5.687500e+03 4.612500e+03 1.375000e+03 -1.008374e-01 8.096768e-02 1.347876e-01 4.552353e-02 -1.371818e-02 4.535083e-02 -9.183928e-02 1.343895e-02
5.787500e+03 4.612500e+03 1.350000e+03 -1.653725e-01 8.096768e-02 1.445265e-01 4.552353e-02 3.442863e-02 4.535083e-02 -9.790225e-02 1.343895e-02
5.887500e+03 4.612500e+03 1.350000e+03 -5.422337e-02 8.096768e-02 1.424823e-01 4.552353e-02 -6.636852e-02 4.535083e-02 -6.453262e-02 1.343895e-02
5.987500e+03 4.612500e+03 1.325000e+03 -2.065165e-01 8.096768e-02 1.338901e-01 4.552353e-02 -9.996610e-03 4.535083e-02 -7.860781e-02 1.343895e-02
6.087500e+03 4.612500e+03 1.300000e+03 1.149870e-02 8.096768e-02 1.478693e-01 4.552353e-02 -1.247165e-01 4.535083e-02 -1.025227e-01 1.343895e-02
6.187500e+03 4.612500e+03 1.275000e+03 2.015039e-01 8.096768e-02 8.452155e-04 4.552353e-02 -2.396215e-01 4.535083e-02 -7.712889e-02 1.343895e-02
6.287500e+03 4.612500e+03 1.275000e+03 5.571472e-01 8.096768e-02 -1.421213e-01 4.552353e-02 -5.903198e-01 4.535083e-02 9.426172e-03 1.343895e-02
6.387500e+03 4.612500e+03 1.300000e+03 -2.616734e-01 8.096768e-02 4.279456e-02 4.552353e-02 2.175824e-01 4.535083e-02 9.052064e-02 1.343895e-02
6.487500e+03 4.612500e+03 1.325000e+03 -1.730634e-01 8.096768e-02 4.541496e-02 4.552353e-02 -2.060850e-03 4.535083e-02 1.151894e-01 1.343895e-02
6.587500e+03 4.612500e+03 1.325000e+03 -2.292555e-01 8.096768e-02 6.857493e-02 4.552353e-02 1.343425e-02 4.535083e-02 1.248494e-01 1.343895e-02
6.687500e+03 4.612500e+03 1.350000e+03 -9.255545e-02 8.096768e-02 -7.081995e-02 4.552353e-02 -8.631748e-02 4.535083e-02 8.164824e-02 1.343895e-02
6.787500e+03 4.612500e+03 1.375000e+03 -3.520414e-02 8.096768e-02 -6.749972e-02 4.552353e-02 -3.114309e-02 4.535083e-02 8.044554e-02 1.343895e-02
6.887500e+03 4.612500e+03 1.400000e+03 -2.616747e-02 8.096768e-02 -9.809106e-02 4.552353e-02 -5.644826e-02 4.535083e-02 7.515158e-02 1.343895e-02
6.987500e+03 4.612500e+03 1.450000e+03 -1.254762e-01 8.096768e-02 -4.825161e-02 4.552353e-02 -1.601647e-01 4.535083e-02 7.241320e-02 1.343895e-02
3.487500e+03 4.712500e+03 1.175000e+03 1.553958e-01 8.096768e-02 9.122670e-02 4.552353e-02 4.972976e-02 4.535083e-02 3.189393e-02 1.343895e-02
3.587500e+03 4.712500e+03 1.150000e+03 1.242947e-01 8.096768e-02 8.503256e-03 4.552353e-02 1.544570e-01 4.535083e-02 -5.498327e-03 1.343895e-02
3.687500e+03 4.712500e+03 1.150000e+03 1.421902e-01 8.096768e-02 -5.592909e-02 4.552353e-02 2.010469e-01 4.535083e-02 -3.033396e-02 1.343895e-02
3.787500e+03 4.712500e+03 1.125000e+03 6.015367e-02 8.096768e-02 9.794215e-02 4.552353e-02 4.311395e-03 4.535083e-02 7.199955e-03 1.343895e-02
3.887500e+03 4.712500e+03 1.125000e+03 2.681607e-02 8.096768e-02 4.042037e-03 4.552353e-02 -5.546378e-02 4.535083e-02 5.517741e-02 1.343895e-02
3.987500e+03 4.712500e+03 1.150000e+03 -2.034128e-02 8.096768e-02 1.992807e-02 4.552353e-02 -2.883493e-02 4.535083e-02 5.487284e-02 1.343895e-02
4.087500e+03 4.712500e+03 1.175000e+03 -1.042688e-01 8.096768e-02 8.142299e-02 4.552353e-02 -7.861777e-02 4.535083e-02 4.571997e-02 1.343895e-02
4.187500e+03 4.712500e+03 1.175000e+03 8.151882e-02 8.096768e-02 5.405456e-02 4.552353e-02 -2.454000e-02 4.535083e-02 7.995899e-02 1.343895e-02
4.287500e+03 4.712500e+03 1.175000e+03 1.618444e-01 8.096768e-02 -2.939667e-02 4.552353e-02 -1.266879e-01 4.535083e-02 9.739706e-02 1.343895e-02
4.387500e+03 4.712500e+03 1.200000e+03 -6.707449e-02 8.096768e-02 1.270217e-01 4.552353e-02 -1.648842e-01 4.535083e-02 1.223051e-01 1.343895e-02
4.487500e+03 4.712500e+03 1.225000e+03 -1.309510e-02 8.096768e-02 -5.263309e-02 4.552353e-02 1.354052e-01 4.535083e-02 -3.304030e-02 1.343895e-02
4.587500e+03 4.712500e+03 1.250000e+03 3.203352e-02 8.096768e-02 1.343712e-01 4.552353e-02 6.388374e-02 4.535083e-02 -3.905435e-02 1.343895e-02
4.687500e+03 4.712500e+03 1.250000e+03 7.740629e-02 8.096768e-02 9.264621e-02 4.552353e-02 -8.865927e-02 4.535083e-02 -1.948747e-02 1.343895e-02
4.787500e+03 4.712500e+03 1.250000e+03 3.310897e-02 8.096768e-02 1.818881e-01 4.552353e-02 -3.955600e-02 4.535083e-02 -3.747643e-03 1.343895e-02
4.887500e+03 4.712500e+03 1.275000e+03 4.395993e-02 8.096768e-02 2.344259e-02 4.552353e-02 -5.245467e-02 4.535083e-02 1.079581e-02 1.343895e-02
4.987500e+03 4.712500e+03 1.275000e+03 1.482687e-03 8.096768e-02 -7.927859e-02 4.552353e-02 -9.358915e-02 4.535083e-02 -2.390452e-02 1.343895e-02
5.087500e+03 4.712500e+03 1.300000e+03 2.743896e-02 8.096768e-02 -3.712651e-02 4.552353e-02 -4.286607e-02 4.535083e-02 -9.410292e-03 1.343895e-02
5.187500e+03 4.712500e+03 1.300000e+03 2.110893e-02 8.096768e-02 -9.382848e-03 4.552353e-02 -7.355238e-02 4.535083e-02 4.338676e-04 1.343895e-02
5.287500e+03 4.712500e+03 1.300000e+03 -8.013176e-02 8.096768e-02 -8.541501e-02 4.552353e-02 -1.713661e-01 4.535083e-02 2.199285e-02 1.343895e-02
5.387500e+03 4.712500e+03 1.325000e+03 3.100901e-02 8.096768e-02 -1.274213e-01 4.552353e-02 -7.757486e-02 4.535083e-02 9.213533e-02 1.343895e-02
5.487500e+03 4.712500e+03 1.350000e+03 3.637343e-02 8.096768e-02 -6.388350e-02 4.552353e-02 -1.862868e-01 4.535083e-02 7.081417e-02 1.343895e-02
5.587500e+03 4.712500e+03 1.400000e+03 -4.621587e-02 8.096768e-02 4.479082e-02 4.552353e-02 -7.656520e-02 4.535083e-02 5.324258e-02 1.343895e-02
5.687500e+03 4.712500e+03 1.400000e+03 -1.500549e-01 8.096768e-02 1.580319e-01 4.552353e-02 6.103834e-03 4.535083e-02 -1.059412e-01 1.343895e-02
5.787500e+03 4.712500e+03 1.350000e+03 -2.090535e-01 8.096768e-02 1.778219e-01 4.552353e-02 7.917269e-02 4.535083e-02 -1.159040e-01 1.343895e-02
5.887500e+03 4.712500e+03 1.350000e+03 -1.828707e-01 8.096768e-02 1.786080e-01 4.552353e-02 1.650189e-01 4.535083e-02 -8.016397e-02 1.343895e-02
5.987500e+03 4.712500e+03 1.325000e+03 -1.141073e-01 8.096768e-02 1.451801e-01 4.552353e-02 5.168174e-02 4.535083e-02 -1.166891e-01 1.343895e-02
6.087500e+03 4.712500e+03 1.325000e+03 -1.811259e-03 8.096768e-02 5.080304e-02 4.552353e-02 -6.002693e-02 4.535083e-02 -8.888148e-02 1.343895e-02
6.187500e+03 4.712500e+03 1.300000e+03 -2.491668e-02 8.096768e-02 6.567255e-02 4.552353e-02 -1.690094e-01 4.535083e-02 -7.697678e-02 1.343895e-02
6.287500e+03 4.712500e+03 1.300000e+03 3.201702e-01 8.096768e-02 7.006041e-02 4.552353e-02 -4.946020e-01 4.535083e-02 -4.454002e-02 1.343895e-02
6.387500e+03 4.712500e+03 1.300000e+03 -2.701087e-01 8.096768e-02 6.207575e-02 4.552353e-02 2.469911e-01 4.535083e-02 2.858229e-03 1.343895e-02
6.487500e+03 4.712500e+03 1.350000e+03 -3.202749e-01 8.096768e-02 -4.861732e-02 4.552353e-02 -8.770868e-02 4.535083e-02 1.235315e-01 1.343895e-02
6.587500e+03 4.712500e+03 1.350000e+03 -8.202175e-02 8.096768e-02 -6.515654e-02 4.552353e-02 -2.361867e-02 4.535083e-02 1.155374e-01 1.343895e-02
6.687500e+03 4.712500e+03 1.375000e+03 -8.849500e-02 8.096768e-02 -5.687848e-02 4.552353e-02 -1.649515e-01 4.535083e-02 8.687829e-02 1.343895e-02
6.787500e+03 4.712500e+03 1.375000e+03 -1.298261e-01 8.096768e-02 -9.847781e-03 4.552353e-02 -1.519428e-01 4.535083e-02 6.309632e-02 1.343895e-02
6.887500e+03 4.712500e+03 1.400000e+03 -1.112782e-01 8.096768e-02 -4.133307e-02 4.552353e-02 1.311820e-02 4.535083e-02 7.529216e-02 1.343895e-02
6.987500e+03 4.712500e+03 1.425000e+03 -1.743771e-01 8.096768e-02 -4.518282e-02 4.552353e-02 -6.101233e-02 4.535083e-02 5.247154e-02 1.343895e-02
3.487500e+03 4.812500e+03 1.175000e+03 -1.160557e-01 8.096768e-02 -8.855212e-03 4.552353e-02 1.868756e-01 4.535083e-02 1.924601e-02 1.343895e-02
3.587500e+03 4.812500e+03 1.150000e+03 1.652850e-01 8.096768e-02 -6.893187e-02 4.552353e-02 2.046467e-01 4.535083e-02 -2.976106e-02 1.343895e-02
3.687500e+03 4.812500e+03 1.125000e+03 8.733384e-03 8.096768e-02 -1.594672e-03 4.552353e-02 1.210286e-01 4.535083e-02 3.391732e-02 1.343895e-02
3.787500e+03 4.812500e+03 1.125000e+03 1.026420e-01 8.096768e-02 2.269915e-02 4.552353e-02 1.445796e-02 4.535083e-02 2.783428e-02 1.343895e-02
3.887500e+03 4.812500e+03 1.125000e+03 6.065991e-02 8.096768e-02 -2.409802e-03 4.552353e-02 -1.092674e-01 4.535083e-02 5.076576e-02 1.343895e-02
3.987500e+03 4.812500e+03 1.150000e+03 2.474724e-02 8.096768e-02 1.006260e-02 4.552353e-02 -1.392558e-02 4.535083e-02 8.174816e-02 1.343895e-02
4.087500e+03 4.812500e+03 1.175000e+03 1.481231e-01 8.096768e-02 2.642490e-02 4.552353e-02 -2.305862e-03 4.535083e-02 6.892202e-02 1.343895e-02
4.187500e+03 4.812500e+03 1.175000e+03 -1.136678e-01 8.096768e-02 -4.529549e-02 4.552353e-02 -3.887910e-02 4.535083e-02 4.562417e-02 1.343895e-02
4.287500e+03 4.812500e+03 1.175000e+03 1.498657e-01 8.096768e-02 -1.200057e-01 4.552353e-02 -8.213949e-02 4.535083e-02 7.082900e-02 1.343895e-02
4.387500e+03 4.812500e+03 1.200000e+03 2.205247e-01 8.096768e-02 -1.356153e-01 4.552353e-02 -1.134016e-01 4.535083e-02 9.124553e-02 1.343895e-02
4.487500e+03 4.812500e+03 1.250000e+03 -4.769199e-02 8.096768e-02 -6.310832e-02 4.552353e-02 -8.445962e-02 4.535083e-02 6.744599e-02 1.343895e-02
4.587500e+03 4.812500e+03 1.250000e+03 -1.014161e-01 8.096768e-02 -3.945654e-02 4.552353e-02 1.125505e-01 4.535083e-02 -9.290354e-02 1.343895e-02
4.687500e+03 4.812500e+03 1.275000e+03 1.287374e-01 8.096768e-02 6.318607e-02 4.552353e-02 -2.213541e-02 4.535083e-02 -1.758286e-02 1.343895e-02
4.787500e+03 4.812500e+03 1.275000e+03 2.410428e-02 8.096768e-02 7.850296e-02 4.552353e-02 -1.061739e-01 4.535083e-02 5.217239e-03 1.343895e-02
4.887500e+03 4.812500e+03 1.275000e+03 -7.428829e-02 8.096768e-02 7.423007e-02 4.552353e-02 5.330753e-03 4.535083e-02 -1.005953e-02 1.343895e-02
4.987500e+03 4.812500e+03 1.275000e+03 -4.974989e-02 8.096768e-02 1.167105e-01 4.552353e-02 -1.123279e-01 4.535083e-02 -5.008183e-02 1.343895e-02
5.087500e+03 4.812500e+03 1.275000e+03 1.916420e-02 8.096768e-02 -6.001925e-02 4.552353e-02 -1.495919e-02 4.535083e-02 -9.408654e-03 1.343895e-02
5.187500e+03 4.812500e+03 1.275000e+03 2.181146e-01 8.096768e-02 -8.545720e-02 4.552353e-02 3.066194e-02 4.535083e-02 8.313125e-03 1.343895e-02
5.287500e+03 4.812500e+03 1.275000e+03 -8.146399e-03 8.096768e-02 -1.943042e-02 4.552353e-02 -5.037644e-02 4.535083e-02 3.763515e-02 1.343895e-02
5.387500e+03 4.812500e+03 1.300000e+03 6.426993e-03 8.096768e-02 -1.197351e-01 4.552353e-02 -6.102563e-02 4.535083e-02 8.225670e-02 1.343895e-02
5.487500e+03 4.812500e+03 1.350000e+03 1.100597e-01 8.096768e-02 -1.540896e-01 4.552353e-02 -1.587433e-01 4.535083e-02 1.125397e-01 1.343895e-02
5.587500e+03 4.812500e+03 1.375000e+03 -8.505093e-02 8.096768e-02 -6.282370e-02 4.552353e-02 -7.582342e-02 4.535083e-02 6.655652e-02 1.343895e-02
5.687500e+03 4.812500e+03 1.400000e+03 -1.460415e-01 8.096768e-02 -3.278522e-02 4.552353e-02 -7.827197e-02 4.535083e-02 -1.194573e-02 1.343895e-02
5.787500e+03 4.812500e+03 1.375000e+03 -1.472793e-01 8.096768e-02 1.675987e-01 4.552353e-02 8.423373e-02 4.535083e-02 -1.149601e-01 1.343895e-02
5.887500e+03 4.812500e+03 1.350000e+03 -1.689022e-01 8.096768e-02 2.477140e-01 4.552353e-02 -4.599486e-02 4.535083e-02 -8.244475e-02 1.343895e-02
5.987500e+03 4.812500e+03 1.350000e+03 -1.111090e-01 8.096768e-02 1.287339e-01 4.552353e-02 1.311873e-02 4.535083e-02 -9.100748e-02 1.343895e-02
6.087500e+03 4.812500e+03 1.350000e+03 -2.616569e-01 8.096768e-02 1.724165e-01 4.552353e-02 -1.268121e-02 4.535083e-02 -6.898731e-02 1.343895e-02
6.187500e+03 4.812500e+03 1.325000e+03 -1.382276e-02 8.096768e-02 1.279154e-01 4.552353e-02 -7.974178e-02 4.535083e-02 -9.722592e-02 1.343895e-02
6.287500e+03 4.812500e+03 1.300000e+03 -6.503391e-04 8.096768e-02 9.212281e-02 4.552353e-02 -2.889555e-01 4.535083e-02 -7.978200e-02 1.343895e-02
6.387500e+03 4.812500e+03 1.300000e+03 -1.315707e-02 8.096768e-02 -1.132384e-01 4.552353e-02 -4.554599e-01 4.535083e-02 2.100173e-02 1.343895e-02
6.487500e+03 4.812500e+03 1.325000e+03 -1.885060e-01 8.096768e-02 -9.529045e-02 4.552353e-02 1.319594e-01 4.535083e-02 1.156068e-01 1.343895e-02
6.587500e+03 4.812500e+03 1.350000e+03 -5.856780e-02 8.096768e-02 -1.740610e-01 4.552353e-02 4.555906e-02 4.535083e-02 1.332625e-01 1.343895e-02
6.687500e+03 4.812500e+03 1.375000e+03 1.102897e-02 8.096768e-02 -7.607572e-02 4.552353e-02 -1.631472e-01 4.535083e-02 1.031820e-01 1.343895e-02
6.787500e+03 4.812500e+03 1.400000e+03 -6.721356e-02 8.096768e-02 -1.359025e-02 4.552353e-02 -1.764646e-01 4.535083e-02 9.965003e-02 1.343895e-02
6.887500e+03 4.812500e+03 1.400000e+03 -6.177455e-02 8.096768e-02 -3.539606e-02 4.552353e-02 -2.648123e-02 4.535083e-02 5.205367e-02 1.343895e-02
6.987500e+03 4.812500e+03 1.425000e+03 -3.430770e-02 8.096768e-02 6.926051e-02 4.552353e-02 -4.873808e-02 4.535083e-02 3.315677e-02 1.343895e-02
3.487500e+03 4.912500e+03 1.175000e+03 1.107473e-01 8.096768e-02 5.143115e-02 4.552353e-02 2.911657e-01 4.535083e-02 -4.594037e-02 1.343895e-02
3.587500e+03 4.912500e+03 1.125000e+03 1.301789e-01 8.096768e-02 -5.140576e-02 4.552353e-02 3.063120e-01 4.535083e-02 -2.802031e-02 1.343895e-02
3.687500e+03 4.912500e+03 1.125000e+03 -7.073722e-02 8.096768e-02 6.752057e-02 4.552353e-02 1.221354e-01 4.535083e-02 5.087755e-02 1.343895e-02
3.787500e+03 4.912500e+03 1.125000e+03 2.773942e-02 8.096768e-02 1.299632e-01 4.552353e-02 -3.718806e-03 4.535083e-02 4.811483e-02 1.343895e-02
3.887500e+03 4.912500e+03 1.125000e+03 -6.718865e-02 8.096768e-02 5.860688e-02 4.552353e-02 -5.213908e-02 4.535083e-02 5.140535e-02 1.343895e-02
3.987500e+03 4.912500e+03 1.150000e+03 8.386988e-02 8.096768e-02 4.296313e-02 4.552353e-02 6.122487e-03 4.535083e-02 4.444292e-02 1.343895e-02
4.087500e+03 4.912500e+03 1.175000e+03 -2.082731e-02 8.096768e-02 1.407603e-01 4.552353e-02 -6.980586e-02 4.535083e-02 6.769328e-02 1.343895e-02
4.187500e+03 4.912500e+03 1.175000e+03 -9.095599e-02 8.096768e-02 7.343645e-02 4.552353e-02 -1.072814e-01 4.535083e-02 2.977700e-02 1.343895e-02
4.287500e+03 4.912500e+03 1.200000e+03 2.700943e-02 8.096768e-02 1.637538e-01 4.552353e-02 -2.989778e-02 4.535083e-02 3.712609e-02 1.343895e-02
4.387500e+03 4.912500e+03 1.200000e+03 1.639463e-01 8.096768e-02 -1.193595e-02 4.552353e-02 -1.064056e-02 4.535083e-02 2.671310e-02 1.343895e-02
4.487500e+03 4.912500e+03 1.225000e+03 -6.254692e-02 8.096768e-02 -1.248263e-01 4.552353e-02 -1.025548e-01 4.535083e-02 7.726780e-02 1.343895e-02
4.587500e+03 4.912500e+03 1.250000e+03 -1.299626e-02 8.096768e-02 -4.187199e-02 4.552353e-02 -2.841849e-02 4.535083e-02 6.196785e-02 1.343895e-02
4.687500e+03 4.912500e+03 1.275000e+03 9.967966e-02 8.096768e-02 1.908305e-02 4.552353e-02 -8.297585e-02 4.535083e-02 3.647851e-02 1.343895e-02
4.787500e+03 4.912500e+03 1.300000e+03 2.655611e-02 8.096768e-02 -1.413783e-02 4.552353e-02 -1.476941e-01 4.535083e-02 -5.507504e-03 1.343895e-02
4.887500e+03 4.912500e+03 1.300000e+03 -4.166633e-02 8.096768e-02 7.550063e-02 4.552353e-02 -4.959517e-02 4.535083e-02 -2.122450e-02 1.343895e-02
4.987500e+03 4.912500e+03 1.275000e+03 -7.429942e-02 8.096768e-02 5.302900e-02 4.552353e-02 -3.843740e-02 4.535083e-02 -5.748193e-02 1.343895e-02
5.087500e+03 4.912500e+03 1.275000e+03 -4.735969e-02 8.096768e-02 9.479614e-02 4.552353e-02 -8.767677e-02 4.535083e-02 -4.015430e-02 1.343895e-02
5.187500e+03 4.912500e+03 1.275000e+03 -5.154330e-02 8.096768e-02 -7.312509e-02 4.552353e-02 -6.195024e-02 4.535083e-02 -1.491635e-02 1.343895e-02
5.287500e+03 4.912500e+03 1.275000e+03 -1.043590e-01 8.096768e-02 -1.852416e-02 4.552353e-02 -4.424531e-02 4.535083e-02 1.570163e-02 1.343895e-02
5.387500e+03 4.912500e+03 1.300000e+03 1.686103e-02 8.096768e-02 -7.693081e-02 4.552353e-02 -1.003476e-01 4.535083e-02 4.552249e-02 1.343895e-02
5.487500e+03 4.912500e+03 1.325000e+03 2.426843e-02 8.096768e-02 -1.005295e-01 4.552353e-02 -1.113325e-01 4.535083e-02 7.258382e-02 1.343895e-02
5.587500e+03 4.912500e+03 1.350000e+03 8.497690e-02 8.096768e-02 -1.019303e-01 4.552353e-02 -1.360596e-01 4.535083e-02 7.716267e-02 1.343895e-02
5.687500e+03 4.912500e+03 1.375000e+03 1.017508e-01 8.096768e-02 -3.004235e-01 4.552353e-02 -1.003454e-01 4.535083e-02 3.314361e-02 1.343895e-02
5.787500e+03 4.912500e+03 1.400000e+03 -3.770358e-02 8.096768e-02 7.882096e-02 4.552353e-02 -2.638047e-02 4.535083e-02 1.670358e-03 1.343895e-02
5.887500e+03 4.912500e+03 1.375000e+03 -3.510725e-02 8.096768e-02 2.563802e-01 4.552353e-02 1.473059e-01 4.535083e-02 -7.001247e-02 1.343895e-02
5.987500e+03 4.912500e+03 1.375000e+03 -3.231154e-01 8.096768e-02 2.133640e-01 4.552353e-02 3.399915e-02 4.535083e-02 -9.733255e-02 1.343895e-02
6.087500e+03 4.912500e+03 1.350000e+03 -1.614479e-01 8.096768e-02 2.732471e-01 4.552353e-02 -3.692568e-03 4.535083e-02 -1.183967e-01 1.343895e-02
6.187500e+03 4.912500e+03 1.350000e+03 -1.457859e-01 8.096768e-02 2.173053e-01 4.552353e-02 -4.944935e-02 4.535083e-02 -1.077270e-01 1.343895e-02
6.287500e+03 4.912500e+03 1.325000e+03 -2.742542e-02 8.096768e-02 1.430994e-01 4.552353e-02 -2.680674e-01 4.535083e-02 -7.245993e-02 1.343895e-02
6.387500e+03 4.912500e+03 1.300000e+03 2.079190e-01 8.096768e-02 9.322364e-02 4.552353e-02 -5.101775e-01 4.535083e-02 3.342304e-02 1.343895e-02
6.487500e+03 4.912500e+03 1.325000e+03 -1.278123e-01 8.096768e-02 -1.804187e-02 4.552353e-02 2.083345e-01 4.535083e-02 3.930160e-02 1.343895e-02
6.587500e+03 4.912500e+03 1.325000e+03 -2.201355e-01 8.096768e-02 -1.469729e-01 4.552353e-02 6.440597e-02 4.535083e-02 1.399428e-01 1.343895e-02
6.687500e+03 4.912500e+03 1.350000e+03 -1.032057e-01 8.096768e-02 -1.381338e-01 4.552353e-02 3.036027e-02 4.535083e-02 1.518497e-01 1.343895e-02
6.787500e+03 4.912500e+03 1.400000e+03 7.503618e-02 8.096768e-02 -1.425758e-03 4.552353e-02 -9.458899e-02 4.535083e-02 9.611676e-02 1.343895e-02
6.887500e+03 4.912500e+03 1.425000e+03 4.591065e-02 8.096768e-02 -1.260840e-01 4.552353e-02 -7.334543e-02 4.535083e-02 7.887997e-02 1.343895e-02
6.987500e+03 4.912500e+03 1.450000e+03 1.208420e-01 8.096768e-02 -1.509829e-01 4.552353e-02 -2.276944e-02 4.535083e-02 6.906709e-02 1.343895e-02
3.487500e+03 5.012500e+03 1.150000e+03 1.801959e-01 8.096768e-02 -9.379824e-02 4.552353e-02 1.975660e-01 4.535083e-02 -4.729504e-02 1.343895e-02
3.587500e+03 5.012500e+03 1.125000e+03 9.236056e-02 8.096768e-02 2.445179e-02 4.552353e-02 2.143968e-01 4.535083e-02 9.169801e-03 1.343895e-02
3.687500e+03 5.012500e+03 1.125000e+03 2.573447e-02 8.096768e-02 8.817873e-02 4.552353e-02 6.580249e-06 4.535083e-02 2.242500e-02 1.343895e-02
3.787500e+03 5.012500e+03 1.125000e+03 -6.787668e-02 8.096768e-02 8.783866e-03 4.552353e-02 -7.266562e-03 4.535083e-02 4.946389e-02 1.343895e-02
3.887500e+03 5.012500e+03 1.150000e+03 1.260245e-02 8.096768e-02 5.393250e-02 4.552353e-02 -3.665520e-02 4.535083e-02 4.784718e-02 1.343895e-02
3.987500e+03 5.012500e+03 1.175000e+03 -9.530526e-02 8.096768e-02 1.032398e-01 4.552353e-02 -6.204375e-02 4.535083e-02 6.682855e-02 1.343895e-02
4.087500e+03 5.012500e+03 1.175000e+03 -1.627306e-01 8.096768e-02 1.597295e-01 4.552353e-02 -1.373740e-02 4.535083e-02 4.102130e-02 1.343895e-02
4.187500e+03 5.012500e+03 1.200000e+03 -4.424352e-02 8.096768e-02 1.120966e-01 4.552353e-02 1.707493e-02 4.535083e-02 8.297667e-03 1.343895e-02
4.287500e+03 5.012500e+03 1.200000e+03 -1.207119e-02 8.096768e-02 3.200560e-02 4.552353e-02 -2.508947e-02 4.535083e-02 2.616643e-02 1.343895e-02
4.387500e+03 5.012500e+03 1.225000e+03 -6.231907e-02 8.096768e-02 9.625310e-02 4.552353e-02 -1.191907e-01 4.535083e-02 1.696751e-02 1.343895e-02
4.487500e+03 5.012500e+03 1.225000e+03 -2.193215e-02 8.096768e-02 -3.941295e-03 4.552353e-02 -3.270932e-02 4.535083e-02 5.701046e-03 1.343895e-02
4.587500e+03 5.012500e+03 1.250000e+03 -1.006296e-02 8.096768e-02 1.999339e-02 4.552353e-02 -5.431873e-02 4.535083e-02 7.194243e-02 1.343895e-02
4.687500e+03 5.012500e+03 1.275000e+03 -5.679511e-02 8.096768e-02 -5.119125e-03 4.552353e-02 -8.807176e-02 4.535083e-02 2.425509e-02 1.343895e-02
4.787500e+03 5.012500e+03 1.300000e+03 -5.820041e-02 8.096768e-02 7.694800e-02 4.552353e-02 -1.222686e-01 4.535083e-02 4.997453e-02 1.343895e-02
4.887500e+03 5.012500e+03 1.300000e+03 -1.436475e-01 8.096768e-02 9.149330e-02 4.552353e-02 -8.966375e-02 4.535083e-02 -1.091596e-02 1.343895e-02
4.987500e+03 5.012500e+03 1.300000e+03 -6.435890e-02 8.096768e-02 7.842570e-02 4.552353e-02 -8.059296e-02 4.535083e-02 -6.210233e-02 1.343895e-02
5.087500e+03 5.012500e+03 1.275000e+03 -2.244453e-02 8.096768e-02 9.313368e-02 4.552353e-02 -1.813670e-02 4.535083e-02 -5.521593e-02 1.343895e-02
5.187500e+03 5.012500e+03 1.275000e+03 -9.460469e-02 8.096768e-02 -1.830022e-02 4.552353e-02 -8.143735e-02 4.535083e-02 -2.942228e-02 1.343895e-02
5.287500e+03 5.012500e+03 1.275000e+03 -8.375019e-03 8.096768e-02 -4.626974e-03 4.552353e-02 -6.363633e-02 4.535083e-02 8.680691e-03 1.343895e-02
5.387500e+03 5.012500e+03 1.300000e+03 1.167633e-01 8.096768e-02 -7.313943e-02 4.552353e-02 -4.979022e-02 4.535083e-02 4.331396e-02 1.343895e-02
5.487500e+03 5.012500e+03 1.300000e+03 -5.142195e-02 8.096768e-02 -5.374909e-02 4.552353e-02 -1.086343e-01 4.535083e-02 3.359695e-02 1.343895e-02
5.587500e+03 5.012500e+03 1.325000e+03 8.502753e-02 8.096768e-02 -1.058107e-01 4.552353e-02 -7.056146e-02 4.535083e-02 5.622131e-02 1.343895e-02
5.687500e+03 5.012500e+03 1.325000e+03 1.504675e-02 8.096768e-02 -1.491118e-01 4.552353e-02 -1.550816e-01 4.535083e-02 7.083352e-02 1.343895e-02
5.787500e+03 5.012500e+03 1.375000e+03 -1.611670e-01 8.096768e-02 -1.371496e-01 4.552353e-02 -1.497096e-01 4.535083e-02 7.884112e-02 1.343895e-02
5.887500e+03 5.012500e+03 1.400000e+03 -3.865142e-03 8.096768e-02 4.643845e-02 4.552353e-02 -9.035425e-02 4.535083e-02 1.279882e-03 1.343895e-02
5.987500e+03 5.012500e+03 1.400000e+03 -1.411440e-01 8.096768e-02 1.248324e-01 4.552353e-02 2.569687e-02 4.535083e-02 -6.469922e-02 1.343895e-02
6.087500e+03 5.012500e+03 1.375000e+03 -1.251993e-01 8.096768e-02 2.097901e-01 4.552353e-02 7.301278e-02 4.535083e-02 -1.087279e-01 1.343895e-02
6.187500e+03 5.012500e+03 1.375000e+03 -3.042145e-01 8.096768e-02 1.690749e-01 4.552353e-02 -3.373724e-02 4.535083e-02 -9.114597e-02 1.343895e-02
6.287500e+03 5.012500e+03 1.350000e+03 -1.949223e-01 8.096768e-02 1.731911e-01 4.552353e-02 -7.813113e-02 4.535083e-02 -1.026241e-01 1.343895e-02
6.387500e+03 5.012500e+03 1.325000e+03 1.346725e-01 8.096768e-02 6.843682e-02 4.552353e-02 -2.421426e-01 4.535083e-02 -7.592537e-02 1.343895e-02
6.487500e+03 5.012500e+03 1.300000e+03 -2.628108e-01 8.096768e-02 7.294054e-02 4.552353e-02 2.804995e-01 4.535083e-02 8.568113e-03 1.343895e-02
6.587500e+03 5.012500e+03 1.325000e+03 -1.066941e-01 8.096768e-02 -1.007847e-01 4.552353e-02 1.000539e-01 4.535083e-02 1.131412e-01 1.343895e-02
6.687500e+03 5.012500e+03 1.350000e+03 -1.567653e-01 8.096768e-02 -1.483177e-01 4.552353e-02 -8.431062e-04 4.535083e-02 8.419307e-02 1.343895e-02
6.787500e+03 5.012500e+03 1.375000e+03 8.185402e-02 8.096768e-02 -2.394315e-01 4.552353e-02 -8.758257e-03 4.535083e-02 1.247538e-01 1.343895e-02
6.887500e+03 5.012500e+03 1.375000e+03 2.695568e-02 8.096768e-02 -2.505900e-01 4.552353e-02 -2.193008e-03 4.535083e-02 1.129566e-01 1.343895e-02
6.987500e+03 5.012500e+03 1.400000e+03 -7.268605e-03 8.096768e-02 -2.110122e-01 4.552353e-02 -1.717197e-01 4.535083e-02 7.279423e-02 1.343895e-02
3.487500e+03 5.112500e+03 1.150000e+03 2.651897e-01 8.096768e-02 -1.486179e-01 4.552353e-02 1.472394e-01 4.535083e-02 -4.076781e-02 1.343895e-02
3.587500e+03 5.112500e+03 1.125000e+03 1.925791e-01 8.096768e-02 8.745049e-03 4.552353e-02 4.393252e-02 4.535083e-02 1.693908e-02 1.343895e-02
3.687500e+03 5.112500e+03 1.125000e+03 4.947217e-04 8.096768e-02 9.006553e-02 4.552353e-02 4.503203e-03 4.535083e-02 3.231299e-02 1.343895e-02
3.787500e+03 5.112500e+03 1.150000e+03 -1.013596e-01 8.096768e-02 8.172922e-02 4.552353e-02 -9.844347e-03 4.535083e-02 3.616196e-02 1.343895e-02
3.887500e+03 5.112500e+03 1.150000e+03 9.204573e-03 8.096768e-02 -7.939774e-03 4.552353e-02 1.416767e-03 4.535083e-02 5.942347e-02 1.343895e-02
3.987500e+03 5.112500e+03 1.175000e+03 -1.550381e-01 8.096768e-02 6.755127e-02 4.552353e-02 -8.140183e-02 4.535083e-02 5.941991e-02 1.343895e-02
4.087500e+03 5.112500e+03 1.200000e+03 -1.177176e-01 8.096768e-02 -6.953567e-02 4.552353e-02 -3.293366e-02 4.535083e-02 4.515214e-02 1.343895e-02
4.187500e+03 5.112500e+03 1.200000e+03 -7.046007e-02 8.096768e-02 8.916361e-02 4.552353e-02 -4.797130e-02 4.535083e-02 3.421671e-02 1.343895e-02
4.287500e+03 5.112500e+03 1.200000e+03 -6.857528e-02 8.096768e-02 -4.764817e-02 4.552353e-02 6.704626e-02 4.535083e-02 1.512129e-02 1.343895e-02
4.387500e+03 5.112500e+03 1.200000e+03 -7.483703e-02 8.096768e-02 -5.253140e-02 4.552353e-02 -9.442608e-02 4.535083e-02 2.347406e-02 1.343895e-02
4.487500e+03 5.112500e+03 1.225000e+03 3.407245e-02 8.096768e-02 -7.957332e-02 4.552353e-02 -1.318073e-01 4.535083e-02 3.387920e-02 1.343895e-02
4.587500e+03 5.112500e+03 1.275000e+03 -1.257939e-01 8.096768e-02 -6.472458e-02 4.552353e-02 -5.149973e-02 4.535083e-02 3.910880e-02 1.343895e-02
4.687500e+03 5.112500e+03 1.300000e+03 -5.039828e-02 8.096768e-02 8.053665e-02 4.552353e-02 -9.633299e-02 4.535083e-02 4.107146e-02 1.343895e-02
4.787500e+03 5.112500e+03 1.300000e+03 -1.002094e-01 8.096768e-02 7.572118e-03 4.552353e-02 -1.121514e-01 4.535083e-02 5.666702e-02 1.343895e-02
4.887500e+03 5.112500e+03 1.325000e+03 -5.237713e-02 8.096768e-02 1.637484e-03 4.552353e-02 -8.131143e-02 4.535083e-02 4.809602e-02 1.343895e-02
4.987500e+03 5.112500e+03 1.325000e+03 -9.296497e-02 8.096768e-02 7.087142e-02 4.552353e-02 -1.166239e-01 4.535083e-02 -2.983129e-02 1.343895e-02
5.087500e+03 5.112500e+03 1.300000e+03 -5.404673e-02 8.096768e-02 5.783374e-02 4.552353e-02 -1.044489e-03 4.535083e-02 -5.829889e-02 1.343895e-02
5.187500e+03 5.112500e+03 1.275000e+03 -6.272909e-02 8.096768e-02 1.576564e-01 4.552353e-02 8.179423e-02 4.535083e-02 -4.245735e-02 1.343895e-02
5.287500e+03 5.112500e+03 1.275000e+03 7.249174e-02 8.096768e-02 4.394396e-02 4.552353e-02 5.752262e-03 4.535083e-02 -1.811273e-02 1.343895e-02
5.387500e+03 5.112500e+03 1.275000e+03 7.244306e-02 8.096768e-02 -4.070983e-02 4.552353e-02 -2.881963e-02 4.535083e-02 -8.954606e-03 1.343895e-02
5.487500e+03 5.112500e+03 1.300000e+03 -3.440292e-02 8.096768e-02 -6.855662e-02 4.552353e-02 -8.021206e-02 4.535083e-02 5.367008e-02 1.343895e-02
5.587500e+03 5.112500e+03 1.300000e+03 4.133998e-02 8.096768e-02 6.575045e-04 4.552353e-02 -1.906602e-01 4.535083e-02 3.228630e-02 1.343895e-02
5.687500e+03 5.112500e+03 1.325000e+03 -7.871848e-02 8.096768e-02 -1.382760e-01 4.552353e-02 -9.950729e-02 4.535083e-02 7.220396e-02 1.343895e-02
5.787500e+03 5.112500e+03 1.350000e+03 6.728613e-02 8.096768e-02 -1.270543e-01 4.552353e-02 -1.000687e-01 4.535083e-02 8.579454e-02 1.343895e-02
5.887500e+03 5.112500e+03 1.375000e+03 1.091734e-02 8.096768e-02 -3.200952e-02 4.552353e-02 -1.121687e-01 4.535083e-02 6.287535e-02 1.343895e-02
5.987500e+03 5.112500e+03 1.425000e+03 -8.217102e-02 8.096768e-02 6.562753e-02 4.552353e-02 -7.907177e-03 4.535083e-02 6.256871e-03 1.343895e-02
6.087500e+03 5.112500e+03 1.400000e+03 -5.631557e-02 8.096768e-02 9.119977e-02 4.552353e-02 -1.582239e-02 4.535083e-02 -6.345872e-02 1.343895e-02
6.187500e+03 5.112500e+03 1.375000e+03 -1.304511e-01 8.096768e-02 1.578488e-01 4.552353e-02 3.300418e-02 4.535083e-02 -1.486745e-01 1.343895e-02
6.287500e+03 5.112500e+03 1.350000e+03 -1.865202e-01 8.096768e-02 2.497420e-01 4.552353e-02 -1.133285e-01 4.535083e-02 -1.340296e-01 1.343895e-02
6.387500e+03 5.112500e+03 1.325000e+03 1.155250e-01 8.096768e-02 1.073548e-02 4.552353e-02 -2.219697e-01 4.535083e-02 -1.138696e-01 1.343895e-02
6.487500e+03 5.112500e+03 1.300000e+03 3.482724e-01 8.096768e-02 -5.573086e-02 4.552353e-02 -4.562867e-01 4.535083e-02 -3.791022e-02 1.343895e-02
6.587500e+03 5.112500e+03 1.325000e+03 -4.006499e-01 8.096768e-02 1.713339e-03 4.552353e-02 3.162942e-01 4.535083e-02 3.817193e-02 1.343895e-02
6.687500e+03 5.112500e+03 1.350000e+03 -1.541500e-01 8.096768e-02 -3.386358e-02 4.552353e-02 1.418366e-01 4.535083e-02 8.851458e-02 1.343895e-02
6.787500e+03 5.112500e+03 1.350000e+03 2.334758e-02 8.096768e-02 -2.013349e-01 4.552353e-02 6.315861e-02 4.535083e-02 9.428678e-02 1.343895e-02
6.887500e+03 5.112500e+03 1.350000e+03 2.296804e-02 8.096768e-02 -8.938523e-02 4.552353e-02 -3.453047e-02 4.535083e-02 7.929969e-02 1.343895e-02
6.987500e+03 5.112500e+03 1.375000e+03 5.038292e-02 8.096768e-02 -1.577810e-01 4.552353e-02 -1.686613e-01 4.535083e-02 7.657258e-02 1.343895e-02
3.487500e+03 5.212500e+03 1.125000e+03 2.372979e-02 8.096768e-02 -2.239416e-02 4.552353e-02 4.408020e-02 4.535083e-02 2.130870e-02 1.343895e-02
3.587500e+03 5.212500e+03 1.125000e+03 1.582624e-01 8.096768e-02 -2.217270e-02 4.552353e-02 4.050872e-02 4.535083e-02 5.665369e-02 1.343895e-02
3.687500e+03 5.212500e+03 1.125000e+03 3.379154e-02 8.096768e-02 6.400318e-02 4.552353e-02 -1.191901e-02 4.535083e-02 2.608898e-02 1.343895e-02
3.787500e+03 5.212500e+03 1.150000e+03 1.415734e-01 8.096768e-02 5.450715e-02 4.552353e-02 -5.355130e-02 4.535083e-02 5.458269e-02 1.343895e-02
3.887500e+03 5.212500e+03 1.150000e+03 -6.514530e-02 8.096768e-02 -1.916585e-02 4.552353e-02 -1.320684e-03 4.535083e-02 5.650569e-02 1.343895e-02
3.987500e+03 5.212500e+03 1.175000e+03 -4.267589e-02 8.096768e-02 -5.228764e-03 4.552353e-02 -7.981164e-02 4.535083e-02 3.006859e-02 1.343895e-02
4.087500e+03 5.212500e+03 1.175000e+03 1.897751e-01 8.096768e-02 -1.078294e-01 4.552353e-02 -2.265665e-02 4.535083e-02 7.625186e-03 1.343895e-02
4.187500e+03 5.212500e+03 1.200000e+03 1.047293e-01 8.096768e-02 -3.225954e-02 4.552353e-02 -8.617212e-02 4.535083e-02 3.230579e-02 1.343895e-02
4.287500e+03 5.212500e+03 1.200000e+03 2.062512e-02 8.096768e-02 3.577249e-02 4.552353e-02 8.536398e-02 4.535083e-02 -3.754095e-03 1.343895e-02
4.387500e+03 5.212500e+03 1.225000e+03 -4.047709e-02 8.096768e-02 4.647492e-02 4.552353e-02 -1.418087e-01 4.535083e-02 3.254622e-02 1.343895e-02
4.487500e+03 5.212500e+03 1.225000e+03 -2.182804e-01 8.096768e-02 4.133230e-02 4.552353e-02 -8.622730e-02 4.535083e-02 1.754928e-02 1.343895e-02
4.587500e+03 5.212500e+03 1.250000e+03 -2.918950e-01 8.096768e-02 -2.623816e-02 4.552353e-02 -1.182747e-01 4.535083e-02 4.723436e-02 1.343895e-02
4.687500e+03 5.212500e+03 1.275000e+03 -2.036579e-01 8.096768e-02 -3.169745e-02 4.552353e-02 -4.167378e-02 4.535083e-02 3.167161e-02 1.343895e-02
4.787500e+03 5.212500e+03 1.300000e+03 -4.748511e-02 8.096768e-02 -1.463911e-02 4.552353e-02 -1.603043e-01 4.535083e-02 2.959364e-02 1.343895e-02
4.887500e+03 5.212500e+03 1.300000e+03 -4.776031e-02 8.096768e-02 -7.239544e-02 4.552353e-02 -1.531163e-01 4.535083e-02 4.242540e-02 1.343895e-02
4.987500e+03 5.212500e+03 1.325000e+03 -4.958734e-02 8.096768e-02 -1.057773e-01 4.552353e-02 -8.570851e-02 4.535083e-02 4.336585e-02 1.343895e-02
5.087500e+03 5.212500e+03 1.325000e+03 -4.958970e-02 8.096768e-02 9.195342e-02 4.552353e-02 -2.044251e-02 4.535083e-02 -3.500490e-02 1.343895e-02
5.187500e+03 5.212500e+03 1.300000e+03 5.556865e-03 8.096768e-02 1.653673e-01 4.552353e-02 -4.719893e-04 4.535083e-02 -5.577587e-02 1.343895e-02
5.287500e+03 5.212500e+03 1.275000e+03 1.476542e-02 8.096768e-02 5.131868e-02 4.552353e-02 -2.763231e-02 4.535083e-02 -2.299660e-02 1.343895e-02
5.387500e+03 5.212500e+03 1.275000e+03 -2.815197e-02 8.096768e-02 8.147711e-02 4.552353e-02 -1.957122e-02 4.535083e-02 1.002871e-02 1.343895e-02
5.487500e+03 5.212500e+03 1.275000e+03 -8.796307e-03 8.096768e-02 6.570863e-02 4.552353e-02 -4.460652e-02 4.535083e-02 1.997190e-03 1.343895e-02
5.587500e+03 5.212500e+03 1.300000e+03 7.232532e-02 8.096768e-02 -4.266313e-02 4.552353e-02 -6.578749e-02 4.535083e-02 6.170725e-02 1.343895e-02
5.687500e+03 5.212500e+03 1.300000e+03 -3.910148e-02 8.096768e-02 -2.704382e-02 4.552353e-02 -9.083270e-02 4.535083e-02 5.974747e-02 1.343895e-02
5.787500e+03 5.212500e+03 1.325000e+03 6.608758e-02 8.096768e-02 -5.740072e-02 4.552353e-02 -1.545488e-01 4.535083e-02 4.877164e-02 1.343895e-02
5.887500e+03 5.212500e+03 1.350000e+03 -6.251989e-02 8.096768e-02 -1.053088e-01 4.552353e-02 -7.142924e-02 4.535083e-02 6.108518e-02 1.343895e-02
5.987500e+03 5.212500e+03 1.375000e+03 3.535844e-02 8.096768e-02 -8.124395e-02 4.552353e-02 -1.709485e-01 4.535083e-02 1.557843e-02 1.343895e-02
6.087500e+03 5.212500e+03 1.400000e+03 -1.521828e-01 8.096768e-02 -1.318070e-01 4.552353e-02 -5.325824e-02 4.535083e-02 -1.844011e-02 1.343895e-02
6.187500e+03 5.212500e+03 1.400000e+03 5.434629e-02 8.096768e-02 7.078008e-02 4.552353e-02 3.098532e-02 4.535083e-02 -9.522099e-02 1.343895e-02
6.287500e+03 5.212500e+03 1.350000e+03 -1.533284e-01 8.096768e-02 1.609599e-01 4.552353e-02 -7.445381e-03 4.535083e-02 -1.060046e-01 1.343895e-02
6.387500e+03 5.212500e+03 1.350000e+03 -1.763037e-01 8.096768e-02 1.052295e-01 4.552353e-02 -7.284142e-02 4.535083e-02 -6.022311e-02 1.343895e-02
6.487500e+03 5.212500e+03 1.325000e+03 2.298929e-01 8.096768e-02 1.910274e-01 4.552353e-02 -3.074789e-01 4.535083e-02 -6.666753e-02 1.343895e-02
6.587500e+03 5.212500e+03 1.325000e+03 -2.817640e-01 8.096768e-02 1.416236e-01 4.552353e-02 2.129370e-01 4.535083e-02 -5.097403e-02 1.343895e-02
6.687500e+03 5.212500e+03 1.325000e+03 -2.926402e-01 8.096768e-02 -4.407150e-02 4.552353e-02 1.407794e-01 4.535083e-02 6.465507e-02 1.343895e-02
6.787500e+03 5.212500e+03 1.325000e+03 -5.114653e-02 8.096768e-02 -1.163243e-01 4.552353e-02 1.291255e-01 4.535083e-02 1.133884e-01 1.343895e-02
6.887500e+03 5.212500e+03 1.325000e+03 -1.841047e-02 8.096768e-02 -1.332754e-01 4.552353e-02 9.249853e-03 4.535083e-02 1.228419e-01 1.343895e-02
6.987500e+03 5.212500e+03 1.350000e+03 3.308919e-02 8.096768e-02 -8.791536e-02 4.552353e-02 -5.861355e-02 4.535083e-02 7.790057e-02 1.343895e-02
3.487500e+03 5.312500e+03 1.125000e+03 6.628782e-03 8.096768e-02 -8.954329e-03 4.552353e-02 4.494399e-02 4.535083e-02 7.123235e-02 1.343895e-02
3.587500e+03 5.312500e+03 1.125000e+03 -5.297924e-02 8.096768e-02 4.920679e-02 4.552353e-02 -2.976433e-02 4.535083e-02 4.800523e-02 1.343895e-02
3.687500e+03 5.312500e+03 1.150000e+03 3.318632e-02 8.096768e-02 7.015892e-02 4.552353e-02 -1.218352e-01 4.535083e-02 4.119486e-02 1.343895e-02
3.787500e+03 5.312500e+03 1.150000e+03 -7.941473e-02 8.096768e-02 4.778654e-03 4.552353e-02 2.101494e-02 4.535083e-02 4.544749e-02 1.343895e-02
3.887500e+03 5.312500e+03 1.150000e+03 -1.880475e-02 8.096768e-02 2.594196e-02 4.552353e-02 -6.733447e-02 4.535083e-02 3.517702e-02 1.343895e-02
3.987500e+03 5.312500e+03 1.150000e+03 1.879982e-02 8.096768e-02 -1.153529e-02 4.552353e-02 -9.348282e-02 4.535083e-02 3.237100e-02 1.343895e-02
4.087500e+03 5.312500e+03 1.175000e+03 -1.250065e-01 8.096768e-02 -2.268296e-02 4.552353e-02 2.154042e-02 4.535083e-02 -5.265277e-03 1.343895e-02
4.187500e+03 5.312500e+03 1.175000e+03 -7.578284e-04 8.096768e-02 -6.438626e-02 4.552353e-02 -1.647591e-02 4.535083e-02 9.194963e-03 1.343895e-02
4.287500e+03 5.312500e+03 1.200000e+03 -1.025910e-01 8.096768e-02 -2.422326e-02 4.552353e-02 -7.764168e-02 4.535083e-02 1.425264e-02 1.343895e-02
4.387500e+03 5.312500e+03 1.225000e+03 2.065819e-02 8.096768e-02 5.008904e-02 4.552353e-02 -8.832539e-02 4.535083e-02 9.871124e-03 1.343895e-02
4.487500e+03 5.312500e+03 1.225000e+03 -1.164962e-01 8.096768e-02 9.464149e-02 4.552353e-02 -8.071222e-02 4.535083e-02 1.738869e-02 1.343895e-02
4.587500e+03 5.312500e+03 1.225000e+03 -1.761928e-01 8.096768e-02 5.063021e-02 4.552353e-02 -6.660398e-02 4.535083e-02 -2.868143e-02 1.343895e-02
4.687500e+03 5.312500e+03 1.250000e+03 -1.367234e-01 8.096768e-02 -2.394273e-02 4.552353e-02 -4.783203e-02 4.535083e-02 4.268446e-03 1.343895e-02
4.787500e+03 5.312500e+03 1.250000e+03 -2.994398e-02 8.096768e-02 6.301921e-02 4.552353e-02 -1.440926e-01 4.535083e-02 2.495077e-02 1.343895e-02
4.887500e+03 5.312500e+03 1.275000e+03 3.673534e-02 8.096768e-02 1.177290e-02 4.552353e-02 -8.297399e-02 4.535083e-02 2.806462e-02 1.343895e-02
4.987500e+03 5.312500e+03 1.300000e+03 -8.702659e-02 8.096768e-02 -5.272954e-02 4.552353e-02 -1.196307e-01 4.535083e-02 3.363712e-02 1.343895e-02
5.087500e+03 5.312500e+03 1.325000e+03 1.063299e-02 8.096768e-02 1.626883e-02 4.552353e-02 -6.595065e-02 4.535083e-02 -1.946864e-02 1.343895e-02
5.187500e+03 5.312500e+03 1.325000e+03 -1.086968e-01 8.096768e-02 1.354591e-01 4.552353e-02 3.672789e-02 4.535083e-02 -3.974505e-02 1.343895e-02
5.287500e+03 5.312500e+03 1.300000e+03 9.827638e-02 8.096768e-02 1.612121e-02 4.552353e-02 4.062281e-03 4.535083e-02 -3.546300e-02 1.343895e-02
5.387500e+03 5.312500e+03 1.275000e+03 -1.129665e-01 8.096768e-02 1.216726e-01 4.552353e-02 -4.143915e-02 4.535083e-02 -1.757061e-02 1.343895e-02
5.487500e+03 5.312500e+03 1.275000e+03 -5.980579e-02 8.096768e-02 4.134791e-02 4.552353e-02 -4.699040e-02 4.535083e-02 7.354842e-04 1.343895e-02
5.587500e+03 5.312500e+03 1.275000e+03 6.205917e-02 8.096768e-02 3.142749e-02 4.552353e-02 -1.065413e-01 4.535083e-02 1.493011e-02 1.343895e-02
5.687500e+03 5.312500e+03 1.300000e+03 4.668228e-02 8.096768e-02 4.486458e-02 4.552353e-02 -3.563237e-02 4.535083e-02 2.572872e-02 1.343895e-02
5.787500e+03 5.312500e+03 1.300000e+03 1.826198e-01 8.096768e-02 -6.999452e-02 4.552353e-02 -1.667709e-01 4.535083e-02 4.234323e-02 1.343895e-02
5.887500e+03 5.312500e+03 1.325000e+03 1.816960e-01 8.096768e-02 -8.453052e-02 4.552353e-02 -8.864957e-02 4.535083e-02 2.094569e-02 1.343895e-02
5.987500e+03 5.312500e+03 1.350000e+03 8.217438e-02 8.096768e-02 -1.450140e-01 4.552353e-02 3.204546e-03 4.535083e-02 8.613865e-03 1.343895e-02
6.087500e+03 5.312500e+03 1.350000e+03 4.402057e-02 8.096768e-02 -1.830745e-01 4.552353e-02 -9.863134e-02 4.535083e-02 4.614760e-03 1.343895e-02
6.187500e+03 5.312500e+03 1.375000e+03 -1.090265e-03 8.096768e-02 -1.017272e-01 4.552353e-02 -4.662995e-02 4.535083e-02 6.665932e-04 1.343895e-02
6.287500e+03 5.312500e+03 1.375000e+03 -7.459488e-02 8.096768e-02 1.273133e-01 4.552353e-02 -8.944642e-02 4.535083e-02 -7.210611e-02 1.343895e-02
6.387500e+03 5.312500e+03 1.350000e+03 -1.682467e-01 8.096768e-02 2.012120e-01 4.552353e-02 -6.976565e-02 4.535083e-02 -9.738462e-02 1.343895e-02
6.487500e+03 5.312500e+03 1.350000e+03 -6.837999e-02 8.096768e-02 1.754849e-01 4.552353e-02 -1.065235e-01 4.535083e-02 -9.138131e-02 1.343895e-02
6.587500e+03 5.312500e+03 1.325000e+03 2.837586e-01 8.096768e-02 8.127819e-02 4.552353e-02 -3.881280e-01 4.535083e-02 -4.591874e-02 1.343895e-02
6.687500e+03 5.312500e+03 1.325000e+03 -4.576091e-01 8.096768e-02 3.229773e-01 4.552353e-02 4.033176e-01 4.535083e-02 -1.026313e-01 1.343895e-02
6.787500e+03 5.312500e+03 1.325000e+03 -2.570142e-01 8.096768e-02 2.050832e-02 4.552353e-02 2.054084e-01 4.535083e-02 6.519882e-02 1.343895e-02
6.887500e+03 5.312500e+03 1.325000e+03 7.695502e-02 8.096768e-02 -7.509121e-02 4.552353e-02 1.816872e-02 4.535083e-02 4.318676e-02 1.343895e-02
6.987500e+03 5.312500e+03 1.350000e+03 -9.983267e-03 8.096768e-02 -2.099402e-01 4.552353e-02 -6.700185e-02 4.535083e-02 7.521067e-02 1.343895e-02
3.487500e+03 5.412500e+03 1.125000e+03 4.990365e-02 8.096768e-02 8.398527e-02 4.552353e-02 -4.828901e-02 4.535083e-02 5.877868e-02 1.343895e-02
3.587500e+03 5.412500e+03 1.150000e+03 1.720399e-02 8.096768e-02 8.581584e-02 4.552353e-02 -1.773068e-02 4.535083e-02 7.349740e-02 1.343895e-02
3.687500e+03 5.412500e+03 1.150000e+03 -8.940484e-03 8.096768e-02 -2.762153e-02 4.552353e-02 -5.152144e-02 4.535083e-02 4.354969e-02 1.343895e-02
3.787500e+03 5.412500e+03 1.150000e+03 1.674795e-02 8.096768e-02 1.133162e-01 4.552353e-02 -1.527555e-02 4.535083e-02 3.171246e-02 1.343895e-02
3.887500e+03 5.412500e+03 1.150000e+03 -7.059189e-02 8.096768e-02 8.318192e-02 4.552353e-02 -3.694943e-02 4.535083e-02 1.101001e-02 1.343895e-02
3.987500e+03 5.412500e+03 1.175000e+03 -7.891647e-02 8.096768e-02 3.247514e-02 4.552353e-02 -2.113159e-02 4.535083e-02 3.709170e-02 1.343895e-02
4.087500e+03 5.412500e+03 1.175000e+03 2.617069e-03 8.096768e-02 1.136631e-01 4.552353e-02 -7.523299e-02 4.535083e-02 7.498755e-03 1.343895e-02
4.187500e+03 5.412500e+03 1.200000e+03 -1.524727e-01 8.096768e-02 7.720143e-02 4.552353e-02 -8.194479e-02 4.535083e-02 2.730552e-02 1.343895e-02
4.287500e+03 5.412500e+03 1.225000e+03 -1.036517e-01 8.096768e-02 1.055203e-01 4.552353e-02 -2.614998e-02 4.535083e-02 2.152124e-02 1.343895e-02
4.387500e+03 5.412500e+03 1.225000e+03 -1.292849e-01 8.096768e-02 1.375070e-01 4.552353e-02 -1.166313e-01 4.535083e-02 2.686038e-02 1.343895e-02
4.487500e+03 5.412500e+03 1.250000e+03 -1.177506e-01 8.096768e-02 1.072077e-01 4.552353e-02 -1.603921e-01 4.535083e-02 1.567284e-02 1.343895e-02
4.587500e+03 5.412500e+03 1.275000e+03 -1.674185e-01 8.096768e-02 8.597733e-02 4.552353e-02 -9.320438e-02 4.535083e-02 -3.844904e-03 1.343895e-02
4.687500e+03 5.412500e+03 1.250000e+03 -1.973668e-01 8.096768e-02 5.154963e-03 4.552353e-02 -1.128770e-01 4.535083e-02 2.230716e-02 1.343895e-02
4.787500e+03 5.412500e+03 1.250000e+03 -1.518445e-01 8.096768e-02 -2.640812e-02 4.552353e-02 -9.465765e-02 4.535083e-02 2.784384e-02 1.343895e-02
4.887500e+03 5.412500e+03 1.275000e+03 -2.577461e-01 8.096768e-02 7.622101e-02 4.552353e-02 -1.843234e-01 4.535083e-02 5.976910e-02 1.343895e-02
4.987500e+03 5.412500e+03 1.275000e+03 1.115324e-02 8.096768e-02 3.842243e-02 4.552353e-02 -9.871675e-02 4.535083e-02 1.795842e-02 1.343895e-02
5.087500e+03 5.412500e+03 1.275000e+03 -8.787564e-02 8.096768e-02 -8.268356e-03 4.552353e-02 -1.358863e-02 4.535083e-02 4.748224e-02 1.343895e-02
5.187500e+03 5.412500e+03 1.325000e+03 -6.819573e-02 8.096768e-02 -6.479248e-02 4.552353e-02 -2.723906e-03 4.535083e-02 3.876719e-02 1.343895e-02
5.287500e+03 5.412500e+03 1.325000e+03 -1.995031e-01 8.096768e-02 7.785592e-02 4.552353e-02 2.298903e-02 4.535083e-02 -3.887691e-02 1.343895e-02
5.387500e+03 5.412500e+03 1.300000e+03 -8.712647e-02 8.096768e-02 4.893784e-02 4.552353e-02 1.622954e-02 4.535083e-02 -4.271510e-02 1.343895e-02
5.487500e+03 5.412500e+03 1.275000e+03 -1.870407e-01 8.096768e-02 1.097389e-01 4.552353e-02 1.583954e-03 4.535083e-02 -9.828696e-04 1.343895e-02
5.587500e+03 5.412500e+03 1.275000e+03 -3.303300e-02 8.096768e-02 8.093972e-02 4.552353e-02 -9.323002e-02 4.535083e-02 2.339700e-02 1.343895e-02
5.687500e+03 5.412500e+03 1.300000e+03 1.140068e-02 8.096768e-02 9.858203e-02 4.552353e-02 -1.058749e-01 4.535083e-02 4.479573e-02 1.343895e-02
5.787500e+03 5.412500e+03 1.300000e+03 -3.534005e-03 8.096768e-02 3.044970e-02 4.552353e-02 -1.025844e-02 4.535083e-02 2.929419e-02 1.343895e-02
5.887500e+03 5.412500e+03 1.300000e+03 -9.655241e-03 8.096768e-02 3.886591e-03 4.552353e-02 -3.731762e-02 4.535083e-02 1.547353e-02 1.343895e-02
5.987500e+03 5.412500e+03 1.325000e+03 1.088839e-01 8.096768e-02 -6.217804e-02 4.552353e-02 -8.766537e-02 4.535083e-02 1.691960e-02 1.343895e-02
6.087500e+03 5.412500e+03 1.325000e+03 -2.682071e-02 8.096768e-02 6.980545e-03 4.552353e-02 -9.797435e-02 4.535083e-02 -8.287597e-04 1.343895e-02
6.187500e+03 5.412500e+03 1.350000e+03 9.982365e-02 8.096768e-02 -6.896518e-02 4.552353e-02 -1.505229e-01 4.535083e-02 5.520791e-02 1.343895e-02
6.287500e+03 5.412500e+03 1.350000e+03 -6.891406e-02 8.096768e-02 -2.478860e-02 4.552353e-02 -1.477097e-01 4.535083e-02 2.037952e-02 1.343895e-02
6.387500e+03 5.412500e+03 1.400000e+03 -1.131810e-01 8.096768e-02 1.287609e-01 4.552353e-02 -1.325723e-01 4.535083e-02 -2.296444e-02 1.343895e-02
6.487500e+03 5.412500e+03 1.400000e+03 -2.802563e-02 8.096768e-02 1.190272e-01 4.552353e-02 -5.107378e-02 4.535083e-02 -8.985350e-02 1.343895e-02
6.587500e+03 5.412500e+03 1.375000e+03 1.160176e-01 8.096768e-02 1.611532e-01 4.552353e-02 -4.159540e-02 4.535083e-02 -1.092586e-01 1.343895e-02
6.687500e+03 5.412500e+03 1.350000e+03 -8.719557e-02 8.096768e-02 9.224059e-02 4.552353e-02 -1.062757e-01 4.535083e-02 -8.080400e-02 1.343895e-02
6.787500e+03 5.412500e+03 1.325000e+03 -2.359968e-01 8.096768e-02 1.163679e-01 4.552353e-02 1.795022e-01 4.535083e-02 -2.259321e-02 1.343895e-02
6.887500e+03 5.412500e+03 1.325000e+03 2.300354e-03 8.096768e-02 -5.056147e-02 4.552353e-02 6.570366e-02 4.535083e-02 4.115157e-02 1.343895e-02
6.987500e+03 5.412500e+03 1.325000e+03 -1.556037e-01 8.096768e-02 -3.402945e-02 4.552353e-02 -6.261830e-04 4.535083e-02 6.307554e-02 1.343895e-02
3.487500e+03 5.512500e+03 1.125000e+03 -1.608015e-01 8.096768e-02 -8.707328e-03 4.552353e-02 -1.060598e-01 4.535083e-02 4.205025e-02 1.343895e-02
3.587500e+03 5.512500e+03 1.150000e+03 5.952642e-02 8.096768e-02 8.282554e-03 4.552353e-02 -1.037474e-01 4.535083e-02 5.085500e-02 1.343895e-02
3.687500e+03 5.512500e+03 1.150000e+03 5.636218e-03 8.096768e-02 6.603480e-02 4.552353e-02 -6.182574e-02 4.535083e-02 3.797842e-02 1.343895e-02
3.787500e+03 5.512500e+03 1.175000e+03 -1.111545e-01 8.096768e-02 1.060119e-01 4.552353e-02 -2.565402e-02 4.535083e-02 3.838216e-03 1.343895e-02
3.887500e+03 5.512500e+03 1.150000e+03 -1.667668e-01 8.096768e-02 9.060673e-02 4.552353e-02 -4.758263e-02 4.535083e-02 7.121018e-03 1.343895e-02
3.987500e+03 5.512500e+03 1.175000e+03 -5.445702e-02 8.096768e-02 3.200967e-02 4.552353e-02 -5.024387e-02 4.535083e-02 5.775083e-03 1.343895e-02
4.087500e+03 5.512500e+03 1.175000e+03 -1.275767e-02 8.096768e-02 6.210163e-02 4.552353e-02 -5.210701e-02 4.535083e-02 1.764586e-02 1.343895e-02
4.187500e+03 5.512500e+03 1.200000e+03 -1.471759e-01 8.096768e-02 -5.275725e-03 4.552353e-02 -8.303484e-02 4.535083e-02 -1.568848e-02 1.343895e-02
4.287500e+03 5.512500e+03 1.200000e+03 2.155411e-01 8.096768e-02 1.330988e-04 4.552353e-02 -4.109041e-02 4.535083e-02 9.008925e-03 1.343895e-02
4.387500e+03 5.512500e+03 1.225000e+03 -8.989091e-02 8.096768e-02 3.800941e-02 4.552353e-02 -1.524914e-01 4.535083e-02 1.662018e-02 1.343895e-02
4.487500e+03 5.512500e+03 1.250000e+03 -8.094134e-02 8.096768e-02 8.667682e-02 4.552353e-02 -6.900821e-02 4.535083e-02 3.798336e-02 1.343895e-02
4.587500e+03 5.512500e+03 1.275000e+03 1.391600e-01 8.096768e-02 -1.057741e-02 4.552353e-02 -7.770189e-02 4.535083e-02 3.600301e-02 1.343895e-02
4.687500e+03 5.512500e+03 1.275000e+03 -2.301855e-02 8.096768e-02 1.288331e-01 4.552353e-02 -7.631725e-02 4.535083e-02 -1.781519e-02 1.343895e-02
4.787500e+03 5.512500e+03 1.275000e+03 -2.936002e-01 8.096768e-02 8.951564e-02 4.552353e-02 6.667140e-03 4.535083e-02 1.830569e-02 1.343895e-02
4.887500e+03 5.512500e+03 1.300000e+03 -6.531157e-02 8.096768e-02 8.656914e-02 4.552353e-02 -1.327327e-01 4.535083e-02 3.524195e-02 1.343895e-02
4.987500e+03 5.512500e+03 1.300000e+03 -1.499250e-01 8.096768e-02 9.553104e-02 4.552353e-02 -1.120391e-01 4.535083e-02 -1.527268e-02 1.343895e-02
5.087500e+03 5.512500e+03 1.275000e+03 -1.634725e-01 8.096768e-02 1.900692e-01 4.552353e-02 -7.448068e-02 4.535083e-02 1.177582e-03 1.343895e-02
5.187500e+03 5.512500e+03 1.300000e+03 -4.372525e-02 8.096768e-02 -1.865258e-02 4.552353e-02 -1.148008e-01 4.535083e-02 1.525123e-02 1.343895e-02
5.287500e+03 5.512500e+03 1.325000e+03 -7.961649e-02 8.096768e-02 9.289810e-02 4.552353e-02 6.608511e-02 4.535083e-02 -1.117301e-02 1.343895e-02
5.387500e+03 5.512500e+03 1.300000e+03 -6.953141e-02 8.096768e-02 1.528169e-01 4.552353e-02 2.048009e-02 4.535083e-02 -7.341365e-04 1.343895e-02
5.487500e+03 5.512500e+03 1.300000e+03 -1.424645e-02 8.096768e-02 2.055750e-02 4.552353e-02 3.853170e-03 4.535083e-02 -3.738685e-05 1.343895e-02
5.587500e+03 5.512500e+03 1.300000e+03 -2.038175e-03 8.096768e-02 1.257614e-01 4.552353e-02 -6.408321e-02 4.535083e-02 -3.067093e-03 1.343895e-02
5.687500e+03 5.512500e+03 1.300000e+03 -2.248351e-01 8.096768e-02 1.331757e-01 4.552353e-02 -4.367158e-03 4.535083e-02 1.994375e-02 1.343895e-02
5.787500e+03 5.512500e+03 1.300000e+03 -1.413254e-02 8.096768e-02 -4.297253e-02 4.552353e-02 4.200413e-03 4.535083e-02 4.987144e-03 1.343895e-02
5.887500e+03 5.512500e+03 1.300000e+03 6.259193e-02 8.096768e-02 9.476371e-03 4.552353e-02 -4.629287e-02 4.535083e-02 -4.725402e-03 1.343895e-02
5.987500e+03 5.512500e+03 1.300000e+03 1.186611e-01 8.096768e-02 -2.372697e-02 4.552353e-02 -5.661983e-03 4.535083e-02 -2.370899e-02 1.343895e-02
6.087500e+03 5.512500e+03 1.300000e+03 -1.303379e-02 8.096768e-02 -1.322944e-02 4.552353e-02 -1.121790e-01 4.535083e-02 4.435864e-02 1.343895e-02
6.187500e+03 5.512500e+03 1.325000e+03 5.690716e-02 8.096768e-02 1.404300e-02 4.552353e-02 -1.108071e-01 4.535083e-02 3.616498e-02 1.343895e-02
6.287500e+03 5.512500e+03 1.375000e+03 1.045338e-01 8.096768e-02 -4.003834e-02 4.552353e-02 -1.310216e-01 4.535083e-02 6.552506e-02 1.343895e-02
6.387500e+03 5.512500e+03 1.400000e+03 3.278237e-02 8.096768e-02 9.302790e-02 4.552353e-02 -8.598976e-02 4.535083e-02 2.407789e-02 1.343895e-02
6.487500e+03 5.512500e+03 1.425000e+03 -3.440524e-02 8.096768e-02 1.381662e-01 4.552353e-02 -4.658572e-02 4.535083e-02 -5.367143e-02 1.343895e-02
6.587500e+03 5.512500e+03 1.400000e+03 1.522387e-02 8.096768e-02 4.929696e-02 4.552353e-02 -1.843029e-02 4.535083e-02 -8.667565e-02 1.343895e-02
6.687500e+03 5.512500e+03 1.350000e+03 -2.434290e-02 8.096768e-02 9.954047e-02 4.552353e-02 -1.869136e-02 4.535083e-02 -4.655770e-02 1.343895e-02
6.787500e+03 5.512500e+03 1.350000e+03 -1.336144e-01 8.096768e-02 2.632542e-01 4.552353e-02 1.479141e-01 4.535083e-02 -8.594986e-02 1.343895e-02
6.887500e+03 5.512500e+03 1.350000e+03 -9.242117e-02 8.096768e-02 1.210863e-01 4.552353e-02 -8.999826e-04 4.535083e-02 4.035165e-03 1.343895e-02
6.987500e+03 5.512500e+03 1.325000e+03 -1.302930e-01 8.096768e-02 6.869521e-02 4.552353e-02 3.941665e-02 4.535083e-02 3.093831e-02 1.343895e-02
