N_TRX 6
IGNORE -9999


DATATYPE MOBILEMT
FREQUENCY 25.10002
N_RECV 1117
19987.5 -12.5 975.0 i i i i i i i i
3.487500e+03 2.512500e+03 1.250000e+03 9.138853e-03 2.576857e-04
3.587500e+03 2.512500e+03 1.225000e+03 9.548774e-03 2.576857e-04
3.687500e+03 2.512500e+03 1.225000e+03 9.783573e-03 2.576857e-04
3.787500e+03 2.512500e+03 1.200000e+03 9.799733e-03 2.576857e-04
3.887500e+03 2.512500e+03 1.200000e+03 9.363372e-03 2.576857e-04
3.987500e+03 2.512500e+03 1.200000e+03 9.543073e-03 2.576857e-04
4.087500e+03 2.512500e+03 1.200000e+03 9.564225e-03 2.576857e-04
4.187500e+03 2.512500e+03 1.200000e+03 9.136338e-03 2.576857e-04
4.287500e+03 2.512500e+03 1.200000e+03 9.689968e-03 2.576857e-04
4.387500e+03 2.512500e+03 1.200000e+03 9.585936e-03 2.576857e-04
4.487500e+03 2.512500e+03 1.200000e+03 9.395206e-03 2.576857e-04
4.587500e+03 2.512500e+03 1.175000e+03 9.141106e-03 2.576857e-04
4.687500e+03 2.512500e+03 1.175000e+03 9.239877e-03 2.576857e-04
4.787500e+03 2.512500e+03 1.150000e+03 9.242198e-03 2.576857e-04
4.887500e+03 2.512500e+03 1.150000e+03 9.000869e-03 2.576857e-04
4.987500e+03 2.512500e+03 1.150000e+03 9.558244e-03 2.576857e-04
5.087500e+03 2.512500e+03 1.175000e+03 9.315537e-03 2.576857e-04
5.187500e+03 2.512500e+03 1.175000e+03 9.490606e-03 2.576857e-04
5.287500e+03 2.512500e+03 1.200000e+03 9.172955e-03 2.576857e-04
5.387500e+03 2.512500e+03 1.200000e+03 9.670562e-03 2.576857e-04
5.487500e+03 2.512500e+03 1.200000e+03 9.187892e-03 2.576857e-04
5.587500e+03 2.512500e+03 1.225000e+03 8.972612e-03 2.576857e-04
5.687500e+03 2.512500e+03 1.225000e+03 9.520997e-03 2.576857e-04
5.787500e+03 2.512500e+03 1.250000e+03 9.369335e-03 2.576857e-04
5.887500e+03 2.512500e+03 1.225000e+03 9.524120e-03 2.576857e-04
5.987500e+03 2.512500e+03 1.225000e+03 9.648103e-03 2.576857e-04
6.087500e+03 2.512500e+03 1.225000e+03 8.753550e-03 2.576857e-04
6.187500e+03 2.512500e+03 1.225000e+03 9.432835e-03 2.576857e-04
6.287500e+03 2.512500e+03 1.250000e+03 8.826763e-03 2.576857e-04
6.387500e+03 2.512500e+03 1.250000e+03 9.433337e-03 2.576857e-04
6.487500e+03 2.512500e+03 1.250000e+03 9.576110e-03 2.576857e-04
6.587500e+03 2.512500e+03 1.250000e+03 9.502673e-03 2.576857e-04
6.687500e+03 2.512500e+03 1.250000e+03 9.510777e-03 2.576857e-04
6.787500e+03 2.512500e+03 1.250000e+03 9.079379e-03 2.576857e-04
6.887500e+03 2.512500e+03 1.250000e+03 8.948716e-03 2.576857e-04
6.987500e+03 2.512500e+03 1.250000e+03 8.950561e-03 2.576857e-04
3.487500e+03 2.612500e+03 1.225000e+03 8.900452e-03 2.576857e-04
3.587500e+03 2.612500e+03 1.225000e+03 9.379817e-03 2.576857e-04
3.687500e+03 2.612500e+03 1.225000e+03 9.551509e-03 2.576857e-04
3.787500e+03 2.612500e+03 1.225000e+03 9.673721e-03 2.576857e-04
3.887500e+03 2.612500e+03 1.200000e+03 9.417466e-03 2.576857e-04
3.987500e+03 2.612500e+03 1.200000e+03 9.839945e-03 2.576857e-04
4.087500e+03 2.612500e+03 1.200000e+03 9.294325e-03 2.576857e-04
4.187500e+03 2.612500e+03 1.175000e+03 9.672067e-03 2.576857e-04
4.287500e+03 2.612500e+03 1.175000e+03 9.426250e-03 2.576857e-04
4.387500e+03 2.612500e+03 1.175000e+03 9.758277e-03 2.576857e-04
4.487500e+03 2.612500e+03 1.175000e+03 9.308659e-03 2.576857e-04
4.587500e+03 2.612500e+03 1.175000e+03 9.314000e-03 2.576857e-04
4.687500e+03 2.612500e+03 1.150000e+03 9.735741e-03 2.576857e-04
4.787500e+03 2.612500e+03 1.150000e+03 9.303280e-03 2.576857e-04
4.887500e+03 2.612500e+03 1.175000e+03 9.248930e-03 2.576857e-04
4.987500e+03 2.612500e+03 1.175000e+03 9.325420e-03 2.576857e-04
5.087500e+03 2.612500e+03 1.175000e+03 9.310023e-03 2.576857e-04
5.187500e+03 2.612500e+03 1.175000e+03 8.983049e-03 2.576857e-04
5.287500e+03 2.612500e+03 1.200000e+03 9.439269e-03 2.576857e-04
5.387500e+03 2.612500e+03 1.200000e+03 8.954774e-03 2.576857e-04
5.487500e+03 2.612500e+03 1.200000e+03 8.923818e-03 2.576857e-04
5.587500e+03 2.612500e+03 1.225000e+03 9.229039e-03 2.576857e-04
5.687500e+03 2.612500e+03 1.225000e+03 9.183916e-03 2.576857e-04
5.787500e+03 2.612500e+03 1.250000e+03 8.539214e-03 2.576857e-04
5.887500e+03 2.612500e+03 1.250000e+03 9.010448e-03 2.576857e-04
5.987500e+03 2.612500e+03 1.225000e+03 9.178963e-03 2.576857e-04
6.087500e+03 2.612500e+03 1.225000e+03 9.228090e-03 2.576857e-04
6.187500e+03 2.612500e+03 1.225000e+03 9.379972e-03 2.576857e-04
6.287500e+03 2.612500e+03 1.250000e+03 9.424633e-03 2.576857e-04
6.387500e+03 2.612500e+03 1.250000e+03 9.275241e-03 2.576857e-04
6.487500e+03 2.612500e+03 1.250000e+03 9.305393e-03 2.576857e-04
6.587500e+03 2.612500e+03 1.250000e+03 9.119164e-03 2.576857e-04
6.687500e+03 2.612500e+03 1.275000e+03 9.319363e-03 2.576857e-04
6.787500e+03 2.612500e+03 1.250000e+03 8.755379e-03 2.576857e-04
6.887500e+03 2.612500e+03 1.250000e+03 8.580120e-03 2.576857e-04
6.987500e+03 2.612500e+03 1.250000e+03 8.805714e-03 2.576857e-04
3.487500e+03 2.712500e+03 1.225000e+03 9.384545e-03 2.576857e-04
3.587500e+03 2.712500e+03 1.225000e+03 9.258367e-03 2.576857e-04
3.687500e+03 2.712500e+03 1.225000e+03 9.858143e-03 2.576857e-04
3.787500e+03 2.712500e+03 1.225000e+03 9.862792e-03 2.576857e-04
3.887500e+03 2.712500e+03 1.225000e+03 9.702714e-03 2.576857e-04
3.987500e+03 2.712500e+03 1.225000e+03 9.545793e-03 2.576857e-04
4.087500e+03 2.712500e+03 1.200000e+03 9.393805e-03 2.576857e-04
4.187500e+03 2.712500e+03 1.200000e+03 9.907670e-03 2.576857e-04
4.287500e+03 2.712500e+03 1.175000e+03 9.592235e-03 2.576857e-04
4.387500e+03 2.712500e+03 1.175000e+03 1.001767e-02 2.576857e-04
4.487500e+03 2.712500e+03 1.175000e+03 9.908027e-03 2.576857e-04
4.587500e+03 2.712500e+03 1.175000e+03 9.650526e-03 2.576857e-04
4.687500e+03 2.712500e+03 1.150000e+03 8.765308e-03 2.576857e-04
4.787500e+03 2.712500e+03 1.150000e+03 9.242288e-03 2.576857e-04
4.887500e+03 2.712500e+03 1.175000e+03 9.444152e-03 2.576857e-04
4.987500e+03 2.712500e+03 1.175000e+03 9.327221e-03 2.576857e-04
5.087500e+03 2.712500e+03 1.200000e+03 9.594806e-03 2.576857e-04
5.187500e+03 2.712500e+03 1.200000e+03 8.863742e-03 2.576857e-04
5.287500e+03 2.712500e+03 1.175000e+03 9.339151e-03 2.576857e-04
5.387500e+03 2.712500e+03 1.200000e+03 8.968519e-03 2.576857e-04
5.487500e+03 2.712500e+03 1.200000e+03 9.227772e-03 2.576857e-04
5.587500e+03 2.712500e+03 1.225000e+03 9.102300e-03 2.576857e-04
5.687500e+03 2.712500e+03 1.225000e+03 9.394265e-03 2.576857e-04
5.787500e+03 2.712500e+03 1.225000e+03 9.363206e-03 2.576857e-04
5.887500e+03 2.712500e+03 1.250000e+03 8.928645e-03 2.576857e-04
5.987500e+03 2.712500e+03 1.250000e+03 9.411192e-03 2.576857e-04
6.087500e+03 2.712500e+03 1.250000e+03 9.041309e-03 2.576857e-04
6.187500e+03 2.712500e+03 1.225000e+03 8.941506e-03 2.576857e-04
6.287500e+03 2.712500e+03 1.225000e+03 9.156501e-03 2.576857e-04
6.387500e+03 2.712500e+03 1.250000e+03 9.272739e-03 2.576857e-04
6.487500e+03 2.712500e+03 1.250000e+03 8.497716e-03 2.576857e-04
6.587500e+03 2.712500e+03 1.275000e+03 8.620180e-03 2.576857e-04
6.687500e+03 2.712500e+03 1.275000e+03 8.450628e-03 2.576857e-04
6.787500e+03 2.712500e+03 1.275000e+03 8.603240e-03 2.576857e-04
6.887500e+03 2.712500e+03 1.250000e+03 7.962550e-03 2.576857e-04
6.987500e+03 2.712500e+03 1.250000e+03 7.901661e-03 2.576857e-04
3.487500e+03 2.812500e+03 1.200000e+03 9.150568e-03 2.576857e-04
3.587500e+03 2.812500e+03 1.225000e+03 9.413211e-03 2.576857e-04
3.687500e+03 2.812500e+03 1.225000e+03 9.617560e-03 2.576857e-04
3.787500e+03 2.812500e+03 1.200000e+03 9.590734e-03 2.576857e-04
3.887500e+03 2.812500e+03 1.200000e+03 9.679289e-03 2.576857e-04
3.987500e+03 2.812500e+03 1.200000e+03 9.328822e-03 2.576857e-04
4.087500e+03 2.812500e+03 1.200000e+03 9.611674e-03 2.576857e-04
4.187500e+03 2.812500e+03 1.175000e+03 9.977710e-03 2.576857e-04
4.287500e+03 2.812500e+03 1.200000e+03 1.005509e-02 2.576857e-04
4.387500e+03 2.812500e+03 1.200000e+03 9.857767e-03 2.576857e-04
4.487500e+03 2.812500e+03 1.200000e+03 9.534973e-03 2.576857e-04
4.587500e+03 2.812500e+03 1.175000e+03 9.566131e-03 2.576857e-04
4.687500e+03 2.812500e+03 1.150000e+03 9.467951e-03 2.576857e-04
4.787500e+03 2.812500e+03 1.150000e+03 9.236492e-03 2.576857e-04
4.887500e+03 2.812500e+03 1.175000e+03 9.018170e-03 2.576857e-04
4.987500e+03 2.812500e+03 1.200000e+03 9.827698e-03 2.576857e-04
5.087500e+03 2.812500e+03 1.200000e+03 8.857153e-03 2.576857e-04
5.187500e+03 2.812500e+03 1.200000e+03 8.755503e-03 2.576857e-04
5.287500e+03 2.812500e+03 1.200000e+03 9.473282e-03 2.576857e-04
5.387500e+03 2.812500e+03 1.200000e+03 9.108956e-03 2.576857e-04
5.487500e+03 2.812500e+03 1.200000e+03 8.798694e-03 2.576857e-04
5.587500e+03 2.812500e+03 1.225000e+03 8.694406e-03 2.576857e-04
5.687500e+03 2.812500e+03 1.225000e+03 8.993666e-03 2.576857e-04
5.787500e+03 2.812500e+03 1.225000e+03 8.487666e-03 2.576857e-04
5.887500e+03 2.812500e+03 1.250000e+03 8.944865e-03 2.576857e-04
5.987500e+03 2.812500e+03 1.250000e+03 8.506819e-03 2.576857e-04
6.087500e+03 2.812500e+03 1.250000e+03 8.346844e-03 2.576857e-04
6.187500e+03 2.812500e+03 1.250000e+03 8.872358e-03 2.576857e-04
6.287500e+03 2.812500e+03 1.250000e+03 8.550623e-03 2.576857e-04
6.387500e+03 2.812500e+03 1.250000e+03 8.618950e-03 2.576857e-04
6.487500e+03 2.812500e+03 1.250000e+03 8.408081e-03 2.576857e-04
6.587500e+03 2.812500e+03 1.250000e+03 7.582089e-03 2.576857e-04
6.687500e+03 2.812500e+03 1.250000e+03 8.209240e-03 2.576857e-04
6.787500e+03 2.812500e+03 1.275000e+03 8.151049e-03 2.576857e-04
6.887500e+03 2.812500e+03 1.275000e+03 7.575823e-03 2.576857e-04
6.987500e+03 2.812500e+03 1.275000e+03 7.726229e-03 2.576857e-04
3.487500e+03 2.912500e+03 1.225000e+03 9.544246e-03 2.576857e-04
3.587500e+03 2.912500e+03 1.225000e+03 9.615692e-03 2.576857e-04
3.687500e+03 2.912500e+03 1.250000e+03 9.449247e-03 2.576857e-04
3.787500e+03 2.912500e+03 1.225000e+03 9.742239e-03 2.576857e-04
3.887500e+03 2.912500e+03 1.225000e+03 1.032911e-02 2.576857e-04
3.987500e+03 2.912500e+03 1.225000e+03 9.662809e-03 2.576857e-04
4.087500e+03 2.912500e+03 1.200000e+03 1.011409e-02 2.576857e-04
4.187500e+03 2.912500e+03 1.200000e+03 9.934826e-03 2.576857e-04
4.287500e+03 2.912500e+03 1.225000e+03 9.631190e-03 2.576857e-04
4.387500e+03 2.912500e+03 1.200000e+03 1.003616e-02 2.576857e-04
4.487500e+03 2.912500e+03 1.200000e+03 9.998417e-03 2.576857e-04
4.587500e+03 2.912500e+03 1.150000e+03 9.701880e-03 2.576857e-04
4.687500e+03 2.912500e+03 1.150000e+03 9.617801e-03 2.576857e-04
4.787500e+03 2.912500e+03 1.150000e+03 9.469460e-03 2.576857e-04
4.887500e+03 2.912500e+03 1.175000e+03 9.311430e-03 2.576857e-04
4.987500e+03 2.912500e+03 1.175000e+03 8.932611e-03 2.576857e-04
5.087500e+03 2.912500e+03 1.200000e+03 9.255468e-03 2.576857e-04
5.187500e+03 2.912500e+03 1.200000e+03 9.136609e-03 2.576857e-04
5.287500e+03 2.912500e+03 1.200000e+03 8.445712e-03 2.576857e-04
5.387500e+03 2.912500e+03 1.200000e+03 8.983008e-03 2.576857e-04
5.487500e+03 2.912500e+03 1.200000e+03 8.975956e-03 2.576857e-04
5.587500e+03 2.912500e+03 1.200000e+03 8.732307e-03 2.576857e-04
5.687500e+03 2.912500e+03 1.200000e+03 8.456179e-03 2.576857e-04
5.787500e+03 2.912500e+03 1.200000e+03 8.665371e-03 2.576857e-04
5.887500e+03 2.912500e+03 1.225000e+03 9.043530e-03 2.576857e-04
5.987500e+03 2.912500e+03 1.225000e+03 8.707986e-03 2.576857e-04
6.087500e+03 2.912500e+03 1.250000e+03 8.737186e-03 2.576857e-04
6.187500e+03 2.912500e+03 1.250000e+03 8.604629e-03 2.576857e-04
6.287500e+03 2.912500e+03 1.250000e+03 8.298509e-03 2.576857e-04
6.387500e+03 2.912500e+03 1.250000e+03 8.287711e-03 2.576857e-04
6.487500e+03 2.912500e+03 1.250000e+03 8.185486e-03 2.576857e-04
6.587500e+03 2.912500e+03 1.250000e+03 7.726470e-03 2.576857e-04
6.687500e+03 2.912500e+03 1.250000e+03 7.605838e-03 2.576857e-04
6.787500e+03 2.912500e+03 1.275000e+03 7.626627e-03 2.576857e-04
6.887500e+03 2.912500e+03 1.275000e+03 7.412319e-03 2.576857e-04
6.987500e+03 2.912500e+03 1.275000e+03 7.943087e-03 2.576857e-04
3.487500e+03 3.012500e+03 1.225000e+03 9.768304e-03 2.576857e-04
3.587500e+03 3.012500e+03 1.225000e+03 9.357773e-03 2.576857e-04
3.687500e+03 3.012500e+03 1.225000e+03 8.822425e-03 2.576857e-04
3.787500e+03 3.012500e+03 1.225000e+03 9.758131e-03 2.576857e-04
3.887500e+03 3.012500e+03 1.225000e+03 9.415413e-03 2.576857e-04
3.987500e+03 3.012500e+03 1.225000e+03 9.449808e-03 2.576857e-04
4.087500e+03 3.012500e+03 1.225000e+03 1.014994e-02 2.576857e-04
4.187500e+03 3.012500e+03 1.225000e+03 1.000856e-02 2.576857e-04
4.287500e+03 3.012500e+03 1.225000e+03 9.846576e-03 2.576857e-04
4.387500e+03 3.012500e+03 1.225000e+03 1.035384e-02 2.576857e-04
4.487500e+03 3.012500e+03 1.200000e+03 1.006356e-02 2.576857e-04
4.587500e+03 3.012500e+03 1.150000e+03 9.956336e-03 2.576857e-04
4.687500e+03 3.012500e+03 1.150000e+03 9.428440e-03 2.576857e-04
4.787500e+03 3.012500e+03 1.150000e+03 9.058837e-03 2.576857e-04
4.887500e+03 3.012500e+03 1.175000e+03 9.237768e-03 2.576857e-04
4.987500e+03 3.012500e+03 1.175000e+03 9.177382e-03 2.576857e-04
5.087500e+03 3.012500e+03 1.200000e+03 8.936455e-03 2.576857e-04
5.187500e+03 3.012500e+03 1.200000e+03 8.667272e-03 2.576857e-04
5.287500e+03 3.012500e+03 1.200000e+03 8.347865e-03 2.576857e-04
5.387500e+03 3.012500e+03 1.225000e+03 8.792286e-03 2.576857e-04
5.487500e+03 3.012500e+03 1.200000e+03 8.898129e-03 2.576857e-04
5.587500e+03 3.012500e+03 1.200000e+03 8.816997e-03 2.576857e-04
5.687500e+03 3.012500e+03 1.200000e+03 9.164402e-03 2.576857e-04
5.787500e+03 3.012500e+03 1.225000e+03 8.434384e-03 2.576857e-04
5.887500e+03 3.012500e+03 1.225000e+03 9.101225e-03 2.576857e-04
5.987500e+03 3.012500e+03 1.225000e+03 8.631459e-03 2.576857e-04
6.087500e+03 3.012500e+03 1.225000e+03 8.082786e-03 2.576857e-04
6.187500e+03 3.012500e+03 1.225000e+03 7.812701e-03 2.576857e-04
6.287500e+03 3.012500e+03 1.250000e+03 7.748354e-03 2.576857e-04
6.387500e+03 3.012500e+03 1.275000e+03 8.169687e-03 2.576857e-04
6.487500e+03 3.012500e+03 1.275000e+03 8.035625e-03 2.576857e-04
6.587500e+03 3.012500e+03 1.275000e+03 7.989796e-03 2.576857e-04
6.687500e+03 3.012500e+03 1.275000e+03 7.684215e-03 2.576857e-04
6.787500e+03 3.012500e+03 1.250000e+03 8.288167e-03 2.576857e-04
6.887500e+03 3.012500e+03 1.300000e+03 7.795073e-03 2.576857e-04
6.987500e+03 3.012500e+03 1.275000e+03 7.887243e-03 2.576857e-04
3.487500e+03 3.112500e+03 1.225000e+03 9.762015e-03 2.576857e-04
3.587500e+03 3.112500e+03 1.250000e+03 9.129104e-03 2.576857e-04
3.687500e+03 3.112500e+03 1.225000e+03 9.641270e-03 2.576857e-04
3.787500e+03 3.112500e+03 1.225000e+03 9.477504e-03 2.576857e-04
3.887500e+03 3.112500e+03 1.225000e+03 9.652596e-03 2.576857e-04
3.987500e+03 3.112500e+03 1.250000e+03 1.022118e-02 2.576857e-04
4.087500e+03 3.112500e+03 1.225000e+03 1.032632e-02 2.576857e-04
4.187500e+03 3.112500e+03 1.250000e+03 9.838745e-03 2.576857e-04
4.287500e+03 3.112500e+03 1.225000e+03 9.896107e-03 2.576857e-04
4.387500e+03 3.112500e+03 1.225000e+03 9.751294e-03 2.576857e-04
4.487500e+03 3.112500e+03 1.200000e+03 9.813675e-03 2.576857e-04
4.587500e+03 3.112500e+03 1.175000e+03 9.580218e-03 2.576857e-04
4.687500e+03 3.112500e+03 1.150000e+03 9.779385e-03 2.576857e-04
4.787500e+03 3.112500e+03 1.150000e+03 9.347503e-03 2.576857e-04
4.887500e+03 3.112500e+03 1.175000e+03 9.040959e-03 2.576857e-04
4.987500e+03 3.112500e+03 1.175000e+03 8.732969e-03 2.576857e-04
5.087500e+03 3.112500e+03 1.200000e+03 9.060047e-03 2.576857e-04
5.187500e+03 3.112500e+03 1.225000e+03 8.709118e-03 2.576857e-04
5.287500e+03 3.112500e+03 1.200000e+03 8.384349e-03 2.576857e-04
5.387500e+03 3.112500e+03 1.225000e+03 8.660186e-03 2.576857e-04
5.487500e+03 3.112500e+03 1.225000e+03 8.691957e-03 2.576857e-04
5.587500e+03 3.112500e+03 1.200000e+03 8.629706e-03 2.576857e-04
5.687500e+03 3.112500e+03 1.200000e+03 8.339217e-03 2.576857e-04
5.787500e+03 3.112500e+03 1.225000e+03 8.706557e-03 2.576857e-04
5.887500e+03 3.112500e+03 1.225000e+03 8.688559e-03 2.576857e-04
5.987500e+03 3.112500e+03 1.225000e+03 8.410219e-03 2.576857e-04
6.087500e+03 3.112500e+03 1.250000e+03 8.176802e-03 2.576857e-04
6.187500e+03 3.112500e+03 1.225000e+03 7.610767e-03 2.576857e-04
6.287500e+03 3.112500e+03 1.250000e+03 7.287341e-03 2.576857e-04
6.387500e+03 3.112500e+03 1.275000e+03 7.638510e-03 2.576857e-04
6.487500e+03 3.112500e+03 1.300000e+03 7.980951e-03 2.576857e-04
6.587500e+03 3.112500e+03 1.300000e+03 7.852380e-03 2.576857e-04
6.687500e+03 3.112500e+03 1.275000e+03 7.602298e-03 2.576857e-04
6.787500e+03 3.112500e+03 1.250000e+03 6.965046e-03 2.576857e-04
6.887500e+03 3.112500e+03 1.275000e+03 7.196268e-03 2.576857e-04
6.987500e+03 3.112500e+03 1.300000e+03 7.507026e-03 2.576857e-04
3.487500e+03 3.212500e+03 1.225000e+03 9.555086e-03 2.576857e-04
3.587500e+03 3.212500e+03 1.225000e+03 9.737229e-03 2.576857e-04
3.687500e+03 3.212500e+03 1.250000e+03 9.862587e-03 2.576857e-04
3.787500e+03 3.212500e+03 1.225000e+03 9.680841e-03 2.576857e-04
3.887500e+03 3.212500e+03 1.200000e+03 9.744031e-03 2.576857e-04
3.987500e+03 3.212500e+03 1.200000e+03 9.682106e-03 2.576857e-04
4.087500e+03 3.212500e+03 1.225000e+03 1.009735e-02 2.576857e-04
4.187500e+03 3.212500e+03 1.225000e+03 9.804881e-03 2.576857e-04
4.287500e+03 3.212500e+03 1.200000e+03 9.199070e-03 2.576857e-04
4.387500e+03 3.212500e+03 1.200000e+03 9.695156e-03 2.576857e-04
4.487500e+03 3.212500e+03 1.175000e+03 1.035869e-02 2.576857e-04
4.587500e+03 3.212500e+03 1.150000e+03 9.954750e-03 2.576857e-04
4.687500e+03 3.212500e+03 1.150000e+03 9.618806e-03 2.576857e-04
4.787500e+03 3.212500e+03 1.150000e+03 9.856947e-03 2.576857e-04
4.887500e+03 3.212500e+03 1.175000e+03 9.025277e-03 2.576857e-04
4.987500e+03 3.212500e+03 1.200000e+03 8.784062e-03 2.576857e-04
5.087500e+03 3.212500e+03 1.200000e+03 9.225170e-03 2.576857e-04
5.187500e+03 3.212500e+03 1.225000e+03 8.679107e-03 2.576857e-04
5.287500e+03 3.212500e+03 1.225000e+03 8.694355e-03 2.576857e-04
5.387500e+03 3.212500e+03 1.225000e+03 8.487739e-03 2.576857e-04
5.487500e+03 3.212500e+03 1.250000e+03 8.714255e-03 2.576857e-04
5.587500e+03 3.212500e+03 1.225000e+03 8.607461e-03 2.576857e-04
5.687500e+03 3.212500e+03 1.200000e+03 8.199989e-03 2.576857e-04
5.787500e+03 3.212500e+03 1.225000e+03 8.103571e-03 2.576857e-04
5.887500e+03 3.212500e+03 1.250000e+03 8.264268e-03 2.576857e-04
5.987500e+03 3.212500e+03 1.250000e+03 8.393098e-03 2.576857e-04
6.087500e+03 3.212500e+03 1.250000e+03 8.012321e-03 2.576857e-04
6.187500e+03 3.212500e+03 1.250000e+03 7.989589e-03 2.576857e-04
6.287500e+03 3.212500e+03 1.250000e+03 7.230998e-03 2.576857e-04
6.387500e+03 3.212500e+03 1.250000e+03 7.431623e-03 2.576857e-04
6.487500e+03 3.212500e+03 1.275000e+03 7.206844e-03 2.576857e-04
6.587500e+03 3.212500e+03 1.300000e+03 7.616961e-03 2.576857e-04
6.687500e+03 3.212500e+03 1.275000e+03 7.911633e-03 2.576857e-04
6.787500e+03 3.212500e+03 1.275000e+03 7.545505e-03 2.576857e-04
6.887500e+03 3.212500e+03 1.275000e+03 7.073820e-03 2.576857e-04
6.987500e+03 3.212500e+03 1.300000e+03 7.265849e-03 2.576857e-04
3.487500e+03 3.312500e+03 1.200000e+03 9.597760e-03 2.576857e-04
3.587500e+03 3.312500e+03 1.225000e+03 9.524600e-03 2.576857e-04
3.687500e+03 3.312500e+03 1.250000e+03 1.012168e-02 2.576857e-04
3.787500e+03 3.312500e+03 1.225000e+03 9.982375e-03 2.576857e-04
3.887500e+03 3.312500e+03 1.200000e+03 1.009954e-02 2.576857e-04
3.987500e+03 3.312500e+03 1.200000e+03 9.785060e-03 2.576857e-04
4.087500e+03 3.312500e+03 1.200000e+03 9.510516e-03 2.576857e-04
4.187500e+03 3.312500e+03 1.225000e+03 1.047677e-02 2.576857e-04
4.287500e+03 3.312500e+03 1.225000e+03 1.021516e-02 2.576857e-04
4.387500e+03 3.312500e+03 1.200000e+03 1.015490e-02 2.576857e-04
4.487500e+03 3.312500e+03 1.150000e+03 9.716772e-03 2.576857e-04
4.587500e+03 3.312500e+03 1.150000e+03 9.111793e-03 2.576857e-04
4.687500e+03 3.312500e+03 1.150000e+03 9.497928e-03 2.576857e-04
4.787500e+03 3.312500e+03 1.175000e+03 9.323713e-03 2.576857e-04
4.887500e+03 3.312500e+03 1.175000e+03 8.868762e-03 2.576857e-04
4.987500e+03 3.312500e+03 1.200000e+03 8.995541e-03 2.576857e-04
5.087500e+03 3.312500e+03 1.225000e+03 8.207120e-03 2.576857e-04
5.187500e+03 3.312500e+03 1.225000e+03 8.606879e-03 2.576857e-04
5.287500e+03 3.312500e+03 1.225000e+03 8.651978e-03 2.576857e-04
5.387500e+03 3.312500e+03 1.225000e+03 8.729540e-03 2.576857e-04
5.487500e+03 3.312500e+03 1.250000e+03 8.956967e-03 2.576857e-04
5.587500e+03 3.312500e+03 1.225000e+03 8.184277e-03 2.576857e-04
5.687500e+03 3.312500e+03 1.225000e+03 8.269142e-03 2.576857e-04
5.787500e+03 3.312500e+03 1.225000e+03 7.963407e-03 2.576857e-04
5.887500e+03 3.312500e+03 1.250000e+03 8.249019e-03 2.576857e-04
5.987500e+03 3.312500e+03 1.250000e+03 8.128028e-03 2.576857e-04
6.087500e+03 3.312500e+03 1.250000e+03 8.003814e-03 2.576857e-04
6.187500e+03 3.312500e+03 1.275000e+03 7.444365e-03 2.576857e-04
6.287500e+03 3.312500e+03 1.275000e+03 7.051292e-03 2.576857e-04
6.387500e+03 3.312500e+03 1.275000e+03 7.797472e-03 2.576857e-04
6.487500e+03 3.312500e+03 1.300000e+03 7.868305e-03 2.576857e-04
6.587500e+03 3.312500e+03 1.300000e+03 7.376881e-03 2.576857e-04
6.687500e+03 3.312500e+03 1.275000e+03 7.337584e-03 2.576857e-04
6.787500e+03 3.312500e+03 1.275000e+03 7.454186e-03 2.576857e-04
6.887500e+03 3.312500e+03 1.275000e+03 7.523478e-03 2.576857e-04
6.987500e+03 3.312500e+03 1.275000e+03 7.351275e-03 2.576857e-04
3.487500e+03 3.412500e+03 1.225000e+03 9.495614e-03 2.576857e-04
3.587500e+03 3.412500e+03 1.225000e+03 9.569837e-03 2.576857e-04
3.687500e+03 3.412500e+03 1.250000e+03 9.986634e-03 2.576857e-04
3.787500e+03 3.412500e+03 1.250000e+03 1.031344e-02 2.576857e-04
3.887500e+03 3.412500e+03 1.225000e+03 9.807559e-03 2.576857e-04
3.987500e+03 3.412500e+03 1.200000e+03 1.005348e-02 2.576857e-04
4.087500e+03 3.412500e+03 1.175000e+03 9.406327e-03 2.576857e-04
4.187500e+03 3.412500e+03 1.200000e+03 9.281345e-03 2.576857e-04
4.287500e+03 3.412500e+03 1.200000e+03 9.754103e-03 2.576857e-04
4.387500e+03 3.412500e+03 1.175000e+03 9.789781e-03 2.576857e-04
4.487500e+03 3.412500e+03 1.150000e+03 9.795867e-03 2.576857e-04
4.587500e+03 3.412500e+03 1.150000e+03 9.413151e-03 2.576857e-04
4.687500e+03 3.412500e+03 1.150000e+03 9.506120e-03 2.576857e-04
4.787500e+03 3.412500e+03 1.175000e+03 9.556368e-03 2.576857e-04
4.887500e+03 3.412500e+03 1.175000e+03 9.264091e-03 2.576857e-04
4.987500e+03 3.412500e+03 1.175000e+03 8.841882e-03 2.576857e-04
5.087500e+03 3.412500e+03 1.175000e+03 8.810088e-03 2.576857e-04
5.187500e+03 3.412500e+03 1.200000e+03 8.721245e-03 2.576857e-04
5.287500e+03 3.412500e+03 1.225000e+03 8.444829e-03 2.576857e-04
5.387500e+03 3.412500e+03 1.250000e+03 8.527755e-03 2.576857e-04
5.487500e+03 3.412500e+03 1.250000e+03 8.291854e-03 2.576857e-04
5.587500e+03 3.412500e+03 1.250000e+03 8.292319e-03 2.576857e-04
5.687500e+03 3.412500e+03 1.225000e+03 8.366081e-03 2.576857e-04
5.787500e+03 3.412500e+03 1.225000e+03 8.015533e-03 2.576857e-04
5.887500e+03 3.412500e+03 1.250000e+03 7.784619e-03 2.576857e-04
5.987500e+03 3.412500e+03 1.250000e+03 7.629544e-03 2.576857e-04
6.087500e+03 3.412500e+03 1.250000e+03 7.816536e-03 2.576857e-04
6.187500e+03 3.412500e+03 1.275000e+03 7.656616e-03 2.576857e-04
6.287500e+03 3.412500e+03 1.300000e+03 7.802697e-03 2.576857e-04
6.387500e+03 3.412500e+03 1.275000e+03 7.771618e-03 2.576857e-04
6.487500e+03 3.412500e+03 1.300000e+03 7.359618e-03 2.576857e-04
6.587500e+03 3.412500e+03 1.325000e+03 7.728243e-03 2.576857e-04
6.687500e+03 3.412500e+03 1.300000e+03 7.511528e-03 2.576857e-04
6.787500e+03 3.412500e+03 1.275000e+03 7.788029e-03 2.576857e-04
6.887500e+03 3.412500e+03 1.300000e+03 7.977259e-03 2.576857e-04
6.987500e+03 3.412500e+03 1.300000e+03 7.612869e-03 2.576857e-04
3.487500e+03 3.512500e+03 1.225000e+03 9.238535e-03 2.576857e-04
3.587500e+03 3.512500e+03 1.225000e+03 9.573475e-03 2.576857e-04
3.687500e+03 3.512500e+03 1.225000e+03 9.928867e-03 2.576857e-04
3.787500e+03 3.512500e+03 1.225000e+03 1.017204e-02 2.576857e-04
3.887500e+03 3.512500e+03 1.225000e+03 9.959445e-03 2.576857e-04
3.987500e+03 3.512500e+03 1.225000e+03 9.993726e-03 2.576857e-04
4.087500e+03 3.512500e+03 1.175000e+03 9.799567e-03 2.576857e-04
4.187500e+03 3.512500e+03 1.175000e+03 9.382276e-03 2.576857e-04
4.287500e+03 3.512500e+03 1.200000e+03 9.369488e-03 2.576857e-04
4.387500e+03 3.512500e+03 1.175000e+03 9.404938e-03 2.576857e-04
4.487500e+03 3.512500e+03 1.150000e+03 9.400628e-03 2.576857e-04
4.587500e+03 3.512500e+03 1.150000e+03 9.725830e-03 2.576857e-04
4.687500e+03 3.512500e+03 1.175000e+03 9.190556e-03 2.576857e-04
4.787500e+03 3.512500e+03 1.175000e+03 9.653241e-03 2.576857e-04
4.887500e+03 3.512500e+03 1.175000e+03 9.457156e-03 2.576857e-04
4.987500e+03 3.512500e+03 1.175000e+03 9.229575e-03 2.576857e-04
5.087500e+03 3.512500e+03 1.200000e+03 9.264569e-03 2.576857e-04
5.187500e+03 3.512500e+03 1.200000e+03 8.408316e-03 2.576857e-04
5.287500e+03 3.512500e+03 1.200000e+03 8.360039e-03 2.576857e-04
5.387500e+03 3.512500e+03 1.225000e+03 8.418220e-03 2.576857e-04
5.487500e+03 3.512500e+03 1.250000e+03 8.386267e-03 2.576857e-04
5.587500e+03 3.512500e+03 1.250000e+03 7.956683e-03 2.576857e-04
5.687500e+03 3.512500e+03 1.250000e+03 8.153482e-03 2.576857e-04
5.787500e+03 3.512500e+03 1.225000e+03 7.757140e-03 2.576857e-04
5.887500e+03 3.512500e+03 1.225000e+03 7.751905e-03 2.576857e-04
5.987500e+03 3.512500e+03 1.250000e+03 7.808257e-03 2.576857e-04
6.087500e+03 3.512500e+03 1.275000e+03 7.572323e-03 2.576857e-04
6.187500e+03 3.512500e+03 1.300000e+03 7.693593e-03 2.576857e-04
6.287500e+03 3.512500e+03 1.300000e+03 7.576362e-03 2.576857e-04
6.387500e+03 3.512500e+03 1.275000e+03 7.539266e-03 2.576857e-04
6.487500e+03 3.512500e+03 1.300000e+03 7.907653e-03 2.576857e-04
6.587500e+03 3.512500e+03 1.325000e+03 7.561357e-03 2.576857e-04
6.687500e+03 3.512500e+03 1.325000e+03 7.779541e-03 2.576857e-04
6.787500e+03 3.512500e+03 1.300000e+03 7.561908e-03 2.576857e-04
6.887500e+03 3.512500e+03 1.300000e+03 7.815964e-03 2.576857e-04
6.987500e+03 3.512500e+03 1.300000e+03 7.677640e-03 2.576857e-04
3.487500e+03 3.612500e+03 1.225000e+03 9.269477e-03 2.576857e-04
3.587500e+03 3.612500e+03 1.200000e+03 9.652210e-03 2.576857e-04
3.687500e+03 3.612500e+03 1.200000e+03 9.780063e-03 2.576857e-04
3.787500e+03 3.612500e+03 1.200000e+03 9.637530e-03 2.576857e-04
3.887500e+03 3.612500e+03 1.200000e+03 9.715958e-03 2.576857e-04
3.987500e+03 3.612500e+03 1.200000e+03 9.704751e-03 2.576857e-04
4.087500e+03 3.612500e+03 1.175000e+03 1.013068e-02 2.576857e-04
4.187500e+03 3.612500e+03 1.175000e+03 9.347654e-03 2.576857e-04
4.287500e+03 3.612500e+03 1.175000e+03 9.626171e-03 2.576857e-04
4.387500e+03 3.612500e+03 1.150000e+03 9.595444e-03 2.576857e-04
4.487500e+03 3.612500e+03 1.150000e+03 9.007667e-03 2.576857e-04
4.587500e+03 3.612500e+03 1.150000e+03 9.053313e-03 2.576857e-04
4.687500e+03 3.612500e+03 1.175000e+03 9.410488e-03 2.576857e-04
4.787500e+03 3.612500e+03 1.175000e+03 9.038642e-03 2.576857e-04
4.887500e+03 3.612500e+03 1.175000e+03 8.870029e-03 2.576857e-04
4.987500e+03 3.612500e+03 1.200000e+03 9.616559e-03 2.576857e-04
5.087500e+03 3.612500e+03 1.200000e+03 9.243647e-03 2.576857e-04
5.187500e+03 3.612500e+03 1.200000e+03 8.841031e-03 2.576857e-04
5.287500e+03 3.612500e+03 1.225000e+03 8.967928e-03 2.576857e-04
5.387500e+03 3.612500e+03 1.250000e+03 8.742305e-03 2.576857e-04
5.487500e+03 3.612500e+03 1.275000e+03 8.815855e-03 2.576857e-04
5.587500e+03 3.612500e+03 1.275000e+03 8.278418e-03 2.576857e-04
5.687500e+03 3.612500e+03 1.250000e+03 8.025608e-03 2.576857e-04
5.787500e+03 3.612500e+03 1.250000e+03 8.062677e-03 2.576857e-04
5.887500e+03 3.612500e+03 1.250000e+03 8.566819e-03 2.576857e-04
5.987500e+03 3.612500e+03 1.250000e+03 7.966368e-03 2.576857e-04
6.087500e+03 3.612500e+03 1.275000e+03 7.606718e-03 2.576857e-04
6.187500e+03 3.612500e+03 1.300000e+03 8.108904e-03 2.576857e-04
6.287500e+03 3.612500e+03 1.300000e+03 7.586965e-03 2.576857e-04
6.387500e+03 3.612500e+03 1.300000e+03 7.953623e-03 2.576857e-04
6.487500e+03 3.612500e+03 1.300000e+03 8.005124e-03 2.576857e-04
6.587500e+03 3.612500e+03 1.325000e+03 7.436945e-03 2.576857e-04
6.687500e+03 3.612500e+03 1.325000e+03 7.933679e-03 2.576857e-04
6.787500e+03 3.612500e+03 1.325000e+03 7.635128e-03 2.576857e-04
6.887500e+03 3.612500e+03 1.300000e+03 7.552811e-03 2.576857e-04
6.987500e+03 3.612500e+03 1.300000e+03 7.443668e-03 2.576857e-04
3.487500e+03 3.712500e+03 1.250000e+03 9.712380e-03 2.576857e-04
3.587500e+03 3.712500e+03 1.225000e+03 9.427336e-03 2.576857e-04
3.687500e+03 3.712500e+03 1.200000e+03 1.012895e-02 2.576857e-04
3.787500e+03 3.712500e+03 1.175000e+03 9.518347e-03 2.576857e-04
3.887500e+03 3.712500e+03 1.175000e+03 9.992089e-03 2.576857e-04
3.987500e+03 3.712500e+03 1.175000e+03 9.513701e-03 2.576857e-04
4.087500e+03 3.712500e+03 1.175000e+03 9.866905e-03 2.576857e-04
4.187500e+03 3.712500e+03 1.150000e+03 9.506361e-03 2.576857e-04
4.287500e+03 3.712500e+03 1.150000e+03 9.475825e-03 2.576857e-04
4.387500e+03 3.712500e+03 1.150000e+03 9.128038e-03 2.576857e-04
4.487500e+03 3.712500e+03 1.150000e+03 9.319862e-03 2.576857e-04
4.587500e+03 3.712500e+03 1.150000e+03 9.005706e-03 2.576857e-04
4.687500e+03 3.712500e+03 1.175000e+03 8.626736e-03 2.576857e-04
4.787500e+03 3.712500e+03 1.175000e+03 8.818170e-03 2.576857e-04
4.887500e+03 3.712500e+03 1.200000e+03 9.186620e-03 2.576857e-04
4.987500e+03 3.712500e+03 1.200000e+03 9.671736e-03 2.576857e-04
5.087500e+03 3.712500e+03 1.225000e+03 9.912040e-03 2.576857e-04
5.187500e+03 3.712500e+03 1.225000e+03 8.860982e-03 2.576857e-04
5.287500e+03 3.712500e+03 1.225000e+03 8.797584e-03 2.576857e-04
5.387500e+03 3.712500e+03 1.250000e+03 9.102728e-03 2.576857e-04
5.487500e+03 3.712500e+03 1.250000e+03 9.060149e-03 2.576857e-04
5.587500e+03 3.712500e+03 1.275000e+03 8.181585e-03 2.576857e-04
5.687500e+03 3.712500e+03 1.275000e+03 8.337296e-03 2.576857e-04
5.787500e+03 3.712500e+03 1.275000e+03 8.328644e-03 2.576857e-04
5.887500e+03 3.712500e+03 1.250000e+03 7.700829e-03 2.576857e-04
5.987500e+03 3.712500e+03 1.250000e+03 7.723369e-03 2.576857e-04
6.087500e+03 3.712500e+03 1.275000e+03 7.908675e-03 2.576857e-04
6.187500e+03 3.712500e+03 1.300000e+03 8.515793e-03 2.576857e-04
6.287500e+03 3.712500e+03 1.325000e+03 7.735194e-03 2.576857e-04
6.387500e+03 3.712500e+03 1.325000e+03 7.259712e-03 2.576857e-04
6.487500e+03 3.712500e+03 1.325000e+03 7.563206e-03 2.576857e-04
6.587500e+03 3.712500e+03 1.325000e+03 8.056462e-03 2.576857e-04
6.687500e+03 3.712500e+03 1.350000e+03 7.496563e-03 2.576857e-04
6.787500e+03 3.712500e+03 1.350000e+03 7.676505e-03 2.576857e-04
6.887500e+03 3.712500e+03 1.325000e+03 7.859238e-03 2.576857e-04
6.987500e+03 3.712500e+03 1.300000e+03 7.717776e-03 2.576857e-04
3.487500e+03 3.812500e+03 1.225000e+03 1.006064e-02 2.576857e-04
3.587500e+03 3.812500e+03 1.225000e+03 9.899815e-03 2.576857e-04
3.687500e+03 3.812500e+03 1.200000e+03 1.020949e-02 2.576857e-04
3.787500e+03 3.812500e+03 1.200000e+03 9.679950e-03 2.576857e-04
3.887500e+03 3.812500e+03 1.175000e+03 9.684281e-03 2.576857e-04
3.987500e+03 3.812500e+03 1.175000e+03 9.284838e-03 2.576857e-04
4.087500e+03 3.812500e+03 1.150000e+03 9.265184e-03 2.576857e-04
4.187500e+03 3.812500e+03 1.150000e+03 9.115306e-03 2.576857e-04
4.287500e+03 3.812500e+03 1.150000e+03 9.312521e-03 2.576857e-04
4.387500e+03 3.812500e+03 1.150000e+03 8.761868e-03 2.576857e-04
4.487500e+03 3.812500e+03 1.150000e+03 8.785602e-03 2.576857e-04
4.587500e+03 3.812500e+03 1.150000e+03 8.829966e-03 2.576857e-04
4.687500e+03 3.812500e+03 1.175000e+03 9.162228e-03 2.576857e-04
4.787500e+03 3.812500e+03 1.175000e+03 9.451513e-03 2.576857e-04
4.887500e+03 3.812500e+03 1.200000e+03 9.333993e-03 2.576857e-04
4.987500e+03 3.812500e+03 1.200000e+03 9.470819e-03 2.576857e-04
5.087500e+03 3.812500e+03 1.225000e+03 9.554551e-03 2.576857e-04
5.187500e+03 3.812500e+03 1.250000e+03 9.434084e-03 2.576857e-04
5.287500e+03 3.812500e+03 1.225000e+03 9.469132e-03 2.576857e-04
5.387500e+03 3.812500e+03 1.250000e+03 9.762364e-03 2.576857e-04
5.487500e+03 3.812500e+03 1.275000e+03 9.294428e-03 2.576857e-04
5.587500e+03 3.812500e+03 1.275000e+03 8.897145e-03 2.576857e-04
5.687500e+03 3.812500e+03 1.300000e+03 8.292577e-03 2.576857e-04
5.787500e+03 3.812500e+03 1.300000e+03 8.912907e-03 2.576857e-04
5.887500e+03 3.812500e+03 1.275000e+03 8.248967e-03 2.576857e-04
5.987500e+03 3.812500e+03 1.250000e+03 8.226117e-03 2.576857e-04
6.087500e+03 3.812500e+03 1.250000e+03 8.053003e-03 2.576857e-04
6.187500e+03 3.812500e+03 1.250000e+03 8.014685e-03 2.576857e-04
6.287500e+03 3.812500e+03 1.300000e+03 7.767929e-03 2.576857e-04
6.387500e+03 3.812500e+03 1.300000e+03 8.078845e-03 2.576857e-04
6.487500e+03 3.812500e+03 1.300000e+03 8.187288e-03 2.576857e-04
6.587500e+03 3.812500e+03 1.325000e+03 8.040577e-03 2.576857e-04
6.687500e+03 3.812500e+03 1.350000e+03 7.552925e-03 2.576857e-04
6.787500e+03 3.812500e+03 1.375000e+03 7.546760e-03 2.576857e-04
6.887500e+03 3.812500e+03 1.350000e+03 7.880534e-03 2.576857e-04
6.987500e+03 3.812500e+03 1.325000e+03 7.842096e-03 2.576857e-04
3.487500e+03 3.912500e+03 1.225000e+03 1.014547e-02 2.576857e-04
3.587500e+03 3.912500e+03 1.225000e+03 9.615216e-03 2.576857e-04
3.687500e+03 3.912500e+03 1.225000e+03 1.011947e-02 2.576857e-04
3.787500e+03 3.912500e+03 1.200000e+03 9.698971e-03 2.576857e-04
3.887500e+03 3.912500e+03 1.200000e+03 9.360515e-03 2.576857e-04
3.987500e+03 3.912500e+03 1.175000e+03 9.499711e-03 2.576857e-04
4.087500e+03 3.912500e+03 1.150000e+03 9.208172e-03 2.576857e-04
4.187500e+03 3.912500e+03 1.150000e+03 9.271584e-03 2.576857e-04
4.287500e+03 3.912500e+03 1.150000e+03 9.184633e-03 2.576857e-04
4.387500e+03 3.912500e+03 1.125000e+03 8.703049e-03 2.576857e-04
4.487500e+03 3.912500e+03 1.150000e+03 9.025131e-03 2.576857e-04
4.587500e+03 3.912500e+03 1.150000e+03 9.306917e-03 2.576857e-04
4.687500e+03 3.912500e+03 1.175000e+03 9.380138e-03 2.576857e-04
4.787500e+03 3.912500e+03 1.175000e+03 9.388706e-03 2.576857e-04
4.887500e+03 3.912500e+03 1.225000e+03 9.279369e-03 2.576857e-04
4.987500e+03 3.912500e+03 1.200000e+03 9.157828e-03 2.576857e-04
5.087500e+03 3.912500e+03 1.225000e+03 9.324535e-03 2.576857e-04
5.187500e+03 3.912500e+03 1.225000e+03 9.458445e-03 2.576857e-04
5.287500e+03 3.912500e+03 1.225000e+03 9.461412e-03 2.576857e-04
5.387500e+03 3.912500e+03 1.250000e+03 9.897813e-03 2.576857e-04
5.487500e+03 3.912500e+03 1.275000e+03 9.046210e-03 2.576857e-04
5.587500e+03 3.912500e+03 1.275000e+03 9.746140e-03 2.576857e-04
5.687500e+03 3.912500e+03 1.300000e+03 9.108187e-03 2.576857e-04
5.787500e+03 3.912500e+03 1.300000e+03 8.559490e-03 2.576857e-04
5.887500e+03 3.912500e+03 1.275000e+03 8.457965e-03 2.576857e-04
5.987500e+03 3.912500e+03 1.250000e+03 8.078803e-03 2.576857e-04
6.087500e+03 3.912500e+03 1.250000e+03 8.274014e-03 2.576857e-04
6.187500e+03 3.912500e+03 1.275000e+03 8.637427e-03 2.576857e-04
6.287500e+03 3.912500e+03 1.275000e+03 7.787172e-03 2.576857e-04
6.387500e+03 3.912500e+03 1.275000e+03 8.154066e-03 2.576857e-04
6.487500e+03 3.912500e+03 1.300000e+03 7.902448e-03 2.576857e-04
6.587500e+03 3.912500e+03 1.300000e+03 7.965368e-03 2.576857e-04
6.687500e+03 3.912500e+03 1.325000e+03 7.956117e-03 2.576857e-04
6.787500e+03 3.912500e+03 1.375000e+03 8.388954e-03 2.576857e-04
6.887500e+03 3.912500e+03 1.375000e+03 8.094581e-03 2.576857e-04
6.987500e+03 3.912500e+03 1.350000e+03 7.523226e-03 2.576857e-04
3.487500e+03 4.012500e+03 1.225000e+03 9.494602e-03 2.576857e-04
3.587500e+03 4.012500e+03 1.200000e+03 9.715334e-03 2.576857e-04
3.687500e+03 4.012500e+03 1.200000e+03 9.656695e-03 2.576857e-04
3.787500e+03 4.012500e+03 1.175000e+03 1.024351e-02 2.576857e-04
3.887500e+03 4.012500e+03 1.175000e+03 9.465658e-03 2.576857e-04
3.987500e+03 4.012500e+03 1.150000e+03 9.200195e-03 2.576857e-04
4.087500e+03 4.012500e+03 1.150000e+03 9.126188e-03 2.576857e-04
4.187500e+03 4.012500e+03 1.150000e+03 8.996170e-03 2.576857e-04
4.287500e+03 4.012500e+03 1.150000e+03 9.102500e-03 2.576857e-04
4.387500e+03 4.012500e+03 1.150000e+03 8.730905e-03 2.576857e-04
4.487500e+03 4.012500e+03 1.150000e+03 8.868935e-03 2.576857e-04
4.587500e+03 4.012500e+03 1.175000e+03 8.962288e-03 2.576857e-04
4.687500e+03 4.012500e+03 1.175000e+03 9.556865e-03 2.576857e-04
4.787500e+03 4.012500e+03 1.175000e+03 9.865895e-03 2.576857e-04
4.887500e+03 4.012500e+03 1.225000e+03 9.874428e-03 2.576857e-04
4.987500e+03 4.012500e+03 1.225000e+03 9.543921e-03 2.576857e-04
5.087500e+03 4.012500e+03 1.225000e+03 9.459209e-03 2.576857e-04
5.187500e+03 4.012500e+03 1.225000e+03 9.233797e-03 2.576857e-04
5.287500e+03 4.012500e+03 1.250000e+03 9.505300e-03 2.576857e-04
5.387500e+03 4.012500e+03 1.250000e+03 1.005676e-02 2.576857e-04
5.487500e+03 4.012500e+03 1.275000e+03 9.694266e-03 2.576857e-04
5.587500e+03 4.012500e+03 1.275000e+03 1.008434e-02 2.576857e-04
5.687500e+03 4.012500e+03 1.300000e+03 1.009077e-02 2.576857e-04
5.787500e+03 4.012500e+03 1.275000e+03 8.989373e-03 2.576857e-04
5.887500e+03 4.012500e+03 1.275000e+03 8.729296e-03 2.576857e-04
5.987500e+03 4.012500e+03 1.250000e+03 8.863787e-03 2.576857e-04
6.087500e+03 4.012500e+03 1.275000e+03 8.610256e-03 2.576857e-04
6.187500e+03 4.012500e+03 1.300000e+03 8.731941e-03 2.576857e-04
6.287500e+03 4.012500e+03 1.300000e+03 8.665716e-03 2.576857e-04
6.387500e+03 4.012500e+03 1.300000e+03 8.288884e-03 2.576857e-04
6.487500e+03 4.012500e+03 1.325000e+03 8.394564e-03 2.576857e-04
6.587500e+03 4.012500e+03 1.325000e+03 8.525901e-03 2.576857e-04
6.687500e+03 4.012500e+03 1.350000e+03 8.184903e-03 2.576857e-04
6.787500e+03 4.012500e+03 1.375000e+03 7.742329e-03 2.576857e-04
6.887500e+03 4.012500e+03 1.375000e+03 7.964522e-03 2.576857e-04
6.987500e+03 4.012500e+03 1.375000e+03 7.654793e-03 2.576857e-04
3.487500e+03 4.112500e+03 1.200000e+03 1.009230e-02 2.576857e-04
3.587500e+03 4.112500e+03 1.175000e+03 9.769006e-03 2.576857e-04
3.687500e+03 4.112500e+03 1.175000e+03 1.002643e-02 2.576857e-04
3.787500e+03 4.112500e+03 1.175000e+03 9.791950e-03 2.576857e-04
3.887500e+03 4.112500e+03 1.150000e+03 9.385530e-03 2.576857e-04
3.987500e+03 4.112500e+03 1.150000e+03 9.585745e-03 2.576857e-04
4.087500e+03 4.112500e+03 1.150000e+03 9.034748e-03 2.576857e-04
4.187500e+03 4.112500e+03 1.150000e+03 8.822880e-03 2.576857e-04
4.287500e+03 4.112500e+03 1.150000e+03 9.023701e-03 2.576857e-04
4.387500e+03 4.112500e+03 1.150000e+03 8.749399e-03 2.576857e-04
4.487500e+03 4.112500e+03 1.175000e+03 9.169323e-03 2.576857e-04
4.587500e+03 4.112500e+03 1.175000e+03 8.861954e-03 2.576857e-04
4.687500e+03 4.112500e+03 1.200000e+03 9.468356e-03 2.576857e-04
4.787500e+03 4.112500e+03 1.200000e+03 1.020049e-02 2.576857e-04
4.887500e+03 4.112500e+03 1.200000e+03 1.009925e-02 2.576857e-04
4.987500e+03 4.112500e+03 1.225000e+03 9.776277e-03 2.576857e-04
5.087500e+03 4.112500e+03 1.225000e+03 9.554714e-03 2.576857e-04
5.187500e+03 4.112500e+03 1.250000e+03 1.043744e-02 2.576857e-04
5.287500e+03 4.112500e+03 1.250000e+03 9.814909e-03 2.576857e-04
5.387500e+03 4.112500e+03 1.275000e+03 9.814948e-03 2.576857e-04
5.487500e+03 4.112500e+03 1.275000e+03 9.791802e-03 2.576857e-04
5.587500e+03 4.112500e+03 1.275000e+03 9.762437e-03 2.576857e-04
5.687500e+03 4.112500e+03 1.275000e+03 1.006028e-02 2.576857e-04
5.787500e+03 4.112500e+03 1.300000e+03 1.016190e-02 2.576857e-04
5.887500e+03 4.112500e+03 1.300000e+03 9.937331e-03 2.576857e-04
5.987500e+03 4.112500e+03 1.275000e+03 8.892578e-03 2.576857e-04
6.087500e+03 4.112500e+03 1.275000e+03 9.195616e-03 2.576857e-04
6.187500e+03 4.112500e+03 1.300000e+03 8.521659e-03 2.576857e-04
6.287500e+03 4.112500e+03 1.325000e+03 8.900696e-03 2.576857e-04
6.387500e+03 4.112500e+03 1.300000e+03 8.615349e-03 2.576857e-04
6.487500e+03 4.112500e+03 1.350000e+03 8.365293e-03 2.576857e-04
6.587500e+03 4.112500e+03 1.350000e+03 8.220182e-03 2.576857e-04
6.687500e+03 4.112500e+03 1.375000e+03 7.883918e-03 2.576857e-04
6.787500e+03 4.112500e+03 1.400000e+03 8.408211e-03 2.576857e-04
6.887500e+03 4.112500e+03 1.400000e+03 8.738320e-03 2.576857e-04
6.987500e+03 4.112500e+03 1.375000e+03 8.124770e-03 2.576857e-04
3.487500e+03 4.212500e+03 1.175000e+03 9.703898e-03 2.576857e-04
3.587500e+03 4.212500e+03 1.175000e+03 9.374218e-03 2.576857e-04
3.687500e+03 4.212500e+03 1.175000e+03 9.273125e-03 2.576857e-04
3.787500e+03 4.212500e+03 1.150000e+03 9.298839e-03 2.576857e-04
3.887500e+03 4.212500e+03 1.150000e+03 9.001878e-03 2.576857e-04
3.987500e+03 4.212500e+03 1.150000e+03 9.645484e-03 2.576857e-04
4.087500e+03 4.212500e+03 1.150000e+03 9.099123e-03 2.576857e-04
4.187500e+03 4.212500e+03 1.125000e+03 8.946928e-03 2.576857e-04
4.287500e+03 4.212500e+03 1.150000e+03 8.593615e-03 2.576857e-04
4.387500e+03 4.212500e+03 1.175000e+03 9.372174e-03 2.576857e-04
4.487500e+03 4.212500e+03 1.175000e+03 8.976378e-03 2.576857e-04
4.587500e+03 4.212500e+03 1.175000e+03 8.799878e-03 2.576857e-04
4.687500e+03 4.212500e+03 1.200000e+03 9.564325e-03 2.576857e-04
4.787500e+03 4.212500e+03 1.225000e+03 9.530064e-03 2.576857e-04
4.887500e+03 4.212500e+03 1.225000e+03 9.700488e-03 2.576857e-04
4.987500e+03 4.212500e+03 1.225000e+03 9.342915e-03 2.576857e-04
5.087500e+03 4.212500e+03 1.250000e+03 1.022283e-02 2.576857e-04
5.187500e+03 4.212500e+03 1.250000e+03 1.048809e-02 2.576857e-04
5.287500e+03 4.212500e+03 1.275000e+03 1.045009e-02 2.576857e-04
5.387500e+03 4.212500e+03 1.300000e+03 9.755957e-03 2.576857e-04
5.487500e+03 4.212500e+03 1.325000e+03 1.011940e-02 2.576857e-04
5.587500e+03 4.212500e+03 1.325000e+03 9.833879e-03 2.576857e-04
5.687500e+03 4.212500e+03 1.300000e+03 9.652885e-03 2.576857e-04
5.787500e+03 4.212500e+03 1.300000e+03 1.021564e-02 2.576857e-04
5.887500e+03 4.212500e+03 1.300000e+03 1.003636e-02 2.576857e-04
5.987500e+03 4.212500e+03 1.275000e+03 9.943721e-03 2.576857e-04
6.087500e+03 4.212500e+03 1.275000e+03 9.757716e-03 2.576857e-04
6.187500e+03 4.212500e+03 1.300000e+03 9.204204e-03 2.576857e-04
6.287500e+03 4.212500e+03 1.325000e+03 9.302086e-03 2.576857e-04
6.387500e+03 4.212500e+03 1.325000e+03 8.693365e-03 2.576857e-04
6.487500e+03 4.212500e+03 1.325000e+03 8.517285e-03 2.576857e-04
6.587500e+03 4.212500e+03 1.350000e+03 8.309238e-03 2.576857e-04
6.687500e+03 4.212500e+03 1.375000e+03 8.899217e-03 2.576857e-04
6.787500e+03 4.212500e+03 1.400000e+03 8.325303e-03 2.576857e-04
6.887500e+03 4.212500e+03 1.400000e+03 8.135673e-03 2.576857e-04
6.987500e+03 4.212500e+03 1.400000e+03 8.542933e-03 2.576857e-04
3.487500e+03 4.312500e+03 1.175000e+03 9.709235e-03 2.576857e-04
3.587500e+03 4.312500e+03 1.175000e+03 1.003698e-02 2.576857e-04
3.687500e+03 4.312500e+03 1.150000e+03 9.538275e-03 2.576857e-04
3.787500e+03 4.312500e+03 1.150000e+03 9.263938e-03 2.576857e-04
3.887500e+03 4.312500e+03 1.150000e+03 9.022093e-03 2.576857e-04
3.987500e+03 4.312500e+03 1.150000e+03 9.389484e-03 2.576857e-04
4.087500e+03 4.312500e+03 1.125000e+03 9.028047e-03 2.576857e-04
4.187500e+03 4.312500e+03 1.150000e+03 8.832400e-03 2.576857e-04
4.287500e+03 4.312500e+03 1.175000e+03 8.831881e-03 2.576857e-04
4.387500e+03 4.312500e+03 1.175000e+03 8.676881e-03 2.576857e-04
4.487500e+03 4.312500e+03 1.175000e+03 9.016814e-03 2.576857e-04
4.587500e+03 4.312500e+03 1.200000e+03 9.049703e-03 2.576857e-04
4.687500e+03 4.312500e+03 1.225000e+03 9.509132e-03 2.576857e-04
4.787500e+03 4.312500e+03 1.225000e+03 1.009603e-02 2.576857e-04
4.887500e+03 4.312500e+03 1.250000e+03 1.019424e-02 2.576857e-04
4.987500e+03 4.312500e+03 1.250000e+03 1.022113e-02 2.576857e-04
5.087500e+03 4.312500e+03 1.250000e+03 1.015259e-02 2.576857e-04
5.187500e+03 4.312500e+03 1.275000e+03 1.076438e-02 2.576857e-04
5.287500e+03 4.312500e+03 1.300000e+03 1.059559e-02 2.576857e-04
5.387500e+03 4.312500e+03 1.350000e+03 9.716628e-03 2.576857e-04
5.487500e+03 4.312500e+03 1.350000e+03 1.035717e-02 2.576857e-04
5.587500e+03 4.312500e+03 1.350000e+03 1.009588e-02 2.576857e-04
5.687500e+03 4.312500e+03 1.325000e+03 9.917021e-03 2.576857e-04
5.787500e+03 4.312500e+03 1.300000e+03 1.066575e-02 2.576857e-04
5.887500e+03 4.312500e+03 1.300000e+03 1.009201e-02 2.576857e-04
5.987500e+03 4.312500e+03 1.275000e+03 1.044921e-02 2.576857e-04
6.087500e+03 4.312500e+03 1.275000e+03 1.015453e-02 2.576857e-04
6.187500e+03 4.312500e+03 1.275000e+03 9.417803e-03 2.576857e-04
6.287500e+03 4.312500e+03 1.325000e+03 9.561800e-03 2.576857e-04
6.387500e+03 4.312500e+03 1.350000e+03 9.183891e-03 2.576857e-04
6.487500e+03 4.312500e+03 1.350000e+03 8.510849e-03 2.576857e-04
6.587500e+03 4.312500e+03 1.350000e+03 8.377761e-03 2.576857e-04
6.687500e+03 4.312500e+03 1.375000e+03 8.345407e-03 2.576857e-04
6.787500e+03 4.312500e+03 1.400000e+03 8.512061e-03 2.576857e-04
6.887500e+03 4.312500e+03 1.400000e+03 8.911041e-03 2.576857e-04
6.987500e+03 4.312500e+03 1.425000e+03 8.035942e-03 2.576857e-04
3.487500e+03 4.412500e+03 1.175000e+03 9.712297e-03 2.576857e-04
3.587500e+03 4.412500e+03 1.150000e+03 9.052992e-03 2.576857e-04
3.687500e+03 4.412500e+03 1.150000e+03 9.722346e-03 2.576857e-04
3.787500e+03 4.412500e+03 1.125000e+03 9.007802e-03 2.576857e-04
3.887500e+03 4.412500e+03 1.125000e+03 9.028327e-03 2.576857e-04
3.987500e+03 4.412500e+03 1.125000e+03 9.154426e-03 2.576857e-04
4.087500e+03 4.412500e+03 1.150000e+03 9.161391e-03 2.576857e-04
4.187500e+03 4.412500e+03 1.150000e+03 8.561358e-03 2.576857e-04
4.287500e+03 4.412500e+03 1.175000e+03 8.764494e-03 2.576857e-04
4.387500e+03 4.412500e+03 1.175000e+03 9.395597e-03 2.576857e-04
4.487500e+03 4.412500e+03 1.200000e+03 9.453785e-03 2.576857e-04
4.587500e+03 4.412500e+03 1.225000e+03 9.641713e-03 2.576857e-04
4.687500e+03 4.412500e+03 1.225000e+03 9.565147e-03 2.576857e-04
4.787500e+03 4.412500e+03 1.250000e+03 9.997250e-03 2.576857e-04
4.887500e+03 4.412500e+03 1.250000e+03 9.911688e-03 2.576857e-04
4.987500e+03 4.412500e+03 1.250000e+03 1.033246e-02 2.576857e-04
5.087500e+03 4.412500e+03 1.250000e+03 1.107691e-02 2.576857e-04
5.187500e+03 4.412500e+03 1.275000e+03 1.085007e-02 2.576857e-04
5.287500e+03 4.412500e+03 1.300000e+03 1.099675e-02 2.576857e-04
5.387500e+03 4.412500e+03 1.350000e+03 1.039450e-02 2.576857e-04
5.487500e+03 4.412500e+03 1.375000e+03 1.042360e-02 2.576857e-04
5.587500e+03 4.412500e+03 1.375000e+03 1.038198e-02 2.576857e-04
5.687500e+03 4.412500e+03 1.350000e+03 1.024365e-02 2.576857e-04
5.787500e+03 4.412500e+03 1.325000e+03 1.017971e-02 2.576857e-04
5.887500e+03 4.412500e+03 1.325000e+03 1.059294e-02 2.576857e-04
5.987500e+03 4.412500e+03 1.300000e+03 1.047726e-02 2.576857e-04
6.087500e+03 4.412500e+03 1.275000e+03 1.049363e-02 2.576857e-04
6.187500e+03 4.412500e+03 1.275000e+03 1.074846e-02 2.576857e-04
6.287500e+03 4.412500e+03 1.300000e+03 1.004545e-02 2.576857e-04
6.387500e+03 4.412500e+03 1.325000e+03 9.808340e-03 2.576857e-04
6.487500e+03 4.412500e+03 1.325000e+03 9.075593e-03 2.576857e-04
6.587500e+03 4.412500e+03 1.375000e+03 8.923369e-03 2.576857e-04
6.687500e+03 4.412500e+03 1.375000e+03 8.980142e-03 2.576857e-04
6.787500e+03 4.412500e+03 1.400000e+03 8.481084e-03 2.576857e-04
6.887500e+03 4.412500e+03 1.400000e+03 8.689251e-03 2.576857e-04
6.987500e+03 4.412500e+03 1.425000e+03 8.460870e-03 2.576857e-04
3.487500e+03 4.512500e+03 1.175000e+03 9.140422e-03 2.576857e-04
3.587500e+03 4.512500e+03 1.175000e+03 9.532156e-03 2.576857e-04
3.687500e+03 4.512500e+03 1.150000e+03 8.872901e-03 2.576857e-04
3.787500e+03 4.512500e+03 1.125000e+03 9.037864e-03 2.576857e-04
3.887500e+03 4.512500e+03 1.125000e+03 9.235755e-03 2.576857e-04
3.987500e+03 4.512500e+03 1.125000e+03 8.935040e-03 2.576857e-04
4.087500e+03 4.512500e+03 1.150000e+03 8.543179e-03 2.576857e-04
4.187500e+03 4.512500e+03 1.150000e+03 8.698175e-03 2.576857e-04
4.287500e+03 4.512500e+03 1.175000e+03 9.300577e-03 2.576857e-04
4.387500e+03 4.512500e+03 1.175000e+03 9.653302e-03 2.576857e-04
4.487500e+03 4.512500e+03 1.200000e+03 9.489843e-03 2.576857e-04
4.587500e+03 4.512500e+03 1.225000e+03 9.899183e-03 2.576857e-04
4.687500e+03 4.512500e+03 1.250000e+03 9.792233e-03 2.576857e-04
4.787500e+03 4.512500e+03 1.250000e+03 9.952097e-03 2.576857e-04
4.887500e+03 4.512500e+03 1.275000e+03 9.454816e-03 2.576857e-04
4.987500e+03 4.512500e+03 1.275000e+03 1.028194e-02 2.576857e-04
5.087500e+03 4.512500e+03 1.275000e+03 1.051913e-02 2.576857e-04
5.187500e+03 4.512500e+03 1.275000e+03 1.069919e-02 2.576857e-04
5.287500e+03 4.512500e+03 1.300000e+03 1.087803e-02 2.576857e-04
5.387500e+03 4.512500e+03 1.325000e+03 1.065240e-02 2.576857e-04
5.487500e+03 4.512500e+03 1.375000e+03 1.079141e-02 2.576857e-04
5.587500e+03 4.512500e+03 1.375000e+03 1.057451e-02 2.576857e-04
5.687500e+03 4.512500e+03 1.350000e+03 1.051484e-02 2.576857e-04
5.787500e+03 4.512500e+03 1.325000e+03 1.057663e-02 2.576857e-04
5.887500e+03 4.512500e+03 1.325000e+03 1.045952e-02 2.576857e-04
5.987500e+03 4.512500e+03 1.300000e+03 1.059731e-02 2.576857e-04
6.087500e+03 4.512500e+03 1.300000e+03 1.087101e-02 2.576857e-04
6.187500e+03 4.512500e+03 1.275000e+03 1.078546e-02 2.576857e-04
6.287500e+03 4.512500e+03 1.300000e+03 1.096425e-02 2.576857e-04
6.387500e+03 4.512500e+03 1.300000e+03 1.006518e-02 2.576857e-04
6.487500e+03 4.512500e+03 1.325000e+03 8.966114e-03 2.576857e-04
6.587500e+03 4.512500e+03 1.350000e+03 9.107932e-03 2.576857e-04
6.687500e+03 4.512500e+03 1.375000e+03 8.433468e-03 2.576857e-04
6.787500e+03 4.512500e+03 1.375000e+03 8.301203e-03 2.576857e-04
6.887500e+03 4.512500e+03 1.425000e+03 8.447788e-03 2.576857e-04
6.987500e+03 4.512500e+03 1.450000e+03 8.722726e-03 2.576857e-04
3.487500e+03 4.612500e+03 1.175000e+03 9.164645e-03 2.576857e-04
3.587500e+03 4.612500e+03 1.175000e+03 8.678732e-03 2.576857e-04
3.687500e+03 4.612500e+03 1.150000e+03 9.646643e-03 2.576857e-04
3.787500e+03 4.612500e+03 1.125000e+03 8.666831e-03 2.576857e-04
3.887500e+03 4.612500e+03 1.125000e+03 8.760878e-03 2.576857e-04
3.987500e+03 4.612500e+03 1.150000e+03 9.137577e-03 2.576857e-04
4.087500e+03 4.612500e+03 1.150000e+03 8.899099e-03 2.576857e-04
4.187500e+03 4.612500e+03 1.175000e+03 8.666457e-03 2.576857e-04
4.287500e+03 4.612500e+03 1.175000e+03 8.799744e-03 2.576857e-04
4.387500e+03 4.612500e+03 1.200000e+03 8.976798e-03 2.576857e-04
4.487500e+03 4.612500e+03 1.200000e+03 9.522687e-03 2.576857e-04
4.587500e+03 4.612500e+03 1.225000e+03 9.383494e-03 2.576857e-04
4.687500e+03 4.612500e+03 1.250000e+03 9.764454e-03 2.576857e-04
4.787500e+03 4.612500e+03 1.250000e+03 9.974441e-03 2.576857e-04
4.887500e+03 4.612500e+03 1.275000e+03 1.007005e-02 2.576857e-04
4.987500e+03 4.612500e+03 1.275000e+03 1.027432e-02 2.576857e-04
5.087500e+03 4.612500e+03 1.300000e+03 1.064210e-02 2.576857e-04
5.187500e+03 4.612500e+03 1.300000e+03 1.029191e-02 2.576857e-04
5.287500e+03 4.612500e+03 1.300000e+03 1.076711e-02 2.576857e-04
5.387500e+03 4.612500e+03 1.325000e+03 1.066973e-02 2.576857e-04
5.487500e+03 4.612500e+03 1.375000e+03 1.053217e-02 2.576857e-04
5.587500e+03 4.612500e+03 1.400000e+03 1.048139e-02 2.576857e-04
5.687500e+03 4.612500e+03 1.375000e+03 1.018221e-02 2.576857e-04
5.787500e+03 4.612500e+03 1.350000e+03 1.056760e-02 2.576857e-04
5.887500e+03 4.612500e+03 1.350000e+03 1.129717e-02 2.576857e-04
5.987500e+03 4.612500e+03 1.325000e+03 1.101720e-02 2.576857e-04
6.087500e+03 4.612500e+03 1.300000e+03 1.094986e-02 2.576857e-04
6.187500e+03 4.612500e+03 1.275000e+03 1.157679e-02 2.576857e-04
6.287500e+03 4.612500e+03 1.275000e+03 1.180611e-02 2.576857e-04
6.387500e+03 4.612500e+03 1.300000e+03 1.076482e-02 2.576857e-04
6.487500e+03 4.612500e+03 1.325000e+03 9.677622e-03 2.576857e-04
6.587500e+03 4.612500e+03 1.325000e+03 9.319566e-03 2.576857e-04
6.687500e+03 4.612500e+03 1.350000e+03 9.147637e-03 2.576857e-04
6.787500e+03 4.612500e+03 1.375000e+03 9.444207e-03 2.576857e-04
6.887500e+03 4.612500e+03 1.400000e+03 9.087531e-03 2.576857e-04
6.987500e+03 4.612500e+03 1.450000e+03 8.745134e-03 2.576857e-04
3.487500e+03 4.712500e+03 1.175000e+03 8.886427e-03 2.576857e-04
3.587500e+03 4.712500e+03 1.150000e+03 8.580170e-03 2.576857e-04
3.687500e+03 4.712500e+03 1.150000e+03 9.345844e-03 2.576857e-04
3.787500e+03 4.712500e+03 1.125000e+03 8.673032e-03 2.576857e-04
3.887500e+03 4.712500e+03 1.125000e+03 8.838557e-03 2.576857e-04
3.987500e+03 4.712500e+03 1.150000e+03 8.440632e-03 2.576857e-04
4.087500e+03 4.712500e+03 1.175000e+03 8.319325e-03 2.576857e-04
4.187500e+03 4.712500e+03 1.175000e+03 8.355446e-03 2.576857e-04
4.287500e+03 4.712500e+03 1.175000e+03 8.501474e-03 2.576857e-04
4.387500e+03 4.712500e+03 1.200000e+03 8.237499e-03 2.576857e-04
4.487500e+03 4.712500e+03 1.225000e+03 9.074174e-03 2.576857e-04
4.587500e+03 4.712500e+03 1.250000e+03 9.228393e-03 2.576857e-04
4.687500e+03 4.712500e+03 1.250000e+03 9.615672e-03 2.576857e-04
4.787500e+03 4.712500e+03 1.250000e+03 9.996961e-03 2.576857e-04
4.887500e+03 4.712500e+03 1.275000e+03 1.000803e-02 2.576857e-04
4.987500e+03 4.712500e+03 1.275000e+03 1.037603e-02 2.576857e-04
5.087500e+03 4.712500e+03 1.300000e+03 1.090261e-02 2.576857e-04
5.187500e+03 4.712500e+03 1.300000e+03 1.095439e-02 2.576857e-04
5.287500e+03 4.712500e+03 1.300000e+03 1.066713e-02 2.576857e-04
5.387500e+03 4.712500e+03 1.325000e+03 1.062701e-02 2.576857e-04
5.487500e+03 4.712500e+03 1.350000e+03 1.091490e-02 2.576857e-04
5.587500e+03 4.712500e+03 1.400000e+03 1.066424e-02 2.576857e-04
5.687500e+03 4.712500e+03 1.400000e+03 1.087540e-02 2.576857e-04
5.787500e+03 4.712500e+03 1.350000e+03 1.135826e-02 2.576857e-04
5.887500e+03 4.712500e+03 1.350000e+03 1.087955e-02 2.576857e-04
5.987500e+03 4.712500e+03 1.325000e+03 1.098655e-02 2.576857e-04
6.087500e+03 4.712500e+03 1.325000e+03 1.070592e-02 2.576857e-04
6.187500e+03 4.712500e+03 1.300000e+03 1.173186e-02 2.576857e-04
6.287500e+03 4.712500e+03 1.300000e+03 1.137817e-02 2.576857e-04
6.387500e+03 4.712500e+03 1.300000e+03 1.091377e-02 2.576857e-04
6.487500e+03 4.712500e+03 1.350000e+03 1.036773e-02 2.576857e-04
6.587500e+03 4.712500e+03 1.350000e+03 9.690276e-03 2.576857e-04
6.687500e+03 4.712500e+03 1.375000e+03 9.010203e-03 2.576857e-04
6.787500e+03 4.712500e+03 1.375000e+03 8.996311e-03 2.576857e-04
6.887500e+03 4.712500e+03 1.400000e+03 8.855223e-03 2.576857e-04
6.987500e+03 4.712500e+03 1.425000e+03 9.169994e-03 2.576857e-04
3.487500e+03 4.812500e+03 1.175000e+03 8.897699e-03 2.576857e-04
3.587500e+03 4.812500e+03 1.150000e+03 8.403610e-03 2.576857e-04
3.687500e+03 4.812500e+03 1.125000e+03 8.383337e-03 2.576857e-04
3.787500e+03 4.812500e+03 1.125000e+03 8.409162e-03 2.576857e-04
3.887500e+03 4.812500e+03 1.125000e+03 8.292433e-03 2.576857e-04
3.987500e+03 4.812500e+03 1.150000e+03 8.378482e-03 2.576857e-04
4.087500e+03 4.812500e+03 1.175000e+03 8.406224e-03 2.576857e-04
4.187500e+03 4.812500e+03 1.175000e+03 8.617764e-03 2.576857e-04
4.287500e+03 4.812500e+03 1.175000e+03 8.756425e-03 2.576857e-04
4.387500e+03 4.812500e+03 1.200000e+03 8.227027e-03 2.576857e-04
4.487500e+03 4.812500e+03 1.250000e+03 8.804598e-03 2.576857e-04
4.587500e+03 4.812500e+03 1.250000e+03 9.501570e-03 2.576857e-04
4.687500e+03 4.812500e+03 1.275000e+03 9.629412e-03 2.576857e-04
4.787500e+03 4.812500e+03 1.275000e+03 9.871280e-03 2.576857e-04
4.887500e+03 4.812500e+03 1.275000e+03 1.043653e-02 2.576857e-04
4.987500e+03 4.812500e+03 1.275000e+03 1.086180e-02 2.576857e-04
5.087500e+03 4.812500e+03 1.275000e+03 1.071738e-02 2.576857e-04
5.187500e+03 4.812500e+03 1.275000e+03 1.105700e-02 2.576857e-04
5.287500e+03 4.812500e+03 1.275000e+03 1.098463e-02 2.576857e-04
5.387500e+03 4.812500e+03 1.300000e+03 1.061219e-02 2.576857e-04
5.487500e+03 4.812500e+03 1.350000e+03 1.049715e-02 2.576857e-04
5.587500e+03 4.812500e+03 1.375000e+03 1.036579e-02 2.576857e-04
5.687500e+03 4.812500e+03 1.400000e+03 1.067440e-02 2.576857e-04
5.787500e+03 4.812500e+03 1.375000e+03 1.038766e-02 2.576857e-04
5.887500e+03 4.812500e+03 1.350000e+03 1.146702e-02 2.576857e-04
5.987500e+03 4.812500e+03 1.350000e+03 1.079656e-02 2.576857e-04
6.087500e+03 4.812500e+03 1.350000e+03 1.084283e-02 2.576857e-04
6.187500e+03 4.812500e+03 1.325000e+03 1.117926e-02 2.576857e-04
6.287500e+03 4.812500e+03 1.300000e+03 1.124708e-02 2.576857e-04
6.387500e+03 4.812500e+03 1.300000e+03 1.133205e-02 2.576857e-04
6.487500e+03 4.812500e+03 1.325000e+03 1.024800e-02 2.576857e-04
6.587500e+03 4.812500e+03 1.350000e+03 9.899748e-03 2.576857e-04
6.687500e+03 4.812500e+03 1.375000e+03 8.931906e-03 2.576857e-04
6.787500e+03 4.812500e+03 1.400000e+03 9.429846e-03 2.576857e-04
6.887500e+03 4.812500e+03 1.400000e+03 9.178574e-03 2.576857e-04
6.987500e+03 4.812500e+03 1.425000e+03 9.138581e-03 2.576857e-04
3.487500e+03 4.912500e+03 1.175000e+03 8.079666e-03 2.576857e-04
3.587500e+03 4.912500e+03 1.125000e+03 8.341200e-03 2.576857e-04
3.687500e+03 4.912500e+03 1.125000e+03 8.333739e-03 2.576857e-04
3.787500e+03 4.912500e+03 1.125000e+03 8.411103e-03 2.576857e-04
3.887500e+03 4.912500e+03 1.125000e+03 7.657270e-03 2.576857e-04
3.987500e+03 4.912500e+03 1.150000e+03 8.313750e-03 2.576857e-04
4.087500e+03 4.912500e+03 1.175000e+03 8.346753e-03 2.576857e-04
4.187500e+03 4.912500e+03 1.175000e+03 7.798350e-03 2.576857e-04
4.287500e+03 4.912500e+03 1.200000e+03 8.514740e-03 2.576857e-04
4.387500e+03 4.912500e+03 1.200000e+03 8.039911e-03 2.576857e-04
4.487500e+03 4.912500e+03 1.225000e+03 8.663674e-03 2.576857e-04
4.587500e+03 4.912500e+03 1.250000e+03 9.007335e-03 2.576857e-04
4.687500e+03 4.912500e+03 1.275000e+03 9.343579e-03 2.576857e-04
4.787500e+03 4.912500e+03 1.300000e+03 9.870536e-03 2.576857e-04
4.887500e+03 4.912500e+03 1.300000e+03 9.886686e-03 2.576857e-04
4.987500e+03 4.912500e+03 1.275000e+03 1.063435e-02 2.576857e-04
5.087500e+03 4.912500e+03 1.275000e+03 1.098885e-02 2.576857e-04
5.187500e+03 4.912500e+03 1.275000e+03 1.057712e-02 2.576857e-04
5.287500e+03 4.912500e+03 1.275000e+03 1.053373e-02 2.576857e-04
5.387500e+03 4.912500e+03 1.300000e+03 1.030310e-02 2.576857e-04
5.487500e+03 4.912500e+03 1.325000e+03 1.062331e-02 2.576857e-04
5.587500e+03 4.912500e+03 1.350000e+03 1.072200e-02 2.576857e-04
5.687500e+03 4.912500e+03 1.375000e+03 1.042234e-02 2.576857e-04
5.787500e+03 4.912500e+03 1.400000e+03 1.070459e-02 2.576857e-04
5.887500e+03 4.912500e+03 1.375000e+03 1.036202e-02 2.576857e-04
5.987500e+03 4.912500e+03 1.375000e+03 1.115093e-02 2.576857e-04
6.087500e+03 4.912500e+03 1.350000e+03 1.098621e-02 2.576857e-04
6.187500e+03 4.912500e+03 1.350000e+03 1.045426e-02 2.576857e-04
6.287500e+03 4.912500e+03 1.325000e+03 1.100936e-02 2.576857e-04
6.387500e+03 4.912500e+03 1.300000e+03 1.124887e-02 2.576857e-04
6.487500e+03 4.912500e+03 1.325000e+03 1.108845e-02 2.576857e-04
6.587500e+03 4.912500e+03 1.325000e+03 1.000048e-02 2.576857e-04
6.687500e+03 4.912500e+03 1.350000e+03 9.974999e-03 2.576857e-04
6.787500e+03 4.912500e+03 1.400000e+03 9.417996e-03 2.576857e-04
6.887500e+03 4.912500e+03 1.425000e+03 8.910136e-03 2.576857e-04
6.987500e+03 4.912500e+03 1.450000e+03 8.834559e-03 2.576857e-04
3.487500e+03 5.012500e+03 1.150000e+03 8.219327e-03 2.576857e-04
3.587500e+03 5.012500e+03 1.125000e+03 8.166022e-03 2.576857e-04
3.687500e+03 5.012500e+03 1.125000e+03 8.133506e-03 2.576857e-04
3.787500e+03 5.012500e+03 1.125000e+03 7.723080e-03 2.576857e-04
3.887500e+03 5.012500e+03 1.150000e+03 7.814678e-03 2.576857e-04
3.987500e+03 5.012500e+03 1.175000e+03 8.623599e-03 2.576857e-04
4.087500e+03 5.012500e+03 1.175000e+03 8.501064e-03 2.576857e-04
4.187500e+03 5.012500e+03 1.200000e+03 8.416101e-03 2.576857e-04
4.287500e+03 5.012500e+03 1.200000e+03 8.421761e-03 2.576857e-04
4.387500e+03 5.012500e+03 1.225000e+03 8.295305e-03 2.576857e-04
4.487500e+03 5.012500e+03 1.225000e+03 8.863586e-03 2.576857e-04
4.587500e+03 5.012500e+03 1.250000e+03 9.044969e-03 2.576857e-04
4.687500e+03 5.012500e+03 1.275000e+03 9.386187e-03 2.576857e-04
4.787500e+03 5.012500e+03 1.300000e+03 9.709433e-03 2.576857e-04
4.887500e+03 5.012500e+03 1.300000e+03 9.513809e-03 2.576857e-04
4.987500e+03 5.012500e+03 1.300000e+03 9.964607e-03 2.576857e-04
5.087500e+03 5.012500e+03 1.275000e+03 1.029926e-02 2.576857e-04
5.187500e+03 5.012500e+03 1.275000e+03 1.056581e-02 2.576857e-04
5.287500e+03 5.012500e+03 1.275000e+03 1.045891e-02 2.576857e-04
5.387500e+03 5.012500e+03 1.300000e+03 1.038493e-02 2.576857e-04
5.487500e+03 5.012500e+03 1.300000e+03 1.051279e-02 2.576857e-04
5.587500e+03 5.012500e+03 1.325000e+03 1.007164e-02 2.576857e-04
5.687500e+03 5.012500e+03 1.325000e+03 1.060829e-02 2.576857e-04
5.787500e+03 5.012500e+03 1.375000e+03 9.719180e-03 2.576857e-04
5.887500e+03 5.012500e+03 1.400000e+03 1.031746e-02 2.576857e-04
5.987500e+03 5.012500e+03 1.400000e+03 1.042834e-02 2.576857e-04
6.087500e+03 5.012500e+03 1.375000e+03 1.045269e-02 2.576857e-04
6.187500e+03 5.012500e+03 1.375000e+03 1.020094e-02 2.576857e-04
6.287500e+03 5.012500e+03 1.350000e+03 1.024381e-02 2.576857e-04
6.387500e+03 5.012500e+03 1.325000e+03 1.023314e-02 2.576857e-04
6.487500e+03 5.012500e+03 1.300000e+03 1.137656e-02 2.576857e-04
6.587500e+03 5.012500e+03 1.325000e+03 1.030862e-02 2.576857e-04
6.687500e+03 5.012500e+03 1.350000e+03 9.561580e-03 2.576857e-04
6.787500e+03 5.012500e+03 1.375000e+03 9.664288e-03 2.576857e-04
6.887500e+03 5.012500e+03 1.375000e+03 9.017189e-03 2.576857e-04
6.987500e+03 5.012500e+03 1.400000e+03 8.881344e-03 2.576857e-04
3.487500e+03 5.112500e+03 1.150000e+03 8.444513e-03 2.576857e-04
3.587500e+03 5.112500e+03 1.125000e+03 8.204541e-03 2.576857e-04
3.687500e+03 5.112500e+03 1.125000e+03 7.854019e-03 2.576857e-04
3.787500e+03 5.112500e+03 1.150000e+03 7.654780e-03 2.576857e-04
3.887500e+03 5.112500e+03 1.150000e+03 7.888448e-03 2.576857e-04
3.987500e+03 5.112500e+03 1.175000e+03 7.856641e-03 2.576857e-04
4.087500e+03 5.112500e+03 1.200000e+03 7.847789e-03 2.576857e-04
4.187500e+03 5.112500e+03 1.200000e+03 7.888402e-03 2.576857e-04
4.287500e+03 5.112500e+03 1.200000e+03 7.606295e-03 2.576857e-04
4.387500e+03 5.112500e+03 1.200000e+03 8.296079e-03 2.576857e-04
4.487500e+03 5.112500e+03 1.225000e+03 8.325165e-03 2.576857e-04
4.587500e+03 5.112500e+03 1.275000e+03 8.989335e-03 2.576857e-04
4.687500e+03 5.112500e+03 1.300000e+03 9.153897e-03 2.576857e-04
4.787500e+03 5.112500e+03 1.300000e+03 9.396216e-03 2.576857e-04
4.887500e+03 5.112500e+03 1.325000e+03 9.628550e-03 2.576857e-04
4.987500e+03 5.112500e+03 1.325000e+03 1.013439e-02 2.576857e-04
5.087500e+03 5.112500e+03 1.300000e+03 9.941371e-03 2.576857e-04
5.187500e+03 5.112500e+03 1.275000e+03 1.008545e-02 2.576857e-04
5.287500e+03 5.112500e+03 1.275000e+03 1.046058e-02 2.576857e-04
5.387500e+03 5.112500e+03 1.275000e+03 1.035760e-02 2.576857e-04
5.487500e+03 5.112500e+03 1.300000e+03 1.025680e-02 2.576857e-04
5.587500e+03 5.112500e+03 1.300000e+03 9.869145e-03 2.576857e-04
5.687500e+03 5.112500e+03 1.325000e+03 1.007740e-02 2.576857e-04
5.787500e+03 5.112500e+03 1.350000e+03 1.003513e-02 2.576857e-04
5.887500e+03 5.112500e+03 1.375000e+03 1.036398e-02 2.576857e-04
5.987500e+03 5.112500e+03 1.425000e+03 9.465447e-03 2.576857e-04
6.087500e+03 5.112500e+03 1.400000e+03 9.987668e-03 2.576857e-04
6.187500e+03 5.112500e+03 1.375000e+03 9.689104e-03 2.576857e-04
6.287500e+03 5.112500e+03 1.350000e+03 9.925192e-03 2.576857e-04
6.387500e+03 5.112500e+03 1.325000e+03 1.010059e-02 2.576857e-04
6.487500e+03 5.112500e+03 1.300000e+03 1.144262e-02 2.576857e-04
6.587500e+03 5.112500e+03 1.325000e+03 1.083458e-02 2.576857e-04
6.687500e+03 5.112500e+03 1.350000e+03 1.000671e-02 2.576857e-04
6.787500e+03 5.112500e+03 1.350000e+03 9.477361e-03 2.576857e-04
6.887500e+03 5.112500e+03 1.350000e+03 9.515012e-03 2.576857e-04
6.987500e+03 5.112500e+03 1.375000e+03 8.789216e-03 2.576857e-04
3.487500e+03 5.212500e+03 1.125000e+03 7.609193e-03 2.576857e-04
3.587500e+03 5.212500e+03 1.125000e+03 7.336535e-03 2.576857e-04
3.687500e+03 5.212500e+03 1.125000e+03 8.080779e-03 2.576857e-04
3.787500e+03 5.212500e+03 1.150000e+03 7.892962e-03 2.576857e-04
3.887500e+03 5.212500e+03 1.150000e+03 7.675605e-03 2.576857e-04
3.987500e+03 5.212500e+03 1.175000e+03 7.480343e-03 2.576857e-04
4.087500e+03 5.212500e+03 1.175000e+03 7.320815e-03 2.576857e-04
4.187500e+03 5.212500e+03 1.200000e+03 7.659238e-03 2.576857e-04
4.287500e+03 5.212500e+03 1.200000e+03 8.100332e-03 2.576857e-04
4.387500e+03 5.212500e+03 1.225000e+03 7.697694e-03 2.576857e-04
4.487500e+03 5.212500e+03 1.225000e+03 8.141716e-03 2.576857e-04
4.587500e+03 5.212500e+03 1.250000e+03 9.038564e-03 2.576857e-04
4.687500e+03 5.212500e+03 1.275000e+03 8.706223e-03 2.576857e-04
4.787500e+03 5.212500e+03 1.300000e+03 9.158490e-03 2.576857e-04
4.887500e+03 5.212500e+03 1.300000e+03 9.513137e-03 2.576857e-04
4.987500e+03 5.212500e+03 1.325000e+03 9.507212e-03 2.576857e-04
5.087500e+03 5.212500e+03 1.325000e+03 9.822284e-03 2.576857e-04
5.187500e+03 5.212500e+03 1.300000e+03 9.799466e-03 2.576857e-04
5.287500e+03 5.212500e+03 1.275000e+03 9.815054e-03 2.576857e-04
5.387500e+03 5.212500e+03 1.275000e+03 9.637321e-03 2.576857e-04
5.487500e+03 5.212500e+03 1.275000e+03 1.028037e-02 2.576857e-04
5.587500e+03 5.212500e+03 1.300000e+03 9.187026e-03 2.576857e-04
5.687500e+03 5.212500e+03 1.300000e+03 9.570693e-03 2.576857e-04
5.787500e+03 5.212500e+03 1.325000e+03 9.303325e-03 2.576857e-04
5.887500e+03 5.212500e+03 1.350000e+03 9.757636e-03 2.576857e-04
5.987500e+03 5.212500e+03 1.375000e+03 9.567488e-03 2.576857e-04
6.087500e+03 5.212500e+03 1.400000e+03 9.223549e-03 2.576857e-04
6.187500e+03 5.212500e+03 1.400000e+03 9.614862e-03 2.576857e-04
6.287500e+03 5.212500e+03 1.350000e+03 9.509090e-03 2.576857e-04
6.387500e+03 5.212500e+03 1.350000e+03 1.000829e-02 2.576857e-04
6.487500e+03 5.212500e+03 1.325000e+03 9.803766e-03 2.576857e-04
6.587500e+03 5.212500e+03 1.325000e+03 1.066770e-02 2.576857e-04
6.687500e+03 5.212500e+03 1.325000e+03 9.804582e-03 2.576857e-04
6.787500e+03 5.212500e+03 1.325000e+03 9.986466e-03 2.576857e-04
6.887500e+03 5.212500e+03 1.325000e+03 9.230837e-03 2.576857e-04
6.987500e+03 5.212500e+03 1.350000e+03 9.109554e-03 2.576857e-04
3.487500e+03 5.312500e+03 1.125000e+03 8.090547e-03 2.576857e-04
3.587500e+03 5.312500e+03 1.125000e+03 7.319307e-03 2.576857e-04
3.687500e+03 5.312500e+03 1.150000e+03 7.415489e-03 2.576857e-04
3.787500e+03 5.312500e+03 1.150000e+03 7.159850e-03 2.576857e-04
3.887500e+03 5.312500e+03 1.150000e+03 7.725280e-03 2.576857e-04
3.987500e+03 5.312500e+03 1.150000e+03 7.385487e-03 2.576857e-04
4.087500e+03 5.312500e+03 1.175000e+03 7.277297e-03 2.576857e-04
4.187500e+03 5.312500e+03 1.175000e+03 7.414651e-03 2.576857e-04
4.287500e+03 5.312500e+03 1.200000e+03 7.872223e-03 2.576857e-04
4.387500e+03 5.312500e+03 1.225000e+03 8.022432e-03 2.576857e-04
4.487500e+03 5.312500e+03 1.225000e+03 7.761662e-03 2.576857e-04
4.587500e+03 5.312500e+03 1.225000e+03 8.390064e-03 2.576857e-04
4.687500e+03 5.312500e+03 1.250000e+03 8.263551e-03 2.576857e-04
4.787500e+03 5.312500e+03 1.250000e+03 8.568299e-03 2.576857e-04
4.887500e+03 5.312500e+03 1.275000e+03 8.560843e-03 2.576857e-04
4.987500e+03 5.312500e+03 1.300000e+03 8.812470e-03 2.576857e-04
5.087500e+03 5.312500e+03 1.325000e+03 8.917612e-03 2.576857e-04
5.187500e+03 5.312500e+03 1.325000e+03 9.151515e-03 2.576857e-04
5.287500e+03 5.312500e+03 1.300000e+03 9.414182e-03 2.576857e-04
5.387500e+03 5.312500e+03 1.275000e+03 9.233128e-03 2.576857e-04
5.487500e+03 5.312500e+03 1.275000e+03 9.254621e-03 2.576857e-04
5.587500e+03 5.312500e+03 1.275000e+03 9.405230e-03 2.576857e-04
5.687500e+03 5.312500e+03 1.300000e+03 8.795857e-03 2.576857e-04
5.787500e+03 5.312500e+03 1.300000e+03 8.933372e-03 2.576857e-04
5.887500e+03 5.312500e+03 1.325000e+03 9.257407e-03 2.576857e-04
5.987500e+03 5.312500e+03 1.350000e+03 9.497508e-03 2.576857e-04
6.087500e+03 5.312500e+03 1.350000e+03 9.065498e-03 2.576857e-04
6.187500e+03 5.312500e+03 1.375000e+03 8.957850e-03 2.576857e-04
6.287500e+03 5.312500e+03 1.375000e+03 9.002630e-03 2.576857e-04
6.387500e+03 5.312500e+03 1.350000e+03 9.631796e-03 2.576857e-04
6.487500e+03 5.312500e+03 1.350000e+03 9.148578e-03 2.576857e-04
6.587500e+03 5.312500e+03 1.325000e+03 9.937283e-03 2.576857e-04
6.687500e+03 5.312500e+03 1.325000e+03 1.070855e-02 2.576857e-04
6.787500e+03 5.312500e+03 1.325000e+03 9.937480e-03 2.576857e-04
6.887500e+03 5.312500e+03 1.325000e+03 9.392464e-03 2.576857e-04
6.987500e+03 5.312500e+03 1.350000e+03 9.489566e-03 2.576857e-04
3.487500e+03 5.412500e+03 1.125000e+03 7.566389e-03 2.576857e-04
3.587500e+03 5.412500e+03 1.150000e+03 6.956962e-03 2.576857e-04
3.687500e+03 5.412500e+03 1.150000e+03 7.487286e-03 2.576857e-04
3.787500e+03 5.412500e+03 1.150000e+03 7.157468e-03 2.576857e-04
3.887500e+03 5.412500e+03 1.150000e+03 7.439663e-03 2.576857e-04
3.987500e+03 5.412500e+03 1.175000e+03 7.799631e-03 2.576857e-04
4.087500e+03 5.412500e+03 1.175000e+03 7.591303e-03 2.576857e-04
4.187500e+03 5.412500e+03 1.200000e+03 7.184982e-03 2.576857e-04
4.287500e+03 5.412500e+03 1.225000e+03 7.635859e-03 2.576857e-04
4.387500e+03 5.412500e+03 1.225000e+03 8.162758e-03 2.576857e-04
4.487500e+03 5.412500e+03 1.250000e+03 8.053122e-03 2.576857e-04
4.587500e+03 5.412500e+03 1.275000e+03 8.415700e-03 2.576857e-04
4.687500e+03 5.412500e+03 1.250000e+03 8.850314e-03 2.576857e-04
4.787500e+03 5.412500e+03 1.250000e+03 8.058237e-03 2.576857e-04
4.887500e+03 5.412500e+03 1.275000e+03 8.275270e-03 2.576857e-04
4.987500e+03 5.412500e+03 1.275000e+03 8.624036e-03 2.576857e-04
5.087500e+03 5.412500e+03 1.275000e+03 8.208721e-03 2.576857e-04
5.187500e+03 5.412500e+03 1.325000e+03 8.911701e-03 2.576857e-04
5.287500e+03 5.412500e+03 1.325000e+03 8.184388e-03 2.576857e-04
5.387500e+03 5.412500e+03 1.300000e+03 8.791384e-03 2.576857e-04
5.487500e+03 5.412500e+03 1.275000e+03 8.654642e-03 2.576857e-04
5.587500e+03 5.412500e+03 1.275000e+03 8.390149e-03 2.576857e-04
5.687500e+03 5.412500e+03 1.300000e+03 8.304645e-03 2.576857e-04
5.787500e+03 5.412500e+03 1.300000e+03 8.329551e-03 2.576857e-04
5.887500e+03 5.412500e+03 1.300000e+03 8.196754e-03 2.576857e-04
5.987500e+03 5.412500e+03 1.325000e+03 8.806669e-03 2.576857e-04
6.087500e+03 5.412500e+03 1.325000e+03 8.772783e-03 2.576857e-04
6.187500e+03 5.412500e+03 1.350000e+03 8.844805e-03 2.576857e-04
6.287500e+03 5.412500e+03 1.350000e+03 8.967068e-03 2.576857e-04
6.387500e+03 5.412500e+03 1.400000e+03 9.164518e-03 2.576857e-04
6.487500e+03 5.412500e+03 1.400000e+03 9.145075e-03 2.576857e-04
6.587500e+03 5.412500e+03 1.375000e+03 9.883118e-03 2.576857e-04
6.687500e+03 5.412500e+03 1.350000e+03 9.879035e-03 2.576857e-04
6.787500e+03 5.412500e+03 1.325000e+03 9.658060e-03 2.576857e-04
6.887500e+03 5.412500e+03 1.325000e+03 9.230923e-03 2.576857e-04
6.987500e+03 5.412500e+03 1.325000e+03 8.913715e-03 2.576857e-04
3.487500e+03 5.512500e+03 1.125000e+03 7.535913e-03 2.576857e-04
3.587500e+03 5.512500e+03 1.150000e+03 7.222415e-03 2.576857e-04
3.687500e+03 5.512500e+03 1.150000e+03 6.916975e-03 2.576857e-04
3.787500e+03 5.512500e+03 1.175000e+03 7.379631e-03 2.576857e-04
3.887500e+03 5.512500e+03 1.150000e+03 7.574203e-03 2.576857e-04
3.987500e+03 5.512500e+03 1.175000e+03 7.134689e-03 2.576857e-04
4.087500e+03 5.512500e+03 1.175000e+03 7.411360e-03 2.576857e-04
4.187500e+03 5.512500e+03 1.200000e+03 7.415367e-03 2.576857e-04
4.287500e+03 5.512500e+03 1.200000e+03 7.298131e-03 2.576857e-04
4.387500e+03 5.512500e+03 1.225000e+03 7.590985e-03 2.576857e-04
4.487500e+03 5.512500e+03 1.250000e+03 7.731202e-03 2.576857e-04
4.587500e+03 5.512500e+03 1.275000e+03 8.511275e-03 2.576857e-04
4.687500e+03 5.512500e+03 1.275000e+03 7.698592e-03 2.576857e-04
4.787500e+03 5.512500e+03 1.275000e+03 8.702708e-03 2.576857e-04
4.887500e+03 5.512500e+03 1.300000e+03 7.850788e-03 2.576857e-04
4.987500e+03 5.512500e+03 1.300000e+03 8.297915e-03 2.576857e-04
5.087500e+03 5.512500e+03 1.275000e+03 8.029271e-03 2.576857e-04
5.187500e+03 5.512500e+03 1.300000e+03 8.330838e-03 2.576857e-04
5.287500e+03 5.512500e+03 1.325000e+03 8.538901e-03 2.576857e-04
5.387500e+03 5.512500e+03 1.300000e+03 8.451538e-03 2.576857e-04
5.487500e+03 5.512500e+03 1.300000e+03 8.453199e-03 2.576857e-04
5.587500e+03 5.512500e+03 1.300000e+03 7.979043e-03 2.576857e-04
5.687500e+03 5.512500e+03 1.300000e+03 7.662943e-03 2.576857e-04
5.787500e+03 5.512500e+03 1.300000e+03 8.304742e-03 2.576857e-04
5.887500e+03 5.512500e+03 1.300000e+03 8.353734e-03 2.576857e-04
5.987500e+03 5.512500e+03 1.300000e+03 7.990931e-03 2.576857e-04
6.087500e+03 5.512500e+03 1.300000e+03 8.367395e-03 2.576857e-04
6.187500e+03 5.512500e+03 1.325000e+03 8.662701e-03 2.576857e-04
6.287500e+03 5.512500e+03 1.375000e+03 8.948004e-03 2.576857e-04
6.387500e+03 5.512500e+03 1.400000e+03 8.602520e-03 2.576857e-04
6.487500e+03 5.512500e+03 1.425000e+03 9.179446e-03 2.576857e-04
6.587500e+03 5.512500e+03 1.400000e+03 9.321788e-03 2.576857e-04
6.687500e+03 5.512500e+03 1.350000e+03 9.468549e-03 2.576857e-04
6.787500e+03 5.512500e+03 1.350000e+03 9.937309e-03 2.576857e-04
6.887500e+03 5.512500e+03 1.350000e+03 9.431924e-03 2.576857e-04
6.987500e+03 5.512500e+03 1.325000e+03 9.139940e-03 2.576857e-04


DATATYPE MOBILEMT
FREQUENCY 50.09995
N_RECV 1117
19987.5 -12.5 975.0 i i i i i i i i
3.487500e+03 2.512500e+03 1.250000e+03 1.294069e-02 3.810915e-04
3.587500e+03 2.512500e+03 1.225000e+03 1.292146e-02 3.810915e-04
3.687500e+03 2.512500e+03 1.225000e+03 1.231770e-02 3.810915e-04
3.787500e+03 2.512500e+03 1.200000e+03 1.214363e-02 3.810915e-04
3.887500e+03 2.512500e+03 1.200000e+03 1.157189e-02 3.810915e-04
3.987500e+03 2.512500e+03 1.200000e+03 1.303404e-02 3.810915e-04
4.087500e+03 2.512500e+03 1.200000e+03 1.278179e-02 3.810915e-04
4.187500e+03 2.512500e+03 1.200000e+03 1.356081e-02 3.810915e-04
4.287500e+03 2.512500e+03 1.200000e+03 1.232712e-02 3.810915e-04
4.387500e+03 2.512500e+03 1.200000e+03 1.249819e-02 3.810915e-04
4.487500e+03 2.512500e+03 1.200000e+03 1.292213e-02 3.810915e-04
4.587500e+03 2.512500e+03 1.175000e+03 1.273374e-02 3.810915e-04
4.687500e+03 2.512500e+03 1.175000e+03 1.205298e-02 3.810915e-04
4.787500e+03 2.512500e+03 1.150000e+03 1.203412e-02 3.810915e-04
4.887500e+03 2.512500e+03 1.150000e+03 1.211118e-02 3.810915e-04
4.987500e+03 2.512500e+03 1.150000e+03 1.203723e-02 3.810915e-04
5.087500e+03 2.512500e+03 1.175000e+03 1.222381e-02 3.810915e-04
5.187500e+03 2.512500e+03 1.175000e+03 1.348089e-02 3.810915e-04
5.287500e+03 2.512500e+03 1.200000e+03 1.239817e-02 3.810915e-04
5.387500e+03 2.512500e+03 1.200000e+03 1.275505e-02 3.810915e-04
5.487500e+03 2.512500e+03 1.200000e+03 1.250649e-02 3.810915e-04
5.587500e+03 2.512500e+03 1.225000e+03 1.273248e-02 3.810915e-04
5.687500e+03 2.512500e+03 1.225000e+03 1.262948e-02 3.810915e-04
5.787500e+03 2.512500e+03 1.250000e+03 1.295785e-02 3.810915e-04
5.887500e+03 2.512500e+03 1.225000e+03 1.313471e-02 3.810915e-04
5.987500e+03 2.512500e+03 1.225000e+03 1.318696e-02 3.810915e-04
6.087500e+03 2.512500e+03 1.225000e+03 1.272536e-02 3.810915e-04
6.187500e+03 2.512500e+03 1.225000e+03 1.309074e-02 3.810915e-04
6.287500e+03 2.512500e+03 1.250000e+03 1.367622e-02 3.810915e-04
6.387500e+03 2.512500e+03 1.250000e+03 1.330956e-02 3.810915e-04
6.487500e+03 2.512500e+03 1.250000e+03 1.311001e-02 3.810915e-04
6.587500e+03 2.512500e+03 1.250000e+03 1.302714e-02 3.810915e-04
6.687500e+03 2.512500e+03 1.250000e+03 1.329586e-02 3.810915e-04
6.787500e+03 2.512500e+03 1.250000e+03 1.301560e-02 3.810915e-04
6.887500e+03 2.512500e+03 1.250000e+03 1.314941e-02 3.810915e-04
6.987500e+03 2.512500e+03 1.250000e+03 1.315876e-02 3.810915e-04
3.487500e+03 2.612500e+03 1.225000e+03 1.273412e-02 3.810915e-04
3.587500e+03 2.612500e+03 1.225000e+03 1.239292e-02 3.810915e-04
3.687500e+03 2.612500e+03 1.225000e+03 1.215803e-02 3.810915e-04
3.787500e+03 2.612500e+03 1.225000e+03 1.211564e-02 3.810915e-04
3.887500e+03 2.612500e+03 1.200000e+03 1.213897e-02 3.810915e-04
3.987500e+03 2.612500e+03 1.200000e+03 1.265923e-02 3.810915e-04
4.087500e+03 2.612500e+03 1.200000e+03 1.261678e-02 3.810915e-04
4.187500e+03 2.612500e+03 1.175000e+03 1.274311e-02 3.810915e-04
4.287500e+03 2.612500e+03 1.175000e+03 1.280404e-02 3.810915e-04
4.387500e+03 2.612500e+03 1.175000e+03 1.230037e-02 3.810915e-04
4.487500e+03 2.612500e+03 1.175000e+03 1.262660e-02 3.810915e-04
4.587500e+03 2.612500e+03 1.175000e+03 1.239612e-02 3.810915e-04
4.687500e+03 2.612500e+03 1.150000e+03 1.229040e-02 3.810915e-04
4.787500e+03 2.612500e+03 1.150000e+03 1.244342e-02 3.810915e-04
4.887500e+03 2.612500e+03 1.175000e+03 1.229874e-02 3.810915e-04
4.987500e+03 2.612500e+03 1.175000e+03 1.218513e-02 3.810915e-04
5.087500e+03 2.612500e+03 1.175000e+03 1.319222e-02 3.810915e-04
5.187500e+03 2.612500e+03 1.175000e+03 1.240789e-02 3.810915e-04
5.287500e+03 2.612500e+03 1.200000e+03 1.288696e-02 3.810915e-04
5.387500e+03 2.612500e+03 1.200000e+03 1.259822e-02 3.810915e-04
5.487500e+03 2.612500e+03 1.200000e+03 1.205800e-02 3.810915e-04
5.587500e+03 2.612500e+03 1.225000e+03 1.273322e-02 3.810915e-04
5.687500e+03 2.612500e+03 1.225000e+03 1.273772e-02 3.810915e-04
5.787500e+03 2.612500e+03 1.250000e+03 1.281179e-02 3.810915e-04
5.887500e+03 2.612500e+03 1.250000e+03 1.226286e-02 3.810915e-04
5.987500e+03 2.612500e+03 1.225000e+03 1.269244e-02 3.810915e-04
6.087500e+03 2.612500e+03 1.225000e+03 1.284515e-02 3.810915e-04
6.187500e+03 2.612500e+03 1.225000e+03 1.230891e-02 3.810915e-04
6.287500e+03 2.612500e+03 1.250000e+03 1.372494e-02 3.810915e-04
6.387500e+03 2.612500e+03 1.250000e+03 1.285482e-02 3.810915e-04
6.487500e+03 2.612500e+03 1.250000e+03 1.320652e-02 3.810915e-04
6.587500e+03 2.612500e+03 1.250000e+03 1.340262e-02 3.810915e-04
6.687500e+03 2.612500e+03 1.275000e+03 1.326270e-02 3.810915e-04
6.787500e+03 2.612500e+03 1.250000e+03 1.220161e-02 3.810915e-04
6.887500e+03 2.612500e+03 1.250000e+03 1.242931e-02 3.810915e-04
6.987500e+03 2.612500e+03 1.250000e+03 1.239557e-02 3.810915e-04
3.487500e+03 2.712500e+03 1.225000e+03 1.310548e-02 3.810915e-04
3.587500e+03 2.712500e+03 1.225000e+03 1.229451e-02 3.810915e-04
3.687500e+03 2.712500e+03 1.225000e+03 1.278211e-02 3.810915e-04
3.787500e+03 2.712500e+03 1.225000e+03 1.180768e-02 3.810915e-04
3.887500e+03 2.712500e+03 1.225000e+03 1.313091e-02 3.810915e-04
3.987500e+03 2.712500e+03 1.225000e+03 1.306144e-02 3.810915e-04
4.087500e+03 2.712500e+03 1.200000e+03 1.250273e-02 3.810915e-04
4.187500e+03 2.712500e+03 1.200000e+03 1.230130e-02 3.810915e-04
4.287500e+03 2.712500e+03 1.175000e+03 1.297204e-02 3.810915e-04
4.387500e+03 2.712500e+03 1.175000e+03 1.231873e-02 3.810915e-04
4.487500e+03 2.712500e+03 1.175000e+03 1.281227e-02 3.810915e-04
4.587500e+03 2.712500e+03 1.175000e+03 1.181535e-02 3.810915e-04
4.687500e+03 2.712500e+03 1.150000e+03 1.358721e-02 3.810915e-04
4.787500e+03 2.712500e+03 1.150000e+03 1.195217e-02 3.810915e-04
4.887500e+03 2.712500e+03 1.175000e+03 1.279943e-02 3.810915e-04
4.987500e+03 2.712500e+03 1.175000e+03 1.232067e-02 3.810915e-04
5.087500e+03 2.712500e+03 1.200000e+03 1.179480e-02 3.810915e-04
5.187500e+03 2.712500e+03 1.200000e+03 1.239223e-02 3.810915e-04
5.287500e+03 2.712500e+03 1.175000e+03 1.160246e-02 3.810915e-04
5.387500e+03 2.712500e+03 1.200000e+03 1.197628e-02 3.810915e-04
5.487500e+03 2.712500e+03 1.200000e+03 1.194715e-02 3.810915e-04
5.587500e+03 2.712500e+03 1.225000e+03 1.211380e-02 3.810915e-04
5.687500e+03 2.712500e+03 1.225000e+03 1.339760e-02 3.810915e-04
5.787500e+03 2.712500e+03 1.225000e+03 1.275735e-02 3.810915e-04
5.887500e+03 2.712500e+03 1.250000e+03 1.254129e-02 3.810915e-04
5.987500e+03 2.712500e+03 1.250000e+03 1.305302e-02 3.810915e-04
6.087500e+03 2.712500e+03 1.250000e+03 1.198986e-02 3.810915e-04
6.187500e+03 2.712500e+03 1.225000e+03 1.276448e-02 3.810915e-04
6.287500e+03 2.712500e+03 1.225000e+03 1.287995e-02 3.810915e-04
6.387500e+03 2.712500e+03 1.250000e+03 1.269107e-02 3.810915e-04
6.487500e+03 2.712500e+03 1.250000e+03 1.292736e-02 3.810915e-04
6.587500e+03 2.712500e+03 1.275000e+03 1.246539e-02 3.810915e-04
6.687500e+03 2.712500e+03 1.275000e+03 1.285819e-02 3.810915e-04
6.787500e+03 2.712500e+03 1.275000e+03 1.177181e-02 3.810915e-04
6.887500e+03 2.712500e+03 1.250000e+03 1.256693e-02 3.810915e-04
6.987500e+03 2.712500e+03 1.250000e+03 1.076779e-02 3.810915e-04
3.487500e+03 2.812500e+03 1.200000e+03 1.239429e-02 3.810915e-04
3.587500e+03 2.812500e+03 1.225000e+03 1.291379e-02 3.810915e-04
3.687500e+03 2.812500e+03 1.225000e+03 1.354493e-02 3.810915e-04
3.787500e+03 2.812500e+03 1.200000e+03 1.266854e-02 3.810915e-04
3.887500e+03 2.812500e+03 1.200000e+03 1.258307e-02 3.810915e-04
3.987500e+03 2.812500e+03 1.200000e+03 1.200328e-02 3.810915e-04
4.087500e+03 2.812500e+03 1.200000e+03 1.240878e-02 3.810915e-04
4.187500e+03 2.812500e+03 1.175000e+03 1.244565e-02 3.810915e-04
4.287500e+03 2.812500e+03 1.200000e+03 1.315040e-02 3.810915e-04
4.387500e+03 2.812500e+03 1.200000e+03 1.298934e-02 3.810915e-04
4.487500e+03 2.812500e+03 1.200000e+03 1.255302e-02 3.810915e-04
4.587500e+03 2.812500e+03 1.175000e+03 1.229584e-02 3.810915e-04
4.687500e+03 2.812500e+03 1.150000e+03 1.221220e-02 3.810915e-04
4.787500e+03 2.812500e+03 1.150000e+03 1.189967e-02 3.810915e-04
4.887500e+03 2.812500e+03 1.175000e+03 1.247527e-02 3.810915e-04
4.987500e+03 2.812500e+03 1.200000e+03 1.266759e-02 3.810915e-04
5.087500e+03 2.812500e+03 1.200000e+03 1.245471e-02 3.810915e-04
5.187500e+03 2.812500e+03 1.200000e+03 1.232279e-02 3.810915e-04
5.287500e+03 2.812500e+03 1.200000e+03 1.230449e-02 3.810915e-04
5.387500e+03 2.812500e+03 1.200000e+03 1.210852e-02 3.810915e-04
5.487500e+03 2.812500e+03 1.200000e+03 1.201493e-02 3.810915e-04
5.587500e+03 2.812500e+03 1.225000e+03 1.161724e-02 3.810915e-04
5.687500e+03 2.812500e+03 1.225000e+03 1.185575e-02 3.810915e-04
5.787500e+03 2.812500e+03 1.225000e+03 1.185851e-02 3.810915e-04
5.887500e+03 2.812500e+03 1.250000e+03 1.272638e-02 3.810915e-04
5.987500e+03 2.812500e+03 1.250000e+03 1.242162e-02 3.810915e-04
6.087500e+03 2.812500e+03 1.250000e+03 1.310620e-02 3.810915e-04
6.187500e+03 2.812500e+03 1.250000e+03 1.303056e-02 3.810915e-04
6.287500e+03 2.812500e+03 1.250000e+03 1.223889e-02 3.810915e-04
6.387500e+03 2.812500e+03 1.250000e+03 1.205235e-02 3.810915e-04
6.487500e+03 2.812500e+03 1.250000e+03 1.231458e-02 3.810915e-04
6.587500e+03 2.812500e+03 1.250000e+03 1.148143e-02 3.810915e-04
6.687500e+03 2.812500e+03 1.250000e+03 1.116317e-02 3.810915e-04
6.787500e+03 2.812500e+03 1.275000e+03 1.119399e-02 3.810915e-04
6.887500e+03 2.812500e+03 1.275000e+03 1.076751e-02 3.810915e-04
6.987500e+03 2.812500e+03 1.275000e+03 1.122685e-02 3.810915e-04
3.487500e+03 2.912500e+03 1.225000e+03 1.266649e-02 3.810915e-04
3.587500e+03 2.912500e+03 1.225000e+03 1.250621e-02 3.810915e-04
3.687500e+03 2.912500e+03 1.250000e+03 1.258135e-02 3.810915e-04
3.787500e+03 2.912500e+03 1.225000e+03 1.302271e-02 3.810915e-04
3.887500e+03 2.912500e+03 1.225000e+03 1.271822e-02 3.810915e-04
3.987500e+03 2.912500e+03 1.225000e+03 1.237883e-02 3.810915e-04
4.087500e+03 2.912500e+03 1.200000e+03 1.232656e-02 3.810915e-04
4.187500e+03 2.912500e+03 1.200000e+03 1.298926e-02 3.810915e-04
4.287500e+03 2.912500e+03 1.225000e+03 1.301230e-02 3.810915e-04
4.387500e+03 2.912500e+03 1.200000e+03 1.283107e-02 3.810915e-04
4.487500e+03 2.912500e+03 1.200000e+03 1.267643e-02 3.810915e-04
4.587500e+03 2.912500e+03 1.150000e+03 1.253815e-02 3.810915e-04
4.687500e+03 2.912500e+03 1.150000e+03 1.317868e-02 3.810915e-04
4.787500e+03 2.912500e+03 1.150000e+03 1.215513e-02 3.810915e-04
4.887500e+03 2.912500e+03 1.175000e+03 1.194299e-02 3.810915e-04
4.987500e+03 2.912500e+03 1.175000e+03 1.177763e-02 3.810915e-04
5.087500e+03 2.912500e+03 1.200000e+03 1.202560e-02 3.810915e-04
5.187500e+03 2.912500e+03 1.200000e+03 1.136425e-02 3.810915e-04
5.287500e+03 2.912500e+03 1.200000e+03 1.106950e-02 3.810915e-04
5.387500e+03 2.912500e+03 1.200000e+03 1.153766e-02 3.810915e-04
5.487500e+03 2.912500e+03 1.200000e+03 1.155484e-02 3.810915e-04
5.587500e+03 2.912500e+03 1.200000e+03 1.227515e-02 3.810915e-04
5.687500e+03 2.912500e+03 1.200000e+03 1.193424e-02 3.810915e-04
5.787500e+03 2.912500e+03 1.200000e+03 1.231647e-02 3.810915e-04
5.887500e+03 2.912500e+03 1.225000e+03 1.211242e-02 3.810915e-04
5.987500e+03 2.912500e+03 1.225000e+03 1.252647e-02 3.810915e-04
6.087500e+03 2.912500e+03 1.250000e+03 1.242423e-02 3.810915e-04
6.187500e+03 2.912500e+03 1.250000e+03 1.164487e-02 3.810915e-04
6.287500e+03 2.912500e+03 1.250000e+03 1.237944e-02 3.810915e-04
6.387500e+03 2.912500e+03 1.250000e+03 1.152721e-02 3.810915e-04
6.487500e+03 2.912500e+03 1.250000e+03 1.010285e-02 3.810915e-04
6.587500e+03 2.912500e+03 1.250000e+03 1.097801e-02 3.810915e-04
6.687500e+03 2.912500e+03 1.250000e+03 1.027468e-02 3.810915e-04
6.787500e+03 2.912500e+03 1.275000e+03 1.018484e-02 3.810915e-04
6.887500e+03 2.912500e+03 1.275000e+03 1.087778e-02 3.810915e-04
6.987500e+03 2.912500e+03 1.275000e+03 1.094320e-02 3.810915e-04
3.487500e+03 3.012500e+03 1.225000e+03 1.289657e-02 3.810915e-04
3.587500e+03 3.012500e+03 1.225000e+03 1.279845e-02 3.810915e-04
3.687500e+03 3.012500e+03 1.225000e+03 1.246621e-02 3.810915e-04
3.787500e+03 3.012500e+03 1.225000e+03 1.248728e-02 3.810915e-04
3.887500e+03 3.012500e+03 1.225000e+03 1.370567e-02 3.810915e-04
3.987500e+03 3.012500e+03 1.225000e+03 1.329072e-02 3.810915e-04
4.087500e+03 3.012500e+03 1.225000e+03 1.294186e-02 3.810915e-04
4.187500e+03 3.012500e+03 1.225000e+03 1.324348e-02 3.810915e-04
4.287500e+03 3.012500e+03 1.225000e+03 1.334002e-02 3.810915e-04
4.387500e+03 3.012500e+03 1.225000e+03 1.336999e-02 3.810915e-04
4.487500e+03 3.012500e+03 1.200000e+03 1.325157e-02 3.810915e-04
4.587500e+03 3.012500e+03 1.150000e+03 1.256748e-02 3.810915e-04
4.687500e+03 3.012500e+03 1.150000e+03 1.212780e-02 3.810915e-04
4.787500e+03 3.012500e+03 1.150000e+03 1.203229e-02 3.810915e-04
4.887500e+03 3.012500e+03 1.175000e+03 1.277376e-02 3.810915e-04
4.987500e+03 3.012500e+03 1.175000e+03 1.222828e-02 3.810915e-04
5.087500e+03 3.012500e+03 1.200000e+03 1.215879e-02 3.810915e-04
5.187500e+03 3.012500e+03 1.200000e+03 1.181115e-02 3.810915e-04
5.287500e+03 3.012500e+03 1.200000e+03 1.215763e-02 3.810915e-04
5.387500e+03 3.012500e+03 1.225000e+03 1.177217e-02 3.810915e-04
5.487500e+03 3.012500e+03 1.200000e+03 1.138742e-02 3.810915e-04
5.587500e+03 3.012500e+03 1.200000e+03 1.136433e-02 3.810915e-04
5.687500e+03 3.012500e+03 1.200000e+03 1.252099e-02 3.810915e-04
5.787500e+03 3.012500e+03 1.225000e+03 1.139644e-02 3.810915e-04
5.887500e+03 3.012500e+03 1.225000e+03 1.237114e-02 3.810915e-04
5.987500e+03 3.012500e+03 1.225000e+03 1.174546e-02 3.810915e-04
6.087500e+03 3.012500e+03 1.225000e+03 1.157522e-02 3.810915e-04
6.187500e+03 3.012500e+03 1.225000e+03 1.026222e-02 3.810915e-04
6.287500e+03 3.012500e+03 1.250000e+03 1.141614e-02 3.810915e-04
6.387500e+03 3.012500e+03 1.275000e+03 1.091752e-02 3.810915e-04
6.487500e+03 3.012500e+03 1.275000e+03 1.063066e-02 3.810915e-04
6.587500e+03 3.012500e+03 1.275000e+03 1.100300e-02 3.810915e-04
6.687500e+03 3.012500e+03 1.275000e+03 1.061337e-02 3.810915e-04
6.787500e+03 3.012500e+03 1.250000e+03 1.011431e-02 3.810915e-04
6.887500e+03 3.012500e+03 1.300000e+03 1.023752e-02 3.810915e-04
6.987500e+03 3.012500e+03 1.275000e+03 1.065440e-02 3.810915e-04
3.487500e+03 3.112500e+03 1.225000e+03 1.288978e-02 3.810915e-04
3.587500e+03 3.112500e+03 1.250000e+03 1.316953e-02 3.810915e-04
3.687500e+03 3.112500e+03 1.225000e+03 1.219947e-02 3.810915e-04
3.787500e+03 3.112500e+03 1.225000e+03 1.267548e-02 3.810915e-04
3.887500e+03 3.112500e+03 1.225000e+03 1.332630e-02 3.810915e-04
3.987500e+03 3.112500e+03 1.250000e+03 1.260810e-02 3.810915e-04
4.087500e+03 3.112500e+03 1.225000e+03 1.372217e-02 3.810915e-04
4.187500e+03 3.112500e+03 1.250000e+03 1.219464e-02 3.810915e-04
4.287500e+03 3.112500e+03 1.225000e+03 1.379163e-02 3.810915e-04
4.387500e+03 3.112500e+03 1.225000e+03 1.333118e-02 3.810915e-04
4.487500e+03 3.112500e+03 1.200000e+03 1.300797e-02 3.810915e-04
4.587500e+03 3.112500e+03 1.175000e+03 1.270815e-02 3.810915e-04
4.687500e+03 3.112500e+03 1.150000e+03 1.222551e-02 3.810915e-04
4.787500e+03 3.112500e+03 1.150000e+03 1.234355e-02 3.810915e-04
4.887500e+03 3.112500e+03 1.175000e+03 1.219791e-02 3.810915e-04
4.987500e+03 3.112500e+03 1.175000e+03 1.180005e-02 3.810915e-04
5.087500e+03 3.112500e+03 1.200000e+03 1.124474e-02 3.810915e-04
5.187500e+03 3.112500e+03 1.225000e+03 1.197059e-02 3.810915e-04
5.287500e+03 3.112500e+03 1.200000e+03 1.081958e-02 3.810915e-04
5.387500e+03 3.112500e+03 1.225000e+03 1.114750e-02 3.810915e-04
5.487500e+03 3.112500e+03 1.225000e+03 1.092654e-02 3.810915e-04
5.587500e+03 3.112500e+03 1.200000e+03 1.217513e-02 3.810915e-04
5.687500e+03 3.112500e+03 1.200000e+03 1.139396e-02 3.810915e-04
5.787500e+03 3.112500e+03 1.225000e+03 1.154070e-02 3.810915e-04
5.887500e+03 3.112500e+03 1.225000e+03 1.227270e-02 3.810915e-04
5.987500e+03 3.112500e+03 1.225000e+03 1.095178e-02 3.810915e-04
6.087500e+03 3.112500e+03 1.250000e+03 1.145401e-02 3.810915e-04
6.187500e+03 3.112500e+03 1.225000e+03 1.023205e-02 3.810915e-04
6.287500e+03 3.112500e+03 1.250000e+03 1.000879e-02 3.810915e-04
6.387500e+03 3.112500e+03 1.275000e+03 1.085320e-02 3.810915e-04
6.487500e+03 3.112500e+03 1.300000e+03 1.097882e-02 3.810915e-04
6.587500e+03 3.112500e+03 1.300000e+03 9.981293e-03 3.810915e-04
6.687500e+03 3.112500e+03 1.275000e+03 1.077947e-02 3.810915e-04
6.787500e+03 3.112500e+03 1.250000e+03 1.052285e-02 3.810915e-04
6.887500e+03 3.112500e+03 1.275000e+03 1.077173e-02 3.810915e-04
6.987500e+03 3.112500e+03 1.300000e+03 1.033999e-02 3.810915e-04
3.487500e+03 3.212500e+03 1.225000e+03 1.281481e-02 3.810915e-04
3.587500e+03 3.212500e+03 1.225000e+03 1.253918e-02 3.810915e-04
3.687500e+03 3.212500e+03 1.250000e+03 1.292557e-02 3.810915e-04
3.787500e+03 3.212500e+03 1.225000e+03 1.269448e-02 3.810915e-04
3.887500e+03 3.212500e+03 1.200000e+03 1.286741e-02 3.810915e-04
3.987500e+03 3.212500e+03 1.200000e+03 1.239175e-02 3.810915e-04
4.087500e+03 3.212500e+03 1.225000e+03 1.288663e-02 3.810915e-04
4.187500e+03 3.212500e+03 1.225000e+03 1.305118e-02 3.810915e-04
4.287500e+03 3.212500e+03 1.200000e+03 1.344324e-02 3.810915e-04
4.387500e+03 3.212500e+03 1.200000e+03 1.293149e-02 3.810915e-04
4.487500e+03 3.212500e+03 1.175000e+03 1.372438e-02 3.810915e-04
4.587500e+03 3.212500e+03 1.150000e+03 1.172197e-02 3.810915e-04
4.687500e+03 3.212500e+03 1.150000e+03 1.152582e-02 3.810915e-04
4.787500e+03 3.212500e+03 1.150000e+03 1.193487e-02 3.810915e-04
4.887500e+03 3.212500e+03 1.175000e+03 1.182234e-02 3.810915e-04
4.987500e+03 3.212500e+03 1.200000e+03 1.167005e-02 3.810915e-04
5.087500e+03 3.212500e+03 1.200000e+03 1.125616e-02 3.810915e-04
5.187500e+03 3.212500e+03 1.225000e+03 1.132666e-02 3.810915e-04
5.287500e+03 3.212500e+03 1.225000e+03 1.194419e-02 3.810915e-04
5.387500e+03 3.212500e+03 1.225000e+03 1.152348e-02 3.810915e-04
5.487500e+03 3.212500e+03 1.250000e+03 1.177051e-02 3.810915e-04
5.587500e+03 3.212500e+03 1.225000e+03 1.179371e-02 3.810915e-04
5.687500e+03 3.212500e+03 1.200000e+03 1.155217e-02 3.810915e-04
5.787500e+03 3.212500e+03 1.225000e+03 1.178545e-02 3.810915e-04
5.887500e+03 3.212500e+03 1.250000e+03 1.082047e-02 3.810915e-04
5.987500e+03 3.212500e+03 1.250000e+03 1.049521e-02 3.810915e-04
6.087500e+03 3.212500e+03 1.250000e+03 1.057394e-02 3.810915e-04
6.187500e+03 3.212500e+03 1.250000e+03 1.033572e-02 3.810915e-04
6.287500e+03 3.212500e+03 1.250000e+03 1.003083e-02 3.810915e-04
6.387500e+03 3.212500e+03 1.250000e+03 1.072140e-02 3.810915e-04
6.487500e+03 3.212500e+03 1.275000e+03 1.024344e-02 3.810915e-04
6.587500e+03 3.212500e+03 1.300000e+03 9.947957e-03 3.810915e-04
6.687500e+03 3.212500e+03 1.275000e+03 1.055330e-02 3.810915e-04
6.787500e+03 3.212500e+03 1.275000e+03 1.030644e-02 3.810915e-04
6.887500e+03 3.212500e+03 1.275000e+03 9.898738e-03 3.810915e-04
6.987500e+03 3.212500e+03 1.300000e+03 9.893721e-03 3.810915e-04
3.487500e+03 3.312500e+03 1.200000e+03 1.234371e-02 3.810915e-04
3.587500e+03 3.312500e+03 1.225000e+03 1.301591e-02 3.810915e-04
3.687500e+03 3.312500e+03 1.250000e+03 1.351880e-02 3.810915e-04
3.787500e+03 3.312500e+03 1.225000e+03 1.281197e-02 3.810915e-04
3.887500e+03 3.312500e+03 1.200000e+03 1.252449e-02 3.810915e-04
3.987500e+03 3.312500e+03 1.200000e+03 1.268202e-02 3.810915e-04
4.087500e+03 3.312500e+03 1.200000e+03 1.291006e-02 3.810915e-04
4.187500e+03 3.312500e+03 1.225000e+03 1.251870e-02 3.810915e-04
4.287500e+03 3.312500e+03 1.225000e+03 1.244074e-02 3.810915e-04
4.387500e+03 3.312500e+03 1.200000e+03 1.277129e-02 3.810915e-04
4.487500e+03 3.312500e+03 1.150000e+03 1.256998e-02 3.810915e-04
4.587500e+03 3.312500e+03 1.150000e+03 1.200806e-02 3.810915e-04
4.687500e+03 3.312500e+03 1.150000e+03 1.246511e-02 3.810915e-04
4.787500e+03 3.312500e+03 1.175000e+03 1.190519e-02 3.810915e-04
4.887500e+03 3.312500e+03 1.175000e+03 1.237185e-02 3.810915e-04
4.987500e+03 3.312500e+03 1.200000e+03 1.100255e-02 3.810915e-04
5.087500e+03 3.312500e+03 1.225000e+03 1.106269e-02 3.810915e-04
5.187500e+03 3.312500e+03 1.225000e+03 1.224895e-02 3.810915e-04
5.287500e+03 3.312500e+03 1.225000e+03 1.145923e-02 3.810915e-04
5.387500e+03 3.312500e+03 1.225000e+03 1.109905e-02 3.810915e-04
5.487500e+03 3.312500e+03 1.250000e+03 1.207152e-02 3.810915e-04
5.587500e+03 3.312500e+03 1.225000e+03 1.176381e-02 3.810915e-04
5.687500e+03 3.312500e+03 1.225000e+03 1.089514e-02 3.810915e-04
5.787500e+03 3.312500e+03 1.225000e+03 1.071847e-02 3.810915e-04
5.887500e+03 3.312500e+03 1.250000e+03 1.123855e-02 3.810915e-04
5.987500e+03 3.312500e+03 1.250000e+03 1.035020e-02 3.810915e-04
6.087500e+03 3.312500e+03 1.250000e+03 9.848228e-03 3.810915e-04
6.187500e+03 3.312500e+03 1.275000e+03 1.089936e-02 3.810915e-04
6.287500e+03 3.312500e+03 1.275000e+03 1.031026e-02 3.810915e-04
6.387500e+03 3.312500e+03 1.275000e+03 1.039499e-02 3.810915e-04
6.487500e+03 3.312500e+03 1.300000e+03 1.087186e-02 3.810915e-04
6.587500e+03 3.312500e+03 1.300000e+03 1.080045e-02 3.810915e-04
6.687500e+03 3.312500e+03 1.275000e+03 1.037882e-02 3.810915e-04
6.787500e+03 3.312500e+03 1.275000e+03 1.072608e-02 3.810915e-04
6.887500e+03 3.312500e+03 1.275000e+03 1.084731e-02 3.810915e-04
6.987500e+03 3.312500e+03 1.275000e+03 1.024136e-02 3.810915e-04
3.487500e+03 3.412500e+03 1.225000e+03 1.301926e-02 3.810915e-04
3.587500e+03 3.412500e+03 1.225000e+03 1.310408e-02 3.810915e-04
3.687500e+03 3.412500e+03 1.250000e+03 1.258039e-02 3.810915e-04
3.787500e+03 3.412500e+03 1.250000e+03 1.315166e-02 3.810915e-04
3.887500e+03 3.412500e+03 1.225000e+03 1.375715e-02 3.810915e-04
3.987500e+03 3.412500e+03 1.200000e+03 1.256457e-02 3.810915e-04
4.087500e+03 3.412500e+03 1.175000e+03 1.228575e-02 3.810915e-04
4.187500e+03 3.412500e+03 1.200000e+03 1.272743e-02 3.810915e-04
4.287500e+03 3.412500e+03 1.200000e+03 1.346865e-02 3.810915e-04
4.387500e+03 3.412500e+03 1.175000e+03 1.246341e-02 3.810915e-04
4.487500e+03 3.412500e+03 1.150000e+03 1.271083e-02 3.810915e-04
4.587500e+03 3.412500e+03 1.150000e+03 1.201568e-02 3.810915e-04
4.687500e+03 3.412500e+03 1.150000e+03 1.219606e-02 3.810915e-04
4.787500e+03 3.412500e+03 1.175000e+03 1.194843e-02 3.810915e-04
4.887500e+03 3.412500e+03 1.175000e+03 1.191105e-02 3.810915e-04
4.987500e+03 3.412500e+03 1.175000e+03 1.163529e-02 3.810915e-04
5.087500e+03 3.412500e+03 1.175000e+03 1.191095e-02 3.810915e-04
5.187500e+03 3.412500e+03 1.200000e+03 1.151507e-02 3.810915e-04
5.287500e+03 3.412500e+03 1.225000e+03 1.161552e-02 3.810915e-04
5.387500e+03 3.412500e+03 1.250000e+03 1.196442e-02 3.810915e-04
5.487500e+03 3.412500e+03 1.250000e+03 1.117165e-02 3.810915e-04
5.587500e+03 3.412500e+03 1.250000e+03 1.075128e-02 3.810915e-04
5.687500e+03 3.412500e+03 1.225000e+03 1.077040e-02 3.810915e-04
5.787500e+03 3.412500e+03 1.225000e+03 1.053368e-02 3.810915e-04
5.887500e+03 3.412500e+03 1.250000e+03 1.052465e-02 3.810915e-04
5.987500e+03 3.412500e+03 1.250000e+03 1.037289e-02 3.810915e-04
6.087500e+03 3.412500e+03 1.250000e+03 1.079772e-02 3.810915e-04
6.187500e+03 3.412500e+03 1.275000e+03 1.124331e-02 3.810915e-04
6.287500e+03 3.412500e+03 1.300000e+03 1.055517e-02 3.810915e-04
6.387500e+03 3.412500e+03 1.275000e+03 9.855202e-03 3.810915e-04
6.487500e+03 3.412500e+03 1.300000e+03 1.059114e-02 3.810915e-04
6.587500e+03 3.412500e+03 1.325000e+03 1.063377e-02 3.810915e-04
6.687500e+03 3.412500e+03 1.300000e+03 1.070719e-02 3.810915e-04
6.787500e+03 3.412500e+03 1.275000e+03 1.027129e-02 3.810915e-04
6.887500e+03 3.412500e+03 1.300000e+03 1.037708e-02 3.810915e-04
6.987500e+03 3.412500e+03 1.300000e+03 1.012330e-02 3.810915e-04
3.487500e+03 3.512500e+03 1.225000e+03 1.299473e-02 3.810915e-04
3.587500e+03 3.512500e+03 1.225000e+03 1.252818e-02 3.810915e-04
3.687500e+03 3.512500e+03 1.225000e+03 1.273640e-02 3.810915e-04
3.787500e+03 3.512500e+03 1.225000e+03 1.308563e-02 3.810915e-04
3.887500e+03 3.512500e+03 1.225000e+03 1.327542e-02 3.810915e-04
3.987500e+03 3.512500e+03 1.225000e+03 1.370606e-02 3.810915e-04
4.087500e+03 3.512500e+03 1.175000e+03 1.248652e-02 3.810915e-04
4.187500e+03 3.512500e+03 1.175000e+03 1.278021e-02 3.810915e-04
4.287500e+03 3.512500e+03 1.200000e+03 1.310578e-02 3.810915e-04
4.387500e+03 3.512500e+03 1.175000e+03 1.193416e-02 3.810915e-04
4.487500e+03 3.512500e+03 1.150000e+03 1.242913e-02 3.810915e-04
4.587500e+03 3.512500e+03 1.150000e+03 1.181276e-02 3.810915e-04
4.687500e+03 3.512500e+03 1.175000e+03 1.204144e-02 3.810915e-04
4.787500e+03 3.512500e+03 1.175000e+03 1.271294e-02 3.810915e-04
4.887500e+03 3.512500e+03 1.175000e+03 1.271350e-02 3.810915e-04
4.987500e+03 3.512500e+03 1.175000e+03 1.208805e-02 3.810915e-04
5.087500e+03 3.512500e+03 1.200000e+03 1.154140e-02 3.810915e-04
5.187500e+03 3.512500e+03 1.200000e+03 1.149090e-02 3.810915e-04
5.287500e+03 3.512500e+03 1.200000e+03 1.102408e-02 3.810915e-04
5.387500e+03 3.512500e+03 1.225000e+03 1.059141e-02 3.810915e-04
5.487500e+03 3.512500e+03 1.250000e+03 1.102643e-02 3.810915e-04
5.587500e+03 3.512500e+03 1.250000e+03 1.095612e-02 3.810915e-04
5.687500e+03 3.512500e+03 1.250000e+03 1.120148e-02 3.810915e-04
5.787500e+03 3.512500e+03 1.225000e+03 9.905361e-03 3.810915e-04
5.887500e+03 3.512500e+03 1.225000e+03 1.032207e-02 3.810915e-04
5.987500e+03 3.512500e+03 1.250000e+03 1.042255e-02 3.810915e-04
6.087500e+03 3.512500e+03 1.275000e+03 1.059362e-02 3.810915e-04
6.187500e+03 3.512500e+03 1.300000e+03 1.051994e-02 3.810915e-04
6.287500e+03 3.512500e+03 1.300000e+03 1.062914e-02 3.810915e-04
6.387500e+03 3.512500e+03 1.275000e+03 1.047109e-02 3.810915e-04
6.487500e+03 3.512500e+03 1.300000e+03 1.124166e-02 3.810915e-04
6.587500e+03 3.512500e+03 1.325000e+03 1.077769e-02 3.810915e-04
6.687500e+03 3.512500e+03 1.325000e+03 1.042141e-02 3.810915e-04
6.787500e+03 3.512500e+03 1.300000e+03 1.023045e-02 3.810915e-04
6.887500e+03 3.512500e+03 1.300000e+03 1.057311e-02 3.810915e-04
6.987500e+03 3.512500e+03 1.300000e+03 1.044649e-02 3.810915e-04
3.487500e+03 3.612500e+03 1.225000e+03 1.325026e-02 3.810915e-04
3.587500e+03 3.612500e+03 1.200000e+03 1.301618e-02 3.810915e-04
3.687500e+03 3.612500e+03 1.200000e+03 1.244556e-02 3.810915e-04
3.787500e+03 3.612500e+03 1.200000e+03 1.233771e-02 3.810915e-04
3.887500e+03 3.612500e+03 1.200000e+03 1.232079e-02 3.810915e-04
3.987500e+03 3.612500e+03 1.200000e+03 1.217218e-02 3.810915e-04
4.087500e+03 3.612500e+03 1.175000e+03 1.274000e-02 3.810915e-04
4.187500e+03 3.612500e+03 1.175000e+03 1.189254e-02 3.810915e-04
4.287500e+03 3.612500e+03 1.175000e+03 1.259873e-02 3.810915e-04
4.387500e+03 3.612500e+03 1.150000e+03 1.177815e-02 3.810915e-04
4.487500e+03 3.612500e+03 1.150000e+03 1.225756e-02 3.810915e-04
4.587500e+03 3.612500e+03 1.150000e+03 1.156432e-02 3.810915e-04
4.687500e+03 3.612500e+03 1.175000e+03 1.151888e-02 3.810915e-04
4.787500e+03 3.612500e+03 1.175000e+03 1.200117e-02 3.810915e-04
4.887500e+03 3.612500e+03 1.175000e+03 1.265935e-02 3.810915e-04
4.987500e+03 3.612500e+03 1.200000e+03 1.280016e-02 3.810915e-04
5.087500e+03 3.612500e+03 1.200000e+03 1.260964e-02 3.810915e-04
5.187500e+03 3.612500e+03 1.200000e+03 1.221781e-02 3.810915e-04
5.287500e+03 3.612500e+03 1.225000e+03 1.159733e-02 3.810915e-04
5.387500e+03 3.612500e+03 1.250000e+03 1.105685e-02 3.810915e-04
5.487500e+03 3.612500e+03 1.275000e+03 1.138218e-02 3.810915e-04
5.587500e+03 3.612500e+03 1.275000e+03 1.074354e-02 3.810915e-04
5.687500e+03 3.612500e+03 1.250000e+03 1.109171e-02 3.810915e-04
5.787500e+03 3.612500e+03 1.250000e+03 1.059868e-02 3.810915e-04
5.887500e+03 3.612500e+03 1.250000e+03 1.024302e-02 3.810915e-04
5.987500e+03 3.612500e+03 1.250000e+03 1.018344e-02 3.810915e-04
6.087500e+03 3.612500e+03 1.275000e+03 1.046928e-02 3.810915e-04
6.187500e+03 3.612500e+03 1.300000e+03 1.015897e-02 3.810915e-04
6.287500e+03 3.612500e+03 1.300000e+03 1.084889e-02 3.810915e-04
6.387500e+03 3.612500e+03 1.300000e+03 1.112504e-02 3.810915e-04
6.487500e+03 3.612500e+03 1.300000e+03 1.052433e-02 3.810915e-04
6.587500e+03 3.612500e+03 1.325000e+03 1.051185e-02 3.810915e-04
6.687500e+03 3.612500e+03 1.325000e+03 1.087787e-02 3.810915e-04
6.787500e+03 3.612500e+03 1.325000e+03 1.015214e-02 3.810915e-04
6.887500e+03 3.612500e+03 1.300000e+03 1.071248e-02 3.810915e-04
6.987500e+03 3.612500e+03 1.300000e+03 1.081495e-02 3.810915e-04
3.487500e+03 3.712500e+03 1.250000e+03 1.319593e-02 3.810915e-04
3.587500e+03 3.712500e+03 1.225000e+03 1.264851e-02 3.810915e-04
3.687500e+03 3.712500e+03 1.200000e+03 1.226213e-02 3.810915e-04
3.787500e+03 3.712500e+03 1.175000e+03 1.260752e-02 3.810915e-04
3.887500e+03 3.712500e+03 1.175000e+03 1.221039e-02 3.810915e-04
3.987500e+03 3.712500e+03 1.175000e+03 1.267498e-02 3.810915e-04
4.087500e+03 3.712500e+03 1.175000e+03 1.209131e-02 3.810915e-04
4.187500e+03 3.712500e+03 1.150000e+03 1.182141e-02 3.810915e-04
4.287500e+03 3.712500e+03 1.150000e+03 1.069410e-02 3.810915e-04
4.387500e+03 3.712500e+03 1.150000e+03 1.198985e-02 3.810915e-04
4.487500e+03 3.712500e+03 1.150000e+03 1.098513e-02 3.810915e-04
4.587500e+03 3.712500e+03 1.150000e+03 1.143834e-02 3.810915e-04
4.687500e+03 3.712500e+03 1.175000e+03 1.208140e-02 3.810915e-04
4.787500e+03 3.712500e+03 1.175000e+03 1.189528e-02 3.810915e-04
4.887500e+03 3.712500e+03 1.200000e+03 1.197829e-02 3.810915e-04
4.987500e+03 3.712500e+03 1.200000e+03 1.256609e-02 3.810915e-04
5.087500e+03 3.712500e+03 1.225000e+03 1.309160e-02 3.810915e-04
5.187500e+03 3.712500e+03 1.225000e+03 1.300326e-02 3.810915e-04
5.287500e+03 3.712500e+03 1.225000e+03 1.158117e-02 3.810915e-04
5.387500e+03 3.712500e+03 1.250000e+03 1.212972e-02 3.810915e-04
5.487500e+03 3.712500e+03 1.250000e+03 1.144591e-02 3.810915e-04
5.587500e+03 3.712500e+03 1.275000e+03 1.118585e-02 3.810915e-04
5.687500e+03 3.712500e+03 1.275000e+03 1.121837e-02 3.810915e-04
5.787500e+03 3.712500e+03 1.275000e+03 1.074109e-02 3.810915e-04
5.887500e+03 3.712500e+03 1.250000e+03 1.060075e-02 3.810915e-04
5.987500e+03 3.712500e+03 1.250000e+03 1.056052e-02 3.810915e-04
6.087500e+03 3.712500e+03 1.275000e+03 1.112780e-02 3.810915e-04
6.187500e+03 3.712500e+03 1.300000e+03 1.071933e-02 3.810915e-04
6.287500e+03 3.712500e+03 1.325000e+03 1.096613e-02 3.810915e-04
6.387500e+03 3.712500e+03 1.325000e+03 1.073212e-02 3.810915e-04
6.487500e+03 3.712500e+03 1.325000e+03 1.145742e-02 3.810915e-04
6.587500e+03 3.712500e+03 1.325000e+03 1.077489e-02 3.810915e-04
6.687500e+03 3.712500e+03 1.350000e+03 1.050753e-02 3.810915e-04
6.787500e+03 3.712500e+03 1.350000e+03 1.016669e-02 3.810915e-04
6.887500e+03 3.712500e+03 1.325000e+03 1.063413e-02 3.810915e-04
6.987500e+03 3.712500e+03 1.300000e+03 1.047164e-02 3.810915e-04
3.487500e+03 3.812500e+03 1.225000e+03 1.309944e-02 3.810915e-04
3.587500e+03 3.812500e+03 1.225000e+03 1.377007e-02 3.810915e-04
3.687500e+03 3.812500e+03 1.200000e+03 1.338861e-02 3.810915e-04
3.787500e+03 3.812500e+03 1.200000e+03 1.200931e-02 3.810915e-04
3.887500e+03 3.812500e+03 1.175000e+03 1.203829e-02 3.810915e-04
3.987500e+03 3.812500e+03 1.175000e+03 1.161442e-02 3.810915e-04
4.087500e+03 3.812500e+03 1.150000e+03 1.235566e-02 3.810915e-04
4.187500e+03 3.812500e+03 1.150000e+03 1.181100e-02 3.810915e-04
4.287500e+03 3.812500e+03 1.150000e+03 1.130840e-02 3.810915e-04
4.387500e+03 3.812500e+03 1.150000e+03 1.112703e-02 3.810915e-04
4.487500e+03 3.812500e+03 1.150000e+03 1.148270e-02 3.810915e-04
4.587500e+03 3.812500e+03 1.150000e+03 1.129467e-02 3.810915e-04
4.687500e+03 3.812500e+03 1.175000e+03 1.136179e-02 3.810915e-04
4.787500e+03 3.812500e+03 1.175000e+03 1.202742e-02 3.810915e-04
4.887500e+03 3.812500e+03 1.200000e+03 1.233763e-02 3.810915e-04
4.987500e+03 3.812500e+03 1.200000e+03 1.189093e-02 3.810915e-04
5.087500e+03 3.812500e+03 1.225000e+03 1.281239e-02 3.810915e-04
5.187500e+03 3.812500e+03 1.250000e+03 1.296136e-02 3.810915e-04
5.287500e+03 3.812500e+03 1.225000e+03 1.298836e-02 3.810915e-04
5.387500e+03 3.812500e+03 1.250000e+03 1.295501e-02 3.810915e-04
5.487500e+03 3.812500e+03 1.275000e+03 1.214857e-02 3.810915e-04
5.587500e+03 3.812500e+03 1.275000e+03 1.194479e-02 3.810915e-04
5.687500e+03 3.812500e+03 1.300000e+03 1.177641e-02 3.810915e-04
5.787500e+03 3.812500e+03 1.300000e+03 1.096166e-02 3.810915e-04
5.887500e+03 3.812500e+03 1.275000e+03 1.087640e-02 3.810915e-04
5.987500e+03 3.812500e+03 1.250000e+03 1.101251e-02 3.810915e-04
6.087500e+03 3.812500e+03 1.250000e+03 1.007743e-02 3.810915e-04
6.187500e+03 3.812500e+03 1.250000e+03 1.085908e-02 3.810915e-04
6.287500e+03 3.812500e+03 1.300000e+03 1.055473e-02 3.810915e-04
6.387500e+03 3.812500e+03 1.300000e+03 1.091433e-02 3.810915e-04
6.487500e+03 3.812500e+03 1.300000e+03 1.060344e-02 3.810915e-04
6.587500e+03 3.812500e+03 1.325000e+03 1.107380e-02 3.810915e-04
6.687500e+03 3.812500e+03 1.350000e+03 1.087748e-02 3.810915e-04
6.787500e+03 3.812500e+03 1.375000e+03 1.086852e-02 3.810915e-04
6.887500e+03 3.812500e+03 1.350000e+03 1.143750e-02 3.810915e-04
6.987500e+03 3.812500e+03 1.325000e+03 1.079653e-02 3.810915e-04
3.487500e+03 3.912500e+03 1.225000e+03 1.272102e-02 3.810915e-04
3.587500e+03 3.912500e+03 1.225000e+03 1.298757e-02 3.810915e-04
3.687500e+03 3.912500e+03 1.225000e+03 1.205629e-02 3.810915e-04
3.787500e+03 3.912500e+03 1.200000e+03 1.180570e-02 3.810915e-04
3.887500e+03 3.912500e+03 1.200000e+03 1.215429e-02 3.810915e-04
3.987500e+03 3.912500e+03 1.175000e+03 1.178496e-02 3.810915e-04
4.087500e+03 3.912500e+03 1.150000e+03 1.149612e-02 3.810915e-04
4.187500e+03 3.912500e+03 1.150000e+03 1.111342e-02 3.810915e-04
4.287500e+03 3.912500e+03 1.150000e+03 1.093353e-02 3.810915e-04
4.387500e+03 3.912500e+03 1.125000e+03 1.045230e-02 3.810915e-04
4.487500e+03 3.912500e+03 1.150000e+03 1.018390e-02 3.810915e-04
4.587500e+03 3.912500e+03 1.150000e+03 1.143382e-02 3.810915e-04
4.687500e+03 3.912500e+03 1.175000e+03 1.168193e-02 3.810915e-04
4.787500e+03 3.912500e+03 1.175000e+03 1.168007e-02 3.810915e-04
4.887500e+03 3.912500e+03 1.225000e+03 1.190386e-02 3.810915e-04
4.987500e+03 3.912500e+03 1.200000e+03 1.213494e-02 3.810915e-04
5.087500e+03 3.912500e+03 1.225000e+03 1.225314e-02 3.810915e-04
5.187500e+03 3.912500e+03 1.225000e+03 1.223111e-02 3.810915e-04
5.287500e+03 3.912500e+03 1.225000e+03 1.272860e-02 3.810915e-04
5.387500e+03 3.912500e+03 1.250000e+03 1.304606e-02 3.810915e-04
5.487500e+03 3.912500e+03 1.275000e+03 1.290602e-02 3.810915e-04
5.587500e+03 3.912500e+03 1.275000e+03 1.302412e-02 3.810915e-04
5.687500e+03 3.912500e+03 1.300000e+03 1.240358e-02 3.810915e-04
5.787500e+03 3.912500e+03 1.300000e+03 1.192838e-02 3.810915e-04
5.887500e+03 3.912500e+03 1.275000e+03 1.176751e-02 3.810915e-04
5.987500e+03 3.912500e+03 1.250000e+03 1.165018e-02 3.810915e-04
6.087500e+03 3.912500e+03 1.250000e+03 1.075226e-02 3.810915e-04
6.187500e+03 3.912500e+03 1.275000e+03 1.079208e-02 3.810915e-04
6.287500e+03 3.912500e+03 1.275000e+03 1.124104e-02 3.810915e-04
6.387500e+03 3.912500e+03 1.275000e+03 1.050721e-02 3.810915e-04
6.487500e+03 3.912500e+03 1.300000e+03 1.163509e-02 3.810915e-04
6.587500e+03 3.912500e+03 1.300000e+03 1.123980e-02 3.810915e-04
6.687500e+03 3.912500e+03 1.325000e+03 1.043554e-02 3.810915e-04
6.787500e+03 3.912500e+03 1.375000e+03 1.139796e-02 3.810915e-04
6.887500e+03 3.912500e+03 1.375000e+03 1.089728e-02 3.810915e-04
6.987500e+03 3.912500e+03 1.350000e+03 1.106743e-02 3.810915e-04
3.487500e+03 4.012500e+03 1.225000e+03 1.271218e-02 3.810915e-04
3.587500e+03 4.012500e+03 1.200000e+03 1.263246e-02 3.810915e-04
3.687500e+03 4.012500e+03 1.200000e+03 1.274965e-02 3.810915e-04
3.787500e+03 4.012500e+03 1.175000e+03 1.210920e-02 3.810915e-04
3.887500e+03 4.012500e+03 1.175000e+03 1.216864e-02 3.810915e-04
3.987500e+03 4.012500e+03 1.150000e+03 1.160609e-02 3.810915e-04
4.087500e+03 4.012500e+03 1.150000e+03 1.079812e-02 3.810915e-04
4.187500e+03 4.012500e+03 1.150000e+03 1.130503e-02 3.810915e-04
4.287500e+03 4.012500e+03 1.150000e+03 1.103975e-02 3.810915e-04
4.387500e+03 4.012500e+03 1.150000e+03 1.124361e-02 3.810915e-04
4.487500e+03 4.012500e+03 1.150000e+03 1.088705e-02 3.810915e-04
4.587500e+03 4.012500e+03 1.175000e+03 1.195889e-02 3.810915e-04
4.687500e+03 4.012500e+03 1.175000e+03 1.156758e-02 3.810915e-04
4.787500e+03 4.012500e+03 1.175000e+03 1.211001e-02 3.810915e-04
4.887500e+03 4.012500e+03 1.225000e+03 1.248976e-02 3.810915e-04
4.987500e+03 4.012500e+03 1.225000e+03 1.218438e-02 3.810915e-04
5.087500e+03 4.012500e+03 1.225000e+03 1.280403e-02 3.810915e-04
5.187500e+03 4.012500e+03 1.225000e+03 1.263460e-02 3.810915e-04
5.287500e+03 4.012500e+03 1.250000e+03 1.235692e-02 3.810915e-04
5.387500e+03 4.012500e+03 1.250000e+03 1.253208e-02 3.810915e-04
5.487500e+03 4.012500e+03 1.275000e+03 1.293251e-02 3.810915e-04
5.587500e+03 4.012500e+03 1.275000e+03 1.374547e-02 3.810915e-04
5.687500e+03 4.012500e+03 1.300000e+03 1.255387e-02 3.810915e-04
5.787500e+03 4.012500e+03 1.275000e+03 1.227550e-02 3.810915e-04
5.887500e+03 4.012500e+03 1.275000e+03 1.246430e-02 3.810915e-04
5.987500e+03 4.012500e+03 1.250000e+03 1.143203e-02 3.810915e-04
6.087500e+03 4.012500e+03 1.275000e+03 1.169712e-02 3.810915e-04
6.187500e+03 4.012500e+03 1.300000e+03 1.184161e-02 3.810915e-04
6.287500e+03 4.012500e+03 1.300000e+03 1.110357e-02 3.810915e-04
6.387500e+03 4.012500e+03 1.300000e+03 1.115737e-02 3.810915e-04
6.487500e+03 4.012500e+03 1.325000e+03 1.167839e-02 3.810915e-04
6.587500e+03 4.012500e+03 1.325000e+03 1.139387e-02 3.810915e-04
6.687500e+03 4.012500e+03 1.350000e+03 1.087190e-02 3.810915e-04
6.787500e+03 4.012500e+03 1.375000e+03 1.136831e-02 3.810915e-04
6.887500e+03 4.012500e+03 1.375000e+03 1.080655e-02 3.810915e-04
6.987500e+03 4.012500e+03 1.375000e+03 1.073115e-02 3.810915e-04
3.487500e+03 4.112500e+03 1.200000e+03 1.255005e-02 3.810915e-04
3.587500e+03 4.112500e+03 1.175000e+03 1.259734e-02 3.810915e-04
3.687500e+03 4.112500e+03 1.175000e+03 1.297636e-02 3.810915e-04
3.787500e+03 4.112500e+03 1.175000e+03 1.136100e-02 3.810915e-04
3.887500e+03 4.112500e+03 1.150000e+03 1.153441e-02 3.810915e-04
3.987500e+03 4.112500e+03 1.150000e+03 1.132056e-02 3.810915e-04
4.087500e+03 4.112500e+03 1.150000e+03 1.199588e-02 3.810915e-04
4.187500e+03 4.112500e+03 1.150000e+03 1.056929e-02 3.810915e-04
4.287500e+03 4.112500e+03 1.150000e+03 1.106072e-02 3.810915e-04
4.387500e+03 4.112500e+03 1.150000e+03 1.090844e-02 3.810915e-04
4.487500e+03 4.112500e+03 1.175000e+03 1.102264e-02 3.810915e-04
4.587500e+03 4.112500e+03 1.175000e+03 1.137974e-02 3.810915e-04
4.687500e+03 4.112500e+03 1.200000e+03 1.172219e-02 3.810915e-04
4.787500e+03 4.112500e+03 1.200000e+03 1.207010e-02 3.810915e-04
4.887500e+03 4.112500e+03 1.200000e+03 1.232427e-02 3.810915e-04
4.987500e+03 4.112500e+03 1.225000e+03 1.201893e-02 3.810915e-04
5.087500e+03 4.112500e+03 1.225000e+03 1.258808e-02 3.810915e-04
5.187500e+03 4.112500e+03 1.250000e+03 1.242241e-02 3.810915e-04
5.287500e+03 4.112500e+03 1.250000e+03 1.278652e-02 3.810915e-04
5.387500e+03 4.112500e+03 1.275000e+03 1.295830e-02 3.810915e-04
5.487500e+03 4.112500e+03 1.275000e+03 1.310534e-02 3.810915e-04
5.587500e+03 4.112500e+03 1.275000e+03 1.353235e-02 3.810915e-04
5.687500e+03 4.112500e+03 1.275000e+03 1.355198e-02 3.810915e-04
5.787500e+03 4.112500e+03 1.300000e+03 1.366188e-02 3.810915e-04
5.887500e+03 4.112500e+03 1.300000e+03 1.324083e-02 3.810915e-04
5.987500e+03 4.112500e+03 1.275000e+03 1.228891e-02 3.810915e-04
6.087500e+03 4.112500e+03 1.275000e+03 1.261132e-02 3.810915e-04
6.187500e+03 4.112500e+03 1.300000e+03 1.238889e-02 3.810915e-04
6.287500e+03 4.112500e+03 1.325000e+03 1.180487e-02 3.810915e-04
6.387500e+03 4.112500e+03 1.300000e+03 1.197214e-02 3.810915e-04
6.487500e+03 4.112500e+03 1.350000e+03 1.178518e-02 3.810915e-04
6.587500e+03 4.112500e+03 1.350000e+03 1.169047e-02 3.810915e-04
6.687500e+03 4.112500e+03 1.375000e+03 1.130524e-02 3.810915e-04
6.787500e+03 4.112500e+03 1.400000e+03 1.090630e-02 3.810915e-04
6.887500e+03 4.112500e+03 1.400000e+03 1.178816e-02 3.810915e-04
6.987500e+03 4.112500e+03 1.375000e+03 1.089533e-02 3.810915e-04
3.487500e+03 4.212500e+03 1.175000e+03 1.259840e-02 3.810915e-04
3.587500e+03 4.212500e+03 1.175000e+03 1.243200e-02 3.810915e-04
3.687500e+03 4.212500e+03 1.175000e+03 1.223625e-02 3.810915e-04
3.787500e+03 4.212500e+03 1.150000e+03 1.175234e-02 3.810915e-04
3.887500e+03 4.212500e+03 1.150000e+03 1.197919e-02 3.810915e-04
3.987500e+03 4.212500e+03 1.150000e+03 1.103108e-02 3.810915e-04
4.087500e+03 4.212500e+03 1.150000e+03 1.179888e-02 3.810915e-04
4.187500e+03 4.212500e+03 1.125000e+03 1.106574e-02 3.810915e-04
4.287500e+03 4.212500e+03 1.150000e+03 1.152765e-02 3.810915e-04
4.387500e+03 4.212500e+03 1.175000e+03 1.159637e-02 3.810915e-04
4.487500e+03 4.212500e+03 1.175000e+03 1.138701e-02 3.810915e-04
4.587500e+03 4.212500e+03 1.175000e+03 1.207058e-02 3.810915e-04
4.687500e+03 4.212500e+03 1.200000e+03 1.246537e-02 3.810915e-04
4.787500e+03 4.212500e+03 1.225000e+03 1.295327e-02 3.810915e-04
4.887500e+03 4.212500e+03 1.225000e+03 1.334770e-02 3.810915e-04
4.987500e+03 4.212500e+03 1.225000e+03 1.296436e-02 3.810915e-04
5.087500e+03 4.212500e+03 1.250000e+03 1.277503e-02 3.810915e-04
5.187500e+03 4.212500e+03 1.250000e+03 1.317336e-02 3.810915e-04
5.287500e+03 4.212500e+03 1.275000e+03 1.328088e-02 3.810915e-04
5.387500e+03 4.212500e+03 1.300000e+03 1.272475e-02 3.810915e-04
5.487500e+03 4.212500e+03 1.325000e+03 1.306484e-02 3.810915e-04
5.587500e+03 4.212500e+03 1.325000e+03 1.330769e-02 3.810915e-04
5.687500e+03 4.212500e+03 1.300000e+03 1.311603e-02 3.810915e-04
5.787500e+03 4.212500e+03 1.300000e+03 1.331828e-02 3.810915e-04
5.887500e+03 4.212500e+03 1.300000e+03 1.473836e-02 3.810915e-04
5.987500e+03 4.212500e+03 1.275000e+03 1.339673e-02 3.810915e-04
6.087500e+03 4.212500e+03 1.275000e+03 1.306992e-02 3.810915e-04
6.187500e+03 4.212500e+03 1.300000e+03 1.256480e-02 3.810915e-04
6.287500e+03 4.212500e+03 1.325000e+03 1.195310e-02 3.810915e-04
6.387500e+03 4.212500e+03 1.325000e+03 1.209070e-02 3.810915e-04
6.487500e+03 4.212500e+03 1.325000e+03 1.121630e-02 3.810915e-04
6.587500e+03 4.212500e+03 1.350000e+03 1.213425e-02 3.810915e-04
6.687500e+03 4.212500e+03 1.375000e+03 1.118072e-02 3.810915e-04
6.787500e+03 4.212500e+03 1.400000e+03 1.138751e-02 3.810915e-04
6.887500e+03 4.212500e+03 1.400000e+03 1.145819e-02 3.810915e-04
6.987500e+03 4.212500e+03 1.400000e+03 1.207190e-02 3.810915e-04
3.487500e+03 4.312500e+03 1.175000e+03 1.238585e-02 3.810915e-04
3.587500e+03 4.312500e+03 1.175000e+03 1.251567e-02 3.810915e-04
3.687500e+03 4.312500e+03 1.150000e+03 1.174724e-02 3.810915e-04
3.787500e+03 4.312500e+03 1.150000e+03 1.215375e-02 3.810915e-04
3.887500e+03 4.312500e+03 1.150000e+03 1.126963e-02 3.810915e-04
3.987500e+03 4.312500e+03 1.150000e+03 1.100165e-02 3.810915e-04
4.087500e+03 4.312500e+03 1.125000e+03 1.120999e-02 3.810915e-04
4.187500e+03 4.312500e+03 1.150000e+03 1.123568e-02 3.810915e-04
4.287500e+03 4.312500e+03 1.175000e+03 1.104666e-02 3.810915e-04
4.387500e+03 4.312500e+03 1.175000e+03 1.122508e-02 3.810915e-04
4.487500e+03 4.312500e+03 1.175000e+03 1.104149e-02 3.810915e-04
4.587500e+03 4.312500e+03 1.200000e+03 1.159573e-02 3.810915e-04
4.687500e+03 4.312500e+03 1.225000e+03 1.232699e-02 3.810915e-04
4.787500e+03 4.312500e+03 1.225000e+03 1.267601e-02 3.810915e-04
4.887500e+03 4.312500e+03 1.250000e+03 1.356316e-02 3.810915e-04
4.987500e+03 4.312500e+03 1.250000e+03 1.338999e-02 3.810915e-04
5.087500e+03 4.312500e+03 1.250000e+03 1.354111e-02 3.810915e-04
5.187500e+03 4.312500e+03 1.275000e+03 1.367407e-02 3.810915e-04
5.287500e+03 4.312500e+03 1.300000e+03 1.320919e-02 3.810915e-04
5.387500e+03 4.312500e+03 1.350000e+03 1.339638e-02 3.810915e-04
5.487500e+03 4.312500e+03 1.350000e+03 1.343177e-02 3.810915e-04
5.587500e+03 4.312500e+03 1.350000e+03 1.285757e-02 3.810915e-04
5.687500e+03 4.312500e+03 1.325000e+03 1.369281e-02 3.810915e-04
5.787500e+03 4.312500e+03 1.300000e+03 1.373223e-02 3.810915e-04
5.887500e+03 4.312500e+03 1.300000e+03 1.378243e-02 3.810915e-04
5.987500e+03 4.312500e+03 1.275000e+03 1.386329e-02 3.810915e-04
6.087500e+03 4.312500e+03 1.275000e+03 1.402940e-02 3.810915e-04
6.187500e+03 4.312500e+03 1.275000e+03 1.258640e-02 3.810915e-04
6.287500e+03 4.312500e+03 1.325000e+03 1.217837e-02 3.810915e-04
6.387500e+03 4.312500e+03 1.350000e+03 1.218843e-02 3.810915e-04
6.487500e+03 4.312500e+03 1.350000e+03 1.218538e-02 3.810915e-04
6.587500e+03 4.312500e+03 1.350000e+03 1.189514e-02 3.810915e-04
6.687500e+03 4.312500e+03 1.375000e+03 1.143657e-02 3.810915e-04
6.787500e+03 4.312500e+03 1.400000e+03 1.172756e-02 3.810915e-04
6.887500e+03 4.312500e+03 1.400000e+03 1.160483e-02 3.810915e-04
6.987500e+03 4.312500e+03 1.425000e+03 1.171985e-02 3.810915e-04
3.487500e+03 4.412500e+03 1.175000e+03 1.189481e-02 3.810915e-04
3.587500e+03 4.412500e+03 1.150000e+03 1.263816e-02 3.810915e-04
3.687500e+03 4.412500e+03 1.150000e+03 1.132755e-02 3.810915e-04
3.787500e+03 4.412500e+03 1.125000e+03 1.074372e-02 3.810915e-04
3.887500e+03 4.412500e+03 1.125000e+03 1.155671e-02 3.810915e-04
3.987500e+03 4.412500e+03 1.125000e+03 1.123438e-02 3.810915e-04
4.087500e+03 4.412500e+03 1.150000e+03 1.133436e-02 3.810915e-04
4.187500e+03 4.412500e+03 1.150000e+03 1.182107e-02 3.810915e-04
4.287500e+03 4.412500e+03 1.175000e+03 1.110451e-02 3.810915e-04
4.387500e+03 4.412500e+03 1.175000e+03 1.181904e-02 3.810915e-04
4.487500e+03 4.412500e+03 1.200000e+03 1.201323e-02 3.810915e-04
4.587500e+03 4.412500e+03 1.225000e+03 1.200194e-02 3.810915e-04
4.687500e+03 4.412500e+03 1.225000e+03 1.262820e-02 3.810915e-04
4.787500e+03 4.412500e+03 1.250000e+03 1.273284e-02 3.810915e-04
4.887500e+03 4.412500e+03 1.250000e+03 1.315005e-02 3.810915e-04
4.987500e+03 4.412500e+03 1.250000e+03 1.273044e-02 3.810915e-04
5.087500e+03 4.412500e+03 1.250000e+03 1.381323e-02 3.810915e-04
5.187500e+03 4.412500e+03 1.275000e+03 1.373484e-02 3.810915e-04
5.287500e+03 4.412500e+03 1.300000e+03 1.354016e-02 3.810915e-04
5.387500e+03 4.412500e+03 1.350000e+03 1.310074e-02 3.810915e-04
5.487500e+03 4.412500e+03 1.375000e+03 1.318225e-02 3.810915e-04
5.587500e+03 4.412500e+03 1.375000e+03 1.381941e-02 3.810915e-04
5.687500e+03 4.412500e+03 1.350000e+03 1.292339e-02 3.810915e-04
5.787500e+03 4.412500e+03 1.325000e+03 1.361266e-02 3.810915e-04
5.887500e+03 4.412500e+03 1.325000e+03 1.386604e-02 3.810915e-04
5.987500e+03 4.412500e+03 1.300000e+03 1.449222e-02 3.810915e-04
6.087500e+03 4.412500e+03 1.275000e+03 1.509217e-02 3.810915e-04
6.187500e+03 4.412500e+03 1.275000e+03 1.432462e-02 3.810915e-04
6.287500e+03 4.412500e+03 1.300000e+03 1.358975e-02 3.810915e-04
6.387500e+03 4.412500e+03 1.325000e+03 1.339520e-02 3.810915e-04
6.487500e+03 4.412500e+03 1.325000e+03 1.257684e-02 3.810915e-04
6.587500e+03 4.412500e+03 1.375000e+03 1.268247e-02 3.810915e-04
6.687500e+03 4.412500e+03 1.375000e+03 1.186842e-02 3.810915e-04
6.787500e+03 4.412500e+03 1.400000e+03 1.236685e-02 3.810915e-04
6.887500e+03 4.412500e+03 1.400000e+03 1.135281e-02 3.810915e-04
6.987500e+03 4.412500e+03 1.425000e+03 1.147632e-02 3.810915e-04
3.487500e+03 4.512500e+03 1.175000e+03 1.195051e-02 3.810915e-04
3.587500e+03 4.512500e+03 1.175000e+03 1.205289e-02 3.810915e-04
3.687500e+03 4.512500e+03 1.150000e+03 1.123724e-02 3.810915e-04
3.787500e+03 4.512500e+03 1.125000e+03 1.148596e-02 3.810915e-04
3.887500e+03 4.512500e+03 1.125000e+03 1.060956e-02 3.810915e-04
3.987500e+03 4.512500e+03 1.125000e+03 1.063854e-02 3.810915e-04
4.087500e+03 4.512500e+03 1.150000e+03 1.150116e-02 3.810915e-04
4.187500e+03 4.512500e+03 1.150000e+03 1.131766e-02 3.810915e-04
4.287500e+03 4.512500e+03 1.175000e+03 1.090810e-02 3.810915e-04
4.387500e+03 4.512500e+03 1.175000e+03 1.113301e-02 3.810915e-04
4.487500e+03 4.512500e+03 1.200000e+03 1.249999e-02 3.810915e-04
4.587500e+03 4.512500e+03 1.225000e+03 1.234855e-02 3.810915e-04
4.687500e+03 4.512500e+03 1.250000e+03 1.308772e-02 3.810915e-04
4.787500e+03 4.512500e+03 1.250000e+03 1.308483e-02 3.810915e-04
4.887500e+03 4.512500e+03 1.275000e+03 1.332366e-02 3.810915e-04
4.987500e+03 4.512500e+03 1.275000e+03 1.336846e-02 3.810915e-04
5.087500e+03 4.512500e+03 1.275000e+03 1.307730e-02 3.810915e-04
5.187500e+03 4.512500e+03 1.275000e+03 1.346407e-02 3.810915e-04
5.287500e+03 4.512500e+03 1.300000e+03 1.399215e-02 3.810915e-04
5.387500e+03 4.512500e+03 1.325000e+03 1.392365e-02 3.810915e-04
5.487500e+03 4.512500e+03 1.375000e+03 1.365481e-02 3.810915e-04
5.587500e+03 4.512500e+03 1.375000e+03 1.364290e-02 3.810915e-04
5.687500e+03 4.512500e+03 1.350000e+03 1.388362e-02 3.810915e-04
5.787500e+03 4.512500e+03 1.325000e+03 1.413919e-02 3.810915e-04
5.887500e+03 4.512500e+03 1.325000e+03 1.415040e-02 3.810915e-04
5.987500e+03 4.512500e+03 1.300000e+03 1.415811e-02 3.810915e-04
6.087500e+03 4.512500e+03 1.300000e+03 1.437919e-02 3.810915e-04
6.187500e+03 4.512500e+03 1.275000e+03 1.498472e-02 3.810915e-04
6.287500e+03 4.512500e+03 1.300000e+03 1.486659e-02 3.810915e-04
6.387500e+03 4.512500e+03 1.300000e+03 1.403307e-02 3.810915e-04
6.487500e+03 4.512500e+03 1.325000e+03 1.240160e-02 3.810915e-04
6.587500e+03 4.512500e+03 1.350000e+03 1.230538e-02 3.810915e-04
6.687500e+03 4.512500e+03 1.375000e+03 1.141371e-02 3.810915e-04
6.787500e+03 4.512500e+03 1.375000e+03 1.196511e-02 3.810915e-04
6.887500e+03 4.512500e+03 1.425000e+03 1.257896e-02 3.810915e-04
6.987500e+03 4.512500e+03 1.450000e+03 1.171231e-02 3.810915e-04
3.487500e+03 4.612500e+03 1.175000e+03 1.232933e-02 3.810915e-04
3.587500e+03 4.612500e+03 1.175000e+03 1.139026e-02 3.810915e-04
3.687500e+03 4.612500e+03 1.150000e+03 1.154712e-02 3.810915e-04
3.787500e+03 4.612500e+03 1.125000e+03 1.177851e-02 3.810915e-04
3.887500e+03 4.612500e+03 1.125000e+03 1.197044e-02 3.810915e-04
3.987500e+03 4.612500e+03 1.150000e+03 1.041815e-02 3.810915e-04
4.087500e+03 4.612500e+03 1.150000e+03 1.019030e-02 3.810915e-04
4.187500e+03 4.612500e+03 1.175000e+03 1.089699e-02 3.810915e-04
4.287500e+03 4.612500e+03 1.175000e+03 1.138607e-02 3.810915e-04
4.387500e+03 4.612500e+03 1.200000e+03 1.209429e-02 3.810915e-04
4.487500e+03 4.612500e+03 1.200000e+03 1.166302e-02 3.810915e-04
4.587500e+03 4.612500e+03 1.225000e+03 1.249711e-02 3.810915e-04
4.687500e+03 4.612500e+03 1.250000e+03 1.292069e-02 3.810915e-04
4.787500e+03 4.612500e+03 1.250000e+03 1.319879e-02 3.810915e-04
4.887500e+03 4.612500e+03 1.275000e+03 1.286598e-02 3.810915e-04
4.987500e+03 4.612500e+03 1.275000e+03 1.384511e-02 3.810915e-04
5.087500e+03 4.612500e+03 1.300000e+03 1.370610e-02 3.810915e-04
5.187500e+03 4.612500e+03 1.300000e+03 1.373738e-02 3.810915e-04
5.287500e+03 4.612500e+03 1.300000e+03 1.397032e-02 3.810915e-04
5.387500e+03 4.612500e+03 1.325000e+03 1.417907e-02 3.810915e-04
5.487500e+03 4.612500e+03 1.375000e+03 1.370106e-02 3.810915e-04
5.587500e+03 4.612500e+03 1.400000e+03 1.355800e-02 3.810915e-04
5.687500e+03 4.612500e+03 1.375000e+03 1.397542e-02 3.810915e-04
5.787500e+03 4.612500e+03 1.350000e+03 1.437048e-02 3.810915e-04
5.887500e+03 4.612500e+03 1.350000e+03 1.386036e-02 3.810915e-04
5.987500e+03 4.612500e+03 1.325000e+03 1.409935e-02 3.810915e-04
6.087500e+03 4.612500e+03 1.300000e+03 1.435498e-02 3.810915e-04
6.187500e+03 4.612500e+03 1.275000e+03 1.530515e-02 3.810915e-04
6.287500e+03 4.612500e+03 1.275000e+03 1.545248e-02 3.810915e-04
6.387500e+03 4.612500e+03 1.300000e+03 1.488873e-02 3.810915e-04
6.487500e+03 4.612500e+03 1.325000e+03 1.393655e-02 3.810915e-04
6.587500e+03 4.612500e+03 1.325000e+03 1.282284e-02 3.810915e-04
6.687500e+03 4.612500e+03 1.350000e+03 1.274157e-02 3.810915e-04
6.787500e+03 4.612500e+03 1.375000e+03 1.171016e-02 3.810915e-04
6.887500e+03 4.612500e+03 1.400000e+03 1.118373e-02 3.810915e-04
6.987500e+03 4.612500e+03 1.450000e+03 1.192381e-02 3.810915e-04
3.487500e+03 4.712500e+03 1.175000e+03 1.174980e-02 3.810915e-04
3.587500e+03 4.712500e+03 1.150000e+03 1.162639e-02 3.810915e-04
3.687500e+03 4.712500e+03 1.150000e+03 1.130810e-02 3.810915e-04
3.787500e+03 4.712500e+03 1.125000e+03 1.047012e-02 3.810915e-04
3.887500e+03 4.712500e+03 1.125000e+03 1.061509e-02 3.810915e-04
3.987500e+03 4.712500e+03 1.150000e+03 1.045888e-02 3.810915e-04
4.087500e+03 4.712500e+03 1.175000e+03 1.034328e-02 3.810915e-04
4.187500e+03 4.712500e+03 1.175000e+03 1.151300e-02 3.810915e-04
4.287500e+03 4.712500e+03 1.175000e+03 1.043915e-02 3.810915e-04
4.387500e+03 4.712500e+03 1.200000e+03 1.156356e-02 3.810915e-04
4.487500e+03 4.712500e+03 1.225000e+03 1.124898e-02 3.810915e-04
4.587500e+03 4.712500e+03 1.250000e+03 1.254757e-02 3.810915e-04
4.687500e+03 4.712500e+03 1.250000e+03 1.300829e-02 3.810915e-04
4.787500e+03 4.712500e+03 1.250000e+03 1.306250e-02 3.810915e-04
4.887500e+03 4.712500e+03 1.275000e+03 1.304773e-02 3.810915e-04
4.987500e+03 4.712500e+03 1.275000e+03 1.422371e-02 3.810915e-04
5.087500e+03 4.712500e+03 1.300000e+03 1.370413e-02 3.810915e-04
5.187500e+03 4.712500e+03 1.300000e+03 1.420598e-02 3.810915e-04
5.287500e+03 4.712500e+03 1.300000e+03 1.421914e-02 3.810915e-04
5.387500e+03 4.712500e+03 1.325000e+03 1.338345e-02 3.810915e-04
5.487500e+03 4.712500e+03 1.350000e+03 1.395234e-02 3.810915e-04
5.587500e+03 4.712500e+03 1.400000e+03 1.368082e-02 3.810915e-04
5.687500e+03 4.712500e+03 1.400000e+03 1.349348e-02 3.810915e-04
5.787500e+03 4.712500e+03 1.350000e+03 1.367102e-02 3.810915e-04
5.887500e+03 4.712500e+03 1.350000e+03 1.385396e-02 3.810915e-04
5.987500e+03 4.712500e+03 1.325000e+03 1.385770e-02 3.810915e-04
6.087500e+03 4.712500e+03 1.325000e+03 1.458508e-02 3.810915e-04
6.187500e+03 4.712500e+03 1.300000e+03 1.521749e-02 3.810915e-04
6.287500e+03 4.712500e+03 1.300000e+03 1.549410e-02 3.810915e-04
6.387500e+03 4.712500e+03 1.300000e+03 1.559151e-02 3.810915e-04
6.487500e+03 4.712500e+03 1.350000e+03 1.399304e-02 3.810915e-04
6.587500e+03 4.712500e+03 1.350000e+03 1.349861e-02 3.810915e-04
6.687500e+03 4.712500e+03 1.375000e+03 1.367242e-02 3.810915e-04
6.787500e+03 4.712500e+03 1.375000e+03 1.265783e-02 3.810915e-04
6.887500e+03 4.712500e+03 1.400000e+03 1.164818e-02 3.810915e-04
6.987500e+03 4.712500e+03 1.425000e+03 1.201277e-02 3.810915e-04
3.487500e+03 4.812500e+03 1.175000e+03 1.149509e-02 3.810915e-04
3.587500e+03 4.812500e+03 1.150000e+03 1.153066e-02 3.810915e-04
3.687500e+03 4.812500e+03 1.125000e+03 1.081348e-02 3.810915e-04
3.787500e+03 4.812500e+03 1.125000e+03 9.883352e-03 3.810915e-04
3.887500e+03 4.812500e+03 1.125000e+03 1.006229e-02 3.810915e-04
3.987500e+03 4.812500e+03 1.150000e+03 1.121941e-02 3.810915e-04
4.087500e+03 4.812500e+03 1.175000e+03 1.083190e-02 3.810915e-04
4.187500e+03 4.812500e+03 1.175000e+03 1.071852e-02 3.810915e-04
4.287500e+03 4.812500e+03 1.175000e+03 1.086676e-02 3.810915e-04
4.387500e+03 4.812500e+03 1.200000e+03 1.118317e-02 3.810915e-04
4.487500e+03 4.812500e+03 1.250000e+03 1.153337e-02 3.810915e-04
4.587500e+03 4.812500e+03 1.250000e+03 1.175337e-02 3.810915e-04
4.687500e+03 4.812500e+03 1.275000e+03 1.254256e-02 3.810915e-04
4.787500e+03 4.812500e+03 1.275000e+03 1.311710e-02 3.810915e-04
4.887500e+03 4.812500e+03 1.275000e+03 1.325277e-02 3.810915e-04
4.987500e+03 4.812500e+03 1.275000e+03 1.360355e-02 3.810915e-04
5.087500e+03 4.812500e+03 1.275000e+03 1.396353e-02 3.810915e-04
5.187500e+03 4.812500e+03 1.275000e+03 1.401836e-02 3.810915e-04
5.287500e+03 4.812500e+03 1.275000e+03 1.396478e-02 3.810915e-04
5.387500e+03 4.812500e+03 1.300000e+03 1.482900e-02 3.810915e-04
5.487500e+03 4.812500e+03 1.350000e+03 1.449804e-02 3.810915e-04
5.587500e+03 4.812500e+03 1.375000e+03 1.401149e-02 3.810915e-04
5.687500e+03 4.812500e+03 1.400000e+03 1.369268e-02 3.810915e-04
5.787500e+03 4.812500e+03 1.375000e+03 1.371460e-02 3.810915e-04
5.887500e+03 4.812500e+03 1.350000e+03 1.442906e-02 3.810915e-04
5.987500e+03 4.812500e+03 1.350000e+03 1.413759e-02 3.810915e-04
6.087500e+03 4.812500e+03 1.350000e+03 1.270750e-02 3.810915e-04
6.187500e+03 4.812500e+03 1.325000e+03 1.468592e-02 3.810915e-04
6.287500e+03 4.812500e+03 1.300000e+03 1.510659e-02 3.810915e-04
6.387500e+03 4.812500e+03 1.300000e+03 1.580742e-02 3.810915e-04
6.487500e+03 4.812500e+03 1.325000e+03 1.473434e-02 3.810915e-04
6.587500e+03 4.812500e+03 1.350000e+03 1.341743e-02 3.810915e-04
6.687500e+03 4.812500e+03 1.375000e+03 1.265190e-02 3.810915e-04
6.787500e+03 4.812500e+03 1.400000e+03 1.289135e-02 3.810915e-04
6.887500e+03 4.812500e+03 1.400000e+03 1.259783e-02 3.810915e-04
6.987500e+03 4.812500e+03 1.425000e+03 1.199437e-02 3.810915e-04
3.487500e+03 4.912500e+03 1.175000e+03 1.172880e-02 3.810915e-04
3.587500e+03 4.912500e+03 1.125000e+03 1.102540e-02 3.810915e-04
3.687500e+03 4.912500e+03 1.125000e+03 1.079818e-02 3.810915e-04
3.787500e+03 4.912500e+03 1.125000e+03 1.009461e-02 3.810915e-04
3.887500e+03 4.912500e+03 1.125000e+03 1.084610e-02 3.810915e-04
3.987500e+03 4.912500e+03 1.150000e+03 1.120876e-02 3.810915e-04
4.087500e+03 4.912500e+03 1.175000e+03 1.118753e-02 3.810915e-04
4.187500e+03 4.912500e+03 1.175000e+03 1.062466e-02 3.810915e-04
4.287500e+03 4.912500e+03 1.200000e+03 1.093465e-02 3.810915e-04
4.387500e+03 4.912500e+03 1.200000e+03 1.120951e-02 3.810915e-04
4.487500e+03 4.912500e+03 1.225000e+03 1.140170e-02 3.810915e-04
4.587500e+03 4.912500e+03 1.250000e+03 1.141774e-02 3.810915e-04
4.687500e+03 4.912500e+03 1.275000e+03 1.211962e-02 3.810915e-04
4.787500e+03 4.912500e+03 1.300000e+03 1.363065e-02 3.810915e-04
4.887500e+03 4.912500e+03 1.300000e+03 1.288194e-02 3.810915e-04
4.987500e+03 4.912500e+03 1.275000e+03 1.366693e-02 3.810915e-04
5.087500e+03 4.912500e+03 1.275000e+03 1.403182e-02 3.810915e-04
5.187500e+03 4.912500e+03 1.275000e+03 1.417477e-02 3.810915e-04
5.287500e+03 4.912500e+03 1.275000e+03 1.423718e-02 3.810915e-04
5.387500e+03 4.912500e+03 1.300000e+03 1.364308e-02 3.810915e-04
5.487500e+03 4.912500e+03 1.325000e+03 1.423832e-02 3.810915e-04
5.587500e+03 4.912500e+03 1.350000e+03 1.375906e-02 3.810915e-04
5.687500e+03 4.912500e+03 1.375000e+03 1.384311e-02 3.810915e-04
5.787500e+03 4.912500e+03 1.400000e+03 1.427610e-02 3.810915e-04
5.887500e+03 4.912500e+03 1.375000e+03 1.397476e-02 3.810915e-04
5.987500e+03 4.912500e+03 1.375000e+03 1.322391e-02 3.810915e-04
6.087500e+03 4.912500e+03 1.350000e+03 1.385456e-02 3.810915e-04
6.187500e+03 4.912500e+03 1.350000e+03 1.401487e-02 3.810915e-04
6.287500e+03 4.912500e+03 1.325000e+03 1.378810e-02 3.810915e-04
6.387500e+03 4.912500e+03 1.300000e+03 1.567834e-02 3.810915e-04
6.487500e+03 4.912500e+03 1.325000e+03 1.508185e-02 3.810915e-04
6.587500e+03 4.912500e+03 1.325000e+03 1.368218e-02 3.810915e-04
6.687500e+03 4.912500e+03 1.350000e+03 1.311225e-02 3.810915e-04
6.787500e+03 4.912500e+03 1.400000e+03 1.288860e-02 3.810915e-04
6.887500e+03 4.912500e+03 1.425000e+03 1.221492e-02 3.810915e-04
6.987500e+03 4.912500e+03 1.450000e+03 1.255032e-02 3.810915e-04
3.487500e+03 5.012500e+03 1.150000e+03 1.098780e-02 3.810915e-04
3.587500e+03 5.012500e+03 1.125000e+03 9.972655e-03 3.810915e-04
3.687500e+03 5.012500e+03 1.125000e+03 9.974474e-03 3.810915e-04
3.787500e+03 5.012500e+03 1.125000e+03 9.822962e-03 3.810915e-04
3.887500e+03 5.012500e+03 1.150000e+03 1.059373e-02 3.810915e-04
3.987500e+03 5.012500e+03 1.175000e+03 1.029271e-02 3.810915e-04
4.087500e+03 5.012500e+03 1.175000e+03 1.049088e-02 3.810915e-04
4.187500e+03 5.012500e+03 1.200000e+03 1.085946e-02 3.810915e-04
4.287500e+03 5.012500e+03 1.200000e+03 1.095774e-02 3.810915e-04
4.387500e+03 5.012500e+03 1.225000e+03 1.141542e-02 3.810915e-04
4.487500e+03 5.012500e+03 1.225000e+03 1.140047e-02 3.810915e-04
4.587500e+03 5.012500e+03 1.250000e+03 1.078621e-02 3.810915e-04
4.687500e+03 5.012500e+03 1.275000e+03 1.226808e-02 3.810915e-04
4.787500e+03 5.012500e+03 1.300000e+03 1.188618e-02 3.810915e-04
4.887500e+03 5.012500e+03 1.300000e+03 1.337959e-02 3.810915e-04
4.987500e+03 5.012500e+03 1.300000e+03 1.397735e-02 3.810915e-04
5.087500e+03 5.012500e+03 1.275000e+03 1.233891e-02 3.810915e-04
5.187500e+03 5.012500e+03 1.275000e+03 1.383498e-02 3.810915e-04
5.287500e+03 5.012500e+03 1.275000e+03 1.400473e-02 3.810915e-04
5.387500e+03 5.012500e+03 1.300000e+03 1.398867e-02 3.810915e-04
5.487500e+03 5.012500e+03 1.300000e+03 1.340414e-02 3.810915e-04
5.587500e+03 5.012500e+03 1.325000e+03 1.402768e-02 3.810915e-04
5.687500e+03 5.012500e+03 1.325000e+03 1.396677e-02 3.810915e-04
5.787500e+03 5.012500e+03 1.375000e+03 1.444907e-02 3.810915e-04
5.887500e+03 5.012500e+03 1.400000e+03 1.360505e-02 3.810915e-04
5.987500e+03 5.012500e+03 1.400000e+03 1.325143e-02 3.810915e-04
6.087500e+03 5.012500e+03 1.375000e+03 1.309555e-02 3.810915e-04
6.187500e+03 5.012500e+03 1.375000e+03 1.333923e-02 3.810915e-04
6.287500e+03 5.012500e+03 1.350000e+03 1.332616e-02 3.810915e-04
6.387500e+03 5.012500e+03 1.325000e+03 1.455190e-02 3.810915e-04
6.487500e+03 5.012500e+03 1.300000e+03 1.564288e-02 3.810915e-04
6.587500e+03 5.012500e+03 1.325000e+03 1.465466e-02 3.810915e-04
6.687500e+03 5.012500e+03 1.350000e+03 1.275767e-02 3.810915e-04
6.787500e+03 5.012500e+03 1.375000e+03 1.346677e-02 3.810915e-04
6.887500e+03 5.012500e+03 1.375000e+03 1.292924e-02 3.810915e-04
6.987500e+03 5.012500e+03 1.400000e+03 1.271501e-02 3.810915e-04
3.487500e+03 5.112500e+03 1.150000e+03 1.075573e-02 3.810915e-04
3.587500e+03 5.112500e+03 1.125000e+03 9.904584e-03 3.810915e-04
3.687500e+03 5.112500e+03 1.125000e+03 9.644349e-03 3.810915e-04
3.787500e+03 5.112500e+03 1.150000e+03 1.135131e-02 3.810915e-04
3.887500e+03 5.112500e+03 1.150000e+03 1.033189e-02 3.810915e-04
3.987500e+03 5.112500e+03 1.175000e+03 1.005015e-02 3.810915e-04
4.087500e+03 5.112500e+03 1.200000e+03 1.043226e-02 3.810915e-04
4.187500e+03 5.112500e+03 1.200000e+03 1.100331e-02 3.810915e-04
4.287500e+03 5.112500e+03 1.200000e+03 1.119426e-02 3.810915e-04
4.387500e+03 5.112500e+03 1.200000e+03 1.061365e-02 3.810915e-04
4.487500e+03 5.112500e+03 1.225000e+03 1.134688e-02 3.810915e-04
4.587500e+03 5.112500e+03 1.275000e+03 1.116487e-02 3.810915e-04
4.687500e+03 5.112500e+03 1.300000e+03 1.210902e-02 3.810915e-04
4.787500e+03 5.112500e+03 1.300000e+03 1.262612e-02 3.810915e-04
4.887500e+03 5.112500e+03 1.325000e+03 1.268237e-02 3.810915e-04
4.987500e+03 5.112500e+03 1.325000e+03 1.296774e-02 3.810915e-04
5.087500e+03 5.112500e+03 1.300000e+03 1.345066e-02 3.810915e-04
5.187500e+03 5.112500e+03 1.275000e+03 1.346660e-02 3.810915e-04
5.287500e+03 5.112500e+03 1.275000e+03 1.362586e-02 3.810915e-04
5.387500e+03 5.112500e+03 1.275000e+03 1.392286e-02 3.810915e-04
5.487500e+03 5.112500e+03 1.300000e+03 1.345910e-02 3.810915e-04
5.587500e+03 5.112500e+03 1.300000e+03 1.297074e-02 3.810915e-04
5.687500e+03 5.112500e+03 1.325000e+03 1.348693e-02 3.810915e-04
5.787500e+03 5.112500e+03 1.350000e+03 1.302448e-02 3.810915e-04
5.887500e+03 5.112500e+03 1.375000e+03 1.305831e-02 3.810915e-04
5.987500e+03 5.112500e+03 1.425000e+03 1.364684e-02 3.810915e-04
6.087500e+03 5.112500e+03 1.400000e+03 1.310379e-02 3.810915e-04
6.187500e+03 5.112500e+03 1.375000e+03 1.303588e-02 3.810915e-04
6.287500e+03 5.112500e+03 1.350000e+03 1.396980e-02 3.810915e-04
6.387500e+03 5.112500e+03 1.325000e+03 1.345205e-02 3.810915e-04
6.487500e+03 5.112500e+03 1.300000e+03 1.534312e-02 3.810915e-04
6.587500e+03 5.112500e+03 1.325000e+03 1.503690e-02 3.810915e-04
6.687500e+03 5.112500e+03 1.350000e+03 1.383315e-02 3.810915e-04
6.787500e+03 5.112500e+03 1.350000e+03 1.321698e-02 3.810915e-04
6.887500e+03 5.112500e+03 1.350000e+03 1.291640e-02 3.810915e-04
6.987500e+03 5.112500e+03 1.375000e+03 1.265550e-02 3.810915e-04
3.487500e+03 5.212500e+03 1.125000e+03 1.072157e-02 3.810915e-04
3.587500e+03 5.212500e+03 1.125000e+03 1.032897e-02 3.810915e-04
3.687500e+03 5.212500e+03 1.125000e+03 9.595306e-03 3.810915e-04
3.787500e+03 5.212500e+03 1.150000e+03 9.557539e-03 3.810915e-04
3.887500e+03 5.212500e+03 1.150000e+03 1.054622e-02 3.810915e-04
3.987500e+03 5.212500e+03 1.175000e+03 1.004888e-02 3.810915e-04
4.087500e+03 5.212500e+03 1.175000e+03 1.072995e-02 3.810915e-04
4.187500e+03 5.212500e+03 1.200000e+03 1.021074e-02 3.810915e-04
4.287500e+03 5.212500e+03 1.200000e+03 1.056556e-02 3.810915e-04
4.387500e+03 5.212500e+03 1.225000e+03 1.027167e-02 3.810915e-04
4.487500e+03 5.212500e+03 1.225000e+03 1.095773e-02 3.810915e-04
4.587500e+03 5.212500e+03 1.250000e+03 1.143318e-02 3.810915e-04
4.687500e+03 5.212500e+03 1.275000e+03 1.133029e-02 3.810915e-04
4.787500e+03 5.212500e+03 1.300000e+03 1.161492e-02 3.810915e-04
4.887500e+03 5.212500e+03 1.300000e+03 1.241537e-02 3.810915e-04
4.987500e+03 5.212500e+03 1.325000e+03 1.268634e-02 3.810915e-04
5.087500e+03 5.212500e+03 1.325000e+03 1.352814e-02 3.810915e-04
5.187500e+03 5.212500e+03 1.300000e+03 1.242749e-02 3.810915e-04
5.287500e+03 5.212500e+03 1.275000e+03 1.350715e-02 3.810915e-04
5.387500e+03 5.212500e+03 1.275000e+03 1.211259e-02 3.810915e-04
5.487500e+03 5.212500e+03 1.275000e+03 1.292509e-02 3.810915e-04
5.587500e+03 5.212500e+03 1.300000e+03 1.252195e-02 3.810915e-04
5.687500e+03 5.212500e+03 1.300000e+03 1.281366e-02 3.810915e-04
5.787500e+03 5.212500e+03 1.325000e+03 1.273098e-02 3.810915e-04
5.887500e+03 5.212500e+03 1.350000e+03 1.321486e-02 3.810915e-04
5.987500e+03 5.212500e+03 1.375000e+03 1.239154e-02 3.810915e-04
6.087500e+03 5.212500e+03 1.400000e+03 1.265818e-02 3.810915e-04
6.187500e+03 5.212500e+03 1.400000e+03 1.282201e-02 3.810915e-04
6.287500e+03 5.212500e+03 1.350000e+03 1.290375e-02 3.810915e-04
6.387500e+03 5.212500e+03 1.350000e+03 1.367312e-02 3.810915e-04
6.487500e+03 5.212500e+03 1.325000e+03 1.373815e-02 3.810915e-04
6.587500e+03 5.212500e+03 1.325000e+03 1.527483e-02 3.810915e-04
6.687500e+03 5.212500e+03 1.325000e+03 1.477989e-02 3.810915e-04
6.787500e+03 5.212500e+03 1.325000e+03 1.313907e-02 3.810915e-04
6.887500e+03 5.212500e+03 1.325000e+03 1.253399e-02 3.810915e-04
6.987500e+03 5.212500e+03 1.350000e+03 1.275066e-02 3.810915e-04
3.487500e+03 5.312500e+03 1.125000e+03 1.036609e-02 3.810915e-04
3.587500e+03 5.312500e+03 1.125000e+03 9.935530e-03 3.810915e-04
3.687500e+03 5.312500e+03 1.150000e+03 1.031213e-02 3.810915e-04
3.787500e+03 5.312500e+03 1.150000e+03 1.040445e-02 3.810915e-04
3.887500e+03 5.312500e+03 1.150000e+03 9.107869e-03 3.810915e-04
3.987500e+03 5.312500e+03 1.150000e+03 1.008515e-02 3.810915e-04
4.087500e+03 5.312500e+03 1.175000e+03 9.834811e-03 3.810915e-04
4.187500e+03 5.312500e+03 1.175000e+03 1.048720e-02 3.810915e-04
4.287500e+03 5.312500e+03 1.200000e+03 9.709432e-03 3.810915e-04
4.387500e+03 5.312500e+03 1.225000e+03 1.074728e-02 3.810915e-04
4.487500e+03 5.312500e+03 1.225000e+03 1.024050e-02 3.810915e-04
4.587500e+03 5.312500e+03 1.225000e+03 1.112257e-02 3.810915e-04
4.687500e+03 5.312500e+03 1.250000e+03 1.129731e-02 3.810915e-04
4.787500e+03 5.312500e+03 1.250000e+03 1.247105e-02 3.810915e-04
4.887500e+03 5.312500e+03 1.275000e+03 1.145460e-02 3.810915e-04
4.987500e+03 5.312500e+03 1.300000e+03 1.248703e-02 3.810915e-04
5.087500e+03 5.312500e+03 1.325000e+03 1.266083e-02 3.810915e-04
5.187500e+03 5.312500e+03 1.325000e+03 1.203622e-02 3.810915e-04
5.287500e+03 5.312500e+03 1.300000e+03 1.280032e-02 3.810915e-04
5.387500e+03 5.312500e+03 1.275000e+03 1.160420e-02 3.810915e-04
5.487500e+03 5.312500e+03 1.275000e+03 1.271766e-02 3.810915e-04
5.587500e+03 5.312500e+03 1.275000e+03 1.148870e-02 3.810915e-04
5.687500e+03 5.312500e+03 1.300000e+03 1.073981e-02 3.810915e-04
5.787500e+03 5.312500e+03 1.300000e+03 1.125022e-02 3.810915e-04
5.887500e+03 5.312500e+03 1.325000e+03 1.218006e-02 3.810915e-04
5.987500e+03 5.312500e+03 1.350000e+03 1.160035e-02 3.810915e-04
6.087500e+03 5.312500e+03 1.350000e+03 1.195954e-02 3.810915e-04
6.187500e+03 5.312500e+03 1.375000e+03 1.270633e-02 3.810915e-04
6.287500e+03 5.312500e+03 1.375000e+03 1.290238e-02 3.810915e-04
6.387500e+03 5.312500e+03 1.350000e+03 1.337252e-02 3.810915e-04
6.487500e+03 5.312500e+03 1.350000e+03 1.260654e-02 3.810915e-04
6.587500e+03 5.312500e+03 1.325000e+03 1.448627e-02 3.810915e-04
6.687500e+03 5.312500e+03 1.325000e+03 1.418516e-02 3.810915e-04
6.787500e+03 5.312500e+03 1.325000e+03 1.295918e-02 3.810915e-04
6.887500e+03 5.312500e+03 1.325000e+03 1.357226e-02 3.810915e-04
6.987500e+03 5.312500e+03 1.350000e+03 1.312501e-02 3.810915e-04
3.487500e+03 5.412500e+03 1.125000e+03 1.027540e-02 3.810915e-04
3.587500e+03 5.412500e+03 1.150000e+03 1.016361e-02 3.810915e-04
3.687500e+03 5.412500e+03 1.150000e+03 8.910433e-03 3.810915e-04
3.787500e+03 5.412500e+03 1.150000e+03 1.009239e-02 3.810915e-04
3.887500e+03 5.412500e+03 1.150000e+03 1.075693e-02 3.810915e-04
3.987500e+03 5.412500e+03 1.175000e+03 1.077322e-02 3.810915e-04
4.087500e+03 5.412500e+03 1.175000e+03 1.081417e-02 3.810915e-04
4.187500e+03 5.412500e+03 1.200000e+03 9.836188e-03 3.810915e-04
4.287500e+03 5.412500e+03 1.225000e+03 1.025957e-02 3.810915e-04
4.387500e+03 5.412500e+03 1.225000e+03 1.065062e-02 3.810915e-04
4.487500e+03 5.412500e+03 1.250000e+03 1.036406e-02 3.810915e-04
4.587500e+03 5.412500e+03 1.275000e+03 1.078486e-02 3.810915e-04
4.687500e+03 5.412500e+03 1.250000e+03 1.113885e-02 3.810915e-04
4.787500e+03 5.412500e+03 1.250000e+03 1.095082e-02 3.810915e-04
4.887500e+03 5.412500e+03 1.275000e+03 1.146114e-02 3.810915e-04
4.987500e+03 5.412500e+03 1.275000e+03 1.168263e-02 3.810915e-04
5.087500e+03 5.412500e+03 1.275000e+03 1.153328e-02 3.810915e-04
5.187500e+03 5.412500e+03 1.325000e+03 1.155827e-02 3.810915e-04
5.287500e+03 5.412500e+03 1.325000e+03 1.172672e-02 3.810915e-04
5.387500e+03 5.412500e+03 1.300000e+03 1.150842e-02 3.810915e-04
5.487500e+03 5.412500e+03 1.275000e+03 1.139269e-02 3.810915e-04
5.587500e+03 5.412500e+03 1.275000e+03 1.134234e-02 3.810915e-04
5.687500e+03 5.412500e+03 1.300000e+03 1.142853e-02 3.810915e-04
5.787500e+03 5.412500e+03 1.300000e+03 1.145533e-02 3.810915e-04
5.887500e+03 5.412500e+03 1.300000e+03 1.174686e-02 3.810915e-04
5.987500e+03 5.412500e+03 1.325000e+03 1.101995e-02 3.810915e-04
6.087500e+03 5.412500e+03 1.325000e+03 1.218989e-02 3.810915e-04
6.187500e+03 5.412500e+03 1.350000e+03 1.187031e-02 3.810915e-04
6.287500e+03 5.412500e+03 1.350000e+03 1.222125e-02 3.810915e-04
6.387500e+03 5.412500e+03 1.400000e+03 1.253612e-02 3.810915e-04
6.487500e+03 5.412500e+03 1.400000e+03 1.251545e-02 3.810915e-04
6.587500e+03 5.412500e+03 1.375000e+03 1.302859e-02 3.810915e-04
6.687500e+03 5.412500e+03 1.350000e+03 1.325175e-02 3.810915e-04
6.787500e+03 5.412500e+03 1.325000e+03 1.378641e-02 3.810915e-04
6.887500e+03 5.412500e+03 1.325000e+03 1.279601e-02 3.810915e-04
6.987500e+03 5.412500e+03 1.325000e+03 1.228114e-02 3.810915e-04
3.487500e+03 5.512500e+03 1.125000e+03 9.703275e-03 3.810915e-04
3.587500e+03 5.512500e+03 1.150000e+03 9.734867e-03 3.810915e-04
3.687500e+03 5.512500e+03 1.150000e+03 9.872893e-03 3.810915e-04
3.787500e+03 5.512500e+03 1.175000e+03 1.023213e-02 3.810915e-04
3.887500e+03 5.512500e+03 1.150000e+03 1.038048e-02 3.810915e-04
3.987500e+03 5.512500e+03 1.175000e+03 1.038399e-02 3.810915e-04
4.087500e+03 5.512500e+03 1.175000e+03 9.479635e-03 3.810915e-04
4.187500e+03 5.512500e+03 1.200000e+03 9.640812e-03 3.810915e-04
4.287500e+03 5.512500e+03 1.200000e+03 1.027302e-02 3.810915e-04
4.387500e+03 5.512500e+03 1.225000e+03 9.928486e-03 3.810915e-04
4.487500e+03 5.512500e+03 1.250000e+03 1.135355e-02 3.810915e-04
4.587500e+03 5.512500e+03 1.275000e+03 1.055196e-02 3.810915e-04
4.687500e+03 5.512500e+03 1.275000e+03 1.098521e-02 3.810915e-04
4.787500e+03 5.512500e+03 1.275000e+03 1.128552e-02 3.810915e-04
4.887500e+03 5.512500e+03 1.300000e+03 1.142621e-02 3.810915e-04
4.987500e+03 5.512500e+03 1.300000e+03 1.112437e-02 3.810915e-04
5.087500e+03 5.512500e+03 1.275000e+03 1.152329e-02 3.810915e-04
5.187500e+03 5.512500e+03 1.300000e+03 1.206988e-02 3.810915e-04
5.287500e+03 5.512500e+03 1.325000e+03 1.108539e-02 3.810915e-04
5.387500e+03 5.512500e+03 1.300000e+03 1.107511e-02 3.810915e-04
5.487500e+03 5.512500e+03 1.300000e+03 1.146353e-02 3.810915e-04
5.587500e+03 5.512500e+03 1.300000e+03 1.099115e-02 3.810915e-04
5.687500e+03 5.512500e+03 1.300000e+03 1.107843e-02 3.810915e-04
5.787500e+03 5.512500e+03 1.300000e+03 1.116035e-02 3.810915e-04
5.887500e+03 5.512500e+03 1.300000e+03 1.145226e-02 3.810915e-04
5.987500e+03 5.512500e+03 1.300000e+03 1.113297e-02 3.810915e-04
6.087500e+03 5.512500e+03 1.300000e+03 1.126612e-02 3.810915e-04
6.187500e+03 5.512500e+03 1.325000e+03 1.169659e-02 3.810915e-04
6.287500e+03 5.512500e+03 1.375000e+03 1.263161e-02 3.810915e-04
6.387500e+03 5.512500e+03 1.400000e+03 1.223914e-02 3.810915e-04
6.487500e+03 5.512500e+03 1.425000e+03 1.218147e-02 3.810915e-04
6.587500e+03 5.512500e+03 1.400000e+03 1.322784e-02 3.810915e-04
6.687500e+03 5.512500e+03 1.350000e+03 1.335036e-02 3.810915e-04
6.787500e+03 5.512500e+03 1.350000e+03 1.389215e-02 3.810915e-04
6.887500e+03 5.512500e+03 1.350000e+03 1.307362e-02 3.810915e-04
6.987500e+03 5.512500e+03 1.325000e+03 1.253414e-02 3.810915e-04


DATATYPE MOBILEMT
FREQUENCY 100.0
N_RECV 1117
19987.5 -12.5 975.0 i i i i i i i i
3.487500e+03 2.512500e+03 1.250000e+03 1.690885e-02 5.144555e-04
3.587500e+03 2.512500e+03 1.225000e+03 1.618187e-02 5.144555e-04
3.687500e+03 2.512500e+03 1.225000e+03 1.676571e-02 5.144555e-04
3.787500e+03 2.512500e+03 1.200000e+03 1.617086e-02 5.144555e-04
3.887500e+03 2.512500e+03 1.200000e+03 1.514840e-02 5.144555e-04
3.987500e+03 2.512500e+03 1.200000e+03 1.641483e-02 5.144555e-04
4.087500e+03 2.512500e+03 1.200000e+03 1.580590e-02 5.144555e-04
4.187500e+03 2.512500e+03 1.200000e+03 1.497155e-02 5.144555e-04
4.287500e+03 2.512500e+03 1.200000e+03 1.580878e-02 5.144555e-04
4.387500e+03 2.512500e+03 1.200000e+03 1.650980e-02 5.144555e-04
4.487500e+03 2.512500e+03 1.200000e+03 1.512007e-02 5.144555e-04
4.587500e+03 2.512500e+03 1.175000e+03 1.522627e-02 5.144555e-04
4.687500e+03 2.512500e+03 1.175000e+03 1.494734e-02 5.144555e-04
4.787500e+03 2.512500e+03 1.150000e+03 1.585159e-02 5.144555e-04
4.887500e+03 2.512500e+03 1.150000e+03 1.501378e-02 5.144555e-04
4.987500e+03 2.512500e+03 1.150000e+03 1.571701e-02 5.144555e-04
5.087500e+03 2.512500e+03 1.175000e+03 1.575473e-02 5.144555e-04
5.187500e+03 2.512500e+03 1.175000e+03 1.518059e-02 5.144555e-04
5.287500e+03 2.512500e+03 1.200000e+03 1.655511e-02 5.144555e-04
5.387500e+03 2.512500e+03 1.200000e+03 1.525629e-02 5.144555e-04
5.487500e+03 2.512500e+03 1.200000e+03 1.645955e-02 5.144555e-04
5.587500e+03 2.512500e+03 1.225000e+03 1.543355e-02 5.144555e-04
5.687500e+03 2.512500e+03 1.225000e+03 1.693835e-02 5.144555e-04
5.787500e+03 2.512500e+03 1.250000e+03 1.718787e-02 5.144555e-04
5.887500e+03 2.512500e+03 1.225000e+03 1.658839e-02 5.144555e-04
5.987500e+03 2.512500e+03 1.225000e+03 1.655733e-02 5.144555e-04
6.087500e+03 2.512500e+03 1.225000e+03 1.730390e-02 5.144555e-04
6.187500e+03 2.512500e+03 1.225000e+03 1.702125e-02 5.144555e-04
6.287500e+03 2.512500e+03 1.250000e+03 1.801560e-02 5.144555e-04
6.387500e+03 2.512500e+03 1.250000e+03 1.789485e-02 5.144555e-04
6.487500e+03 2.512500e+03 1.250000e+03 1.869209e-02 5.144555e-04
6.587500e+03 2.512500e+03 1.250000e+03 1.870199e-02 5.144555e-04
6.687500e+03 2.512500e+03 1.250000e+03 1.856130e-02 5.144555e-04
6.787500e+03 2.512500e+03 1.250000e+03 1.704222e-02 5.144555e-04
6.887500e+03 2.512500e+03 1.250000e+03 1.689912e-02 5.144555e-04
6.987500e+03 2.512500e+03 1.250000e+03 1.821171e-02 5.144555e-04
3.487500e+03 2.612500e+03 1.225000e+03 1.578643e-02 5.144555e-04
3.587500e+03 2.612500e+03 1.225000e+03 1.540891e-02 5.144555e-04
3.687500e+03 2.612500e+03 1.225000e+03 1.669310e-02 5.144555e-04
3.787500e+03 2.612500e+03 1.225000e+03 1.512129e-02 5.144555e-04
3.887500e+03 2.612500e+03 1.200000e+03 1.523247e-02 5.144555e-04
3.987500e+03 2.612500e+03 1.200000e+03 1.671040e-02 5.144555e-04
4.087500e+03 2.612500e+03 1.200000e+03 1.485822e-02 5.144555e-04
4.187500e+03 2.612500e+03 1.175000e+03 1.447918e-02 5.144555e-04
4.287500e+03 2.612500e+03 1.175000e+03 1.520773e-02 5.144555e-04
4.387500e+03 2.612500e+03 1.175000e+03 1.576221e-02 5.144555e-04
4.487500e+03 2.612500e+03 1.175000e+03 1.601410e-02 5.144555e-04
4.587500e+03 2.612500e+03 1.175000e+03 1.636800e-02 5.144555e-04
4.687500e+03 2.612500e+03 1.150000e+03 1.569760e-02 5.144555e-04
4.787500e+03 2.612500e+03 1.150000e+03 1.546880e-02 5.144555e-04
4.887500e+03 2.612500e+03 1.175000e+03 1.548410e-02 5.144555e-04
4.987500e+03 2.612500e+03 1.175000e+03 1.654151e-02 5.144555e-04
5.087500e+03 2.612500e+03 1.175000e+03 1.653520e-02 5.144555e-04
5.187500e+03 2.612500e+03 1.175000e+03 1.541066e-02 5.144555e-04
5.287500e+03 2.612500e+03 1.200000e+03 1.658738e-02 5.144555e-04
5.387500e+03 2.612500e+03 1.200000e+03 1.600331e-02 5.144555e-04
5.487500e+03 2.612500e+03 1.200000e+03 1.592042e-02 5.144555e-04
5.587500e+03 2.612500e+03 1.225000e+03 1.680968e-02 5.144555e-04
5.687500e+03 2.612500e+03 1.225000e+03 1.598341e-02 5.144555e-04
5.787500e+03 2.612500e+03 1.250000e+03 1.710360e-02 5.144555e-04
5.887500e+03 2.612500e+03 1.250000e+03 1.575106e-02 5.144555e-04
5.987500e+03 2.612500e+03 1.225000e+03 1.728696e-02 5.144555e-04
6.087500e+03 2.612500e+03 1.225000e+03 1.715287e-02 5.144555e-04
6.187500e+03 2.612500e+03 1.225000e+03 1.668561e-02 5.144555e-04
6.287500e+03 2.612500e+03 1.250000e+03 1.836916e-02 5.144555e-04
6.387500e+03 2.612500e+03 1.250000e+03 1.748209e-02 5.144555e-04
6.487500e+03 2.612500e+03 1.250000e+03 1.803836e-02 5.144555e-04
6.587500e+03 2.612500e+03 1.250000e+03 1.665366e-02 5.144555e-04
6.687500e+03 2.612500e+03 1.275000e+03 1.850079e-02 5.144555e-04
6.787500e+03 2.612500e+03 1.250000e+03 1.793909e-02 5.144555e-04
6.887500e+03 2.612500e+03 1.250000e+03 1.739116e-02 5.144555e-04
6.987500e+03 2.612500e+03 1.250000e+03 1.616423e-02 5.144555e-04
3.487500e+03 2.712500e+03 1.225000e+03 1.650253e-02 5.144555e-04
3.587500e+03 2.712500e+03 1.225000e+03 1.712138e-02 5.144555e-04
3.687500e+03 2.712500e+03 1.225000e+03 1.670530e-02 5.144555e-04
3.787500e+03 2.712500e+03 1.225000e+03 1.647205e-02 5.144555e-04
3.887500e+03 2.712500e+03 1.225000e+03 1.492479e-02 5.144555e-04
3.987500e+03 2.712500e+03 1.225000e+03 1.621265e-02 5.144555e-04
4.087500e+03 2.712500e+03 1.200000e+03 1.646203e-02 5.144555e-04
4.187500e+03 2.712500e+03 1.200000e+03 1.686342e-02 5.144555e-04
4.287500e+03 2.712500e+03 1.175000e+03 1.550163e-02 5.144555e-04
4.387500e+03 2.712500e+03 1.175000e+03 1.589784e-02 5.144555e-04
4.487500e+03 2.712500e+03 1.175000e+03 1.555029e-02 5.144555e-04
4.587500e+03 2.712500e+03 1.175000e+03 1.573956e-02 5.144555e-04
4.687500e+03 2.712500e+03 1.150000e+03 1.614847e-02 5.144555e-04
4.787500e+03 2.712500e+03 1.150000e+03 1.514226e-02 5.144555e-04
4.887500e+03 2.712500e+03 1.175000e+03 1.523071e-02 5.144555e-04
4.987500e+03 2.712500e+03 1.175000e+03 1.609245e-02 5.144555e-04
5.087500e+03 2.712500e+03 1.200000e+03 1.597790e-02 5.144555e-04
5.187500e+03 2.712500e+03 1.200000e+03 1.614915e-02 5.144555e-04
5.287500e+03 2.712500e+03 1.175000e+03 1.615004e-02 5.144555e-04
5.387500e+03 2.712500e+03 1.200000e+03 1.582269e-02 5.144555e-04
5.487500e+03 2.712500e+03 1.200000e+03 1.535189e-02 5.144555e-04
5.587500e+03 2.712500e+03 1.225000e+03 1.537570e-02 5.144555e-04
5.687500e+03 2.712500e+03 1.225000e+03 1.634115e-02 5.144555e-04
5.787500e+03 2.712500e+03 1.225000e+03 1.683636e-02 5.144555e-04
5.887500e+03 2.712500e+03 1.250000e+03 1.665578e-02 5.144555e-04
5.987500e+03 2.712500e+03 1.250000e+03 1.732563e-02 5.144555e-04
6.087500e+03 2.712500e+03 1.250000e+03 1.661125e-02 5.144555e-04
6.187500e+03 2.712500e+03 1.225000e+03 1.748274e-02 5.144555e-04
6.287500e+03 2.712500e+03 1.225000e+03 1.712372e-02 5.144555e-04
6.387500e+03 2.712500e+03 1.250000e+03 1.786366e-02 5.144555e-04
6.487500e+03 2.712500e+03 1.250000e+03 1.687736e-02 5.144555e-04
6.587500e+03 2.712500e+03 1.275000e+03 1.655205e-02 5.144555e-04
6.687500e+03 2.712500e+03 1.275000e+03 1.710145e-02 5.144555e-04
6.787500e+03 2.712500e+03 1.275000e+03 1.756778e-02 5.144555e-04
6.887500e+03 2.712500e+03 1.250000e+03 1.542833e-02 5.144555e-04
6.987500e+03 2.712500e+03 1.250000e+03 1.451593e-02 5.144555e-04
3.487500e+03 2.812500e+03 1.200000e+03 1.597958e-02 5.144555e-04
3.587500e+03 2.812500e+03 1.225000e+03 1.649863e-02 5.144555e-04
3.687500e+03 2.812500e+03 1.225000e+03 1.583165e-02 5.144555e-04
3.787500e+03 2.812500e+03 1.200000e+03 1.622539e-02 5.144555e-04
3.887500e+03 2.812500e+03 1.200000e+03 1.654436e-02 5.144555e-04
3.987500e+03 2.812500e+03 1.200000e+03 1.662181e-02 5.144555e-04
4.087500e+03 2.812500e+03 1.200000e+03 1.579334e-02 5.144555e-04
4.187500e+03 2.812500e+03 1.175000e+03 1.607000e-02 5.144555e-04
4.287500e+03 2.812500e+03 1.200000e+03 1.635922e-02 5.144555e-04
4.387500e+03 2.812500e+03 1.200000e+03 1.499800e-02 5.144555e-04
4.487500e+03 2.812500e+03 1.200000e+03 1.519896e-02 5.144555e-04
4.587500e+03 2.812500e+03 1.175000e+03 1.613468e-02 5.144555e-04
4.687500e+03 2.812500e+03 1.150000e+03 1.592114e-02 5.144555e-04
4.787500e+03 2.812500e+03 1.150000e+03 1.576116e-02 5.144555e-04
4.887500e+03 2.812500e+03 1.175000e+03 1.563777e-02 5.144555e-04
4.987500e+03 2.812500e+03 1.200000e+03 1.579794e-02 5.144555e-04
5.087500e+03 2.812500e+03 1.200000e+03 1.573348e-02 5.144555e-04
5.187500e+03 2.812500e+03 1.200000e+03 1.552746e-02 5.144555e-04
5.287500e+03 2.812500e+03 1.200000e+03 1.551386e-02 5.144555e-04
5.387500e+03 2.812500e+03 1.200000e+03 1.574697e-02 5.144555e-04
5.487500e+03 2.812500e+03 1.200000e+03 1.537557e-02 5.144555e-04
5.587500e+03 2.812500e+03 1.225000e+03 1.549823e-02 5.144555e-04
5.687500e+03 2.812500e+03 1.225000e+03 1.559268e-02 5.144555e-04
5.787500e+03 2.812500e+03 1.225000e+03 1.611366e-02 5.144555e-04
5.887500e+03 2.812500e+03 1.250000e+03 1.698418e-02 5.144555e-04
5.987500e+03 2.812500e+03 1.250000e+03 1.603003e-02 5.144555e-04
6.087500e+03 2.812500e+03 1.250000e+03 1.772720e-02 5.144555e-04
6.187500e+03 2.812500e+03 1.250000e+03 1.609917e-02 5.144555e-04
6.287500e+03 2.812500e+03 1.250000e+03 1.776444e-02 5.144555e-04
6.387500e+03 2.812500e+03 1.250000e+03 1.678301e-02 5.144555e-04
6.487500e+03 2.812500e+03 1.250000e+03 1.576519e-02 5.144555e-04
6.587500e+03 2.812500e+03 1.250000e+03 1.450891e-02 5.144555e-04
6.687500e+03 2.812500e+03 1.250000e+03 1.602928e-02 5.144555e-04
6.787500e+03 2.812500e+03 1.275000e+03 1.520662e-02 5.144555e-04
6.887500e+03 2.812500e+03 1.275000e+03 1.403668e-02 5.144555e-04
6.987500e+03 2.812500e+03 1.275000e+03 1.398786e-02 5.144555e-04
3.487500e+03 2.912500e+03 1.225000e+03 1.622916e-02 5.144555e-04
3.587500e+03 2.912500e+03 1.225000e+03 1.666910e-02 5.144555e-04
3.687500e+03 2.912500e+03 1.250000e+03 1.682930e-02 5.144555e-04
3.787500e+03 2.912500e+03 1.225000e+03 1.669363e-02 5.144555e-04
3.887500e+03 2.912500e+03 1.225000e+03 1.543423e-02 5.144555e-04
3.987500e+03 2.912500e+03 1.225000e+03 1.677931e-02 5.144555e-04
4.087500e+03 2.912500e+03 1.200000e+03 1.686409e-02 5.144555e-04
4.187500e+03 2.912500e+03 1.200000e+03 1.713603e-02 5.144555e-04
4.287500e+03 2.912500e+03 1.225000e+03 1.592947e-02 5.144555e-04
4.387500e+03 2.912500e+03 1.200000e+03 1.578965e-02 5.144555e-04
4.487500e+03 2.912500e+03 1.200000e+03 1.620285e-02 5.144555e-04
4.587500e+03 2.912500e+03 1.150000e+03 1.556968e-02 5.144555e-04
4.687500e+03 2.912500e+03 1.150000e+03 1.525861e-02 5.144555e-04
4.787500e+03 2.912500e+03 1.150000e+03 1.607462e-02 5.144555e-04
4.887500e+03 2.912500e+03 1.175000e+03 1.525950e-02 5.144555e-04
4.987500e+03 2.912500e+03 1.175000e+03 1.595301e-02 5.144555e-04
5.087500e+03 2.912500e+03 1.200000e+03 1.529010e-02 5.144555e-04
5.187500e+03 2.912500e+03 1.200000e+03 1.600744e-02 5.144555e-04
5.287500e+03 2.912500e+03 1.200000e+03 1.505197e-02 5.144555e-04
5.387500e+03 2.912500e+03 1.200000e+03 1.442584e-02 5.144555e-04
5.487500e+03 2.912500e+03 1.200000e+03 1.550299e-02 5.144555e-04
5.587500e+03 2.912500e+03 1.200000e+03 1.518289e-02 5.144555e-04
5.687500e+03 2.912500e+03 1.200000e+03 1.495079e-02 5.144555e-04
5.787500e+03 2.912500e+03 1.200000e+03 1.672013e-02 5.144555e-04
5.887500e+03 2.912500e+03 1.225000e+03 1.580425e-02 5.144555e-04
5.987500e+03 2.912500e+03 1.225000e+03 1.673575e-02 5.144555e-04
6.087500e+03 2.912500e+03 1.250000e+03 1.743569e-02 5.144555e-04
6.187500e+03 2.912500e+03 1.250000e+03 1.607638e-02 5.144555e-04
6.287500e+03 2.912500e+03 1.250000e+03 1.614280e-02 5.144555e-04
6.387500e+03 2.912500e+03 1.250000e+03 1.556118e-02 5.144555e-04
6.487500e+03 2.912500e+03 1.250000e+03 1.485987e-02 5.144555e-04
6.587500e+03 2.912500e+03 1.250000e+03 1.476595e-02 5.144555e-04
6.687500e+03 2.912500e+03 1.250000e+03 1.409224e-02 5.144555e-04
6.787500e+03 2.912500e+03 1.275000e+03 1.422533e-02 5.144555e-04
6.887500e+03 2.912500e+03 1.275000e+03 1.412263e-02 5.144555e-04
6.987500e+03 2.912500e+03 1.275000e+03 1.324692e-02 5.144555e-04
3.487500e+03 3.012500e+03 1.225000e+03 1.643350e-02 5.144555e-04
3.587500e+03 3.012500e+03 1.225000e+03 1.671466e-02 5.144555e-04
3.687500e+03 3.012500e+03 1.225000e+03 1.635050e-02 5.144555e-04
3.787500e+03 3.012500e+03 1.225000e+03 1.621821e-02 5.144555e-04
3.887500e+03 3.012500e+03 1.225000e+03 1.632255e-02 5.144555e-04
3.987500e+03 3.012500e+03 1.225000e+03 1.596324e-02 5.144555e-04
4.087500e+03 3.012500e+03 1.225000e+03 1.688236e-02 5.144555e-04
4.187500e+03 3.012500e+03 1.225000e+03 1.617869e-02 5.144555e-04
4.287500e+03 3.012500e+03 1.225000e+03 1.525494e-02 5.144555e-04
4.387500e+03 3.012500e+03 1.225000e+03 1.681461e-02 5.144555e-04
4.487500e+03 3.012500e+03 1.200000e+03 1.603776e-02 5.144555e-04
4.587500e+03 3.012500e+03 1.150000e+03 1.667433e-02 5.144555e-04
4.687500e+03 3.012500e+03 1.150000e+03 1.495447e-02 5.144555e-04
4.787500e+03 3.012500e+03 1.150000e+03 1.517506e-02 5.144555e-04
4.887500e+03 3.012500e+03 1.175000e+03 1.592231e-02 5.144555e-04
4.987500e+03 3.012500e+03 1.175000e+03 1.583597e-02 5.144555e-04
5.087500e+03 3.012500e+03 1.200000e+03 1.596395e-02 5.144555e-04
5.187500e+03 3.012500e+03 1.200000e+03 1.468386e-02 5.144555e-04
5.287500e+03 3.012500e+03 1.200000e+03 1.513143e-02 5.144555e-04
5.387500e+03 3.012500e+03 1.225000e+03 1.532452e-02 5.144555e-04
5.487500e+03 3.012500e+03 1.200000e+03 1.433448e-02 5.144555e-04
5.587500e+03 3.012500e+03 1.200000e+03 1.626767e-02 5.144555e-04
5.687500e+03 3.012500e+03 1.200000e+03 1.534838e-02 5.144555e-04
5.787500e+03 3.012500e+03 1.225000e+03 1.644999e-02 5.144555e-04
5.887500e+03 3.012500e+03 1.225000e+03 1.676119e-02 5.144555e-04
5.987500e+03 3.012500e+03 1.225000e+03 1.559757e-02 5.144555e-04
6.087500e+03 3.012500e+03 1.225000e+03 1.558332e-02 5.144555e-04
6.187500e+03 3.012500e+03 1.225000e+03 1.462798e-02 5.144555e-04
6.287500e+03 3.012500e+03 1.250000e+03 1.343019e-02 5.144555e-04
6.387500e+03 3.012500e+03 1.275000e+03 1.492938e-02 5.144555e-04
6.487500e+03 3.012500e+03 1.275000e+03 1.489039e-02 5.144555e-04
6.587500e+03 3.012500e+03 1.275000e+03 1.361715e-02 5.144555e-04
6.687500e+03 3.012500e+03 1.275000e+03 1.266133e-02 5.144555e-04
6.787500e+03 3.012500e+03 1.250000e+03 1.354160e-02 5.144555e-04
6.887500e+03 3.012500e+03 1.300000e+03 1.354528e-02 5.144555e-04
6.987500e+03 3.012500e+03 1.275000e+03 1.397757e-02 5.144555e-04
3.487500e+03 3.112500e+03 1.225000e+03 1.641774e-02 5.144555e-04
3.587500e+03 3.112500e+03 1.250000e+03 1.693472e-02 5.144555e-04
3.687500e+03 3.112500e+03 1.225000e+03 1.619464e-02 5.144555e-04
3.787500e+03 3.112500e+03 1.225000e+03 1.729044e-02 5.144555e-04
3.887500e+03 3.112500e+03 1.225000e+03 1.726831e-02 5.144555e-04
3.987500e+03 3.112500e+03 1.250000e+03 1.735139e-02 5.144555e-04
4.087500e+03 3.112500e+03 1.225000e+03 1.723598e-02 5.144555e-04
4.187500e+03 3.112500e+03 1.250000e+03 1.721041e-02 5.144555e-04
4.287500e+03 3.112500e+03 1.225000e+03 1.687528e-02 5.144555e-04
4.387500e+03 3.112500e+03 1.225000e+03 1.638508e-02 5.144555e-04
4.487500e+03 3.112500e+03 1.200000e+03 1.648549e-02 5.144555e-04
4.587500e+03 3.112500e+03 1.175000e+03 1.605247e-02 5.144555e-04
4.687500e+03 3.112500e+03 1.150000e+03 1.594610e-02 5.144555e-04
4.787500e+03 3.112500e+03 1.150000e+03 1.510774e-02 5.144555e-04
4.887500e+03 3.112500e+03 1.175000e+03 1.578997e-02 5.144555e-04
4.987500e+03 3.112500e+03 1.175000e+03 1.594437e-02 5.144555e-04
5.087500e+03 3.112500e+03 1.200000e+03 1.573298e-02 5.144555e-04
5.187500e+03 3.112500e+03 1.225000e+03 1.417562e-02 5.144555e-04
5.287500e+03 3.112500e+03 1.200000e+03 1.509111e-02 5.144555e-04
5.387500e+03 3.112500e+03 1.225000e+03 1.551123e-02 5.144555e-04
5.487500e+03 3.112500e+03 1.225000e+03 1.493818e-02 5.144555e-04
5.587500e+03 3.112500e+03 1.200000e+03 1.457889e-02 5.144555e-04
5.687500e+03 3.112500e+03 1.200000e+03 1.560047e-02 5.144555e-04
5.787500e+03 3.112500e+03 1.225000e+03 1.564292e-02 5.144555e-04
5.887500e+03 3.112500e+03 1.225000e+03 1.477474e-02 5.144555e-04
5.987500e+03 3.112500e+03 1.225000e+03 1.441419e-02 5.144555e-04
6.087500e+03 3.112500e+03 1.250000e+03 1.499239e-02 5.144555e-04
6.187500e+03 3.112500e+03 1.225000e+03 1.392147e-02 5.144555e-04
6.287500e+03 3.112500e+03 1.250000e+03 1.374434e-02 5.144555e-04
6.387500e+03 3.112500e+03 1.275000e+03 1.405153e-02 5.144555e-04
6.487500e+03 3.112500e+03 1.300000e+03 1.408472e-02 5.144555e-04
6.587500e+03 3.112500e+03 1.300000e+03 1.424871e-02 5.144555e-04
6.687500e+03 3.112500e+03 1.275000e+03 1.409461e-02 5.144555e-04
6.787500e+03 3.112500e+03 1.250000e+03 1.343986e-02 5.144555e-04
6.887500e+03 3.112500e+03 1.275000e+03 1.391373e-02 5.144555e-04
6.987500e+03 3.112500e+03 1.300000e+03 1.323643e-02 5.144555e-04
3.487500e+03 3.212500e+03 1.225000e+03 1.649716e-02 5.144555e-04
3.587500e+03 3.212500e+03 1.225000e+03 1.759290e-02 5.144555e-04
3.687500e+03 3.212500e+03 1.250000e+03 1.747399e-02 5.144555e-04
3.787500e+03 3.212500e+03 1.225000e+03 1.741976e-02 5.144555e-04
3.887500e+03 3.212500e+03 1.200000e+03 1.623706e-02 5.144555e-04
3.987500e+03 3.212500e+03 1.200000e+03 1.730863e-02 5.144555e-04
4.087500e+03 3.212500e+03 1.225000e+03 1.641263e-02 5.144555e-04
4.187500e+03 3.212500e+03 1.225000e+03 1.685870e-02 5.144555e-04
4.287500e+03 3.212500e+03 1.200000e+03 1.736203e-02 5.144555e-04
4.387500e+03 3.212500e+03 1.200000e+03 1.601473e-02 5.144555e-04
4.487500e+03 3.212500e+03 1.175000e+03 1.604795e-02 5.144555e-04
4.587500e+03 3.212500e+03 1.150000e+03 1.578478e-02 5.144555e-04
4.687500e+03 3.212500e+03 1.150000e+03 1.531365e-02 5.144555e-04
4.787500e+03 3.212500e+03 1.150000e+03 1.608235e-02 5.144555e-04
4.887500e+03 3.212500e+03 1.175000e+03 1.564843e-02 5.144555e-04
4.987500e+03 3.212500e+03 1.200000e+03 1.445580e-02 5.144555e-04
5.087500e+03 3.212500e+03 1.200000e+03 1.562517e-02 5.144555e-04
5.187500e+03 3.212500e+03 1.225000e+03 1.450792e-02 5.144555e-04
5.287500e+03 3.212500e+03 1.225000e+03 1.550517e-02 5.144555e-04
5.387500e+03 3.212500e+03 1.225000e+03 1.517475e-02 5.144555e-04
5.487500e+03 3.212500e+03 1.250000e+03 1.520070e-02 5.144555e-04
5.587500e+03 3.212500e+03 1.225000e+03 1.520397e-02 5.144555e-04
5.687500e+03 3.212500e+03 1.200000e+03 1.529799e-02 5.144555e-04
5.787500e+03 3.212500e+03 1.225000e+03 1.469632e-02 5.144555e-04
5.887500e+03 3.212500e+03 1.250000e+03 1.511357e-02 5.144555e-04
5.987500e+03 3.212500e+03 1.250000e+03 1.461234e-02 5.144555e-04
6.087500e+03 3.212500e+03 1.250000e+03 1.276752e-02 5.144555e-04
6.187500e+03 3.212500e+03 1.250000e+03 1.378215e-02 5.144555e-04
6.287500e+03 3.212500e+03 1.250000e+03 1.346055e-02 5.144555e-04
6.387500e+03 3.212500e+03 1.250000e+03 1.293020e-02 5.144555e-04
6.487500e+03 3.212500e+03 1.275000e+03 1.356554e-02 5.144555e-04
6.587500e+03 3.212500e+03 1.300000e+03 1.442798e-02 5.144555e-04
6.687500e+03 3.212500e+03 1.275000e+03 1.518197e-02 5.144555e-04
6.787500e+03 3.212500e+03 1.275000e+03 1.383695e-02 5.144555e-04
6.887500e+03 3.212500e+03 1.275000e+03 1.367967e-02 5.144555e-04
6.987500e+03 3.212500e+03 1.300000e+03 1.397431e-02 5.144555e-04
3.487500e+03 3.312500e+03 1.200000e+03 1.660059e-02 5.144555e-04
3.587500e+03 3.312500e+03 1.225000e+03 1.752718e-02 5.144555e-04
3.687500e+03 3.312500e+03 1.250000e+03 1.686608e-02 5.144555e-04
3.787500e+03 3.312500e+03 1.225000e+03 1.756115e-02 5.144555e-04
3.887500e+03 3.312500e+03 1.200000e+03 1.642787e-02 5.144555e-04
3.987500e+03 3.312500e+03 1.200000e+03 1.578427e-02 5.144555e-04
4.087500e+03 3.312500e+03 1.200000e+03 1.720960e-02 5.144555e-04
4.187500e+03 3.312500e+03 1.225000e+03 1.716737e-02 5.144555e-04
4.287500e+03 3.312500e+03 1.225000e+03 1.572457e-02 5.144555e-04
4.387500e+03 3.312500e+03 1.200000e+03 1.672812e-02 5.144555e-04
4.487500e+03 3.312500e+03 1.150000e+03 1.584512e-02 5.144555e-04
4.587500e+03 3.312500e+03 1.150000e+03 1.553140e-02 5.144555e-04
4.687500e+03 3.312500e+03 1.150000e+03 1.568810e-02 5.144555e-04
4.787500e+03 3.312500e+03 1.175000e+03 1.620010e-02 5.144555e-04
4.887500e+03 3.312500e+03 1.175000e+03 1.575647e-02 5.144555e-04
4.987500e+03 3.312500e+03 1.200000e+03 1.528938e-02 5.144555e-04
5.087500e+03 3.312500e+03 1.225000e+03 1.465025e-02 5.144555e-04
5.187500e+03 3.312500e+03 1.225000e+03 1.507149e-02 5.144555e-04
5.287500e+03 3.312500e+03 1.225000e+03 1.535540e-02 5.144555e-04
5.387500e+03 3.312500e+03 1.225000e+03 1.520471e-02 5.144555e-04
5.487500e+03 3.312500e+03 1.250000e+03 1.482934e-02 5.144555e-04
5.587500e+03 3.312500e+03 1.225000e+03 1.505741e-02 5.144555e-04
5.687500e+03 3.312500e+03 1.225000e+03 1.432898e-02 5.144555e-04
5.787500e+03 3.312500e+03 1.225000e+03 1.424978e-02 5.144555e-04
5.887500e+03 3.312500e+03 1.250000e+03 1.357936e-02 5.144555e-04
5.987500e+03 3.312500e+03 1.250000e+03 1.371835e-02 5.144555e-04
6.087500e+03 3.312500e+03 1.250000e+03 1.392855e-02 5.144555e-04
6.187500e+03 3.312500e+03 1.275000e+03 1.413087e-02 5.144555e-04
6.287500e+03 3.312500e+03 1.275000e+03 1.398746e-02 5.144555e-04
6.387500e+03 3.312500e+03 1.275000e+03 1.286843e-02 5.144555e-04
6.487500e+03 3.312500e+03 1.300000e+03 1.349228e-02 5.144555e-04
6.587500e+03 3.312500e+03 1.300000e+03 1.472090e-02 5.144555e-04
6.687500e+03 3.312500e+03 1.275000e+03 1.378099e-02 5.144555e-04
6.787500e+03 3.312500e+03 1.275000e+03 1.336143e-02 5.144555e-04
6.887500e+03 3.312500e+03 1.275000e+03 1.338009e-02 5.144555e-04
6.987500e+03 3.312500e+03 1.275000e+03 1.382632e-02 5.144555e-04
3.487500e+03 3.412500e+03 1.225000e+03 1.661592e-02 5.144555e-04
3.587500e+03 3.412500e+03 1.225000e+03 1.697938e-02 5.144555e-04
3.687500e+03 3.412500e+03 1.250000e+03 1.676926e-02 5.144555e-04
3.787500e+03 3.412500e+03 1.250000e+03 1.694942e-02 5.144555e-04
3.887500e+03 3.412500e+03 1.225000e+03 1.672800e-02 5.144555e-04
3.987500e+03 3.412500e+03 1.200000e+03 1.701421e-02 5.144555e-04
4.087500e+03 3.412500e+03 1.175000e+03 1.564502e-02 5.144555e-04
4.187500e+03 3.412500e+03 1.200000e+03 1.677996e-02 5.144555e-04
4.287500e+03 3.412500e+03 1.200000e+03 1.630036e-02 5.144555e-04
4.387500e+03 3.412500e+03 1.175000e+03 1.624484e-02 5.144555e-04
4.487500e+03 3.412500e+03 1.150000e+03 1.544831e-02 5.144555e-04
4.587500e+03 3.412500e+03 1.150000e+03 1.638177e-02 5.144555e-04
4.687500e+03 3.412500e+03 1.150000e+03 1.537484e-02 5.144555e-04
4.787500e+03 3.412500e+03 1.175000e+03 1.708794e-02 5.144555e-04
4.887500e+03 3.412500e+03 1.175000e+03 1.505846e-02 5.144555e-04
4.987500e+03 3.412500e+03 1.175000e+03 1.459834e-02 5.144555e-04
5.087500e+03 3.412500e+03 1.175000e+03 1.478620e-02 5.144555e-04
5.187500e+03 3.412500e+03 1.200000e+03 1.554532e-02 5.144555e-04
5.287500e+03 3.412500e+03 1.225000e+03 1.480866e-02 5.144555e-04
5.387500e+03 3.412500e+03 1.250000e+03 1.495767e-02 5.144555e-04
5.487500e+03 3.412500e+03 1.250000e+03 1.391243e-02 5.144555e-04
5.587500e+03 3.412500e+03 1.250000e+03 1.400733e-02 5.144555e-04
5.687500e+03 3.412500e+03 1.225000e+03 1.362874e-02 5.144555e-04
5.787500e+03 3.412500e+03 1.225000e+03 1.285961e-02 5.144555e-04
5.887500e+03 3.412500e+03 1.250000e+03 1.441832e-02 5.144555e-04
5.987500e+03 3.412500e+03 1.250000e+03 1.355255e-02 5.144555e-04
6.087500e+03 3.412500e+03 1.250000e+03 1.400615e-02 5.144555e-04
6.187500e+03 3.412500e+03 1.275000e+03 1.370866e-02 5.144555e-04
6.287500e+03 3.412500e+03 1.300000e+03 1.376758e-02 5.144555e-04
6.387500e+03 3.412500e+03 1.275000e+03 1.394929e-02 5.144555e-04
6.487500e+03 3.412500e+03 1.300000e+03 1.399492e-02 5.144555e-04
6.587500e+03 3.412500e+03 1.325000e+03 1.341845e-02 5.144555e-04
6.687500e+03 3.412500e+03 1.300000e+03 1.318398e-02 5.144555e-04
6.787500e+03 3.412500e+03 1.275000e+03 1.329168e-02 5.144555e-04
6.887500e+03 3.412500e+03 1.300000e+03 1.461436e-02 5.144555e-04
6.987500e+03 3.412500e+03 1.300000e+03 1.401330e-02 5.144555e-04
3.487500e+03 3.512500e+03 1.225000e+03 1.653315e-02 5.144555e-04
3.587500e+03 3.512500e+03 1.225000e+03 1.673375e-02 5.144555e-04
3.687500e+03 3.512500e+03 1.225000e+03 1.629898e-02 5.144555e-04
3.787500e+03 3.512500e+03 1.225000e+03 1.709847e-02 5.144555e-04
3.887500e+03 3.512500e+03 1.225000e+03 1.628525e-02 5.144555e-04
3.987500e+03 3.512500e+03 1.225000e+03 1.615208e-02 5.144555e-04
4.087500e+03 3.512500e+03 1.175000e+03 1.590245e-02 5.144555e-04
4.187500e+03 3.512500e+03 1.175000e+03 1.576284e-02 5.144555e-04
4.287500e+03 3.512500e+03 1.200000e+03 1.613457e-02 5.144555e-04
4.387500e+03 3.512500e+03 1.175000e+03 1.546033e-02 5.144555e-04
4.487500e+03 3.512500e+03 1.150000e+03 1.540236e-02 5.144555e-04
4.587500e+03 3.512500e+03 1.150000e+03 1.552868e-02 5.144555e-04
4.687500e+03 3.512500e+03 1.175000e+03 1.603703e-02 5.144555e-04
4.787500e+03 3.512500e+03 1.175000e+03 1.578810e-02 5.144555e-04
4.887500e+03 3.512500e+03 1.175000e+03 1.607213e-02 5.144555e-04
4.987500e+03 3.512500e+03 1.175000e+03 1.623125e-02 5.144555e-04
5.087500e+03 3.512500e+03 1.200000e+03 1.667506e-02 5.144555e-04
5.187500e+03 3.512500e+03 1.200000e+03 1.518340e-02 5.144555e-04
5.287500e+03 3.512500e+03 1.200000e+03 1.501784e-02 5.144555e-04
5.387500e+03 3.512500e+03 1.225000e+03 1.498434e-02 5.144555e-04
5.487500e+03 3.512500e+03 1.250000e+03 1.498202e-02 5.144555e-04
5.587500e+03 3.512500e+03 1.250000e+03 1.377366e-02 5.144555e-04
5.687500e+03 3.512500e+03 1.250000e+03 1.397533e-02 5.144555e-04
5.787500e+03 3.512500e+03 1.225000e+03 1.378364e-02 5.144555e-04
5.887500e+03 3.512500e+03 1.225000e+03 1.373797e-02 5.144555e-04
5.987500e+03 3.512500e+03 1.250000e+03 1.407969e-02 5.144555e-04
6.087500e+03 3.512500e+03 1.275000e+03 1.325022e-02 5.144555e-04
6.187500e+03 3.512500e+03 1.300000e+03 1.375704e-02 5.144555e-04
6.287500e+03 3.512500e+03 1.300000e+03 1.333709e-02 5.144555e-04
6.387500e+03 3.512500e+03 1.275000e+03 1.290433e-02 5.144555e-04
6.487500e+03 3.512500e+03 1.300000e+03 1.448472e-02 5.144555e-04
6.587500e+03 3.512500e+03 1.325000e+03 1.361998e-02 5.144555e-04
6.687500e+03 3.512500e+03 1.325000e+03 1.311666e-02 5.144555e-04
6.787500e+03 3.512500e+03 1.300000e+03 1.414669e-02 5.144555e-04
6.887500e+03 3.512500e+03 1.300000e+03 1.374469e-02 5.144555e-04
6.987500e+03 3.512500e+03 1.300000e+03 1.381326e-02 5.144555e-04
3.487500e+03 3.612500e+03 1.225000e+03 1.702398e-02 5.144555e-04
3.587500e+03 3.612500e+03 1.200000e+03 1.643159e-02 5.144555e-04
3.687500e+03 3.612500e+03 1.200000e+03 1.657870e-02 5.144555e-04
3.787500e+03 3.612500e+03 1.200000e+03 1.584650e-02 5.144555e-04
3.887500e+03 3.612500e+03 1.200000e+03 1.668551e-02 5.144555e-04
3.987500e+03 3.612500e+03 1.200000e+03 1.564135e-02 5.144555e-04
4.087500e+03 3.612500e+03 1.175000e+03 1.561928e-02 5.144555e-04
4.187500e+03 3.612500e+03 1.175000e+03 1.620776e-02 5.144555e-04
4.287500e+03 3.612500e+03 1.175000e+03 1.552951e-02 5.144555e-04
4.387500e+03 3.612500e+03 1.150000e+03 1.471544e-02 5.144555e-04
4.487500e+03 3.612500e+03 1.150000e+03 1.538479e-02 5.144555e-04
4.587500e+03 3.612500e+03 1.150000e+03 1.523894e-02 5.144555e-04
4.687500e+03 3.612500e+03 1.175000e+03 1.489180e-02 5.144555e-04
4.787500e+03 3.612500e+03 1.175000e+03 1.586808e-02 5.144555e-04
4.887500e+03 3.612500e+03 1.175000e+03 1.585747e-02 5.144555e-04
4.987500e+03 3.612500e+03 1.200000e+03 1.637575e-02 5.144555e-04
5.087500e+03 3.612500e+03 1.200000e+03 1.791855e-02 5.144555e-04
5.187500e+03 3.612500e+03 1.200000e+03 1.423643e-02 5.144555e-04
5.287500e+03 3.612500e+03 1.225000e+03 1.476539e-02 5.144555e-04
5.387500e+03 3.612500e+03 1.250000e+03 1.395897e-02 5.144555e-04
5.487500e+03 3.612500e+03 1.275000e+03 1.443864e-02 5.144555e-04
5.587500e+03 3.612500e+03 1.275000e+03 1.373180e-02 5.144555e-04
5.687500e+03 3.612500e+03 1.250000e+03 1.440121e-02 5.144555e-04
5.787500e+03 3.612500e+03 1.250000e+03 1.292276e-02 5.144555e-04
5.887500e+03 3.612500e+03 1.250000e+03 1.351471e-02 5.144555e-04
5.987500e+03 3.612500e+03 1.250000e+03 1.377000e-02 5.144555e-04
6.087500e+03 3.612500e+03 1.275000e+03 1.412868e-02 5.144555e-04
6.187500e+03 3.612500e+03 1.300000e+03 1.276208e-02 5.144555e-04
6.287500e+03 3.612500e+03 1.300000e+03 1.450734e-02 5.144555e-04
6.387500e+03 3.612500e+03 1.300000e+03 1.334244e-02 5.144555e-04
6.487500e+03 3.612500e+03 1.300000e+03 1.437893e-02 5.144555e-04
6.587500e+03 3.612500e+03 1.325000e+03 1.419542e-02 5.144555e-04
6.687500e+03 3.612500e+03 1.325000e+03 1.361741e-02 5.144555e-04
6.787500e+03 3.612500e+03 1.325000e+03 1.416557e-02 5.144555e-04
6.887500e+03 3.612500e+03 1.300000e+03 1.417834e-02 5.144555e-04
6.987500e+03 3.612500e+03 1.300000e+03 1.431418e-02 5.144555e-04
3.487500e+03 3.712500e+03 1.250000e+03 1.655626e-02 5.144555e-04
3.587500e+03 3.712500e+03 1.225000e+03 1.601735e-02 5.144555e-04
3.687500e+03 3.712500e+03 1.200000e+03 1.656195e-02 5.144555e-04
3.787500e+03 3.712500e+03 1.175000e+03 1.619922e-02 5.144555e-04
3.887500e+03 3.712500e+03 1.175000e+03 1.566146e-02 5.144555e-04
3.987500e+03 3.712500e+03 1.175000e+03 1.676229e-02 5.144555e-04
4.087500e+03 3.712500e+03 1.175000e+03 1.596631e-02 5.144555e-04
4.187500e+03 3.712500e+03 1.150000e+03 1.564403e-02 5.144555e-04
4.287500e+03 3.712500e+03 1.150000e+03 1.555924e-02 5.144555e-04
4.387500e+03 3.712500e+03 1.150000e+03 1.527806e-02 5.144555e-04
4.487500e+03 3.712500e+03 1.150000e+03 1.531930e-02 5.144555e-04
4.587500e+03 3.712500e+03 1.150000e+03 1.408144e-02 5.144555e-04
4.687500e+03 3.712500e+03 1.175000e+03 1.473654e-02 5.144555e-04
4.787500e+03 3.712500e+03 1.175000e+03 1.616776e-02 5.144555e-04
4.887500e+03 3.712500e+03 1.200000e+03 1.514774e-02 5.144555e-04
4.987500e+03 3.712500e+03 1.200000e+03 1.685442e-02 5.144555e-04
5.087500e+03 3.712500e+03 1.225000e+03 1.739985e-02 5.144555e-04
5.187500e+03 3.712500e+03 1.225000e+03 1.702940e-02 5.144555e-04
5.287500e+03 3.712500e+03 1.225000e+03 1.505134e-02 5.144555e-04
5.387500e+03 3.712500e+03 1.250000e+03 1.440492e-02 5.144555e-04
5.487500e+03 3.712500e+03 1.250000e+03 1.436753e-02 5.144555e-04
5.587500e+03 3.712500e+03 1.275000e+03 1.602864e-02 5.144555e-04
5.687500e+03 3.712500e+03 1.275000e+03 1.379900e-02 5.144555e-04
5.787500e+03 3.712500e+03 1.275000e+03 1.359881e-02 5.144555e-04
5.887500e+03 3.712500e+03 1.250000e+03 1.351750e-02 5.144555e-04
5.987500e+03 3.712500e+03 1.250000e+03 1.382475e-02 5.144555e-04
6.087500e+03 3.712500e+03 1.275000e+03 1.408361e-02 5.144555e-04
6.187500e+03 3.712500e+03 1.300000e+03 1.473468e-02 5.144555e-04
6.287500e+03 3.712500e+03 1.325000e+03 1.404386e-02 5.144555e-04
6.387500e+03 3.712500e+03 1.325000e+03 1.434201e-02 5.144555e-04
6.487500e+03 3.712500e+03 1.325000e+03 1.372816e-02 5.144555e-04
6.587500e+03 3.712500e+03 1.325000e+03 1.353552e-02 5.144555e-04
6.687500e+03 3.712500e+03 1.350000e+03 1.446119e-02 5.144555e-04
6.787500e+03 3.712500e+03 1.350000e+03 1.498874e-02 5.144555e-04
6.887500e+03 3.712500e+03 1.325000e+03 1.459853e-02 5.144555e-04
6.987500e+03 3.712500e+03 1.300000e+03 1.424684e-02 5.144555e-04
3.487500e+03 3.812500e+03 1.225000e+03 1.561034e-02 5.144555e-04
3.587500e+03 3.812500e+03 1.225000e+03 1.683488e-02 5.144555e-04
3.687500e+03 3.812500e+03 1.200000e+03 1.653888e-02 5.144555e-04
3.787500e+03 3.812500e+03 1.200000e+03 1.669137e-02 5.144555e-04
3.887500e+03 3.812500e+03 1.175000e+03 1.636374e-02 5.144555e-04
3.987500e+03 3.812500e+03 1.175000e+03 1.483199e-02 5.144555e-04
4.087500e+03 3.812500e+03 1.150000e+03 1.534296e-02 5.144555e-04
4.187500e+03 3.812500e+03 1.150000e+03 1.503756e-02 5.144555e-04
4.287500e+03 3.812500e+03 1.150000e+03 1.507056e-02 5.144555e-04
4.387500e+03 3.812500e+03 1.150000e+03 1.357507e-02 5.144555e-04
4.487500e+03 3.812500e+03 1.150000e+03 1.368768e-02 5.144555e-04
4.587500e+03 3.812500e+03 1.150000e+03 1.408683e-02 5.144555e-04
4.687500e+03 3.812500e+03 1.175000e+03 1.521894e-02 5.144555e-04
4.787500e+03 3.812500e+03 1.175000e+03 1.578808e-02 5.144555e-04
4.887500e+03 3.812500e+03 1.200000e+03 1.483072e-02 5.144555e-04
4.987500e+03 3.812500e+03 1.200000e+03 1.508748e-02 5.144555e-04
5.087500e+03 3.812500e+03 1.225000e+03 1.566505e-02 5.144555e-04
5.187500e+03 3.812500e+03 1.250000e+03 1.660550e-02 5.144555e-04
5.287500e+03 3.812500e+03 1.225000e+03 1.666068e-02 5.144555e-04
5.387500e+03 3.812500e+03 1.250000e+03 1.652760e-02 5.144555e-04
5.487500e+03 3.812500e+03 1.275000e+03 1.583662e-02 5.144555e-04
5.587500e+03 3.812500e+03 1.275000e+03 1.587269e-02 5.144555e-04
5.687500e+03 3.812500e+03 1.300000e+03 1.471676e-02 5.144555e-04
5.787500e+03 3.812500e+03 1.300000e+03 1.502372e-02 5.144555e-04
5.887500e+03 3.812500e+03 1.275000e+03 1.484525e-02 5.144555e-04
5.987500e+03 3.812500e+03 1.250000e+03 1.371957e-02 5.144555e-04
6.087500e+03 3.812500e+03 1.250000e+03 1.419031e-02 5.144555e-04
6.187500e+03 3.812500e+03 1.250000e+03 1.354328e-02 5.144555e-04
6.287500e+03 3.812500e+03 1.300000e+03 1.408054e-02 5.144555e-04
6.387500e+03 3.812500e+03 1.300000e+03 1.433541e-02 5.144555e-04
6.487500e+03 3.812500e+03 1.300000e+03 1.418414e-02 5.144555e-04
6.587500e+03 3.812500e+03 1.325000e+03 1.423944e-02 5.144555e-04
6.687500e+03 3.812500e+03 1.350000e+03 1.482856e-02 5.144555e-04
6.787500e+03 3.812500e+03 1.375000e+03 1.472063e-02 5.144555e-04
6.887500e+03 3.812500e+03 1.350000e+03 1.501757e-02 5.144555e-04
6.987500e+03 3.812500e+03 1.325000e+03 1.494058e-02 5.144555e-04
3.487500e+03 3.912500e+03 1.225000e+03 1.720529e-02 5.144555e-04
3.587500e+03 3.912500e+03 1.225000e+03 1.567714e-02 5.144555e-04
3.687500e+03 3.912500e+03 1.225000e+03 1.631179e-02 5.144555e-04
3.787500e+03 3.912500e+03 1.200000e+03 1.572740e-02 5.144555e-04
3.887500e+03 3.912500e+03 1.200000e+03 1.550894e-02 5.144555e-04
3.987500e+03 3.912500e+03 1.175000e+03 1.584098e-02 5.144555e-04
4.087500e+03 3.912500e+03 1.150000e+03 1.473786e-02 5.144555e-04
4.187500e+03 3.912500e+03 1.150000e+03 1.412580e-02 5.144555e-04
4.287500e+03 3.912500e+03 1.150000e+03 1.339884e-02 5.144555e-04
4.387500e+03 3.912500e+03 1.125000e+03 1.340274e-02 5.144555e-04
4.487500e+03 3.912500e+03 1.150000e+03 1.428333e-02 5.144555e-04
4.587500e+03 3.912500e+03 1.150000e+03 1.491636e-02 5.144555e-04
4.687500e+03 3.912500e+03 1.175000e+03 1.494216e-02 5.144555e-04
4.787500e+03 3.912500e+03 1.175000e+03 1.540980e-02 5.144555e-04
4.887500e+03 3.912500e+03 1.225000e+03 1.515736e-02 5.144555e-04
4.987500e+03 3.912500e+03 1.200000e+03 1.463843e-02 5.144555e-04
5.087500e+03 3.912500e+03 1.225000e+03 1.480778e-02 5.144555e-04
5.187500e+03 3.912500e+03 1.225000e+03 1.578115e-02 5.144555e-04
5.287500e+03 3.912500e+03 1.225000e+03 1.672351e-02 5.144555e-04
5.387500e+03 3.912500e+03 1.250000e+03 1.669615e-02 5.144555e-04
5.487500e+03 3.912500e+03 1.275000e+03 1.640612e-02 5.144555e-04
5.587500e+03 3.912500e+03 1.275000e+03 1.613427e-02 5.144555e-04
5.687500e+03 3.912500e+03 1.300000e+03 1.610901e-02 5.144555e-04
5.787500e+03 3.912500e+03 1.300000e+03 1.495086e-02 5.144555e-04
5.887500e+03 3.912500e+03 1.275000e+03 1.454157e-02 5.144555e-04
5.987500e+03 3.912500e+03 1.250000e+03 1.454086e-02 5.144555e-04
6.087500e+03 3.912500e+03 1.250000e+03 1.357708e-02 5.144555e-04
6.187500e+03 3.912500e+03 1.275000e+03 1.458533e-02 5.144555e-04
6.287500e+03 3.912500e+03 1.275000e+03 1.406696e-02 5.144555e-04
6.387500e+03 3.912500e+03 1.275000e+03 1.406798e-02 5.144555e-04
6.487500e+03 3.912500e+03 1.300000e+03 1.398958e-02 5.144555e-04
6.587500e+03 3.912500e+03 1.300000e+03 1.468592e-02 5.144555e-04
6.687500e+03 3.912500e+03 1.325000e+03 1.482724e-02 5.144555e-04
6.787500e+03 3.912500e+03 1.375000e+03 1.525845e-02 5.144555e-04
6.887500e+03 3.912500e+03 1.375000e+03 1.394482e-02 5.144555e-04
6.987500e+03 3.912500e+03 1.350000e+03 1.473016e-02 5.144555e-04
3.487500e+03 4.012500e+03 1.225000e+03 1.650308e-02 5.144555e-04
3.587500e+03 4.012500e+03 1.200000e+03 1.660008e-02 5.144555e-04
3.687500e+03 4.012500e+03 1.200000e+03 1.646532e-02 5.144555e-04
3.787500e+03 4.012500e+03 1.175000e+03 1.498533e-02 5.144555e-04
3.887500e+03 4.012500e+03 1.175000e+03 1.609952e-02 5.144555e-04
3.987500e+03 4.012500e+03 1.150000e+03 1.426966e-02 5.144555e-04
4.087500e+03 4.012500e+03 1.150000e+03 1.452985e-02 5.144555e-04
4.187500e+03 4.012500e+03 1.150000e+03 1.416545e-02 5.144555e-04
4.287500e+03 4.012500e+03 1.150000e+03 1.319459e-02 5.144555e-04
4.387500e+03 4.012500e+03 1.150000e+03 1.326674e-02 5.144555e-04
4.487500e+03 4.012500e+03 1.150000e+03 1.362152e-02 5.144555e-04
4.587500e+03 4.012500e+03 1.175000e+03 1.387483e-02 5.144555e-04
4.687500e+03 4.012500e+03 1.175000e+03 1.490007e-02 5.144555e-04
4.787500e+03 4.012500e+03 1.175000e+03 1.501779e-02 5.144555e-04
4.887500e+03 4.012500e+03 1.225000e+03 1.446058e-02 5.144555e-04
4.987500e+03 4.012500e+03 1.225000e+03 1.566696e-02 5.144555e-04
5.087500e+03 4.012500e+03 1.225000e+03 1.532317e-02 5.144555e-04
5.187500e+03 4.012500e+03 1.225000e+03 1.530546e-02 5.144555e-04
5.287500e+03 4.012500e+03 1.250000e+03 1.643856e-02 5.144555e-04
5.387500e+03 4.012500e+03 1.250000e+03 1.630061e-02 5.144555e-04
5.487500e+03 4.012500e+03 1.275000e+03 1.750911e-02 5.144555e-04
5.587500e+03 4.012500e+03 1.275000e+03 1.749282e-02 5.144555e-04
5.687500e+03 4.012500e+03 1.300000e+03 1.730580e-02 5.144555e-04
5.787500e+03 4.012500e+03 1.275000e+03 1.646555e-02 5.144555e-04
5.887500e+03 4.012500e+03 1.275000e+03 1.524864e-02 5.144555e-04
5.987500e+03 4.012500e+03 1.250000e+03 1.565057e-02 5.144555e-04
6.087500e+03 4.012500e+03 1.275000e+03 1.497699e-02 5.144555e-04
6.187500e+03 4.012500e+03 1.300000e+03 1.359128e-02 5.144555e-04
6.287500e+03 4.012500e+03 1.300000e+03 1.411745e-02 5.144555e-04
6.387500e+03 4.012500e+03 1.300000e+03 1.451305e-02 5.144555e-04
6.487500e+03 4.012500e+03 1.325000e+03 1.463522e-02 5.144555e-04
6.587500e+03 4.012500e+03 1.325000e+03 1.425928e-02 5.144555e-04
6.687500e+03 4.012500e+03 1.350000e+03 1.553268e-02 5.144555e-04
6.787500e+03 4.012500e+03 1.375000e+03 1.497561e-02 5.144555e-04
6.887500e+03 4.012500e+03 1.375000e+03 1.529584e-02 5.144555e-04
6.987500e+03 4.012500e+03 1.375000e+03 1.443278e-02 5.144555e-04
3.487500e+03 4.112500e+03 1.200000e+03 1.630622e-02 5.144555e-04
3.587500e+03 4.112500e+03 1.175000e+03 1.664290e-02 5.144555e-04
3.687500e+03 4.112500e+03 1.175000e+03 1.559932e-02 5.144555e-04
3.787500e+03 4.112500e+03 1.175000e+03 1.536177e-02 5.144555e-04
3.887500e+03 4.112500e+03 1.150000e+03 1.416291e-02 5.144555e-04
3.987500e+03 4.112500e+03 1.150000e+03 1.367563e-02 5.144555e-04
4.087500e+03 4.112500e+03 1.150000e+03 1.484273e-02 5.144555e-04
4.187500e+03 4.112500e+03 1.150000e+03 1.452107e-02 5.144555e-04
4.287500e+03 4.112500e+03 1.150000e+03 1.336640e-02 5.144555e-04
4.387500e+03 4.112500e+03 1.150000e+03 1.356221e-02 5.144555e-04
4.487500e+03 4.112500e+03 1.175000e+03 1.332680e-02 5.144555e-04
4.587500e+03 4.112500e+03 1.175000e+03 1.509852e-02 5.144555e-04
4.687500e+03 4.112500e+03 1.200000e+03 1.464310e-02 5.144555e-04
4.787500e+03 4.112500e+03 1.200000e+03 1.441757e-02 5.144555e-04
4.887500e+03 4.112500e+03 1.200000e+03 1.508545e-02 5.144555e-04
4.987500e+03 4.112500e+03 1.225000e+03 1.498835e-02 5.144555e-04
5.087500e+03 4.112500e+03 1.225000e+03 1.587460e-02 5.144555e-04
5.187500e+03 4.112500e+03 1.250000e+03 1.595971e-02 5.144555e-04
5.287500e+03 4.112500e+03 1.250000e+03 1.606625e-02 5.144555e-04
5.387500e+03 4.112500e+03 1.275000e+03 1.539988e-02 5.144555e-04
5.487500e+03 4.112500e+03 1.275000e+03 1.611863e-02 5.144555e-04
5.587500e+03 4.112500e+03 1.275000e+03 1.739392e-02 5.144555e-04
5.687500e+03 4.112500e+03 1.275000e+03 1.783821e-02 5.144555e-04
5.787500e+03 4.112500e+03 1.300000e+03 1.680995e-02 5.144555e-04
5.887500e+03 4.112500e+03 1.300000e+03 1.716582e-02 5.144555e-04
5.987500e+03 4.112500e+03 1.275000e+03 1.687829e-02 5.144555e-04
6.087500e+03 4.112500e+03 1.275000e+03 1.528251e-02 5.144555e-04
6.187500e+03 4.112500e+03 1.300000e+03 1.527438e-02 5.144555e-04
6.287500e+03 4.112500e+03 1.325000e+03 1.481915e-02 5.144555e-04
6.387500e+03 4.112500e+03 1.300000e+03 1.467926e-02 5.144555e-04
6.487500e+03 4.112500e+03 1.350000e+03 1.586436e-02 5.144555e-04
6.587500e+03 4.112500e+03 1.350000e+03 1.485045e-02 5.144555e-04
6.687500e+03 4.112500e+03 1.375000e+03 1.430887e-02 5.144555e-04
6.787500e+03 4.112500e+03 1.400000e+03 1.499049e-02 5.144555e-04
6.887500e+03 4.112500e+03 1.400000e+03 1.556289e-02 5.144555e-04
6.987500e+03 4.112500e+03 1.375000e+03 1.413448e-02 5.144555e-04
3.487500e+03 4.212500e+03 1.175000e+03 1.627661e-02 5.144555e-04
3.587500e+03 4.212500e+03 1.175000e+03 1.603226e-02 5.144555e-04
3.687500e+03 4.212500e+03 1.175000e+03 1.642033e-02 5.144555e-04
3.787500e+03 4.212500e+03 1.150000e+03 1.527598e-02 5.144555e-04
3.887500e+03 4.212500e+03 1.150000e+03 1.496887e-02 5.144555e-04
3.987500e+03 4.212500e+03 1.150000e+03 1.419155e-02 5.144555e-04
4.087500e+03 4.212500e+03 1.150000e+03 1.303501e-02 5.144555e-04
4.187500e+03 4.212500e+03 1.125000e+03 1.327504e-02 5.144555e-04
4.287500e+03 4.212500e+03 1.150000e+03 1.390297e-02 5.144555e-04
4.387500e+03 4.212500e+03 1.175000e+03 1.381434e-02 5.144555e-04
4.487500e+03 4.212500e+03 1.175000e+03 1.468367e-02 5.144555e-04
4.587500e+03 4.212500e+03 1.175000e+03 1.368753e-02 5.144555e-04
4.687500e+03 4.212500e+03 1.200000e+03 1.501555e-02 5.144555e-04
4.787500e+03 4.212500e+03 1.225000e+03 1.515357e-02 5.144555e-04
4.887500e+03 4.212500e+03 1.225000e+03 1.505555e-02 5.144555e-04
4.987500e+03 4.212500e+03 1.225000e+03 1.475002e-02 5.144555e-04
5.087500e+03 4.212500e+03 1.250000e+03 1.621674e-02 5.144555e-04
5.187500e+03 4.212500e+03 1.250000e+03 1.621312e-02 5.144555e-04
5.287500e+03 4.212500e+03 1.275000e+03 1.664999e-02 5.144555e-04
5.387500e+03 4.212500e+03 1.300000e+03 1.534789e-02 5.144555e-04
5.487500e+03 4.212500e+03 1.325000e+03 1.577318e-02 5.144555e-04
5.587500e+03 4.212500e+03 1.325000e+03 1.605649e-02 5.144555e-04
5.687500e+03 4.212500e+03 1.300000e+03 1.635031e-02 5.144555e-04
5.787500e+03 4.212500e+03 1.300000e+03 1.746989e-02 5.144555e-04
5.887500e+03 4.212500e+03 1.300000e+03 1.685443e-02 5.144555e-04
5.987500e+03 4.212500e+03 1.275000e+03 1.662376e-02 5.144555e-04
6.087500e+03 4.212500e+03 1.275000e+03 1.660094e-02 5.144555e-04
6.187500e+03 4.212500e+03 1.300000e+03 1.601370e-02 5.144555e-04
6.287500e+03 4.212500e+03 1.325000e+03 1.500775e-02 5.144555e-04
6.387500e+03 4.212500e+03 1.325000e+03 1.650770e-02 5.144555e-04
6.487500e+03 4.212500e+03 1.325000e+03 1.545579e-02 5.144555e-04
6.587500e+03 4.212500e+03 1.350000e+03 1.540158e-02 5.144555e-04
6.687500e+03 4.212500e+03 1.375000e+03 1.507887e-02 5.144555e-04
6.787500e+03 4.212500e+03 1.400000e+03 1.589138e-02 5.144555e-04
6.887500e+03 4.212500e+03 1.400000e+03 1.563646e-02 5.144555e-04
6.987500e+03 4.212500e+03 1.400000e+03 1.553895e-02 5.144555e-04
3.487500e+03 4.312500e+03 1.175000e+03 1.668622e-02 5.144555e-04
3.587500e+03 4.312500e+03 1.175000e+03 1.500951e-02 5.144555e-04
3.687500e+03 4.312500e+03 1.150000e+03 1.527872e-02 5.144555e-04
3.787500e+03 4.312500e+03 1.150000e+03 1.414961e-02 5.144555e-04
3.887500e+03 4.312500e+03 1.150000e+03 1.332464e-02 5.144555e-04
3.987500e+03 4.312500e+03 1.150000e+03 1.398515e-02 5.144555e-04
4.087500e+03 4.312500e+03 1.125000e+03 1.320665e-02 5.144555e-04
4.187500e+03 4.312500e+03 1.150000e+03 1.446186e-02 5.144555e-04
4.287500e+03 4.312500e+03 1.175000e+03 1.388821e-02 5.144555e-04
4.387500e+03 4.312500e+03 1.175000e+03 1.389371e-02 5.144555e-04
4.487500e+03 4.312500e+03 1.175000e+03 1.344468e-02 5.144555e-04
4.587500e+03 4.312500e+03 1.200000e+03 1.489864e-02 5.144555e-04
4.687500e+03 4.312500e+03 1.225000e+03 1.611415e-02 5.144555e-04
4.787500e+03 4.312500e+03 1.225000e+03 1.597666e-02 5.144555e-04
4.887500e+03 4.312500e+03 1.250000e+03 1.554325e-02 5.144555e-04
4.987500e+03 4.312500e+03 1.250000e+03 1.458620e-02 5.144555e-04
5.087500e+03 4.312500e+03 1.250000e+03 1.584072e-02 5.144555e-04
5.187500e+03 4.312500e+03 1.275000e+03 1.593921e-02 5.144555e-04
5.287500e+03 4.312500e+03 1.300000e+03 1.612373e-02 5.144555e-04
5.387500e+03 4.312500e+03 1.350000e+03 1.682957e-02 5.144555e-04
5.487500e+03 4.312500e+03 1.350000e+03 1.600657e-02 5.144555e-04
5.587500e+03 4.312500e+03 1.350000e+03 1.606243e-02 5.144555e-04
5.687500e+03 4.312500e+03 1.325000e+03 1.697430e-02 5.144555e-04
5.787500e+03 4.312500e+03 1.300000e+03 1.654148e-02 5.144555e-04
5.887500e+03 4.312500e+03 1.300000e+03 1.743149e-02 5.144555e-04
5.987500e+03 4.312500e+03 1.275000e+03 1.731732e-02 5.144555e-04
6.087500e+03 4.312500e+03 1.275000e+03 1.842913e-02 5.144555e-04
6.187500e+03 4.312500e+03 1.275000e+03 1.648020e-02 5.144555e-04
6.287500e+03 4.312500e+03 1.325000e+03 1.551676e-02 5.144555e-04
6.387500e+03 4.312500e+03 1.350000e+03 1.581028e-02 5.144555e-04
6.487500e+03 4.312500e+03 1.350000e+03 1.602061e-02 5.144555e-04
6.587500e+03 4.312500e+03 1.350000e+03 1.600277e-02 5.144555e-04
6.687500e+03 4.312500e+03 1.375000e+03 1.539856e-02 5.144555e-04
6.787500e+03 4.312500e+03 1.400000e+03 1.487957e-02 5.144555e-04
6.887500e+03 4.312500e+03 1.400000e+03 1.415266e-02 5.144555e-04
6.987500e+03 4.312500e+03 1.425000e+03 1.464426e-02 5.144555e-04
3.487500e+03 4.412500e+03 1.175000e+03 1.606971e-02 5.144555e-04
3.587500e+03 4.412500e+03 1.150000e+03 1.540392e-02 5.144555e-04
3.687500e+03 4.412500e+03 1.150000e+03 1.436836e-02 5.144555e-04
3.787500e+03 4.412500e+03 1.125000e+03 1.460224e-02 5.144555e-04
3.887500e+03 4.412500e+03 1.125000e+03 1.336300e-02 5.144555e-04
3.987500e+03 4.412500e+03 1.125000e+03 1.428957e-02 5.144555e-04
4.087500e+03 4.412500e+03 1.150000e+03 1.370512e-02 5.144555e-04
4.187500e+03 4.412500e+03 1.150000e+03 1.354907e-02 5.144555e-04
4.287500e+03 4.412500e+03 1.175000e+03 1.349998e-02 5.144555e-04
4.387500e+03 4.412500e+03 1.175000e+03 1.485615e-02 5.144555e-04
4.487500e+03 4.412500e+03 1.200000e+03 1.490973e-02 5.144555e-04
4.587500e+03 4.412500e+03 1.225000e+03 1.458905e-02 5.144555e-04
4.687500e+03 4.412500e+03 1.225000e+03 1.583161e-02 5.144555e-04
4.787500e+03 4.412500e+03 1.250000e+03 1.569981e-02 5.144555e-04
4.887500e+03 4.412500e+03 1.250000e+03 1.579238e-02 5.144555e-04
4.987500e+03 4.412500e+03 1.250000e+03 1.555573e-02 5.144555e-04
5.087500e+03 4.412500e+03 1.250000e+03 1.575159e-02 5.144555e-04
5.187500e+03 4.412500e+03 1.275000e+03 1.636395e-02 5.144555e-04
5.287500e+03 4.412500e+03 1.300000e+03 1.667425e-02 5.144555e-04
5.387500e+03 4.412500e+03 1.350000e+03 1.778390e-02 5.144555e-04
5.487500e+03 4.412500e+03 1.375000e+03 1.613760e-02 5.144555e-04
5.587500e+03 4.412500e+03 1.375000e+03 1.641155e-02 5.144555e-04
5.687500e+03 4.412500e+03 1.350000e+03 1.672216e-02 5.144555e-04
5.787500e+03 4.412500e+03 1.325000e+03 1.707146e-02 5.144555e-04
5.887500e+03 4.412500e+03 1.325000e+03 1.704156e-02 5.144555e-04
5.987500e+03 4.412500e+03 1.300000e+03 1.638573e-02 5.144555e-04
6.087500e+03 4.412500e+03 1.275000e+03 1.847649e-02 5.144555e-04
6.187500e+03 4.412500e+03 1.275000e+03 1.914374e-02 5.144555e-04
6.287500e+03 4.412500e+03 1.300000e+03 1.716713e-02 5.144555e-04
6.387500e+03 4.412500e+03 1.325000e+03 1.635216e-02 5.144555e-04
6.487500e+03 4.412500e+03 1.325000e+03 1.626519e-02 5.144555e-04
6.587500e+03 4.412500e+03 1.375000e+03 1.497457e-02 5.144555e-04
6.687500e+03 4.412500e+03 1.375000e+03 1.532785e-02 5.144555e-04
6.787500e+03 4.412500e+03 1.400000e+03 1.539957e-02 5.144555e-04
6.887500e+03 4.412500e+03 1.400000e+03 1.586764e-02 5.144555e-04
6.987500e+03 4.412500e+03 1.425000e+03 1.507949e-02 5.144555e-04
3.487500e+03 4.512500e+03 1.175000e+03 1.602120e-02 5.144555e-04
3.587500e+03 4.512500e+03 1.175000e+03 1.499745e-02 5.144555e-04
3.687500e+03 4.512500e+03 1.150000e+03 1.447158e-02 5.144555e-04
3.787500e+03 4.512500e+03 1.125000e+03 1.400337e-02 5.144555e-04
3.887500e+03 4.512500e+03 1.125000e+03 1.380403e-02 5.144555e-04
3.987500e+03 4.512500e+03 1.125000e+03 1.346251e-02 5.144555e-04
4.087500e+03 4.512500e+03 1.150000e+03 1.404841e-02 5.144555e-04
4.187500e+03 4.512500e+03 1.150000e+03 1.326680e-02 5.144555e-04
4.287500e+03 4.512500e+03 1.175000e+03 1.337185e-02 5.144555e-04
4.387500e+03 4.512500e+03 1.175000e+03 1.408991e-02 5.144555e-04
4.487500e+03 4.512500e+03 1.200000e+03 1.414990e-02 5.144555e-04
4.587500e+03 4.512500e+03 1.225000e+03 1.483330e-02 5.144555e-04
4.687500e+03 4.512500e+03 1.250000e+03 1.532603e-02 5.144555e-04
4.787500e+03 4.512500e+03 1.250000e+03 1.355245e-02 5.144555e-04
4.887500e+03 4.512500e+03 1.275000e+03 1.544375e-02 5.144555e-04
4.987500e+03 4.512500e+03 1.275000e+03 1.590621e-02 5.144555e-04
5.087500e+03 4.512500e+03 1.275000e+03 1.672182e-02 5.144555e-04
5.187500e+03 4.512500e+03 1.275000e+03 1.642622e-02 5.144555e-04
5.287500e+03 4.512500e+03 1.300000e+03 1.613991e-02 5.144555e-04
5.387500e+03 4.512500e+03 1.325000e+03 1.643287e-02 5.144555e-04
5.487500e+03 4.512500e+03 1.375000e+03 1.605010e-02 5.144555e-04
5.587500e+03 4.512500e+03 1.375000e+03 1.647317e-02 5.144555e-04
5.687500e+03 4.512500e+03 1.350000e+03 1.604650e-02 5.144555e-04
5.787500e+03 4.512500e+03 1.325000e+03 1.625973e-02 5.144555e-04
5.887500e+03 4.512500e+03 1.325000e+03 1.692138e-02 5.144555e-04
5.987500e+03 4.512500e+03 1.300000e+03 1.802594e-02 5.144555e-04
6.087500e+03 4.512500e+03 1.300000e+03 1.801549e-02 5.144555e-04
6.187500e+03 4.512500e+03 1.275000e+03 1.909869e-02 5.144555e-04
6.287500e+03 4.512500e+03 1.300000e+03 1.836125e-02 5.144555e-04
6.387500e+03 4.512500e+03 1.300000e+03 1.800887e-02 5.144555e-04
6.487500e+03 4.512500e+03 1.325000e+03 1.643027e-02 5.144555e-04
6.587500e+03 4.512500e+03 1.350000e+03 1.475948e-02 5.144555e-04
6.687500e+03 4.512500e+03 1.375000e+03 1.495399e-02 5.144555e-04
6.787500e+03 4.512500e+03 1.375000e+03 1.514966e-02 5.144555e-04
6.887500e+03 4.512500e+03 1.425000e+03 1.431516e-02 5.144555e-04
6.987500e+03 4.512500e+03 1.450000e+03 1.629718e-02 5.144555e-04
3.487500e+03 4.612500e+03 1.175000e+03 1.545624e-02 5.144555e-04
3.587500e+03 4.612500e+03 1.175000e+03 1.550486e-02 5.144555e-04
3.687500e+03 4.612500e+03 1.150000e+03 1.371462e-02 5.144555e-04
3.787500e+03 4.612500e+03 1.125000e+03 1.337793e-02 5.144555e-04
3.887500e+03 4.612500e+03 1.125000e+03 1.359986e-02 5.144555e-04
3.987500e+03 4.612500e+03 1.150000e+03 1.384834e-02 5.144555e-04
4.087500e+03 4.612500e+03 1.150000e+03 1.377818e-02 5.144555e-04
4.187500e+03 4.612500e+03 1.175000e+03 1.374033e-02 5.144555e-04
4.287500e+03 4.612500e+03 1.175000e+03 1.378888e-02 5.144555e-04
4.387500e+03 4.612500e+03 1.200000e+03 1.367815e-02 5.144555e-04
4.487500e+03 4.612500e+03 1.200000e+03 1.485578e-02 5.144555e-04
4.587500e+03 4.612500e+03 1.225000e+03 1.486351e-02 5.144555e-04
4.687500e+03 4.612500e+03 1.250000e+03 1.502838e-02 5.144555e-04
4.787500e+03 4.612500e+03 1.250000e+03 1.635113e-02 5.144555e-04
4.887500e+03 4.612500e+03 1.275000e+03 1.602586e-02 5.144555e-04
4.987500e+03 4.612500e+03 1.275000e+03 1.630009e-02 5.144555e-04
5.087500e+03 4.612500e+03 1.300000e+03 1.654973e-02 5.144555e-04
5.187500e+03 4.612500e+03 1.300000e+03 1.579816e-02 5.144555e-04
5.287500e+03 4.612500e+03 1.300000e+03 1.724583e-02 5.144555e-04
5.387500e+03 4.612500e+03 1.325000e+03 1.637958e-02 5.144555e-04
5.487500e+03 4.612500e+03 1.375000e+03 1.697871e-02 5.144555e-04
5.587500e+03 4.612500e+03 1.400000e+03 1.786110e-02 5.144555e-04
5.687500e+03 4.612500e+03 1.375000e+03 1.636294e-02 5.144555e-04
5.787500e+03 4.612500e+03 1.350000e+03 1.723967e-02 5.144555e-04
5.887500e+03 4.612500e+03 1.350000e+03 1.655252e-02 5.144555e-04
5.987500e+03 4.612500e+03 1.325000e+03 1.717715e-02 5.144555e-04
6.087500e+03 4.612500e+03 1.300000e+03 1.709379e-02 5.144555e-04
6.187500e+03 4.612500e+03 1.275000e+03 1.947141e-02 5.144555e-04
6.287500e+03 4.612500e+03 1.275000e+03 1.928077e-02 5.144555e-04
6.387500e+03 4.612500e+03 1.300000e+03 1.755906e-02 5.144555e-04
6.487500e+03 4.612500e+03 1.325000e+03 1.737773e-02 5.144555e-04
6.587500e+03 4.612500e+03 1.325000e+03 1.601030e-02 5.144555e-04
6.687500e+03 4.612500e+03 1.350000e+03 1.605669e-02 5.144555e-04
6.787500e+03 4.612500e+03 1.375000e+03 1.524776e-02 5.144555e-04
6.887500e+03 4.612500e+03 1.400000e+03 1.452552e-02 5.144555e-04
6.987500e+03 4.612500e+03 1.450000e+03 1.592975e-02 5.144555e-04
3.487500e+03 4.712500e+03 1.175000e+03 1.576085e-02 5.144555e-04
3.587500e+03 4.712500e+03 1.150000e+03 1.471886e-02 5.144555e-04
3.687500e+03 4.712500e+03 1.150000e+03 1.353601e-02 5.144555e-04
3.787500e+03 4.712500e+03 1.125000e+03 1.365878e-02 5.144555e-04
3.887500e+03 4.712500e+03 1.125000e+03 1.305907e-02 5.144555e-04
3.987500e+03 4.712500e+03 1.150000e+03 1.381269e-02 5.144555e-04
4.087500e+03 4.712500e+03 1.175000e+03 1.345617e-02 5.144555e-04
4.187500e+03 4.712500e+03 1.175000e+03 1.375274e-02 5.144555e-04
4.287500e+03 4.712500e+03 1.175000e+03 1.335953e-02 5.144555e-04
4.387500e+03 4.712500e+03 1.200000e+03 1.330606e-02 5.144555e-04
4.487500e+03 4.712500e+03 1.225000e+03 1.542527e-02 5.144555e-04
4.587500e+03 4.712500e+03 1.250000e+03 1.502552e-02 5.144555e-04
4.687500e+03 4.712500e+03 1.250000e+03 1.522157e-02 5.144555e-04
4.787500e+03 4.712500e+03 1.250000e+03 1.588358e-02 5.144555e-04
4.887500e+03 4.712500e+03 1.275000e+03 1.566940e-02 5.144555e-04
4.987500e+03 4.712500e+03 1.275000e+03 1.629689e-02 5.144555e-04
5.087500e+03 4.712500e+03 1.300000e+03 1.667104e-02 5.144555e-04
5.187500e+03 4.712500e+03 1.300000e+03 1.707551e-02 5.144555e-04
5.287500e+03 4.712500e+03 1.300000e+03 1.642847e-02 5.144555e-04
5.387500e+03 4.712500e+03 1.325000e+03 1.729239e-02 5.144555e-04
5.487500e+03 4.712500e+03 1.350000e+03 1.731540e-02 5.144555e-04
5.587500e+03 4.712500e+03 1.400000e+03 1.628694e-02 5.144555e-04
5.687500e+03 4.712500e+03 1.400000e+03 1.629692e-02 5.144555e-04
5.787500e+03 4.712500e+03 1.350000e+03 1.685615e-02 5.144555e-04
5.887500e+03 4.712500e+03 1.350000e+03 1.689429e-02 5.144555e-04
5.987500e+03 4.712500e+03 1.325000e+03 1.747361e-02 5.144555e-04
6.087500e+03 4.712500e+03 1.325000e+03 1.815384e-02 5.144555e-04
6.187500e+03 4.712500e+03 1.300000e+03 1.785969e-02 5.144555e-04
6.287500e+03 4.712500e+03 1.300000e+03 1.905441e-02 5.144555e-04
6.387500e+03 4.712500e+03 1.300000e+03 1.846953e-02 5.144555e-04
6.487500e+03 4.712500e+03 1.350000e+03 1.774595e-02 5.144555e-04
6.587500e+03 4.712500e+03 1.350000e+03 1.741369e-02 5.144555e-04
6.687500e+03 4.712500e+03 1.375000e+03 1.604149e-02 5.144555e-04
6.787500e+03 4.712500e+03 1.375000e+03 1.599024e-02 5.144555e-04
6.887500e+03 4.712500e+03 1.400000e+03 1.566983e-02 5.144555e-04
6.987500e+03 4.712500e+03 1.425000e+03 1.568579e-02 5.144555e-04
3.487500e+03 4.812500e+03 1.175000e+03 1.600334e-02 5.144555e-04
3.587500e+03 4.812500e+03 1.150000e+03 1.469004e-02 5.144555e-04
3.687500e+03 4.812500e+03 1.125000e+03 1.403236e-02 5.144555e-04
3.787500e+03 4.812500e+03 1.125000e+03 1.425062e-02 5.144555e-04
3.887500e+03 4.812500e+03 1.125000e+03 1.353570e-02 5.144555e-04
3.987500e+03 4.812500e+03 1.150000e+03 1.288696e-02 5.144555e-04
4.087500e+03 4.812500e+03 1.175000e+03 1.352334e-02 5.144555e-04
4.187500e+03 4.812500e+03 1.175000e+03 1.388617e-02 5.144555e-04
4.287500e+03 4.812500e+03 1.175000e+03 1.314249e-02 5.144555e-04
4.387500e+03 4.812500e+03 1.200000e+03 1.462045e-02 5.144555e-04
4.487500e+03 4.812500e+03 1.250000e+03 1.437279e-02 5.144555e-04
4.587500e+03 4.812500e+03 1.250000e+03 1.476798e-02 5.144555e-04
4.687500e+03 4.812500e+03 1.275000e+03 1.500913e-02 5.144555e-04
4.787500e+03 4.812500e+03 1.275000e+03 1.583727e-02 5.144555e-04
4.887500e+03 4.812500e+03 1.275000e+03 1.647992e-02 5.144555e-04
4.987500e+03 4.812500e+03 1.275000e+03 1.567781e-02 5.144555e-04
5.087500e+03 4.812500e+03 1.275000e+03 1.758557e-02 5.144555e-04
5.187500e+03 4.812500e+03 1.275000e+03 1.616900e-02 5.144555e-04
5.287500e+03 4.812500e+03 1.275000e+03 1.606730e-02 5.144555e-04
5.387500e+03 4.812500e+03 1.300000e+03 1.709339e-02 5.144555e-04
5.487500e+03 4.812500e+03 1.350000e+03 1.673910e-02 5.144555e-04
5.587500e+03 4.812500e+03 1.375000e+03 1.694887e-02 5.144555e-04
5.687500e+03 4.812500e+03 1.400000e+03 1.670565e-02 5.144555e-04
5.787500e+03 4.812500e+03 1.375000e+03 1.596756e-02 5.144555e-04
5.887500e+03 4.812500e+03 1.350000e+03 1.685725e-02 5.144555e-04
5.987500e+03 4.812500e+03 1.350000e+03 1.637235e-02 5.144555e-04
6.087500e+03 4.812500e+03 1.350000e+03 1.684560e-02 5.144555e-04
6.187500e+03 4.812500e+03 1.325000e+03 1.806959e-02 5.144555e-04
6.287500e+03 4.812500e+03 1.300000e+03 1.798336e-02 5.144555e-04
6.387500e+03 4.812500e+03 1.300000e+03 2.067239e-02 5.144555e-04
6.487500e+03 4.812500e+03 1.325000e+03 1.818472e-02 5.144555e-04
6.587500e+03 4.812500e+03 1.350000e+03 1.653057e-02 5.144555e-04
6.687500e+03 4.812500e+03 1.375000e+03 1.610973e-02 5.144555e-04
6.787500e+03 4.812500e+03 1.400000e+03 1.575216e-02 5.144555e-04
6.887500e+03 4.812500e+03 1.400000e+03 1.614252e-02 5.144555e-04
6.987500e+03 4.812500e+03 1.425000e+03 1.604103e-02 5.144555e-04
3.487500e+03 4.912500e+03 1.175000e+03 1.470586e-02 5.144555e-04
3.587500e+03 4.912500e+03 1.125000e+03 1.389404e-02 5.144555e-04
3.687500e+03 4.912500e+03 1.125000e+03 1.240192e-02 5.144555e-04
3.787500e+03 4.912500e+03 1.125000e+03 1.328448e-02 5.144555e-04
3.887500e+03 4.912500e+03 1.125000e+03 1.393069e-02 5.144555e-04
3.987500e+03 4.912500e+03 1.150000e+03 1.312317e-02 5.144555e-04
4.087500e+03 4.912500e+03 1.175000e+03 1.277102e-02 5.144555e-04
4.187500e+03 4.912500e+03 1.175000e+03 1.348029e-02 5.144555e-04
4.287500e+03 4.912500e+03 1.200000e+03 1.393620e-02 5.144555e-04
4.387500e+03 4.912500e+03 1.200000e+03 1.527016e-02 5.144555e-04
4.487500e+03 4.912500e+03 1.225000e+03 1.399598e-02 5.144555e-04
4.587500e+03 4.912500e+03 1.250000e+03 1.460022e-02 5.144555e-04
4.687500e+03 4.912500e+03 1.275000e+03 1.489001e-02 5.144555e-04
4.787500e+03 4.912500e+03 1.300000e+03 1.547027e-02 5.144555e-04
4.887500e+03 4.912500e+03 1.300000e+03 1.641372e-02 5.144555e-04
4.987500e+03 4.912500e+03 1.275000e+03 1.650927e-02 5.144555e-04
5.087500e+03 4.912500e+03 1.275000e+03 1.687728e-02 5.144555e-04
5.187500e+03 4.912500e+03 1.275000e+03 1.805667e-02 5.144555e-04
5.287500e+03 4.912500e+03 1.275000e+03 1.665700e-02 5.144555e-04
5.387500e+03 4.912500e+03 1.300000e+03 1.686007e-02 5.144555e-04
5.487500e+03 4.912500e+03 1.325000e+03 1.729849e-02 5.144555e-04
5.587500e+03 4.912500e+03 1.350000e+03 1.768097e-02 5.144555e-04
5.687500e+03 4.912500e+03 1.375000e+03 1.643820e-02 5.144555e-04
5.787500e+03 4.912500e+03 1.400000e+03 1.734944e-02 5.144555e-04
5.887500e+03 4.912500e+03 1.375000e+03 1.674086e-02 5.144555e-04
5.987500e+03 4.912500e+03 1.375000e+03 1.737304e-02 5.144555e-04
6.087500e+03 4.912500e+03 1.350000e+03 1.652234e-02 5.144555e-04
6.187500e+03 4.912500e+03 1.350000e+03 1.720552e-02 5.144555e-04
6.287500e+03 4.912500e+03 1.325000e+03 1.737068e-02 5.144555e-04
6.387500e+03 4.912500e+03 1.300000e+03 1.940017e-02 5.144555e-04
6.487500e+03 4.912500e+03 1.325000e+03 1.836458e-02 5.144555e-04
6.587500e+03 4.912500e+03 1.325000e+03 1.828837e-02 5.144555e-04
6.687500e+03 4.912500e+03 1.350000e+03 1.682371e-02 5.144555e-04
6.787500e+03 4.912500e+03 1.400000e+03 1.590344e-02 5.144555e-04
6.887500e+03 4.912500e+03 1.425000e+03 1.583512e-02 5.144555e-04
6.987500e+03 4.912500e+03 1.450000e+03 1.655193e-02 5.144555e-04
3.487500e+03 5.012500e+03 1.150000e+03 1.373872e-02 5.144555e-04
3.587500e+03 5.012500e+03 1.125000e+03 1.252623e-02 5.144555e-04
3.687500e+03 5.012500e+03 1.125000e+03 1.256120e-02 5.144555e-04
3.787500e+03 5.012500e+03 1.125000e+03 1.271103e-02 5.144555e-04
3.887500e+03 5.012500e+03 1.150000e+03 1.348509e-02 5.144555e-04
3.987500e+03 5.012500e+03 1.175000e+03 1.311622e-02 5.144555e-04
4.087500e+03 5.012500e+03 1.175000e+03 1.389147e-02 5.144555e-04
4.187500e+03 5.012500e+03 1.200000e+03 1.401566e-02 5.144555e-04
4.287500e+03 5.012500e+03 1.200000e+03 1.325298e-02 5.144555e-04
4.387500e+03 5.012500e+03 1.225000e+03 1.388310e-02 5.144555e-04
4.487500e+03 5.012500e+03 1.225000e+03 1.513926e-02 5.144555e-04
4.587500e+03 5.012500e+03 1.250000e+03 1.561001e-02 5.144555e-04
4.687500e+03 5.012500e+03 1.275000e+03 1.481730e-02 5.144555e-04
4.787500e+03 5.012500e+03 1.300000e+03 1.662290e-02 5.144555e-04
4.887500e+03 5.012500e+03 1.300000e+03 1.616651e-02 5.144555e-04
4.987500e+03 5.012500e+03 1.300000e+03 1.634388e-02 5.144555e-04
5.087500e+03 5.012500e+03 1.275000e+03 1.658110e-02 5.144555e-04
5.187500e+03 5.012500e+03 1.275000e+03 1.653651e-02 5.144555e-04
5.287500e+03 5.012500e+03 1.275000e+03 1.748973e-02 5.144555e-04
5.387500e+03 5.012500e+03 1.300000e+03 1.710202e-02 5.144555e-04
5.487500e+03 5.012500e+03 1.300000e+03 1.656639e-02 5.144555e-04
5.587500e+03 5.012500e+03 1.325000e+03 1.736523e-02 5.144555e-04
5.687500e+03 5.012500e+03 1.325000e+03 1.574490e-02 5.144555e-04
5.787500e+03 5.012500e+03 1.375000e+03 1.729106e-02 5.144555e-04
5.887500e+03 5.012500e+03 1.400000e+03 1.627129e-02 5.144555e-04
5.987500e+03 5.012500e+03 1.400000e+03 1.768945e-02 5.144555e-04
6.087500e+03 5.012500e+03 1.375000e+03 1.604419e-02 5.144555e-04
6.187500e+03 5.012500e+03 1.375000e+03 1.734202e-02 5.144555e-04
6.287500e+03 5.012500e+03 1.350000e+03 1.755579e-02 5.144555e-04
6.387500e+03 5.012500e+03 1.325000e+03 1.980663e-02 5.144555e-04
6.487500e+03 5.012500e+03 1.300000e+03 2.128243e-02 5.144555e-04
6.587500e+03 5.012500e+03 1.325000e+03 1.918863e-02 5.144555e-04
6.687500e+03 5.012500e+03 1.350000e+03 1.800651e-02 5.144555e-04
6.787500e+03 5.012500e+03 1.375000e+03 1.738038e-02 5.144555e-04
6.887500e+03 5.012500e+03 1.375000e+03 1.709826e-02 5.144555e-04
6.987500e+03 5.012500e+03 1.400000e+03 1.691553e-02 5.144555e-04
3.487500e+03 5.112500e+03 1.150000e+03 1.402730e-02 5.144555e-04
3.587500e+03 5.112500e+03 1.125000e+03 1.347573e-02 5.144555e-04
3.687500e+03 5.112500e+03 1.125000e+03 1.341329e-02 5.144555e-04
3.787500e+03 5.112500e+03 1.150000e+03 1.218098e-02 5.144555e-04
3.887500e+03 5.112500e+03 1.150000e+03 1.340584e-02 5.144555e-04
3.987500e+03 5.112500e+03 1.175000e+03 1.462983e-02 5.144555e-04
4.087500e+03 5.112500e+03 1.200000e+03 1.445941e-02 5.144555e-04
4.187500e+03 5.112500e+03 1.200000e+03 1.291064e-02 5.144555e-04
4.287500e+03 5.112500e+03 1.200000e+03 1.378714e-02 5.144555e-04
4.387500e+03 5.112500e+03 1.200000e+03 1.463486e-02 5.144555e-04
4.487500e+03 5.112500e+03 1.225000e+03 1.442181e-02 5.144555e-04
4.587500e+03 5.112500e+03 1.275000e+03 1.455388e-02 5.144555e-04
4.687500e+03 5.112500e+03 1.300000e+03 1.505213e-02 5.144555e-04
4.787500e+03 5.112500e+03 1.300000e+03 1.549349e-02 5.144555e-04
4.887500e+03 5.112500e+03 1.325000e+03 1.619884e-02 5.144555e-04
4.987500e+03 5.112500e+03 1.325000e+03 1.614045e-02 5.144555e-04
5.087500e+03 5.112500e+03 1.300000e+03 1.640555e-02 5.144555e-04
5.187500e+03 5.112500e+03 1.275000e+03 1.700869e-02 5.144555e-04
5.287500e+03 5.112500e+03 1.275000e+03 1.658917e-02 5.144555e-04
5.387500e+03 5.112500e+03 1.275000e+03 1.652600e-02 5.144555e-04
5.487500e+03 5.112500e+03 1.300000e+03 1.575409e-02 5.144555e-04
5.587500e+03 5.112500e+03 1.300000e+03 1.680063e-02 5.144555e-04
5.687500e+03 5.112500e+03 1.325000e+03 1.568484e-02 5.144555e-04
5.787500e+03 5.112500e+03 1.350000e+03 1.641494e-02 5.144555e-04
5.887500e+03 5.112500e+03 1.375000e+03 1.591459e-02 5.144555e-04
5.987500e+03 5.112500e+03 1.425000e+03 1.690324e-02 5.144555e-04
6.087500e+03 5.112500e+03 1.400000e+03 1.606435e-02 5.144555e-04
6.187500e+03 5.112500e+03 1.375000e+03 1.634748e-02 5.144555e-04
6.287500e+03 5.112500e+03 1.350000e+03 1.708430e-02 5.144555e-04
6.387500e+03 5.112500e+03 1.325000e+03 1.776239e-02 5.144555e-04
6.487500e+03 5.112500e+03 1.300000e+03 1.974977e-02 5.144555e-04
6.587500e+03 5.112500e+03 1.325000e+03 2.011322e-02 5.144555e-04
6.687500e+03 5.112500e+03 1.350000e+03 1.789114e-02 5.144555e-04
6.787500e+03 5.112500e+03 1.350000e+03 1.686704e-02 5.144555e-04
6.887500e+03 5.112500e+03 1.350000e+03 1.585631e-02 5.144555e-04
6.987500e+03 5.112500e+03 1.375000e+03 1.625011e-02 5.144555e-04
3.487500e+03 5.212500e+03 1.125000e+03 1.368058e-02 5.144555e-04
3.587500e+03 5.212500e+03 1.125000e+03 1.235178e-02 5.144555e-04
3.687500e+03 5.212500e+03 1.125000e+03 1.337836e-02 5.144555e-04
3.787500e+03 5.212500e+03 1.150000e+03 1.285788e-02 5.144555e-04
3.887500e+03 5.212500e+03 1.150000e+03 1.284233e-02 5.144555e-04
3.987500e+03 5.212500e+03 1.175000e+03 1.326370e-02 5.144555e-04
4.087500e+03 5.212500e+03 1.175000e+03 1.501423e-02 5.144555e-04
4.187500e+03 5.212500e+03 1.200000e+03 1.400471e-02 5.144555e-04
4.287500e+03 5.212500e+03 1.200000e+03 1.345799e-02 5.144555e-04
4.387500e+03 5.212500e+03 1.225000e+03 1.390580e-02 5.144555e-04
4.487500e+03 5.212500e+03 1.225000e+03 1.390307e-02 5.144555e-04
4.587500e+03 5.212500e+03 1.250000e+03 1.526545e-02 5.144555e-04
4.687500e+03 5.212500e+03 1.275000e+03 1.559085e-02 5.144555e-04
4.787500e+03 5.212500e+03 1.300000e+03 1.499856e-02 5.144555e-04
4.887500e+03 5.212500e+03 1.300000e+03 1.656778e-02 5.144555e-04
4.987500e+03 5.212500e+03 1.325000e+03 1.528704e-02 5.144555e-04
5.087500e+03 5.212500e+03 1.325000e+03 1.620234e-02 5.144555e-04
5.187500e+03 5.212500e+03 1.300000e+03 1.600892e-02 5.144555e-04
5.287500e+03 5.212500e+03 1.275000e+03 1.543716e-02 5.144555e-04
5.387500e+03 5.212500e+03 1.275000e+03 1.580010e-02 5.144555e-04
5.487500e+03 5.212500e+03 1.275000e+03 1.535406e-02 5.144555e-04
5.587500e+03 5.212500e+03 1.300000e+03 1.397516e-02 5.144555e-04
5.687500e+03 5.212500e+03 1.300000e+03 1.541616e-02 5.144555e-04
5.787500e+03 5.212500e+03 1.325000e+03 1.573418e-02 5.144555e-04
5.887500e+03 5.212500e+03 1.350000e+03 1.666157e-02 5.144555e-04
5.987500e+03 5.212500e+03 1.375000e+03 1.639473e-02 5.144555e-04
6.087500e+03 5.212500e+03 1.400000e+03 1.620320e-02 5.144555e-04
6.187500e+03 5.212500e+03 1.400000e+03 1.704063e-02 5.144555e-04
6.287500e+03 5.212500e+03 1.350000e+03 1.689058e-02 5.144555e-04
6.387500e+03 5.212500e+03 1.350000e+03 1.659343e-02 5.144555e-04
6.487500e+03 5.212500e+03 1.325000e+03 1.842785e-02 5.144555e-04
6.587500e+03 5.212500e+03 1.325000e+03 1.916652e-02 5.144555e-04
6.687500e+03 5.212500e+03 1.325000e+03 1.833454e-02 5.144555e-04
6.787500e+03 5.212500e+03 1.325000e+03 1.781893e-02 5.144555e-04
6.887500e+03 5.212500e+03 1.325000e+03 1.664026e-02 5.144555e-04
6.987500e+03 5.212500e+03 1.350000e+03 1.564891e-02 5.144555e-04
3.487500e+03 5.312500e+03 1.125000e+03 1.277251e-02 5.144555e-04
3.587500e+03 5.312500e+03 1.125000e+03 1.403187e-02 5.144555e-04
3.687500e+03 5.312500e+03 1.150000e+03 1.311440e-02 5.144555e-04
3.787500e+03 5.312500e+03 1.150000e+03 1.226605e-02 5.144555e-04
3.887500e+03 5.312500e+03 1.150000e+03 1.338894e-02 5.144555e-04
3.987500e+03 5.312500e+03 1.150000e+03 1.323830e-02 5.144555e-04
4.087500e+03 5.312500e+03 1.175000e+03 1.295052e-02 5.144555e-04
4.187500e+03 5.312500e+03 1.175000e+03 1.417609e-02 5.144555e-04
4.287500e+03 5.312500e+03 1.200000e+03 1.313373e-02 5.144555e-04
4.387500e+03 5.312500e+03 1.225000e+03 1.387404e-02 5.144555e-04
4.487500e+03 5.312500e+03 1.225000e+03 1.384023e-02 5.144555e-04
4.587500e+03 5.312500e+03 1.225000e+03 1.503406e-02 5.144555e-04
4.687500e+03 5.312500e+03 1.250000e+03 1.471457e-02 5.144555e-04
4.787500e+03 5.312500e+03 1.250000e+03 1.534294e-02 5.144555e-04
4.887500e+03 5.312500e+03 1.275000e+03 1.559004e-02 5.144555e-04
4.987500e+03 5.312500e+03 1.300000e+03 1.545717e-02 5.144555e-04
5.087500e+03 5.312500e+03 1.325000e+03 1.583778e-02 5.144555e-04
5.187500e+03 5.312500e+03 1.325000e+03 1.536230e-02 5.144555e-04
5.287500e+03 5.312500e+03 1.300000e+03 1.624377e-02 5.144555e-04
5.387500e+03 5.312500e+03 1.275000e+03 1.582265e-02 5.144555e-04
5.487500e+03 5.312500e+03 1.275000e+03 1.582188e-02 5.144555e-04
5.587500e+03 5.312500e+03 1.275000e+03 1.568197e-02 5.144555e-04
5.687500e+03 5.312500e+03 1.300000e+03 1.470051e-02 5.144555e-04
5.787500e+03 5.312500e+03 1.300000e+03 1.525999e-02 5.144555e-04
5.887500e+03 5.312500e+03 1.325000e+03 1.645727e-02 5.144555e-04
5.987500e+03 5.312500e+03 1.350000e+03 1.559493e-02 5.144555e-04
6.087500e+03 5.312500e+03 1.350000e+03 1.493343e-02 5.144555e-04
6.187500e+03 5.312500e+03 1.375000e+03 1.555727e-02 5.144555e-04
6.287500e+03 5.312500e+03 1.375000e+03 1.638151e-02 5.144555e-04
6.387500e+03 5.312500e+03 1.350000e+03 1.738341e-02 5.144555e-04
6.487500e+03 5.312500e+03 1.350000e+03 1.782640e-02 5.144555e-04
6.587500e+03 5.312500e+03 1.325000e+03 1.830243e-02 5.144555e-04
6.687500e+03 5.312500e+03 1.325000e+03 1.832626e-02 5.144555e-04
6.787500e+03 5.312500e+03 1.325000e+03 1.735704e-02 5.144555e-04
6.887500e+03 5.312500e+03 1.325000e+03 1.695629e-02 5.144555e-04
6.987500e+03 5.312500e+03 1.350000e+03 1.605603e-02 5.144555e-04
3.487500e+03 5.412500e+03 1.125000e+03 1.333223e-02 5.144555e-04
3.587500e+03 5.412500e+03 1.150000e+03 1.316387e-02 5.144555e-04
3.687500e+03 5.412500e+03 1.150000e+03 1.357379e-02 5.144555e-04
3.787500e+03 5.412500e+03 1.150000e+03 1.387488e-02 5.144555e-04
3.887500e+03 5.412500e+03 1.150000e+03 1.229974e-02 5.144555e-04
3.987500e+03 5.412500e+03 1.175000e+03 1.397459e-02 5.144555e-04
4.087500e+03 5.412500e+03 1.175000e+03 1.330614e-02 5.144555e-04
4.187500e+03 5.412500e+03 1.200000e+03 1.395159e-02 5.144555e-04
4.287500e+03 5.412500e+03 1.225000e+03 1.281665e-02 5.144555e-04
4.387500e+03 5.412500e+03 1.225000e+03 1.320223e-02 5.144555e-04
4.487500e+03 5.412500e+03 1.250000e+03 1.405551e-02 5.144555e-04
4.587500e+03 5.412500e+03 1.275000e+03 1.526200e-02 5.144555e-04
4.687500e+03 5.412500e+03 1.250000e+03 1.423193e-02 5.144555e-04
4.787500e+03 5.412500e+03 1.250000e+03 1.382961e-02 5.144555e-04
4.887500e+03 5.412500e+03 1.275000e+03 1.585538e-02 5.144555e-04
4.987500e+03 5.412500e+03 1.275000e+03 1.502931e-02 5.144555e-04
5.087500e+03 5.412500e+03 1.275000e+03 1.524905e-02 5.144555e-04
5.187500e+03 5.412500e+03 1.325000e+03 1.597632e-02 5.144555e-04
5.287500e+03 5.412500e+03 1.325000e+03 1.593686e-02 5.144555e-04
5.387500e+03 5.412500e+03 1.300000e+03 1.630372e-02 5.144555e-04
5.487500e+03 5.412500e+03 1.275000e+03 1.363840e-02 5.144555e-04
5.587500e+03 5.412500e+03 1.275000e+03 1.521622e-02 5.144555e-04
5.687500e+03 5.412500e+03 1.300000e+03 1.451257e-02 5.144555e-04
5.787500e+03 5.412500e+03 1.300000e+03 1.421616e-02 5.144555e-04
5.887500e+03 5.412500e+03 1.300000e+03 1.411109e-02 5.144555e-04
5.987500e+03 5.412500e+03 1.325000e+03 1.498157e-02 5.144555e-04
6.087500e+03 5.412500e+03 1.325000e+03 1.525320e-02 5.144555e-04
6.187500e+03 5.412500e+03 1.350000e+03 1.518899e-02 5.144555e-04
6.287500e+03 5.412500e+03 1.350000e+03 1.669048e-02 5.144555e-04
6.387500e+03 5.412500e+03 1.400000e+03 1.626010e-02 5.144555e-04
6.487500e+03 5.412500e+03 1.400000e+03 1.724200e-02 5.144555e-04
6.587500e+03 5.412500e+03 1.375000e+03 1.658705e-02 5.144555e-04
6.687500e+03 5.412500e+03 1.350000e+03 1.713214e-02 5.144555e-04
6.787500e+03 5.412500e+03 1.325000e+03 1.809927e-02 5.144555e-04
6.887500e+03 5.412500e+03 1.325000e+03 1.667941e-02 5.144555e-04
6.987500e+03 5.412500e+03 1.325000e+03 1.729389e-02 5.144555e-04
3.487500e+03 5.512500e+03 1.125000e+03 1.322930e-02 5.144555e-04
3.587500e+03 5.512500e+03 1.150000e+03 1.173352e-02 5.144555e-04
3.687500e+03 5.512500e+03 1.150000e+03 1.432989e-02 5.144555e-04
3.787500e+03 5.512500e+03 1.175000e+03 1.318636e-02 5.144555e-04
3.887500e+03 5.512500e+03 1.150000e+03 1.361022e-02 5.144555e-04
3.987500e+03 5.512500e+03 1.175000e+03 1.337984e-02 5.144555e-04
4.087500e+03 5.512500e+03 1.175000e+03 1.316042e-02 5.144555e-04
4.187500e+03 5.512500e+03 1.200000e+03 1.393881e-02 5.144555e-04
4.287500e+03 5.512500e+03 1.200000e+03 1.417822e-02 5.144555e-04
4.387500e+03 5.512500e+03 1.225000e+03 1.324784e-02 5.144555e-04
4.487500e+03 5.512500e+03 1.250000e+03 1.436608e-02 5.144555e-04
4.587500e+03 5.512500e+03 1.275000e+03 1.517044e-02 5.144555e-04
4.687500e+03 5.512500e+03 1.275000e+03 1.433341e-02 5.144555e-04
4.787500e+03 5.512500e+03 1.275000e+03 1.545633e-02 5.144555e-04
4.887500e+03 5.512500e+03 1.300000e+03 1.557876e-02 5.144555e-04
4.987500e+03 5.512500e+03 1.300000e+03 1.566632e-02 5.144555e-04
5.087500e+03 5.512500e+03 1.275000e+03 1.398823e-02 5.144555e-04
5.187500e+03 5.512500e+03 1.300000e+03 1.435475e-02 5.144555e-04
5.287500e+03 5.512500e+03 1.325000e+03 1.457084e-02 5.144555e-04
5.387500e+03 5.512500e+03 1.300000e+03 1.442183e-02 5.144555e-04
5.487500e+03 5.512500e+03 1.300000e+03 1.535560e-02 5.144555e-04
5.587500e+03 5.512500e+03 1.300000e+03 1.506988e-02 5.144555e-04
5.687500e+03 5.512500e+03 1.300000e+03 1.478541e-02 5.144555e-04
5.787500e+03 5.512500e+03 1.300000e+03 1.478471e-02 5.144555e-04
5.887500e+03 5.512500e+03 1.300000e+03 1.383902e-02 5.144555e-04
5.987500e+03 5.512500e+03 1.300000e+03 1.406324e-02 5.144555e-04
6.087500e+03 5.512500e+03 1.300000e+03 1.434865e-02 5.144555e-04
6.187500e+03 5.512500e+03 1.325000e+03 1.520406e-02 5.144555e-04
6.287500e+03 5.512500e+03 1.375000e+03 1.499939e-02 5.144555e-04
6.387500e+03 5.512500e+03 1.400000e+03 1.609438e-02 5.144555e-04
6.487500e+03 5.512500e+03 1.425000e+03 1.660981e-02 5.144555e-04
6.587500e+03 5.512500e+03 1.400000e+03 1.642858e-02 5.144555e-04
6.687500e+03 5.512500e+03 1.350000e+03 1.636229e-02 5.144555e-04
6.787500e+03 5.512500e+03 1.350000e+03 1.690291e-02 5.144555e-04
6.887500e+03 5.512500e+03 1.350000e+03 1.670458e-02 5.144555e-04
6.987500e+03 5.512500e+03 1.325000e+03 1.727142e-02 5.144555e-04


DATATYPE MOBILEMT
FREQUENCY 199.5001
N_RECV 1117
19987.5 -12.5 975.0 i i i i i i i i
3.487500e+03 2.512500e+03 1.250000e+03 2.024528e-02 6.995355e-04
3.587500e+03 2.512500e+03 1.225000e+03 2.133306e-02 6.995355e-04
3.687500e+03 2.512500e+03 1.225000e+03 2.130949e-02 6.995355e-04
3.787500e+03 2.512500e+03 1.200000e+03 1.943277e-02 6.995355e-04
3.887500e+03 2.512500e+03 1.200000e+03 2.099135e-02 6.995355e-04
3.987500e+03 2.512500e+03 1.200000e+03 2.102083e-02 6.995355e-04
4.087500e+03 2.512500e+03 1.200000e+03 2.058544e-02 6.995355e-04
4.187500e+03 2.512500e+03 1.200000e+03 2.029866e-02 6.995355e-04
4.287500e+03 2.512500e+03 1.200000e+03 1.814940e-02 6.995355e-04
4.387500e+03 2.512500e+03 1.200000e+03 1.951540e-02 6.995355e-04
4.487500e+03 2.512500e+03 1.200000e+03 1.990357e-02 6.995355e-04
4.587500e+03 2.512500e+03 1.175000e+03 1.997794e-02 6.995355e-04
4.687500e+03 2.512500e+03 1.175000e+03 1.834941e-02 6.995355e-04
4.787500e+03 2.512500e+03 1.150000e+03 1.936451e-02 6.995355e-04
4.887500e+03 2.512500e+03 1.150000e+03 1.871802e-02 6.995355e-04
4.987500e+03 2.512500e+03 1.150000e+03 1.942738e-02 6.995355e-04
5.087500e+03 2.512500e+03 1.175000e+03 2.023208e-02 6.995355e-04
5.187500e+03 2.512500e+03 1.175000e+03 2.002525e-02 6.995355e-04
5.287500e+03 2.512500e+03 1.200000e+03 1.965878e-02 6.995355e-04
5.387500e+03 2.512500e+03 1.200000e+03 2.027501e-02 6.995355e-04
5.487500e+03 2.512500e+03 1.200000e+03 2.146376e-02 6.995355e-04
5.587500e+03 2.512500e+03 1.225000e+03 2.104600e-02 6.995355e-04
5.687500e+03 2.512500e+03 1.225000e+03 2.164271e-02 6.995355e-04
5.787500e+03 2.512500e+03 1.250000e+03 2.148713e-02 6.995355e-04
5.887500e+03 2.512500e+03 1.225000e+03 2.092617e-02 6.995355e-04
5.987500e+03 2.512500e+03 1.225000e+03 2.093343e-02 6.995355e-04
6.087500e+03 2.512500e+03 1.225000e+03 2.131226e-02 6.995355e-04
6.187500e+03 2.512500e+03 1.225000e+03 2.089662e-02 6.995355e-04
6.287500e+03 2.512500e+03 1.250000e+03 2.304673e-02 6.995355e-04
6.387500e+03 2.512500e+03 1.250000e+03 2.431224e-02 6.995355e-04
6.487500e+03 2.512500e+03 1.250000e+03 2.252932e-02 6.995355e-04
6.587500e+03 2.512500e+03 1.250000e+03 2.286179e-02 6.995355e-04
6.687500e+03 2.512500e+03 1.250000e+03 2.358406e-02 6.995355e-04
6.787500e+03 2.512500e+03 1.250000e+03 2.439666e-02 6.995355e-04
6.887500e+03 2.512500e+03 1.250000e+03 2.333917e-02 6.995355e-04
6.987500e+03 2.512500e+03 1.250000e+03 2.450800e-02 6.995355e-04
3.487500e+03 2.612500e+03 1.225000e+03 2.205574e-02 6.995355e-04
3.587500e+03 2.612500e+03 1.225000e+03 2.132382e-02 6.995355e-04
3.687500e+03 2.612500e+03 1.225000e+03 2.146263e-02 6.995355e-04
3.787500e+03 2.612500e+03 1.225000e+03 1.942900e-02 6.995355e-04
3.887500e+03 2.612500e+03 1.200000e+03 2.064088e-02 6.995355e-04
3.987500e+03 2.612500e+03 1.200000e+03 2.026301e-02 6.995355e-04
4.087500e+03 2.612500e+03 1.200000e+03 1.940435e-02 6.995355e-04
4.187500e+03 2.612500e+03 1.175000e+03 1.922212e-02 6.995355e-04
4.287500e+03 2.612500e+03 1.175000e+03 1.818917e-02 6.995355e-04
4.387500e+03 2.612500e+03 1.175000e+03 2.070265e-02 6.995355e-04
4.487500e+03 2.612500e+03 1.175000e+03 1.916125e-02 6.995355e-04
4.587500e+03 2.612500e+03 1.175000e+03 1.938547e-02 6.995355e-04
4.687500e+03 2.612500e+03 1.150000e+03 1.907729e-02 6.995355e-04
4.787500e+03 2.612500e+03 1.150000e+03 1.856978e-02 6.995355e-04
4.887500e+03 2.612500e+03 1.175000e+03 1.941938e-02 6.995355e-04
4.987500e+03 2.612500e+03 1.175000e+03 1.951600e-02 6.995355e-04
5.087500e+03 2.612500e+03 1.175000e+03 1.901598e-02 6.995355e-04
5.187500e+03 2.612500e+03 1.175000e+03 1.992373e-02 6.995355e-04
5.287500e+03 2.612500e+03 1.200000e+03 2.047927e-02 6.995355e-04
5.387500e+03 2.612500e+03 1.200000e+03 2.120322e-02 6.995355e-04
5.487500e+03 2.612500e+03 1.200000e+03 2.168820e-02 6.995355e-04
5.587500e+03 2.612500e+03 1.225000e+03 1.995456e-02 6.995355e-04
5.687500e+03 2.612500e+03 1.225000e+03 2.136707e-02 6.995355e-04
5.787500e+03 2.612500e+03 1.250000e+03 2.211407e-02 6.995355e-04
5.887500e+03 2.612500e+03 1.250000e+03 2.114027e-02 6.995355e-04
5.987500e+03 2.612500e+03 1.225000e+03 2.139719e-02 6.995355e-04
6.087500e+03 2.612500e+03 1.225000e+03 2.314010e-02 6.995355e-04
6.187500e+03 2.612500e+03 1.225000e+03 2.283527e-02 6.995355e-04
6.287500e+03 2.612500e+03 1.250000e+03 2.357014e-02 6.995355e-04
6.387500e+03 2.612500e+03 1.250000e+03 2.398730e-02 6.995355e-04
6.487500e+03 2.612500e+03 1.250000e+03 2.390656e-02 6.995355e-04
6.587500e+03 2.612500e+03 1.250000e+03 2.367754e-02 6.995355e-04
6.687500e+03 2.612500e+03 1.275000e+03 2.422695e-02 6.995355e-04
6.787500e+03 2.612500e+03 1.250000e+03 2.373038e-02 6.995355e-04
6.887500e+03 2.612500e+03 1.250000e+03 2.210852e-02 6.995355e-04
6.987500e+03 2.612500e+03 1.250000e+03 2.334323e-02 6.995355e-04
3.487500e+03 2.712500e+03 1.225000e+03 2.039696e-02 6.995355e-04
3.587500e+03 2.712500e+03 1.225000e+03 2.166106e-02 6.995355e-04
3.687500e+03 2.712500e+03 1.225000e+03 2.183090e-02 6.995355e-04
3.787500e+03 2.712500e+03 1.225000e+03 2.124437e-02 6.995355e-04
3.887500e+03 2.712500e+03 1.225000e+03 2.020323e-02 6.995355e-04
3.987500e+03 2.712500e+03 1.225000e+03 2.009302e-02 6.995355e-04
4.087500e+03 2.712500e+03 1.200000e+03 2.107506e-02 6.995355e-04
4.187500e+03 2.712500e+03 1.200000e+03 1.897687e-02 6.995355e-04
4.287500e+03 2.712500e+03 1.175000e+03 1.841284e-02 6.995355e-04
4.387500e+03 2.712500e+03 1.175000e+03 2.017294e-02 6.995355e-04
4.487500e+03 2.712500e+03 1.175000e+03 1.993210e-02 6.995355e-04
4.587500e+03 2.712500e+03 1.175000e+03 1.981239e-02 6.995355e-04
4.687500e+03 2.712500e+03 1.150000e+03 2.009827e-02 6.995355e-04
4.787500e+03 2.712500e+03 1.150000e+03 2.017170e-02 6.995355e-04
4.887500e+03 2.712500e+03 1.175000e+03 1.947466e-02 6.995355e-04
4.987500e+03 2.712500e+03 1.175000e+03 1.994467e-02 6.995355e-04
5.087500e+03 2.712500e+03 1.200000e+03 2.080537e-02 6.995355e-04
5.187500e+03 2.712500e+03 1.200000e+03 2.012158e-02 6.995355e-04
5.287500e+03 2.712500e+03 1.175000e+03 1.976694e-02 6.995355e-04
5.387500e+03 2.712500e+03 1.200000e+03 2.031421e-02 6.995355e-04
5.487500e+03 2.712500e+03 1.200000e+03 1.986295e-02 6.995355e-04
5.587500e+03 2.712500e+03 1.225000e+03 2.059927e-02 6.995355e-04
5.687500e+03 2.712500e+03 1.225000e+03 2.162084e-02 6.995355e-04
5.787500e+03 2.712500e+03 1.225000e+03 2.154059e-02 6.995355e-04
5.887500e+03 2.712500e+03 1.250000e+03 2.170380e-02 6.995355e-04
5.987500e+03 2.712500e+03 1.250000e+03 2.236982e-02 6.995355e-04
6.087500e+03 2.712500e+03 1.250000e+03 2.247138e-02 6.995355e-04
6.187500e+03 2.712500e+03 1.225000e+03 2.288276e-02 6.995355e-04
6.287500e+03 2.712500e+03 1.225000e+03 2.309173e-02 6.995355e-04
6.387500e+03 2.712500e+03 1.250000e+03 2.325619e-02 6.995355e-04
6.487500e+03 2.712500e+03 1.250000e+03 2.497108e-02 6.995355e-04
6.587500e+03 2.712500e+03 1.275000e+03 2.324484e-02 6.995355e-04
6.687500e+03 2.712500e+03 1.275000e+03 2.225379e-02 6.995355e-04
6.787500e+03 2.712500e+03 1.275000e+03 2.304170e-02 6.995355e-04
6.887500e+03 2.712500e+03 1.250000e+03 2.067610e-02 6.995355e-04
6.987500e+03 2.712500e+03 1.250000e+03 1.881703e-02 6.995355e-04
3.487500e+03 2.812500e+03 1.200000e+03 2.162999e-02 6.995355e-04
3.587500e+03 2.812500e+03 1.225000e+03 2.085183e-02 6.995355e-04
3.687500e+03 2.812500e+03 1.225000e+03 2.158649e-02 6.995355e-04
3.787500e+03 2.812500e+03 1.200000e+03 2.062519e-02 6.995355e-04
3.887500e+03 2.812500e+03 1.200000e+03 2.112303e-02 6.995355e-04
3.987500e+03 2.812500e+03 1.200000e+03 2.028761e-02 6.995355e-04
4.087500e+03 2.812500e+03 1.200000e+03 2.200550e-02 6.995355e-04
4.187500e+03 2.812500e+03 1.175000e+03 1.980323e-02 6.995355e-04
4.287500e+03 2.812500e+03 1.200000e+03 1.977153e-02 6.995355e-04
4.387500e+03 2.812500e+03 1.200000e+03 1.971141e-02 6.995355e-04
4.487500e+03 2.812500e+03 1.200000e+03 1.943166e-02 6.995355e-04
4.587500e+03 2.812500e+03 1.175000e+03 1.986526e-02 6.995355e-04
4.687500e+03 2.812500e+03 1.150000e+03 1.889700e-02 6.995355e-04
4.787500e+03 2.812500e+03 1.150000e+03 1.996708e-02 6.995355e-04
4.887500e+03 2.812500e+03 1.175000e+03 2.049527e-02 6.995355e-04
4.987500e+03 2.812500e+03 1.200000e+03 2.013881e-02 6.995355e-04
5.087500e+03 2.812500e+03 1.200000e+03 2.192182e-02 6.995355e-04
5.187500e+03 2.812500e+03 1.200000e+03 1.990770e-02 6.995355e-04
5.287500e+03 2.812500e+03 1.200000e+03 2.033139e-02 6.995355e-04
5.387500e+03 2.812500e+03 1.200000e+03 1.963227e-02 6.995355e-04
5.487500e+03 2.812500e+03 1.200000e+03 1.902790e-02 6.995355e-04
5.587500e+03 2.812500e+03 1.225000e+03 2.054846e-02 6.995355e-04
5.687500e+03 2.812500e+03 1.225000e+03 2.068339e-02 6.995355e-04
5.787500e+03 2.812500e+03 1.225000e+03 2.189630e-02 6.995355e-04
5.887500e+03 2.812500e+03 1.250000e+03 2.292629e-02 6.995355e-04
5.987500e+03 2.812500e+03 1.250000e+03 2.327176e-02 6.995355e-04
6.087500e+03 2.812500e+03 1.250000e+03 2.224055e-02 6.995355e-04
6.187500e+03 2.812500e+03 1.250000e+03 2.257879e-02 6.995355e-04
6.287500e+03 2.812500e+03 1.250000e+03 2.280558e-02 6.995355e-04
6.387500e+03 2.812500e+03 1.250000e+03 2.307047e-02 6.995355e-04
6.487500e+03 2.812500e+03 1.250000e+03 2.091486e-02 6.995355e-04
6.587500e+03 2.812500e+03 1.250000e+03 2.093748e-02 6.995355e-04
6.687500e+03 2.812500e+03 1.250000e+03 2.088037e-02 6.995355e-04
6.787500e+03 2.812500e+03 1.275000e+03 2.018573e-02 6.995355e-04
6.887500e+03 2.812500e+03 1.275000e+03 1.914205e-02 6.995355e-04
6.987500e+03 2.812500e+03 1.275000e+03 1.775611e-02 6.995355e-04
3.487500e+03 2.912500e+03 1.225000e+03 2.142472e-02 6.995355e-04
3.587500e+03 2.912500e+03 1.225000e+03 2.219567e-02 6.995355e-04
3.687500e+03 2.912500e+03 1.250000e+03 2.192057e-02 6.995355e-04
3.787500e+03 2.912500e+03 1.225000e+03 2.001890e-02 6.995355e-04
3.887500e+03 2.912500e+03 1.225000e+03 2.064999e-02 6.995355e-04
3.987500e+03 2.912500e+03 1.225000e+03 2.067772e-02 6.995355e-04
4.087500e+03 2.912500e+03 1.200000e+03 2.154183e-02 6.995355e-04
4.187500e+03 2.912500e+03 1.200000e+03 2.094122e-02 6.995355e-04
4.287500e+03 2.912500e+03 1.225000e+03 2.097070e-02 6.995355e-04
4.387500e+03 2.912500e+03 1.200000e+03 2.107675e-02 6.995355e-04
4.487500e+03 2.912500e+03 1.200000e+03 2.159189e-02 6.995355e-04
4.587500e+03 2.912500e+03 1.150000e+03 1.990674e-02 6.995355e-04
4.687500e+03 2.912500e+03 1.150000e+03 1.891581e-02 6.995355e-04
4.787500e+03 2.912500e+03 1.150000e+03 1.956833e-02 6.995355e-04
4.887500e+03 2.912500e+03 1.175000e+03 1.997799e-02 6.995355e-04
4.987500e+03 2.912500e+03 1.175000e+03 2.092307e-02 6.995355e-04
5.087500e+03 2.912500e+03 1.200000e+03 2.038336e-02 6.995355e-04
5.187500e+03 2.912500e+03 1.200000e+03 1.987818e-02 6.995355e-04
5.287500e+03 2.912500e+03 1.200000e+03 1.888327e-02 6.995355e-04
5.387500e+03 2.912500e+03 1.200000e+03 1.912082e-02 6.995355e-04
5.487500e+03 2.912500e+03 1.200000e+03 1.888496e-02 6.995355e-04
5.587500e+03 2.912500e+03 1.200000e+03 2.066405e-02 6.995355e-04
5.687500e+03 2.912500e+03 1.200000e+03 2.006695e-02 6.995355e-04
5.787500e+03 2.912500e+03 1.200000e+03 2.107087e-02 6.995355e-04
5.887500e+03 2.912500e+03 1.225000e+03 2.154960e-02 6.995355e-04
5.987500e+03 2.912500e+03 1.225000e+03 2.344748e-02 6.995355e-04
6.087500e+03 2.912500e+03 1.250000e+03 2.309873e-02 6.995355e-04
6.187500e+03 2.912500e+03 1.250000e+03 2.189308e-02 6.995355e-04
6.287500e+03 2.912500e+03 1.250000e+03 2.208778e-02 6.995355e-04
6.387500e+03 2.912500e+03 1.250000e+03 2.139979e-02 6.995355e-04
6.487500e+03 2.912500e+03 1.250000e+03 2.024443e-02 6.995355e-04
6.587500e+03 2.912500e+03 1.250000e+03 1.722618e-02 6.995355e-04
6.687500e+03 2.912500e+03 1.250000e+03 1.797106e-02 6.995355e-04
6.787500e+03 2.912500e+03 1.275000e+03 1.758245e-02 6.995355e-04
6.887500e+03 2.912500e+03 1.275000e+03 1.831058e-02 6.995355e-04
6.987500e+03 2.912500e+03 1.275000e+03 1.704358e-02 6.995355e-04
3.487500e+03 3.012500e+03 1.225000e+03 2.180246e-02 6.995355e-04
3.587500e+03 3.012500e+03 1.225000e+03 2.236938e-02 6.995355e-04
3.687500e+03 3.012500e+03 1.225000e+03 2.268973e-02 6.995355e-04
3.787500e+03 3.012500e+03 1.225000e+03 2.149516e-02 6.995355e-04
3.887500e+03 3.012500e+03 1.225000e+03 2.209721e-02 6.995355e-04
3.987500e+03 3.012500e+03 1.225000e+03 2.247347e-02 6.995355e-04
4.087500e+03 3.012500e+03 1.225000e+03 2.109964e-02 6.995355e-04
4.187500e+03 3.012500e+03 1.225000e+03 2.134838e-02 6.995355e-04
4.287500e+03 3.012500e+03 1.225000e+03 2.115624e-02 6.995355e-04
4.387500e+03 3.012500e+03 1.225000e+03 2.164972e-02 6.995355e-04
4.487500e+03 3.012500e+03 1.200000e+03 2.006383e-02 6.995355e-04
4.587500e+03 3.012500e+03 1.150000e+03 1.970605e-02 6.995355e-04
4.687500e+03 3.012500e+03 1.150000e+03 1.992082e-02 6.995355e-04
4.787500e+03 3.012500e+03 1.150000e+03 1.964919e-02 6.995355e-04
4.887500e+03 3.012500e+03 1.175000e+03 1.918916e-02 6.995355e-04
4.987500e+03 3.012500e+03 1.175000e+03 2.092408e-02 6.995355e-04
5.087500e+03 3.012500e+03 1.200000e+03 2.056186e-02 6.995355e-04
5.187500e+03 3.012500e+03 1.200000e+03 2.105955e-02 6.995355e-04
5.287500e+03 3.012500e+03 1.200000e+03 1.895740e-02 6.995355e-04
5.387500e+03 3.012500e+03 1.225000e+03 1.968745e-02 6.995355e-04
5.487500e+03 3.012500e+03 1.200000e+03 2.035104e-02 6.995355e-04
5.587500e+03 3.012500e+03 1.200000e+03 1.978641e-02 6.995355e-04
5.687500e+03 3.012500e+03 1.200000e+03 2.115462e-02 6.995355e-04
5.787500e+03 3.012500e+03 1.225000e+03 2.318331e-02 6.995355e-04
5.887500e+03 3.012500e+03 1.225000e+03 2.118663e-02 6.995355e-04
5.987500e+03 3.012500e+03 1.225000e+03 2.109504e-02 6.995355e-04
6.087500e+03 3.012500e+03 1.225000e+03 2.002121e-02 6.995355e-04
6.187500e+03 3.012500e+03 1.225000e+03 2.020911e-02 6.995355e-04
6.287500e+03 3.012500e+03 1.250000e+03 2.007100e-02 6.995355e-04
6.387500e+03 3.012500e+03 1.275000e+03 1.938015e-02 6.995355e-04
6.487500e+03 3.012500e+03 1.275000e+03 1.904707e-02 6.995355e-04
6.587500e+03 3.012500e+03 1.275000e+03 1.939838e-02 6.995355e-04
6.687500e+03 3.012500e+03 1.275000e+03 1.749006e-02 6.995355e-04
6.787500e+03 3.012500e+03 1.250000e+03 1.796786e-02 6.995355e-04
6.887500e+03 3.012500e+03 1.300000e+03 1.865026e-02 6.995355e-04
6.987500e+03 3.012500e+03 1.275000e+03 1.852906e-02 6.995355e-04
3.487500e+03 3.112500e+03 1.225000e+03 2.202460e-02 6.995355e-04
3.587500e+03 3.112500e+03 1.250000e+03 2.128168e-02 6.995355e-04
3.687500e+03 3.112500e+03 1.225000e+03 2.103191e-02 6.995355e-04
3.787500e+03 3.112500e+03 1.225000e+03 2.201355e-02 6.995355e-04
3.887500e+03 3.112500e+03 1.225000e+03 2.212027e-02 6.995355e-04
3.987500e+03 3.112500e+03 1.250000e+03 2.039136e-02 6.995355e-04
4.087500e+03 3.112500e+03 1.225000e+03 2.094551e-02 6.995355e-04
4.187500e+03 3.112500e+03 1.250000e+03 2.226098e-02 6.995355e-04
4.287500e+03 3.112500e+03 1.225000e+03 2.140310e-02 6.995355e-04
4.387500e+03 3.112500e+03 1.225000e+03 2.220932e-02 6.995355e-04
4.487500e+03 3.112500e+03 1.200000e+03 2.150941e-02 6.995355e-04
4.587500e+03 3.112500e+03 1.175000e+03 2.126419e-02 6.995355e-04
4.687500e+03 3.112500e+03 1.150000e+03 2.181200e-02 6.995355e-04
4.787500e+03 3.112500e+03 1.150000e+03 1.983532e-02 6.995355e-04
4.887500e+03 3.112500e+03 1.175000e+03 2.045792e-02 6.995355e-04
4.987500e+03 3.112500e+03 1.175000e+03 2.003135e-02 6.995355e-04
5.087500e+03 3.112500e+03 1.200000e+03 2.094514e-02 6.995355e-04
5.187500e+03 3.112500e+03 1.225000e+03 2.082549e-02 6.995355e-04
5.287500e+03 3.112500e+03 1.200000e+03 2.059393e-02 6.995355e-04
5.387500e+03 3.112500e+03 1.225000e+03 1.941109e-02 6.995355e-04
5.487500e+03 3.112500e+03 1.225000e+03 2.033821e-02 6.995355e-04
5.587500e+03 3.112500e+03 1.200000e+03 1.973070e-02 6.995355e-04
5.687500e+03 3.112500e+03 1.200000e+03 2.185882e-02 6.995355e-04
5.787500e+03 3.112500e+03 1.225000e+03 2.208278e-02 6.995355e-04
5.887500e+03 3.112500e+03 1.225000e+03 2.181970e-02 6.995355e-04
5.987500e+03 3.112500e+03 1.225000e+03 1.940943e-02 6.995355e-04
6.087500e+03 3.112500e+03 1.250000e+03 2.047780e-02 6.995355e-04
6.187500e+03 3.112500e+03 1.225000e+03 1.807063e-02 6.995355e-04
6.287500e+03 3.112500e+03 1.250000e+03 1.667827e-02 6.995355e-04
6.387500e+03 3.112500e+03 1.275000e+03 1.809904e-02 6.995355e-04
6.487500e+03 3.112500e+03 1.300000e+03 1.871559e-02 6.995355e-04
6.587500e+03 3.112500e+03 1.300000e+03 1.751445e-02 6.995355e-04
6.687500e+03 3.112500e+03 1.275000e+03 1.866502e-02 6.995355e-04
6.787500e+03 3.112500e+03 1.250000e+03 1.826925e-02 6.995355e-04
6.887500e+03 3.112500e+03 1.275000e+03 1.651538e-02 6.995355e-04
6.987500e+03 3.112500e+03 1.300000e+03 1.856383e-02 6.995355e-04
3.487500e+03 3.212500e+03 1.225000e+03 2.129549e-02 6.995355e-04
3.587500e+03 3.212500e+03 1.225000e+03 2.160675e-02 6.995355e-04
3.687500e+03 3.212500e+03 1.250000e+03 2.252542e-02 6.995355e-04
3.787500e+03 3.212500e+03 1.225000e+03 2.216162e-02 6.995355e-04
3.887500e+03 3.212500e+03 1.200000e+03 1.927388e-02 6.995355e-04
3.987500e+03 3.212500e+03 1.200000e+03 2.095176e-02 6.995355e-04
4.087500e+03 3.212500e+03 1.225000e+03 2.120187e-02 6.995355e-04
4.187500e+03 3.212500e+03 1.225000e+03 2.168101e-02 6.995355e-04
4.287500e+03 3.212500e+03 1.200000e+03 2.149408e-02 6.995355e-04
4.387500e+03 3.212500e+03 1.200000e+03 2.108107e-02 6.995355e-04
4.487500e+03 3.212500e+03 1.175000e+03 1.939593e-02 6.995355e-04
4.587500e+03 3.212500e+03 1.150000e+03 2.059399e-02 6.995355e-04
4.687500e+03 3.212500e+03 1.150000e+03 2.017970e-02 6.995355e-04
4.787500e+03 3.212500e+03 1.150000e+03 2.000217e-02 6.995355e-04
4.887500e+03 3.212500e+03 1.175000e+03 2.051422e-02 6.995355e-04
4.987500e+03 3.212500e+03 1.200000e+03 2.076526e-02 6.995355e-04
5.087500e+03 3.212500e+03 1.200000e+03 2.005547e-02 6.995355e-04
5.187500e+03 3.212500e+03 1.225000e+03 1.912364e-02 6.995355e-04
5.287500e+03 3.212500e+03 1.225000e+03 1.956395e-02 6.995355e-04
5.387500e+03 3.212500e+03 1.225000e+03 2.025867e-02 6.995355e-04
5.487500e+03 3.212500e+03 1.250000e+03 2.035925e-02 6.995355e-04
5.587500e+03 3.212500e+03 1.225000e+03 2.113574e-02 6.995355e-04
5.687500e+03 3.212500e+03 1.200000e+03 2.008314e-02 6.995355e-04
5.787500e+03 3.212500e+03 1.225000e+03 1.978138e-02 6.995355e-04
5.887500e+03 3.212500e+03 1.250000e+03 2.123383e-02 6.995355e-04
5.987500e+03 3.212500e+03 1.250000e+03 1.910155e-02 6.995355e-04
6.087500e+03 3.212500e+03 1.250000e+03 1.825661e-02 6.995355e-04
6.187500e+03 3.212500e+03 1.250000e+03 1.738265e-02 6.995355e-04
6.287500e+03 3.212500e+03 1.250000e+03 1.833307e-02 6.995355e-04
6.387500e+03 3.212500e+03 1.250000e+03 1.754524e-02 6.995355e-04
6.487500e+03 3.212500e+03 1.275000e+03 1.883963e-02 6.995355e-04
6.587500e+03 3.212500e+03 1.300000e+03 1.751535e-02 6.995355e-04
6.687500e+03 3.212500e+03 1.275000e+03 1.756695e-02 6.995355e-04
6.787500e+03 3.212500e+03 1.275000e+03 1.660218e-02 6.995355e-04
6.887500e+03 3.212500e+03 1.275000e+03 1.726523e-02 6.995355e-04
6.987500e+03 3.212500e+03 1.300000e+03 1.858641e-02 6.995355e-04
3.487500e+03 3.312500e+03 1.200000e+03 2.128200e-02 6.995355e-04
3.587500e+03 3.312500e+03 1.225000e+03 2.235699e-02 6.995355e-04
3.687500e+03 3.312500e+03 1.250000e+03 2.162378e-02 6.995355e-04
3.787500e+03 3.312500e+03 1.225000e+03 2.215092e-02 6.995355e-04
3.887500e+03 3.312500e+03 1.200000e+03 2.001884e-02 6.995355e-04
3.987500e+03 3.312500e+03 1.200000e+03 2.086786e-02 6.995355e-04
4.087500e+03 3.312500e+03 1.200000e+03 2.056472e-02 6.995355e-04
4.187500e+03 3.312500e+03 1.225000e+03 2.193973e-02 6.995355e-04
4.287500e+03 3.312500e+03 1.225000e+03 2.236683e-02 6.995355e-04
4.387500e+03 3.312500e+03 1.200000e+03 2.071186e-02 6.995355e-04
4.487500e+03 3.312500e+03 1.150000e+03 2.066675e-02 6.995355e-04
4.587500e+03 3.312500e+03 1.150000e+03 1.948296e-02 6.995355e-04
4.687500e+03 3.312500e+03 1.150000e+03 2.073442e-02 6.995355e-04
4.787500e+03 3.312500e+03 1.175000e+03 2.063161e-02 6.995355e-04
4.887500e+03 3.312500e+03 1.175000e+03 2.025472e-02 6.995355e-04
4.987500e+03 3.312500e+03 1.200000e+03 1.946386e-02 6.995355e-04
5.087500e+03 3.312500e+03 1.225000e+03 2.012664e-02 6.995355e-04
5.187500e+03 3.312500e+03 1.225000e+03 1.873055e-02 6.995355e-04
5.287500e+03 3.312500e+03 1.225000e+03 1.938849e-02 6.995355e-04
5.387500e+03 3.312500e+03 1.225000e+03 2.002378e-02 6.995355e-04
5.487500e+03 3.312500e+03 1.250000e+03 1.934442e-02 6.995355e-04
5.587500e+03 3.312500e+03 1.225000e+03 1.974985e-02 6.995355e-04
5.687500e+03 3.312500e+03 1.225000e+03 1.959794e-02 6.995355e-04
5.787500e+03 3.312500e+03 1.225000e+03 1.939685e-02 6.995355e-04
5.887500e+03 3.312500e+03 1.250000e+03 1.891069e-02 6.995355e-04
5.987500e+03 3.312500e+03 1.250000e+03 1.834915e-02 6.995355e-04
6.087500e+03 3.312500e+03 1.250000e+03 1.734859e-02 6.995355e-04
6.187500e+03 3.312500e+03 1.275000e+03 1.942492e-02 6.995355e-04
6.287500e+03 3.312500e+03 1.275000e+03 1.869112e-02 6.995355e-04
6.387500e+03 3.312500e+03 1.275000e+03 1.758076e-02 6.995355e-04
6.487500e+03 3.312500e+03 1.300000e+03 1.826110e-02 6.995355e-04
6.587500e+03 3.312500e+03 1.300000e+03 1.926852e-02 6.995355e-04
6.687500e+03 3.312500e+03 1.275000e+03 1.922133e-02 6.995355e-04
6.787500e+03 3.312500e+03 1.275000e+03 1.823401e-02 6.995355e-04
6.887500e+03 3.312500e+03 1.275000e+03 1.913058e-02 6.995355e-04
6.987500e+03 3.312500e+03 1.275000e+03 1.994267e-02 6.995355e-04
3.487500e+03 3.412500e+03 1.225000e+03 2.107388e-02 6.995355e-04
3.587500e+03 3.412500e+03 1.225000e+03 2.218039e-02 6.995355e-04
3.687500e+03 3.412500e+03 1.250000e+03 2.376550e-02 6.995355e-04
3.787500e+03 3.412500e+03 1.250000e+03 2.301063e-02 6.995355e-04
3.887500e+03 3.412500e+03 1.225000e+03 2.129849e-02 6.995355e-04
3.987500e+03 3.412500e+03 1.200000e+03 2.152882e-02 6.995355e-04
4.087500e+03 3.412500e+03 1.175000e+03 2.257438e-02 6.995355e-04
4.187500e+03 3.412500e+03 1.200000e+03 2.071983e-02 6.995355e-04
4.287500e+03 3.412500e+03 1.200000e+03 2.067618e-02 6.995355e-04
4.387500e+03 3.412500e+03 1.175000e+03 2.160385e-02 6.995355e-04
4.487500e+03 3.412500e+03 1.150000e+03 2.050755e-02 6.995355e-04
4.587500e+03 3.412500e+03 1.150000e+03 1.906645e-02 6.995355e-04
4.687500e+03 3.412500e+03 1.150000e+03 1.983298e-02 6.995355e-04
4.787500e+03 3.412500e+03 1.175000e+03 2.060979e-02 6.995355e-04
4.887500e+03 3.412500e+03 1.175000e+03 2.107285e-02 6.995355e-04
4.987500e+03 3.412500e+03 1.175000e+03 2.182486e-02 6.995355e-04
5.087500e+03 3.412500e+03 1.175000e+03 1.971435e-02 6.995355e-04
5.187500e+03 3.412500e+03 1.200000e+03 2.065678e-02 6.995355e-04
5.287500e+03 3.412500e+03 1.225000e+03 1.871601e-02 6.995355e-04
5.387500e+03 3.412500e+03 1.250000e+03 1.882764e-02 6.995355e-04
5.487500e+03 3.412500e+03 1.250000e+03 1.939553e-02 6.995355e-04
5.587500e+03 3.412500e+03 1.250000e+03 1.898492e-02 6.995355e-04
5.687500e+03 3.412500e+03 1.225000e+03 1.813215e-02 6.995355e-04
5.787500e+03 3.412500e+03 1.225000e+03 1.696654e-02 6.995355e-04
5.887500e+03 3.412500e+03 1.250000e+03 1.810778e-02 6.995355e-04
5.987500e+03 3.412500e+03 1.250000e+03 1.856665e-02 6.995355e-04
6.087500e+03 3.412500e+03 1.250000e+03 1.806082e-02 6.995355e-04
6.187500e+03 3.412500e+03 1.275000e+03 1.734522e-02 6.995355e-04
6.287500e+03 3.412500e+03 1.300000e+03 1.800804e-02 6.995355e-04
6.387500e+03 3.412500e+03 1.275000e+03 1.820904e-02 6.995355e-04
6.487500e+03 3.412500e+03 1.300000e+03 1.753216e-02 6.995355e-04
6.587500e+03 3.412500e+03 1.325000e+03 1.922239e-02 6.995355e-04
6.687500e+03 3.412500e+03 1.300000e+03 1.654001e-02 6.995355e-04
6.787500e+03 3.412500e+03 1.275000e+03 1.803715e-02 6.995355e-04
6.887500e+03 3.412500e+03 1.300000e+03 1.864381e-02 6.995355e-04
6.987500e+03 3.412500e+03 1.300000e+03 1.753027e-02 6.995355e-04
3.487500e+03 3.512500e+03 1.225000e+03 2.214621e-02 6.995355e-04
3.587500e+03 3.512500e+03 1.225000e+03 2.099161e-02 6.995355e-04
3.687500e+03 3.512500e+03 1.225000e+03 2.208191e-02 6.995355e-04
3.787500e+03 3.512500e+03 1.225000e+03 2.146158e-02 6.995355e-04
3.887500e+03 3.512500e+03 1.225000e+03 2.137898e-02 6.995355e-04
3.987500e+03 3.512500e+03 1.225000e+03 2.180627e-02 6.995355e-04
4.087500e+03 3.512500e+03 1.175000e+03 2.055608e-02 6.995355e-04
4.187500e+03 3.512500e+03 1.175000e+03 2.069716e-02 6.995355e-04
4.287500e+03 3.512500e+03 1.200000e+03 2.220182e-02 6.995355e-04
4.387500e+03 3.512500e+03 1.175000e+03 2.146195e-02 6.995355e-04
4.487500e+03 3.512500e+03 1.150000e+03 1.936876e-02 6.995355e-04
4.587500e+03 3.512500e+03 1.150000e+03 1.964853e-02 6.995355e-04
4.687500e+03 3.512500e+03 1.175000e+03 1.983827e-02 6.995355e-04
4.787500e+03 3.512500e+03 1.175000e+03 2.185520e-02 6.995355e-04
4.887500e+03 3.512500e+03 1.175000e+03 2.162337e-02 6.995355e-04
4.987500e+03 3.512500e+03 1.175000e+03 2.142170e-02 6.995355e-04
5.087500e+03 3.512500e+03 1.200000e+03 2.081915e-02 6.995355e-04
5.187500e+03 3.512500e+03 1.200000e+03 2.098492e-02 6.995355e-04
5.287500e+03 3.512500e+03 1.200000e+03 2.015285e-02 6.995355e-04
5.387500e+03 3.512500e+03 1.225000e+03 1.802401e-02 6.995355e-04
5.487500e+03 3.512500e+03 1.250000e+03 1.911610e-02 6.995355e-04
5.587500e+03 3.512500e+03 1.250000e+03 1.870101e-02 6.995355e-04
5.687500e+03 3.512500e+03 1.250000e+03 1.708795e-02 6.995355e-04
5.787500e+03 3.512500e+03 1.225000e+03 1.776463e-02 6.995355e-04
5.887500e+03 3.512500e+03 1.225000e+03 1.792816e-02 6.995355e-04
5.987500e+03 3.512500e+03 1.250000e+03 1.738244e-02 6.995355e-04
6.087500e+03 3.512500e+03 1.275000e+03 1.769278e-02 6.995355e-04
6.187500e+03 3.512500e+03 1.300000e+03 1.955863e-02 6.995355e-04
6.287500e+03 3.512500e+03 1.300000e+03 1.838618e-02 6.995355e-04
6.387500e+03 3.512500e+03 1.275000e+03 1.791449e-02 6.995355e-04
6.487500e+03 3.512500e+03 1.300000e+03 1.799985e-02 6.995355e-04
6.587500e+03 3.512500e+03 1.325000e+03 1.886001e-02 6.995355e-04
6.687500e+03 3.512500e+03 1.325000e+03 1.813510e-02 6.995355e-04
6.787500e+03 3.512500e+03 1.300000e+03 1.932141e-02 6.995355e-04
6.887500e+03 3.512500e+03 1.300000e+03 1.870401e-02 6.995355e-04
6.987500e+03 3.512500e+03 1.300000e+03 1.916408e-02 6.995355e-04
3.487500e+03 3.612500e+03 1.225000e+03 2.311065e-02 6.995355e-04
3.587500e+03 3.612500e+03 1.200000e+03 2.172231e-02 6.995355e-04
3.687500e+03 3.612500e+03 1.200000e+03 2.096983e-02 6.995355e-04
3.787500e+03 3.612500e+03 1.200000e+03 2.238342e-02 6.995355e-04
3.887500e+03 3.612500e+03 1.200000e+03 2.142678e-02 6.995355e-04
3.987500e+03 3.612500e+03 1.200000e+03 2.002258e-02 6.995355e-04
4.087500e+03 3.612500e+03 1.175000e+03 2.054333e-02 6.995355e-04
4.187500e+03 3.612500e+03 1.175000e+03 2.020126e-02 6.995355e-04
4.287500e+03 3.612500e+03 1.175000e+03 1.955208e-02 6.995355e-04
4.387500e+03 3.612500e+03 1.150000e+03 1.967324e-02 6.995355e-04
4.487500e+03 3.612500e+03 1.150000e+03 2.077211e-02 6.995355e-04
4.587500e+03 3.612500e+03 1.150000e+03 1.937178e-02 6.995355e-04
4.687500e+03 3.612500e+03 1.175000e+03 2.041582e-02 6.995355e-04
4.787500e+03 3.612500e+03 1.175000e+03 2.073095e-02 6.995355e-04
4.887500e+03 3.612500e+03 1.175000e+03 2.261651e-02 6.995355e-04
4.987500e+03 3.612500e+03 1.200000e+03 2.421751e-02 6.995355e-04
5.087500e+03 3.612500e+03 1.200000e+03 2.220847e-02 6.995355e-04
5.187500e+03 3.612500e+03 1.200000e+03 1.975793e-02 6.995355e-04
5.287500e+03 3.612500e+03 1.225000e+03 1.924194e-02 6.995355e-04
5.387500e+03 3.612500e+03 1.250000e+03 1.872205e-02 6.995355e-04
5.487500e+03 3.612500e+03 1.275000e+03 1.939928e-02 6.995355e-04
5.587500e+03 3.612500e+03 1.275000e+03 1.795862e-02 6.995355e-04
5.687500e+03 3.612500e+03 1.250000e+03 1.746390e-02 6.995355e-04
5.787500e+03 3.612500e+03 1.250000e+03 1.777390e-02 6.995355e-04
5.887500e+03 3.612500e+03 1.250000e+03 1.723526e-02 6.995355e-04
5.987500e+03 3.612500e+03 1.250000e+03 1.763385e-02 6.995355e-04
6.087500e+03 3.612500e+03 1.275000e+03 1.652972e-02 6.995355e-04
6.187500e+03 3.612500e+03 1.300000e+03 1.800849e-02 6.995355e-04
6.287500e+03 3.612500e+03 1.300000e+03 1.806160e-02 6.995355e-04
6.387500e+03 3.612500e+03 1.300000e+03 1.748599e-02 6.995355e-04
6.487500e+03 3.612500e+03 1.300000e+03 1.838847e-02 6.995355e-04
6.587500e+03 3.612500e+03 1.325000e+03 1.934331e-02 6.995355e-04
6.687500e+03 3.612500e+03 1.325000e+03 1.973290e-02 6.995355e-04
6.787500e+03 3.612500e+03 1.325000e+03 1.836466e-02 6.995355e-04
6.887500e+03 3.612500e+03 1.300000e+03 1.864961e-02 6.995355e-04
6.987500e+03 3.612500e+03 1.300000e+03 1.823534e-02 6.995355e-04
3.487500e+03 3.712500e+03 1.250000e+03 2.227285e-02 6.995355e-04
3.587500e+03 3.712500e+03 1.225000e+03 2.212277e-02 6.995355e-04
3.687500e+03 3.712500e+03 1.200000e+03 2.251572e-02 6.995355e-04
3.787500e+03 3.712500e+03 1.175000e+03 2.082553e-02 6.995355e-04
3.887500e+03 3.712500e+03 1.175000e+03 2.087075e-02 6.995355e-04
3.987500e+03 3.712500e+03 1.175000e+03 1.970838e-02 6.995355e-04
4.087500e+03 3.712500e+03 1.175000e+03 2.018273e-02 6.995355e-04
4.187500e+03 3.712500e+03 1.150000e+03 1.859166e-02 6.995355e-04
4.287500e+03 3.712500e+03 1.150000e+03 1.953422e-02 6.995355e-04
4.387500e+03 3.712500e+03 1.150000e+03 1.833589e-02 6.995355e-04
4.487500e+03 3.712500e+03 1.150000e+03 1.964613e-02 6.995355e-04
4.587500e+03 3.712500e+03 1.150000e+03 1.970486e-02 6.995355e-04
4.687500e+03 3.712500e+03 1.175000e+03 1.891298e-02 6.995355e-04
4.787500e+03 3.712500e+03 1.175000e+03 1.881358e-02 6.995355e-04
4.887500e+03 3.712500e+03 1.200000e+03 2.184654e-02 6.995355e-04
4.987500e+03 3.712500e+03 1.200000e+03 2.272871e-02 6.995355e-04
5.087500e+03 3.712500e+03 1.225000e+03 2.286052e-02 6.995355e-04
5.187500e+03 3.712500e+03 1.225000e+03 2.128194e-02 6.995355e-04
5.287500e+03 3.712500e+03 1.225000e+03 2.060292e-02 6.995355e-04
5.387500e+03 3.712500e+03 1.250000e+03 1.979305e-02 6.995355e-04
5.487500e+03 3.712500e+03 1.250000e+03 1.953955e-02 6.995355e-04
5.587500e+03 3.712500e+03 1.275000e+03 1.930386e-02 6.995355e-04
5.687500e+03 3.712500e+03 1.275000e+03 1.875073e-02 6.995355e-04
5.787500e+03 3.712500e+03 1.275000e+03 1.786917e-02 6.995355e-04
5.887500e+03 3.712500e+03 1.250000e+03 1.744762e-02 6.995355e-04
5.987500e+03 3.712500e+03 1.250000e+03 1.768659e-02 6.995355e-04
6.087500e+03 3.712500e+03 1.275000e+03 1.823819e-02 6.995355e-04
6.187500e+03 3.712500e+03 1.300000e+03 1.807467e-02 6.995355e-04
6.287500e+03 3.712500e+03 1.325000e+03 1.754704e-02 6.995355e-04
6.387500e+03 3.712500e+03 1.325000e+03 1.852190e-02 6.995355e-04
6.487500e+03 3.712500e+03 1.325000e+03 1.960466e-02 6.995355e-04
6.587500e+03 3.712500e+03 1.325000e+03 2.044638e-02 6.995355e-04
6.687500e+03 3.712500e+03 1.350000e+03 2.023039e-02 6.995355e-04
6.787500e+03 3.712500e+03 1.350000e+03 1.798709e-02 6.995355e-04
6.887500e+03 3.712500e+03 1.325000e+03 1.845477e-02 6.995355e-04
6.987500e+03 3.712500e+03 1.300000e+03 1.769872e-02 6.995355e-04
3.487500e+03 3.812500e+03 1.225000e+03 2.192843e-02 6.995355e-04
3.587500e+03 3.812500e+03 1.225000e+03 2.248581e-02 6.995355e-04
3.687500e+03 3.812500e+03 1.200000e+03 2.199805e-02 6.995355e-04
3.787500e+03 3.812500e+03 1.200000e+03 2.071123e-02 6.995355e-04
3.887500e+03 3.812500e+03 1.175000e+03 2.076027e-02 6.995355e-04
3.987500e+03 3.812500e+03 1.175000e+03 2.124655e-02 6.995355e-04
4.087500e+03 3.812500e+03 1.150000e+03 1.781771e-02 6.995355e-04
4.187500e+03 3.812500e+03 1.150000e+03 1.874950e-02 6.995355e-04
4.287500e+03 3.812500e+03 1.150000e+03 1.908007e-02 6.995355e-04
4.387500e+03 3.812500e+03 1.150000e+03 1.803875e-02 6.995355e-04
4.487500e+03 3.812500e+03 1.150000e+03 1.930031e-02 6.995355e-04
4.587500e+03 3.812500e+03 1.150000e+03 1.711768e-02 6.995355e-04
4.687500e+03 3.812500e+03 1.175000e+03 1.991301e-02 6.995355e-04
4.787500e+03 3.812500e+03 1.175000e+03 2.054949e-02 6.995355e-04
4.887500e+03 3.812500e+03 1.200000e+03 2.130699e-02 6.995355e-04
4.987500e+03 3.812500e+03 1.200000e+03 2.065849e-02 6.995355e-04
5.087500e+03 3.812500e+03 1.225000e+03 1.975715e-02 6.995355e-04
5.187500e+03 3.812500e+03 1.250000e+03 2.263343e-02 6.995355e-04
5.287500e+03 3.812500e+03 1.225000e+03 2.324223e-02 6.995355e-04
5.387500e+03 3.812500e+03 1.250000e+03 2.305556e-02 6.995355e-04
5.487500e+03 3.812500e+03 1.275000e+03 2.201018e-02 6.995355e-04
5.587500e+03 3.812500e+03 1.275000e+03 1.950653e-02 6.995355e-04
5.687500e+03 3.812500e+03 1.300000e+03 1.879050e-02 6.995355e-04
5.787500e+03 3.812500e+03 1.300000e+03 1.909895e-02 6.995355e-04
5.887500e+03 3.812500e+03 1.275000e+03 1.792384e-02 6.995355e-04
5.987500e+03 3.812500e+03 1.250000e+03 1.661150e-02 6.995355e-04
6.087500e+03 3.812500e+03 1.250000e+03 1.862792e-02 6.995355e-04
6.187500e+03 3.812500e+03 1.250000e+03 1.854975e-02 6.995355e-04
6.287500e+03 3.812500e+03 1.300000e+03 1.773487e-02 6.995355e-04
6.387500e+03 3.812500e+03 1.300000e+03 1.821062e-02 6.995355e-04
6.487500e+03 3.812500e+03 1.300000e+03 1.888928e-02 6.995355e-04
6.587500e+03 3.812500e+03 1.325000e+03 1.946602e-02 6.995355e-04
6.687500e+03 3.812500e+03 1.350000e+03 1.950575e-02 6.995355e-04
6.787500e+03 3.812500e+03 1.375000e+03 2.024719e-02 6.995355e-04
6.887500e+03 3.812500e+03 1.350000e+03 1.849241e-02 6.995355e-04
6.987500e+03 3.812500e+03 1.325000e+03 1.781727e-02 6.995355e-04
3.487500e+03 3.912500e+03 1.225000e+03 2.219269e-02 6.995355e-04
3.587500e+03 3.912500e+03 1.225000e+03 2.347113e-02 6.995355e-04
3.687500e+03 3.912500e+03 1.225000e+03 2.218955e-02 6.995355e-04
3.787500e+03 3.912500e+03 1.200000e+03 2.184687e-02 6.995355e-04
3.887500e+03 3.912500e+03 1.200000e+03 2.012618e-02 6.995355e-04
3.987500e+03 3.912500e+03 1.175000e+03 1.903062e-02 6.995355e-04
4.087500e+03 3.912500e+03 1.150000e+03 1.841690e-02 6.995355e-04
4.187500e+03 3.912500e+03 1.150000e+03 1.971160e-02 6.995355e-04
4.287500e+03 3.912500e+03 1.150000e+03 1.758935e-02 6.995355e-04
4.387500e+03 3.912500e+03 1.125000e+03 1.735241e-02 6.995355e-04
4.487500e+03 3.912500e+03 1.150000e+03 1.793372e-02 6.995355e-04
4.587500e+03 3.912500e+03 1.150000e+03 1.834406e-02 6.995355e-04
4.687500e+03 3.912500e+03 1.175000e+03 1.822218e-02 6.995355e-04
4.787500e+03 3.912500e+03 1.175000e+03 1.962825e-02 6.995355e-04
4.887500e+03 3.912500e+03 1.225000e+03 1.903968e-02 6.995355e-04
4.987500e+03 3.912500e+03 1.200000e+03 1.973332e-02 6.995355e-04
5.087500e+03 3.912500e+03 1.225000e+03 1.883624e-02 6.995355e-04
5.187500e+03 3.912500e+03 1.225000e+03 2.171183e-02 6.995355e-04
5.287500e+03 3.912500e+03 1.225000e+03 2.166734e-02 6.995355e-04
5.387500e+03 3.912500e+03 1.250000e+03 2.309031e-02 6.995355e-04
5.487500e+03 3.912500e+03 1.275000e+03 2.295248e-02 6.995355e-04
5.587500e+03 3.912500e+03 1.275000e+03 2.154195e-02 6.995355e-04
5.687500e+03 3.912500e+03 1.300000e+03 2.197620e-02 6.995355e-04
5.787500e+03 3.912500e+03 1.300000e+03 2.057832e-02 6.995355e-04
5.887500e+03 3.912500e+03 1.275000e+03 1.843553e-02 6.995355e-04
5.987500e+03 3.912500e+03 1.250000e+03 1.891215e-02 6.995355e-04
6.087500e+03 3.912500e+03 1.250000e+03 1.864621e-02 6.995355e-04
6.187500e+03 3.912500e+03 1.275000e+03 1.909853e-02 6.995355e-04
6.287500e+03 3.912500e+03 1.275000e+03 1.863939e-02 6.995355e-04
6.387500e+03 3.912500e+03 1.275000e+03 1.999647e-02 6.995355e-04
6.487500e+03 3.912500e+03 1.300000e+03 2.046926e-02 6.995355e-04
6.587500e+03 3.912500e+03 1.300000e+03 1.995201e-02 6.995355e-04
6.687500e+03 3.912500e+03 1.325000e+03 1.979132e-02 6.995355e-04
6.787500e+03 3.912500e+03 1.375000e+03 1.919329e-02 6.995355e-04
6.887500e+03 3.912500e+03 1.375000e+03 1.924762e-02 6.995355e-04
6.987500e+03 3.912500e+03 1.350000e+03 1.903920e-02 6.995355e-04
3.487500e+03 4.012500e+03 1.225000e+03 2.076256e-02 6.995355e-04
3.587500e+03 4.012500e+03 1.200000e+03 2.162454e-02 6.995355e-04
3.687500e+03 4.012500e+03 1.200000e+03 2.112347e-02 6.995355e-04
3.787500e+03 4.012500e+03 1.175000e+03 2.069392e-02 6.995355e-04
3.887500e+03 4.012500e+03 1.175000e+03 2.105095e-02 6.995355e-04
3.987500e+03 4.012500e+03 1.150000e+03 1.899894e-02 6.995355e-04
4.087500e+03 4.012500e+03 1.150000e+03 1.691513e-02 6.995355e-04
4.187500e+03 4.012500e+03 1.150000e+03 1.804350e-02 6.995355e-04
4.287500e+03 4.012500e+03 1.150000e+03 1.734858e-02 6.995355e-04
4.387500e+03 4.012500e+03 1.150000e+03 1.802096e-02 6.995355e-04
4.487500e+03 4.012500e+03 1.150000e+03 1.721822e-02 6.995355e-04
4.587500e+03 4.012500e+03 1.175000e+03 1.832926e-02 6.995355e-04
4.687500e+03 4.012500e+03 1.175000e+03 1.920937e-02 6.995355e-04
4.787500e+03 4.012500e+03 1.175000e+03 2.034817e-02 6.995355e-04
4.887500e+03 4.012500e+03 1.225000e+03 1.910221e-02 6.995355e-04
4.987500e+03 4.012500e+03 1.225000e+03 1.944833e-02 6.995355e-04
5.087500e+03 4.012500e+03 1.225000e+03 2.071784e-02 6.995355e-04
5.187500e+03 4.012500e+03 1.225000e+03 1.904446e-02 6.995355e-04
5.287500e+03 4.012500e+03 1.250000e+03 2.121837e-02 6.995355e-04
5.387500e+03 4.012500e+03 1.250000e+03 2.115275e-02 6.995355e-04
5.487500e+03 4.012500e+03 1.275000e+03 2.212365e-02 6.995355e-04
5.587500e+03 4.012500e+03 1.275000e+03 2.452818e-02 6.995355e-04
5.687500e+03 4.012500e+03 1.300000e+03 2.205203e-02 6.995355e-04
5.787500e+03 4.012500e+03 1.275000e+03 2.067392e-02 6.995355e-04
5.887500e+03 4.012500e+03 1.275000e+03 1.999242e-02 6.995355e-04
5.987500e+03 4.012500e+03 1.250000e+03 1.909422e-02 6.995355e-04
6.087500e+03 4.012500e+03 1.275000e+03 1.891593e-02 6.995355e-04
6.187500e+03 4.012500e+03 1.300000e+03 1.929856e-02 6.995355e-04
6.287500e+03 4.012500e+03 1.300000e+03 1.811889e-02 6.995355e-04
6.387500e+03 4.012500e+03 1.300000e+03 2.032454e-02 6.995355e-04
6.487500e+03 4.012500e+03 1.325000e+03 1.899887e-02 6.995355e-04
6.587500e+03 4.012500e+03 1.325000e+03 1.833923e-02 6.995355e-04
6.687500e+03 4.012500e+03 1.350000e+03 2.033480e-02 6.995355e-04
6.787500e+03 4.012500e+03 1.375000e+03 2.001050e-02 6.995355e-04
6.887500e+03 4.012500e+03 1.375000e+03 2.054018e-02 6.995355e-04
6.987500e+03 4.012500e+03 1.375000e+03 1.889016e-02 6.995355e-04
3.487500e+03 4.112500e+03 1.200000e+03 2.246251e-02 6.995355e-04
3.587500e+03 4.112500e+03 1.175000e+03 2.182650e-02 6.995355e-04
3.687500e+03 4.112500e+03 1.175000e+03 2.171022e-02 6.995355e-04
3.787500e+03 4.112500e+03 1.175000e+03 2.046921e-02 6.995355e-04
3.887500e+03 4.112500e+03 1.150000e+03 1.860754e-02 6.995355e-04
3.987500e+03 4.112500e+03 1.150000e+03 1.869445e-02 6.995355e-04
4.087500e+03 4.112500e+03 1.150000e+03 1.916628e-02 6.995355e-04
4.187500e+03 4.112500e+03 1.150000e+03 1.730043e-02 6.995355e-04
4.287500e+03 4.112500e+03 1.150000e+03 1.689975e-02 6.995355e-04
4.387500e+03 4.112500e+03 1.150000e+03 1.823053e-02 6.995355e-04
4.487500e+03 4.112500e+03 1.175000e+03 1.660539e-02 6.995355e-04
4.587500e+03 4.112500e+03 1.175000e+03 1.801437e-02 6.995355e-04
4.687500e+03 4.112500e+03 1.200000e+03 1.848012e-02 6.995355e-04
4.787500e+03 4.112500e+03 1.200000e+03 1.887216e-02 6.995355e-04
4.887500e+03 4.112500e+03 1.200000e+03 1.787244e-02 6.995355e-04
4.987500e+03 4.112500e+03 1.225000e+03 1.873511e-02 6.995355e-04
5.087500e+03 4.112500e+03 1.225000e+03 1.824679e-02 6.995355e-04
5.187500e+03 4.112500e+03 1.250000e+03 1.912826e-02 6.995355e-04
5.287500e+03 4.112500e+03 1.250000e+03 2.083061e-02 6.995355e-04
5.387500e+03 4.112500e+03 1.275000e+03 2.007552e-02 6.995355e-04
5.487500e+03 4.112500e+03 1.275000e+03 2.176349e-02 6.995355e-04
5.587500e+03 4.112500e+03 1.275000e+03 2.378355e-02 6.995355e-04
5.687500e+03 4.112500e+03 1.275000e+03 2.412890e-02 6.995355e-04
5.787500e+03 4.112500e+03 1.300000e+03 2.373838e-02 6.995355e-04
5.887500e+03 4.112500e+03 1.300000e+03 2.107930e-02 6.995355e-04
5.987500e+03 4.112500e+03 1.275000e+03 2.007180e-02 6.995355e-04
6.087500e+03 4.112500e+03 1.275000e+03 2.081101e-02 6.995355e-04
6.187500e+03 4.112500e+03 1.300000e+03 1.937757e-02 6.995355e-04
6.287500e+03 4.112500e+03 1.325000e+03 1.974233e-02 6.995355e-04
6.387500e+03 4.112500e+03 1.300000e+03 1.930764e-02 6.995355e-04
6.487500e+03 4.112500e+03 1.350000e+03 1.823863e-02 6.995355e-04
6.587500e+03 4.112500e+03 1.350000e+03 2.028691e-02 6.995355e-04
6.687500e+03 4.112500e+03 1.375000e+03 2.071611e-02 6.995355e-04
6.787500e+03 4.112500e+03 1.400000e+03 2.115193e-02 6.995355e-04
6.887500e+03 4.112500e+03 1.400000e+03 2.042632e-02 6.995355e-04
6.987500e+03 4.112500e+03 1.375000e+03 2.052949e-02 6.995355e-04
3.487500e+03 4.212500e+03 1.175000e+03 2.006905e-02 6.995355e-04
3.587500e+03 4.212500e+03 1.175000e+03 2.003687e-02 6.995355e-04
3.687500e+03 4.212500e+03 1.175000e+03 2.143830e-02 6.995355e-04
3.787500e+03 4.212500e+03 1.150000e+03 1.960951e-02 6.995355e-04
3.887500e+03 4.212500e+03 1.150000e+03 1.813563e-02 6.995355e-04
3.987500e+03 4.212500e+03 1.150000e+03 1.879303e-02 6.995355e-04
4.087500e+03 4.212500e+03 1.150000e+03 1.732729e-02 6.995355e-04
4.187500e+03 4.212500e+03 1.125000e+03 1.800428e-02 6.995355e-04
4.287500e+03 4.212500e+03 1.150000e+03 1.852452e-02 6.995355e-04
4.387500e+03 4.212500e+03 1.175000e+03 1.636453e-02 6.995355e-04
4.487500e+03 4.212500e+03 1.175000e+03 1.733211e-02 6.995355e-04
4.587500e+03 4.212500e+03 1.175000e+03 1.876176e-02 6.995355e-04
4.687500e+03 4.212500e+03 1.200000e+03 1.856497e-02 6.995355e-04
4.787500e+03 4.212500e+03 1.225000e+03 1.836628e-02 6.995355e-04
4.887500e+03 4.212500e+03 1.225000e+03 1.952796e-02 6.995355e-04
4.987500e+03 4.212500e+03 1.225000e+03 1.892077e-02 6.995355e-04
5.087500e+03 4.212500e+03 1.250000e+03 1.778954e-02 6.995355e-04
5.187500e+03 4.212500e+03 1.250000e+03 1.971851e-02 6.995355e-04
5.287500e+03 4.212500e+03 1.275000e+03 1.856013e-02 6.995355e-04
5.387500e+03 4.212500e+03 1.300000e+03 2.011920e-02 6.995355e-04
5.487500e+03 4.212500e+03 1.325000e+03 2.045510e-02 6.995355e-04
5.587500e+03 4.212500e+03 1.325000e+03 2.101530e-02 6.995355e-04
5.687500e+03 4.212500e+03 1.300000e+03 2.133074e-02 6.995355e-04
5.787500e+03 4.212500e+03 1.300000e+03 2.132859e-02 6.995355e-04
5.887500e+03 4.212500e+03 1.300000e+03 2.329686e-02 6.995355e-04
5.987500e+03 4.212500e+03 1.275000e+03 2.097221e-02 6.995355e-04
6.087500e+03 4.212500e+03 1.275000e+03 2.115462e-02 6.995355e-04
6.187500e+03 4.212500e+03 1.300000e+03 1.964196e-02 6.995355e-04
6.287500e+03 4.212500e+03 1.325000e+03 2.012903e-02 6.995355e-04
6.387500e+03 4.212500e+03 1.325000e+03 2.095498e-02 6.995355e-04
6.487500e+03 4.212500e+03 1.325000e+03 1.943144e-02 6.995355e-04
6.587500e+03 4.212500e+03 1.350000e+03 1.917267e-02 6.995355e-04
6.687500e+03 4.212500e+03 1.375000e+03 1.992835e-02 6.995355e-04
6.787500e+03 4.212500e+03 1.400000e+03 2.064548e-02 6.995355e-04
6.887500e+03 4.212500e+03 1.400000e+03 2.007275e-02 6.995355e-04
6.987500e+03 4.212500e+03 1.400000e+03 1.998362e-02 6.995355e-04
3.487500e+03 4.312500e+03 1.175000e+03 2.057322e-02 6.995355e-04
3.587500e+03 4.312500e+03 1.175000e+03 2.112520e-02 6.995355e-04
3.687500e+03 4.312500e+03 1.150000e+03 2.021176e-02 6.995355e-04
3.787500e+03 4.312500e+03 1.150000e+03 1.883299e-02 6.995355e-04
3.887500e+03 4.312500e+03 1.150000e+03 1.876537e-02 6.995355e-04
3.987500e+03 4.312500e+03 1.150000e+03 1.876445e-02 6.995355e-04
4.087500e+03 4.312500e+03 1.125000e+03 1.702541e-02 6.995355e-04
4.187500e+03 4.312500e+03 1.150000e+03 1.791763e-02 6.995355e-04
4.287500e+03 4.312500e+03 1.175000e+03 1.794933e-02 6.995355e-04
4.387500e+03 4.312500e+03 1.175000e+03 1.670172e-02 6.995355e-04
4.487500e+03 4.312500e+03 1.175000e+03 1.834404e-02 6.995355e-04
4.587500e+03 4.312500e+03 1.200000e+03 1.894034e-02 6.995355e-04
4.687500e+03 4.312500e+03 1.225000e+03 1.931282e-02 6.995355e-04
4.787500e+03 4.312500e+03 1.225000e+03 1.815266e-02 6.995355e-04
4.887500e+03 4.312500e+03 1.250000e+03 1.815438e-02 6.995355e-04
4.987500e+03 4.312500e+03 1.250000e+03 1.920485e-02 6.995355e-04
5.087500e+03 4.312500e+03 1.250000e+03 2.007141e-02 6.995355e-04
5.187500e+03 4.312500e+03 1.275000e+03 1.976225e-02 6.995355e-04
5.287500e+03 4.312500e+03 1.300000e+03 1.963886e-02 6.995355e-04
5.387500e+03 4.312500e+03 1.350000e+03 2.115867e-02 6.995355e-04
5.487500e+03 4.312500e+03 1.350000e+03 2.053252e-02 6.995355e-04
5.587500e+03 4.312500e+03 1.350000e+03 2.020859e-02 6.995355e-04
5.687500e+03 4.312500e+03 1.325000e+03 2.176786e-02 6.995355e-04
5.787500e+03 4.312500e+03 1.300000e+03 2.104600e-02 6.995355e-04
5.887500e+03 4.312500e+03 1.300000e+03 2.253859e-02 6.995355e-04
5.987500e+03 4.312500e+03 1.275000e+03 2.392689e-02 6.995355e-04
6.087500e+03 4.312500e+03 1.275000e+03 2.485129e-02 6.995355e-04
6.187500e+03 4.312500e+03 1.275000e+03 2.233981e-02 6.995355e-04
6.287500e+03 4.312500e+03 1.325000e+03 2.131316e-02 6.995355e-04
6.387500e+03 4.312500e+03 1.350000e+03 2.089674e-02 6.995355e-04
6.487500e+03 4.312500e+03 1.350000e+03 2.146074e-02 6.995355e-04
6.587500e+03 4.312500e+03 1.350000e+03 2.004168e-02 6.995355e-04
6.687500e+03 4.312500e+03 1.375000e+03 1.969074e-02 6.995355e-04
6.787500e+03 4.312500e+03 1.400000e+03 2.111154e-02 6.995355e-04
6.887500e+03 4.312500e+03 1.400000e+03 2.044373e-02 6.995355e-04
6.987500e+03 4.312500e+03 1.425000e+03 2.055355e-02 6.995355e-04
3.487500e+03 4.412500e+03 1.175000e+03 2.209666e-02 6.995355e-04
3.587500e+03 4.412500e+03 1.150000e+03 1.984488e-02 6.995355e-04
3.687500e+03 4.412500e+03 1.150000e+03 1.887759e-02 6.995355e-04
3.787500e+03 4.412500e+03 1.125000e+03 1.858275e-02 6.995355e-04
3.887500e+03 4.412500e+03 1.125000e+03 1.955805e-02 6.995355e-04
3.987500e+03 4.412500e+03 1.125000e+03 1.868848e-02 6.995355e-04
4.087500e+03 4.412500e+03 1.150000e+03 1.828090e-02 6.995355e-04
4.187500e+03 4.412500e+03 1.150000e+03 1.633733e-02 6.995355e-04
4.287500e+03 4.412500e+03 1.175000e+03 1.645057e-02 6.995355e-04
4.387500e+03 4.412500e+03 1.175000e+03 1.720119e-02 6.995355e-04
4.487500e+03 4.412500e+03 1.200000e+03 1.847194e-02 6.995355e-04
4.587500e+03 4.412500e+03 1.225000e+03 1.818785e-02 6.995355e-04
4.687500e+03 4.412500e+03 1.225000e+03 1.986948e-02 6.995355e-04
4.787500e+03 4.412500e+03 1.250000e+03 1.896612e-02 6.995355e-04
4.887500e+03 4.412500e+03 1.250000e+03 1.913525e-02 6.995355e-04
4.987500e+03 4.412500e+03 1.250000e+03 1.965316e-02 6.995355e-04
5.087500e+03 4.412500e+03 1.250000e+03 1.925505e-02 6.995355e-04
5.187500e+03 4.412500e+03 1.275000e+03 2.037115e-02 6.995355e-04
5.287500e+03 4.412500e+03 1.300000e+03 1.944758e-02 6.995355e-04
5.387500e+03 4.412500e+03 1.350000e+03 2.025988e-02 6.995355e-04
5.487500e+03 4.412500e+03 1.375000e+03 2.035603e-02 6.995355e-04
5.587500e+03 4.412500e+03 1.375000e+03 2.052197e-02 6.995355e-04
5.687500e+03 4.412500e+03 1.350000e+03 2.081828e-02 6.995355e-04
5.787500e+03 4.412500e+03 1.325000e+03 2.056247e-02 6.995355e-04
5.887500e+03 4.412500e+03 1.325000e+03 2.069178e-02 6.995355e-04
5.987500e+03 4.412500e+03 1.300000e+03 2.168309e-02 6.995355e-04
6.087500e+03 4.412500e+03 1.275000e+03 2.546905e-02 6.995355e-04
6.187500e+03 4.412500e+03 1.275000e+03 2.274960e-02 6.995355e-04
6.287500e+03 4.412500e+03 1.300000e+03 2.119524e-02 6.995355e-04
6.387500e+03 4.412500e+03 1.325000e+03 2.005670e-02 6.995355e-04
6.487500e+03 4.412500e+03 1.325000e+03 1.937735e-02 6.995355e-04
6.587500e+03 4.412500e+03 1.375000e+03 2.062316e-02 6.995355e-04
6.687500e+03 4.412500e+03 1.375000e+03 2.006783e-02 6.995355e-04
6.787500e+03 4.412500e+03 1.400000e+03 2.076174e-02 6.995355e-04
6.887500e+03 4.412500e+03 1.400000e+03 2.122219e-02 6.995355e-04
6.987500e+03 4.412500e+03 1.425000e+03 2.113009e-02 6.995355e-04
3.487500e+03 4.512500e+03 1.175000e+03 1.957821e-02 6.995355e-04
3.587500e+03 4.512500e+03 1.175000e+03 2.061744e-02 6.995355e-04
3.687500e+03 4.512500e+03 1.150000e+03 1.997723e-02 6.995355e-04
3.787500e+03 4.512500e+03 1.125000e+03 1.885058e-02 6.995355e-04
3.887500e+03 4.512500e+03 1.125000e+03 1.553913e-02 6.995355e-04
3.987500e+03 4.512500e+03 1.125000e+03 1.699260e-02 6.995355e-04
4.087500e+03 4.512500e+03 1.150000e+03 1.858583e-02 6.995355e-04
4.187500e+03 4.512500e+03 1.150000e+03 1.754523e-02 6.995355e-04
4.287500e+03 4.512500e+03 1.175000e+03 1.809208e-02 6.995355e-04
4.387500e+03 4.512500e+03 1.175000e+03 1.591431e-02 6.995355e-04
4.487500e+03 4.512500e+03 1.200000e+03 1.779376e-02 6.995355e-04
4.587500e+03 4.512500e+03 1.225000e+03 1.861119e-02 6.995355e-04
4.687500e+03 4.512500e+03 1.250000e+03 1.847169e-02 6.995355e-04
4.787500e+03 4.512500e+03 1.250000e+03 1.983115e-02 6.995355e-04
4.887500e+03 4.512500e+03 1.275000e+03 2.070847e-02 6.995355e-04
4.987500e+03 4.512500e+03 1.275000e+03 2.033833e-02 6.995355e-04
5.087500e+03 4.512500e+03 1.275000e+03 1.985796e-02 6.995355e-04
5.187500e+03 4.512500e+03 1.275000e+03 1.973246e-02 6.995355e-04
5.287500e+03 4.512500e+03 1.300000e+03 2.014725e-02 6.995355e-04
5.387500e+03 4.512500e+03 1.325000e+03 1.988909e-02 6.995355e-04
5.487500e+03 4.512500e+03 1.375000e+03 2.182838e-02 6.995355e-04
5.587500e+03 4.512500e+03 1.375000e+03 2.076836e-02 6.995355e-04
5.687500e+03 4.512500e+03 1.350000e+03 2.127045e-02 6.995355e-04
5.787500e+03 4.512500e+03 1.325000e+03 1.953364e-02 6.995355e-04
5.887500e+03 4.512500e+03 1.325000e+03 2.020343e-02 6.995355e-04
5.987500e+03 4.512500e+03 1.300000e+03 2.085897e-02 6.995355e-04
6.087500e+03 4.512500e+03 1.300000e+03 2.160891e-02 6.995355e-04
6.187500e+03 4.512500e+03 1.275000e+03 2.485334e-02 6.995355e-04
6.287500e+03 4.512500e+03 1.300000e+03 2.459113e-02 6.995355e-04
6.387500e+03 4.512500e+03 1.300000e+03 2.184819e-02 6.995355e-04
6.487500e+03 4.512500e+03 1.325000e+03 2.073819e-02 6.995355e-04
6.587500e+03 4.512500e+03 1.350000e+03 2.080755e-02 6.995355e-04
6.687500e+03 4.512500e+03 1.375000e+03 2.181857e-02 6.995355e-04
6.787500e+03 4.512500e+03 1.375000e+03 2.217726e-02 6.995355e-04
6.887500e+03 4.512500e+03 1.425000e+03 2.092054e-02 6.995355e-04
6.987500e+03 4.512500e+03 1.450000e+03 2.186840e-02 6.995355e-04
3.487500e+03 4.612500e+03 1.175000e+03 2.147140e-02 6.995355e-04
3.587500e+03 4.612500e+03 1.175000e+03 2.164901e-02 6.995355e-04
3.687500e+03 4.612500e+03 1.150000e+03 1.888511e-02 6.995355e-04
3.787500e+03 4.612500e+03 1.125000e+03 1.779835e-02 6.995355e-04
3.887500e+03 4.612500e+03 1.125000e+03 1.755746e-02 6.995355e-04
3.987500e+03 4.612500e+03 1.150000e+03 1.711571e-02 6.995355e-04
4.087500e+03 4.612500e+03 1.150000e+03 1.835252e-02 6.995355e-04
4.187500e+03 4.612500e+03 1.175000e+03 1.763612e-02 6.995355e-04
4.287500e+03 4.612500e+03 1.175000e+03 1.796917e-02 6.995355e-04
4.387500e+03 4.612500e+03 1.200000e+03 1.795616e-02 6.995355e-04
4.487500e+03 4.612500e+03 1.200000e+03 1.838215e-02 6.995355e-04
4.587500e+03 4.612500e+03 1.225000e+03 1.758393e-02 6.995355e-04
4.687500e+03 4.612500e+03 1.250000e+03 1.881131e-02 6.995355e-04
4.787500e+03 4.612500e+03 1.250000e+03 2.036593e-02 6.995355e-04
4.887500e+03 4.612500e+03 1.275000e+03 1.996468e-02 6.995355e-04
4.987500e+03 4.612500e+03 1.275000e+03 2.066523e-02 6.995355e-04
5.087500e+03 4.612500e+03 1.300000e+03 1.850999e-02 6.995355e-04
5.187500e+03 4.612500e+03 1.300000e+03 2.110135e-02 6.995355e-04
5.287500e+03 4.612500e+03 1.300000e+03 1.984492e-02 6.995355e-04
5.387500e+03 4.612500e+03 1.325000e+03 2.205657e-02 6.995355e-04
5.487500e+03 4.612500e+03 1.375000e+03 2.036508e-02 6.995355e-04
5.587500e+03 4.612500e+03 1.400000e+03 1.976993e-02 6.995355e-04
5.687500e+03 4.612500e+03 1.375000e+03 2.052044e-02 6.995355e-04
5.787500e+03 4.612500e+03 1.350000e+03 2.054253e-02 6.995355e-04
5.887500e+03 4.612500e+03 1.350000e+03 1.991062e-02 6.995355e-04
5.987500e+03 4.612500e+03 1.325000e+03 2.015031e-02 6.995355e-04
6.087500e+03 4.612500e+03 1.300000e+03 2.135640e-02 6.995355e-04
6.187500e+03 4.612500e+03 1.275000e+03 2.250563e-02 6.995355e-04
6.287500e+03 4.612500e+03 1.275000e+03 2.617333e-02 6.995355e-04
6.387500e+03 4.612500e+03 1.300000e+03 2.467882e-02 6.995355e-04
6.487500e+03 4.612500e+03 1.325000e+03 2.190202e-02 6.995355e-04
6.587500e+03 4.612500e+03 1.325000e+03 2.036169e-02 6.995355e-04
6.687500e+03 4.612500e+03 1.350000e+03 1.984577e-02 6.995355e-04
6.787500e+03 4.612500e+03 1.375000e+03 2.095046e-02 6.995355e-04
6.887500e+03 4.612500e+03 1.400000e+03 1.952792e-02 6.995355e-04
6.987500e+03 4.612500e+03 1.450000e+03 2.221245e-02 6.995355e-04
3.487500e+03 4.712500e+03 1.175000e+03 2.060154e-02 6.995355e-04
3.587500e+03 4.712500e+03 1.150000e+03 1.948029e-02 6.995355e-04
3.687500e+03 4.712500e+03 1.150000e+03 1.884888e-02 6.995355e-04
3.787500e+03 4.712500e+03 1.125000e+03 1.880363e-02 6.995355e-04
3.887500e+03 4.712500e+03 1.125000e+03 1.886820e-02 6.995355e-04
3.987500e+03 4.712500e+03 1.150000e+03 1.697208e-02 6.995355e-04
4.087500e+03 4.712500e+03 1.175000e+03 1.804354e-02 6.995355e-04
4.187500e+03 4.712500e+03 1.175000e+03 1.782871e-02 6.995355e-04
4.287500e+03 4.712500e+03 1.175000e+03 1.861544e-02 6.995355e-04
4.387500e+03 4.712500e+03 1.200000e+03 1.774490e-02 6.995355e-04
4.487500e+03 4.712500e+03 1.225000e+03 1.757606e-02 6.995355e-04
4.587500e+03 4.712500e+03 1.250000e+03 1.891859e-02 6.995355e-04
4.687500e+03 4.712500e+03 1.250000e+03 1.955968e-02 6.995355e-04
4.787500e+03 4.712500e+03 1.250000e+03 1.855344e-02 6.995355e-04
4.887500e+03 4.712500e+03 1.275000e+03 1.911635e-02 6.995355e-04
4.987500e+03 4.712500e+03 1.275000e+03 1.932360e-02 6.995355e-04
5.087500e+03 4.712500e+03 1.300000e+03 1.987702e-02 6.995355e-04
5.187500e+03 4.712500e+03 1.300000e+03 1.979323e-02 6.995355e-04
5.287500e+03 4.712500e+03 1.300000e+03 2.153829e-02 6.995355e-04
5.387500e+03 4.712500e+03 1.325000e+03 2.161422e-02 6.995355e-04
5.487500e+03 4.712500e+03 1.350000e+03 2.228644e-02 6.995355e-04
5.587500e+03 4.712500e+03 1.400000e+03 2.075445e-02 6.995355e-04
5.687500e+03 4.712500e+03 1.400000e+03 2.162009e-02 6.995355e-04
5.787500e+03 4.712500e+03 1.350000e+03 2.002855e-02 6.995355e-04
5.887500e+03 4.712500e+03 1.350000e+03 2.158134e-02 6.995355e-04
5.987500e+03 4.712500e+03 1.325000e+03 1.904729e-02 6.995355e-04
6.087500e+03 4.712500e+03 1.325000e+03 2.061529e-02 6.995355e-04
6.187500e+03 4.712500e+03 1.300000e+03 2.105865e-02 6.995355e-04
6.287500e+03 4.712500e+03 1.300000e+03 2.363055e-02 6.995355e-04
6.387500e+03 4.712500e+03 1.300000e+03 2.543717e-02 6.995355e-04
6.487500e+03 4.712500e+03 1.350000e+03 2.350090e-02 6.995355e-04
6.587500e+03 4.712500e+03 1.350000e+03 2.136173e-02 6.995355e-04
6.687500e+03 4.712500e+03 1.375000e+03 2.100153e-02 6.995355e-04
6.787500e+03 4.712500e+03 1.375000e+03 2.123037e-02 6.995355e-04
6.887500e+03 4.712500e+03 1.400000e+03 2.089767e-02 6.995355e-04
6.987500e+03 4.712500e+03 1.425000e+03 2.152948e-02 6.995355e-04
3.487500e+03 4.812500e+03 1.175000e+03 1.958555e-02 6.995355e-04
3.587500e+03 4.812500e+03 1.150000e+03 1.791848e-02 6.995355e-04
3.687500e+03 4.812500e+03 1.125000e+03 1.792635e-02 6.995355e-04
3.787500e+03 4.812500e+03 1.125000e+03 1.691629e-02 6.995355e-04
3.887500e+03 4.812500e+03 1.125000e+03 1.716770e-02 6.995355e-04
3.987500e+03 4.812500e+03 1.150000e+03 1.554208e-02 6.995355e-04
4.087500e+03 4.812500e+03 1.175000e+03 1.746652e-02 6.995355e-04
4.187500e+03 4.812500e+03 1.175000e+03 1.834812e-02 6.995355e-04
4.287500e+03 4.812500e+03 1.175000e+03 1.857908e-02 6.995355e-04
4.387500e+03 4.812500e+03 1.200000e+03 1.769527e-02 6.995355e-04
4.487500e+03 4.812500e+03 1.250000e+03 1.840274e-02 6.995355e-04
4.587500e+03 4.812500e+03 1.250000e+03 1.983079e-02 6.995355e-04
4.687500e+03 4.812500e+03 1.275000e+03 1.976495e-02 6.995355e-04
4.787500e+03 4.812500e+03 1.275000e+03 1.899704e-02 6.995355e-04
4.887500e+03 4.812500e+03 1.275000e+03 1.992957e-02 6.995355e-04
4.987500e+03 4.812500e+03 1.275000e+03 1.947558e-02 6.995355e-04
5.087500e+03 4.812500e+03 1.275000e+03 2.069520e-02 6.995355e-04
5.187500e+03 4.812500e+03 1.275000e+03 2.014700e-02 6.995355e-04
5.287500e+03 4.812500e+03 1.275000e+03 2.015698e-02 6.995355e-04
5.387500e+03 4.812500e+03 1.300000e+03 2.160478e-02 6.995355e-04
5.487500e+03 4.812500e+03 1.350000e+03 2.051035e-02 6.995355e-04
5.587500e+03 4.812500e+03 1.375000e+03 2.061054e-02 6.995355e-04
5.687500e+03 4.812500e+03 1.400000e+03 2.080465e-02 6.995355e-04
5.787500e+03 4.812500e+03 1.375000e+03 1.951855e-02 6.995355e-04
5.887500e+03 4.812500e+03 1.350000e+03 2.109151e-02 6.995355e-04
5.987500e+03 4.812500e+03 1.350000e+03 1.998007e-02 6.995355e-04
6.087500e+03 4.812500e+03 1.350000e+03 2.000860e-02 6.995355e-04
6.187500e+03 4.812500e+03 1.325000e+03 2.133939e-02 6.995355e-04
6.287500e+03 4.812500e+03 1.300000e+03 2.117734e-02 6.995355e-04
6.387500e+03 4.812500e+03 1.300000e+03 2.624338e-02 6.995355e-04
6.487500e+03 4.812500e+03 1.325000e+03 2.279201e-02 6.995355e-04
6.587500e+03 4.812500e+03 1.350000e+03 2.224319e-02 6.995355e-04
6.687500e+03 4.812500e+03 1.375000e+03 2.081199e-02 6.995355e-04
6.787500e+03 4.812500e+03 1.400000e+03 2.098066e-02 6.995355e-04
6.887500e+03 4.812500e+03 1.400000e+03 2.133857e-02 6.995355e-04
6.987500e+03 4.812500e+03 1.425000e+03 2.198968e-02 6.995355e-04
3.487500e+03 4.912500e+03 1.175000e+03 2.023399e-02 6.995355e-04
3.587500e+03 4.912500e+03 1.125000e+03 1.789848e-02 6.995355e-04
3.687500e+03 4.912500e+03 1.125000e+03 1.799329e-02 6.995355e-04
3.787500e+03 4.912500e+03 1.125000e+03 1.788977e-02 6.995355e-04
3.887500e+03 4.912500e+03 1.125000e+03 1.833528e-02 6.995355e-04
3.987500e+03 4.912500e+03 1.150000e+03 1.681508e-02 6.995355e-04
4.087500e+03 4.912500e+03 1.175000e+03 1.717238e-02 6.995355e-04
4.187500e+03 4.912500e+03 1.175000e+03 1.697601e-02 6.995355e-04
4.287500e+03 4.912500e+03 1.200000e+03 1.721366e-02 6.995355e-04
4.387500e+03 4.912500e+03 1.200000e+03 1.847126e-02 6.995355e-04
4.487500e+03 4.912500e+03 1.225000e+03 1.902058e-02 6.995355e-04
4.587500e+03 4.912500e+03 1.250000e+03 1.874641e-02 6.995355e-04
4.687500e+03 4.912500e+03 1.275000e+03 1.881783e-02 6.995355e-04
4.787500e+03 4.912500e+03 1.300000e+03 1.991937e-02 6.995355e-04
4.887500e+03 4.912500e+03 1.300000e+03 2.113105e-02 6.995355e-04
4.987500e+03 4.912500e+03 1.275000e+03 2.142734e-02 6.995355e-04
5.087500e+03 4.912500e+03 1.275000e+03 2.137087e-02 6.995355e-04
5.187500e+03 4.912500e+03 1.275000e+03 1.942901e-02 6.995355e-04
5.287500e+03 4.912500e+03 1.275000e+03 2.078271e-02 6.995355e-04
5.387500e+03 4.912500e+03 1.300000e+03 2.075929e-02 6.995355e-04
5.487500e+03 4.912500e+03 1.325000e+03 2.003093e-02 6.995355e-04
5.587500e+03 4.912500e+03 1.350000e+03 1.989243e-02 6.995355e-04
5.687500e+03 4.912500e+03 1.375000e+03 2.084859e-02 6.995355e-04
5.787500e+03 4.912500e+03 1.400000e+03 2.024801e-02 6.995355e-04
5.887500e+03 4.912500e+03 1.375000e+03 2.058000e-02 6.995355e-04
5.987500e+03 4.912500e+03 1.375000e+03 2.151613e-02 6.995355e-04
6.087500e+03 4.912500e+03 1.350000e+03 2.056018e-02 6.995355e-04
6.187500e+03 4.912500e+03 1.350000e+03 2.001027e-02 6.995355e-04
6.287500e+03 4.912500e+03 1.325000e+03 2.115145e-02 6.995355e-04
6.387500e+03 4.912500e+03 1.300000e+03 2.563370e-02 6.995355e-04
6.487500e+03 4.912500e+03 1.325000e+03 2.390511e-02 6.995355e-04
6.587500e+03 4.912500e+03 1.325000e+03 2.192373e-02 6.995355e-04
6.687500e+03 4.912500e+03 1.350000e+03 2.173885e-02 6.995355e-04
6.787500e+03 4.912500e+03 1.400000e+03 2.247991e-02 6.995355e-04
6.887500e+03 4.912500e+03 1.425000e+03 2.155256e-02 6.995355e-04
6.987500e+03 4.912500e+03 1.450000e+03 2.132534e-02 6.995355e-04
3.487500e+03 5.012500e+03 1.150000e+03 1.981546e-02 6.995355e-04
3.587500e+03 5.012500e+03 1.125000e+03 1.801648e-02 6.995355e-04
3.687500e+03 5.012500e+03 1.125000e+03 1.743710e-02 6.995355e-04
3.787500e+03 5.012500e+03 1.125000e+03 1.530308e-02 6.995355e-04
3.887500e+03 5.012500e+03 1.150000e+03 1.793225e-02 6.995355e-04
3.987500e+03 5.012500e+03 1.175000e+03 1.741821e-02 6.995355e-04
4.087500e+03 5.012500e+03 1.175000e+03 1.827726e-02 6.995355e-04
4.187500e+03 5.012500e+03 1.200000e+03 1.858091e-02 6.995355e-04
4.287500e+03 5.012500e+03 1.200000e+03 1.683510e-02 6.995355e-04
4.387500e+03 5.012500e+03 1.225000e+03 1.876116e-02 6.995355e-04
4.487500e+03 5.012500e+03 1.225000e+03 1.837164e-02 6.995355e-04
4.587500e+03 5.012500e+03 1.250000e+03 1.882797e-02 6.995355e-04
4.687500e+03 5.012500e+03 1.275000e+03 1.814084e-02 6.995355e-04
4.787500e+03 5.012500e+03 1.300000e+03 2.041147e-02 6.995355e-04
4.887500e+03 5.012500e+03 1.300000e+03 2.087484e-02 6.995355e-04
4.987500e+03 5.012500e+03 1.300000e+03 2.089666e-02 6.995355e-04
5.087500e+03 5.012500e+03 1.275000e+03 2.062318e-02 6.995355e-04
5.187500e+03 5.012500e+03 1.275000e+03 2.066490e-02 6.995355e-04
5.287500e+03 5.012500e+03 1.275000e+03 1.979235e-02 6.995355e-04
5.387500e+03 5.012500e+03 1.300000e+03 2.132415e-02 6.995355e-04
5.487500e+03 5.012500e+03 1.300000e+03 2.032875e-02 6.995355e-04
5.587500e+03 5.012500e+03 1.325000e+03 2.051425e-02 6.995355e-04
5.687500e+03 5.012500e+03 1.325000e+03 1.937037e-02 6.995355e-04
5.787500e+03 5.012500e+03 1.375000e+03 2.083317e-02 6.995355e-04
5.887500e+03 5.012500e+03 1.400000e+03 2.096838e-02 6.995355e-04
5.987500e+03 5.012500e+03 1.400000e+03 1.990950e-02 6.995355e-04
6.087500e+03 5.012500e+03 1.375000e+03 2.078138e-02 6.995355e-04
6.187500e+03 5.012500e+03 1.375000e+03 2.092698e-02 6.995355e-04
6.287500e+03 5.012500e+03 1.350000e+03 2.301651e-02 6.995355e-04
6.387500e+03 5.012500e+03 1.325000e+03 2.195477e-02 6.995355e-04
6.487500e+03 5.012500e+03 1.300000e+03 2.841776e-02 6.995355e-04
6.587500e+03 5.012500e+03 1.325000e+03 2.445961e-02 6.995355e-04
6.687500e+03 5.012500e+03 1.350000e+03 2.190674e-02 6.995355e-04
6.787500e+03 5.012500e+03 1.375000e+03 2.193016e-02 6.995355e-04
6.887500e+03 5.012500e+03 1.375000e+03 2.019069e-02 6.995355e-04
6.987500e+03 5.012500e+03 1.400000e+03 2.234598e-02 6.995355e-04
3.487500e+03 5.112500e+03 1.150000e+03 1.845394e-02 6.995355e-04
3.587500e+03 5.112500e+03 1.125000e+03 1.775035e-02 6.995355e-04
3.687500e+03 5.112500e+03 1.125000e+03 1.777171e-02 6.995355e-04
3.787500e+03 5.112500e+03 1.150000e+03 1.837816e-02 6.995355e-04
3.887500e+03 5.112500e+03 1.150000e+03 1.749767e-02 6.995355e-04
3.987500e+03 5.112500e+03 1.175000e+03 1.832097e-02 6.995355e-04
4.087500e+03 5.112500e+03 1.200000e+03 1.884814e-02 6.995355e-04
4.187500e+03 5.112500e+03 1.200000e+03 1.823989e-02 6.995355e-04
4.287500e+03 5.112500e+03 1.200000e+03 1.714790e-02 6.995355e-04
4.387500e+03 5.112500e+03 1.200000e+03 1.799968e-02 6.995355e-04
4.487500e+03 5.112500e+03 1.225000e+03 1.846032e-02 6.995355e-04
4.587500e+03 5.112500e+03 1.275000e+03 1.815225e-02 6.995355e-04
4.687500e+03 5.112500e+03 1.300000e+03 1.781883e-02 6.995355e-04
4.787500e+03 5.112500e+03 1.300000e+03 2.099945e-02 6.995355e-04
4.887500e+03 5.112500e+03 1.325000e+03 2.104885e-02 6.995355e-04
4.987500e+03 5.112500e+03 1.325000e+03 1.943316e-02 6.995355e-04
5.087500e+03 5.112500e+03 1.300000e+03 2.014328e-02 6.995355e-04
5.187500e+03 5.112500e+03 1.275000e+03 2.100299e-02 6.995355e-04
5.287500e+03 5.112500e+03 1.275000e+03 1.956570e-02 6.995355e-04
5.387500e+03 5.112500e+03 1.275000e+03 2.045572e-02 6.995355e-04
5.487500e+03 5.112500e+03 1.300000e+03 2.017162e-02 6.995355e-04
5.587500e+03 5.112500e+03 1.300000e+03 1.993303e-02 6.995355e-04
5.687500e+03 5.112500e+03 1.325000e+03 2.097885e-02 6.995355e-04
5.787500e+03 5.112500e+03 1.350000e+03 2.125244e-02 6.995355e-04
5.887500e+03 5.112500e+03 1.375000e+03 1.997746e-02 6.995355e-04
5.987500e+03 5.112500e+03 1.425000e+03 2.016734e-02 6.995355e-04
6.087500e+03 5.112500e+03 1.400000e+03 2.016395e-02 6.995355e-04
6.187500e+03 5.112500e+03 1.375000e+03 2.097987e-02 6.995355e-04
6.287500e+03 5.112500e+03 1.350000e+03 2.163785e-02 6.995355e-04
6.387500e+03 5.112500e+03 1.325000e+03 2.125874e-02 6.995355e-04
6.487500e+03 5.112500e+03 1.300000e+03 2.561423e-02 6.995355e-04
6.587500e+03 5.112500e+03 1.325000e+03 2.374681e-02 6.995355e-04
6.687500e+03 5.112500e+03 1.350000e+03 2.209225e-02 6.995355e-04
6.787500e+03 5.112500e+03 1.350000e+03 2.142801e-02 6.995355e-04
6.887500e+03 5.112500e+03 1.350000e+03 2.069501e-02 6.995355e-04
6.987500e+03 5.112500e+03 1.375000e+03 2.163687e-02 6.995355e-04
3.487500e+03 5.212500e+03 1.125000e+03 1.738305e-02 6.995355e-04
3.587500e+03 5.212500e+03 1.125000e+03 1.655770e-02 6.995355e-04
3.687500e+03 5.212500e+03 1.125000e+03 1.735358e-02 6.995355e-04
3.787500e+03 5.212500e+03 1.150000e+03 1.782031e-02 6.995355e-04
3.887500e+03 5.212500e+03 1.150000e+03 1.728242e-02 6.995355e-04
3.987500e+03 5.212500e+03 1.175000e+03 1.670592e-02 6.995355e-04
4.087500e+03 5.212500e+03 1.175000e+03 2.023464e-02 6.995355e-04
4.187500e+03 5.212500e+03 1.200000e+03 1.871853e-02 6.995355e-04
4.287500e+03 5.212500e+03 1.200000e+03 1.885854e-02 6.995355e-04
4.387500e+03 5.212500e+03 1.225000e+03 1.852140e-02 6.995355e-04
4.487500e+03 5.212500e+03 1.225000e+03 1.790127e-02 6.995355e-04
4.587500e+03 5.212500e+03 1.250000e+03 1.970907e-02 6.995355e-04
4.687500e+03 5.212500e+03 1.275000e+03 1.875771e-02 6.995355e-04
4.787500e+03 5.212500e+03 1.300000e+03 2.131143e-02 6.995355e-04
4.887500e+03 5.212500e+03 1.300000e+03 1.927253e-02 6.995355e-04
4.987500e+03 5.212500e+03 1.325000e+03 1.977485e-02 6.995355e-04
5.087500e+03 5.212500e+03 1.325000e+03 1.954830e-02 6.995355e-04
5.187500e+03 5.212500e+03 1.300000e+03 2.135870e-02 6.995355e-04
5.287500e+03 5.212500e+03 1.275000e+03 1.889768e-02 6.995355e-04
5.387500e+03 5.212500e+03 1.275000e+03 1.916285e-02 6.995355e-04
5.487500e+03 5.212500e+03 1.275000e+03 2.126591e-02 6.995355e-04
5.587500e+03 5.212500e+03 1.300000e+03 2.034838e-02 6.995355e-04
5.687500e+03 5.212500e+03 1.300000e+03 1.933070e-02 6.995355e-04
5.787500e+03 5.212500e+03 1.325000e+03 1.995572e-02 6.995355e-04
5.887500e+03 5.212500e+03 1.350000e+03 1.949549e-02 6.995355e-04
5.987500e+03 5.212500e+03 1.375000e+03 2.040182e-02 6.995355e-04
6.087500e+03 5.212500e+03 1.400000e+03 2.052030e-02 6.995355e-04
6.187500e+03 5.212500e+03 1.400000e+03 2.026561e-02 6.995355e-04
6.287500e+03 5.212500e+03 1.350000e+03 2.223399e-02 6.995355e-04
6.387500e+03 5.212500e+03 1.350000e+03 2.284305e-02 6.995355e-04
6.487500e+03 5.212500e+03 1.325000e+03 2.360726e-02 6.995355e-04
6.587500e+03 5.212500e+03 1.325000e+03 2.528557e-02 6.995355e-04
6.687500e+03 5.212500e+03 1.325000e+03 2.433533e-02 6.995355e-04
6.787500e+03 5.212500e+03 1.325000e+03 2.256258e-02 6.995355e-04
6.887500e+03 5.212500e+03 1.325000e+03 2.078008e-02 6.995355e-04
6.987500e+03 5.212500e+03 1.350000e+03 1.965675e-02 6.995355e-04
3.487500e+03 5.312500e+03 1.125000e+03 1.730632e-02 6.995355e-04
3.587500e+03 5.312500e+03 1.125000e+03 1.857497e-02 6.995355e-04
3.687500e+03 5.312500e+03 1.150000e+03 1.805978e-02 6.995355e-04
3.787500e+03 5.312500e+03 1.150000e+03 1.770692e-02 6.995355e-04
3.887500e+03 5.312500e+03 1.150000e+03 1.651541e-02 6.995355e-04
3.987500e+03 5.312500e+03 1.150000e+03 1.842148e-02 6.995355e-04
4.087500e+03 5.312500e+03 1.175000e+03 1.813821e-02 6.995355e-04
4.187500e+03 5.312500e+03 1.175000e+03 1.845327e-02 6.995355e-04
4.287500e+03 5.312500e+03 1.200000e+03 1.824411e-02 6.995355e-04
4.387500e+03 5.312500e+03 1.225000e+03 1.806916e-02 6.995355e-04
4.487500e+03 5.312500e+03 1.225000e+03 1.839748e-02 6.995355e-04
4.587500e+03 5.312500e+03 1.225000e+03 1.896547e-02 6.995355e-04
4.687500e+03 5.312500e+03 1.250000e+03 1.746349e-02 6.995355e-04
4.787500e+03 5.312500e+03 1.250000e+03 1.808523e-02 6.995355e-04
4.887500e+03 5.312500e+03 1.275000e+03 1.922334e-02 6.995355e-04
4.987500e+03 5.312500e+03 1.300000e+03 2.072406e-02 6.995355e-04
5.087500e+03 5.312500e+03 1.325000e+03 1.984224e-02 6.995355e-04
5.187500e+03 5.312500e+03 1.325000e+03 2.022612e-02 6.995355e-04
5.287500e+03 5.312500e+03 1.300000e+03 2.097653e-02 6.995355e-04
5.387500e+03 5.312500e+03 1.275000e+03 2.022079e-02 6.995355e-04
5.487500e+03 5.312500e+03 1.275000e+03 1.910348e-02 6.995355e-04
5.587500e+03 5.312500e+03 1.275000e+03 1.906404e-02 6.995355e-04
5.687500e+03 5.312500e+03 1.300000e+03 1.895829e-02 6.995355e-04
5.787500e+03 5.312500e+03 1.300000e+03 1.857675e-02 6.995355e-04
5.887500e+03 5.312500e+03 1.325000e+03 1.782533e-02 6.995355e-04
5.987500e+03 5.312500e+03 1.350000e+03 2.109984e-02 6.995355e-04
6.087500e+03 5.312500e+03 1.350000e+03 1.915945e-02 6.995355e-04
6.187500e+03 5.312500e+03 1.375000e+03 2.131465e-02 6.995355e-04
6.287500e+03 5.312500e+03 1.375000e+03 2.030050e-02 6.995355e-04
6.387500e+03 5.312500e+03 1.350000e+03 2.143001e-02 6.995355e-04
6.487500e+03 5.312500e+03 1.350000e+03 2.284496e-02 6.995355e-04
6.587500e+03 5.312500e+03 1.325000e+03 2.579179e-02 6.995355e-04
6.687500e+03 5.312500e+03 1.325000e+03 2.547194e-02 6.995355e-04
6.787500e+03 5.312500e+03 1.325000e+03 2.443229e-02 6.995355e-04
6.887500e+03 5.312500e+03 1.325000e+03 2.175923e-02 6.995355e-04
6.987500e+03 5.312500e+03 1.350000e+03 2.072636e-02 6.995355e-04
3.487500e+03 5.412500e+03 1.125000e+03 1.751624e-02 6.995355e-04
3.587500e+03 5.412500e+03 1.150000e+03 1.790210e-02 6.995355e-04
3.687500e+03 5.412500e+03 1.150000e+03 1.729176e-02 6.995355e-04
3.787500e+03 5.412500e+03 1.150000e+03 1.839267e-02 6.995355e-04
3.887500e+03 5.412500e+03 1.150000e+03 1.701229e-02 6.995355e-04
3.987500e+03 5.412500e+03 1.175000e+03 1.737053e-02 6.995355e-04
4.087500e+03 5.412500e+03 1.175000e+03 1.729365e-02 6.995355e-04
4.187500e+03 5.412500e+03 1.200000e+03 1.806093e-02 6.995355e-04
4.287500e+03 5.412500e+03 1.225000e+03 1.917335e-02 6.995355e-04
4.387500e+03 5.412500e+03 1.225000e+03 1.804951e-02 6.995355e-04
4.487500e+03 5.412500e+03 1.250000e+03 1.893771e-02 6.995355e-04
4.587500e+03 5.412500e+03 1.275000e+03 1.845771e-02 6.995355e-04
4.687500e+03 5.412500e+03 1.250000e+03 1.894831e-02 6.995355e-04
4.787500e+03 5.412500e+03 1.250000e+03 1.892545e-02 6.995355e-04
4.887500e+03 5.412500e+03 1.275000e+03 2.059531e-02 6.995355e-04
4.987500e+03 5.412500e+03 1.275000e+03 2.114580e-02 6.995355e-04
5.087500e+03 5.412500e+03 1.275000e+03 1.957798e-02 6.995355e-04
5.187500e+03 5.412500e+03 1.325000e+03 2.081768e-02 6.995355e-04
5.287500e+03 5.412500e+03 1.325000e+03 2.030437e-02 6.995355e-04
5.387500e+03 5.412500e+03 1.300000e+03 2.002781e-02 6.995355e-04
5.487500e+03 5.412500e+03 1.275000e+03 1.964479e-02 6.995355e-04
5.587500e+03 5.412500e+03 1.275000e+03 2.007190e-02 6.995355e-04
5.687500e+03 5.412500e+03 1.300000e+03 1.895733e-02 6.995355e-04
5.787500e+03 5.412500e+03 1.300000e+03 1.916440e-02 6.995355e-04
5.887500e+03 5.412500e+03 1.300000e+03 1.860818e-02 6.995355e-04
5.987500e+03 5.412500e+03 1.325000e+03 1.955036e-02 6.995355e-04
6.087500e+03 5.412500e+03 1.325000e+03 1.970203e-02 6.995355e-04
6.187500e+03 5.412500e+03 1.350000e+03 2.214564e-02 6.995355e-04
6.287500e+03 5.412500e+03 1.350000e+03 2.045495e-02 6.995355e-04
6.387500e+03 5.412500e+03 1.400000e+03 2.169886e-02 6.995355e-04
6.487500e+03 5.412500e+03 1.400000e+03 2.337603e-02 6.995355e-04
6.587500e+03 5.412500e+03 1.375000e+03 2.358790e-02 6.995355e-04
6.687500e+03 5.412500e+03 1.350000e+03 2.364975e-02 6.995355e-04
6.787500e+03 5.412500e+03 1.325000e+03 2.278376e-02 6.995355e-04
6.887500e+03 5.412500e+03 1.325000e+03 2.190646e-02 6.995355e-04
6.987500e+03 5.412500e+03 1.325000e+03 2.158341e-02 6.995355e-04
3.487500e+03 5.512500e+03 1.125000e+03 1.719597e-02 6.995355e-04
3.587500e+03 5.512500e+03 1.150000e+03 1.853121e-02 6.995355e-04
3.687500e+03 5.512500e+03 1.150000e+03 1.769308e-02 6.995355e-04
3.787500e+03 5.512500e+03 1.175000e+03 1.645592e-02 6.995355e-04
3.887500e+03 5.512500e+03 1.150000e+03 1.754981e-02 6.995355e-04
3.987500e+03 5.512500e+03 1.175000e+03 1.854877e-02 6.995355e-04
4.087500e+03 5.512500e+03 1.175000e+03 1.782343e-02 6.995355e-04
4.187500e+03 5.512500e+03 1.200000e+03 1.781278e-02 6.995355e-04
4.287500e+03 5.512500e+03 1.200000e+03 1.799208e-02 6.995355e-04
4.387500e+03 5.512500e+03 1.225000e+03 1.821999e-02 6.995355e-04
4.487500e+03 5.512500e+03 1.250000e+03 1.818295e-02 6.995355e-04
4.587500e+03 5.512500e+03 1.275000e+03 1.862160e-02 6.995355e-04
4.687500e+03 5.512500e+03 1.275000e+03 2.003851e-02 6.995355e-04
4.787500e+03 5.512500e+03 1.275000e+03 1.945772e-02 6.995355e-04
4.887500e+03 5.512500e+03 1.300000e+03 1.901682e-02 6.995355e-04
4.987500e+03 5.512500e+03 1.300000e+03 2.082115e-02 6.995355e-04
5.087500e+03 5.512500e+03 1.275000e+03 2.087747e-02 6.995355e-04
5.187500e+03 5.512500e+03 1.300000e+03 1.932894e-02 6.995355e-04
5.287500e+03 5.512500e+03 1.325000e+03 1.956512e-02 6.995355e-04
5.387500e+03 5.512500e+03 1.300000e+03 2.105225e-02 6.995355e-04
5.487500e+03 5.512500e+03 1.300000e+03 2.009605e-02 6.995355e-04
5.587500e+03 5.512500e+03 1.300000e+03 1.952779e-02 6.995355e-04
5.687500e+03 5.512500e+03 1.300000e+03 2.015229e-02 6.995355e-04
5.787500e+03 5.512500e+03 1.300000e+03 1.902287e-02 6.995355e-04
5.887500e+03 5.512500e+03 1.300000e+03 2.032689e-02 6.995355e-04
5.987500e+03 5.512500e+03 1.300000e+03 1.762882e-02 6.995355e-04
6.087500e+03 5.512500e+03 1.300000e+03 1.846303e-02 6.995355e-04
6.187500e+03 5.512500e+03 1.325000e+03 1.917725e-02 6.995355e-04
6.287500e+03 5.512500e+03 1.375000e+03 2.050684e-02 6.995355e-04
6.387500e+03 5.512500e+03 1.400000e+03 2.114121e-02 6.995355e-04
6.487500e+03 5.512500e+03 1.425000e+03 2.156409e-02 6.995355e-04
6.587500e+03 5.512500e+03 1.400000e+03 2.186513e-02 6.995355e-04
6.687500e+03 5.512500e+03 1.350000e+03 2.397680e-02 6.995355e-04
6.787500e+03 5.512500e+03 1.350000e+03 2.139571e-02 6.995355e-04
6.887500e+03 5.512500e+03 1.350000e+03 2.189873e-02 6.995355e-04
6.987500e+03 5.512500e+03 1.325000e+03 2.109851e-02 6.995355e-04


DATATYPE MOBILEMT
FREQUENCY 398.1003
N_RECV 1117
19987.5 -12.5 975.0 i i i i i i i i
3.487500e+03 2.512500e+03 1.250000e+03 3.262954e-02 9.265195e-04
3.587500e+03 2.512500e+03 1.225000e+03 3.094339e-02 9.265195e-04
3.687500e+03 2.512500e+03 1.225000e+03 2.702911e-02 9.265195e-04
3.787500e+03 2.512500e+03 1.200000e+03 2.852549e-02 9.265195e-04
3.887500e+03 2.512500e+03 1.200000e+03 2.596127e-02 9.265195e-04
3.987500e+03 2.512500e+03 1.200000e+03 2.860378e-02 9.265195e-04
4.087500e+03 2.512500e+03 1.200000e+03 2.882768e-02 9.265195e-04
4.187500e+03 2.512500e+03 1.200000e+03 2.766919e-02 9.265195e-04
4.287500e+03 2.512500e+03 1.200000e+03 2.833874e-02 9.265195e-04
4.387500e+03 2.512500e+03 1.200000e+03 2.801476e-02 9.265195e-04
4.487500e+03 2.512500e+03 1.200000e+03 2.747608e-02 9.265195e-04
4.587500e+03 2.512500e+03 1.175000e+03 2.717219e-02 9.265195e-04
4.687500e+03 2.512500e+03 1.175000e+03 2.684459e-02 9.265195e-04
4.787500e+03 2.512500e+03 1.150000e+03 2.603976e-02 9.265195e-04
4.887500e+03 2.512500e+03 1.150000e+03 2.606639e-02 9.265195e-04
4.987500e+03 2.512500e+03 1.150000e+03 2.638556e-02 9.265195e-04
5.087500e+03 2.512500e+03 1.175000e+03 2.513611e-02 9.265195e-04
5.187500e+03 2.512500e+03 1.175000e+03 2.887152e-02 9.265195e-04
5.287500e+03 2.512500e+03 1.200000e+03 2.791124e-02 9.265195e-04
5.387500e+03 2.512500e+03 1.200000e+03 2.711407e-02 9.265195e-04
5.487500e+03 2.512500e+03 1.200000e+03 2.834739e-02 9.265195e-04
5.587500e+03 2.512500e+03 1.225000e+03 2.815815e-02 9.265195e-04
5.687500e+03 2.512500e+03 1.225000e+03 3.050439e-02 9.265195e-04
5.787500e+03 2.512500e+03 1.250000e+03 3.074235e-02 9.265195e-04
5.887500e+03 2.512500e+03 1.225000e+03 2.884626e-02 9.265195e-04
5.987500e+03 2.512500e+03 1.225000e+03 2.761505e-02 9.265195e-04
6.087500e+03 2.512500e+03 1.225000e+03 2.853000e-02 9.265195e-04
6.187500e+03 2.512500e+03 1.225000e+03 3.153888e-02 9.265195e-04
6.287500e+03 2.512500e+03 1.250000e+03 3.276594e-02 9.265195e-04
6.387500e+03 2.512500e+03 1.250000e+03 3.081598e-02 9.265195e-04
6.487500e+03 2.512500e+03 1.250000e+03 3.318012e-02 9.265195e-04
6.587500e+03 2.512500e+03 1.250000e+03 3.162044e-02 9.265195e-04
6.687500e+03 2.512500e+03 1.250000e+03 3.163152e-02 9.265195e-04
6.787500e+03 2.512500e+03 1.250000e+03 3.391479e-02 9.265195e-04
6.887500e+03 2.512500e+03 1.250000e+03 3.206569e-02 9.265195e-04
6.987500e+03 2.512500e+03 1.250000e+03 3.384875e-02 9.265195e-04
3.487500e+03 2.612500e+03 1.225000e+03 3.127273e-02 9.265195e-04
3.587500e+03 2.612500e+03 1.225000e+03 3.009990e-02 9.265195e-04
3.687500e+03 2.612500e+03 1.225000e+03 2.952041e-02 9.265195e-04
3.787500e+03 2.612500e+03 1.225000e+03 2.957785e-02 9.265195e-04
3.887500e+03 2.612500e+03 1.200000e+03 2.923606e-02 9.265195e-04
3.987500e+03 2.612500e+03 1.200000e+03 2.889412e-02 9.265195e-04
4.087500e+03 2.612500e+03 1.200000e+03 2.729724e-02 9.265195e-04
4.187500e+03 2.612500e+03 1.175000e+03 2.506395e-02 9.265195e-04
4.287500e+03 2.612500e+03 1.175000e+03 2.630311e-02 9.265195e-04
4.387500e+03 2.612500e+03 1.175000e+03 2.712414e-02 9.265195e-04
4.487500e+03 2.612500e+03 1.175000e+03 2.799821e-02 9.265195e-04
4.587500e+03 2.612500e+03 1.175000e+03 2.735654e-02 9.265195e-04
4.687500e+03 2.612500e+03 1.150000e+03 2.566466e-02 9.265195e-04
4.787500e+03 2.612500e+03 1.150000e+03 2.601254e-02 9.265195e-04
4.887500e+03 2.612500e+03 1.175000e+03 2.770433e-02 9.265195e-04
4.987500e+03 2.612500e+03 1.175000e+03 2.759351e-02 9.265195e-04
5.087500e+03 2.612500e+03 1.175000e+03 2.667072e-02 9.265195e-04
5.187500e+03 2.612500e+03 1.175000e+03 2.792281e-02 9.265195e-04
5.287500e+03 2.612500e+03 1.200000e+03 2.756698e-02 9.265195e-04
5.387500e+03 2.612500e+03 1.200000e+03 2.931942e-02 9.265195e-04
5.487500e+03 2.612500e+03 1.200000e+03 2.796619e-02 9.265195e-04
5.587500e+03 2.612500e+03 1.225000e+03 2.996814e-02 9.265195e-04
5.687500e+03 2.612500e+03 1.225000e+03 2.984184e-02 9.265195e-04
5.787500e+03 2.612500e+03 1.250000e+03 3.083117e-02 9.265195e-04
5.887500e+03 2.612500e+03 1.250000e+03 2.890752e-02 9.265195e-04
5.987500e+03 2.612500e+03 1.225000e+03 3.038488e-02 9.265195e-04
6.087500e+03 2.612500e+03 1.225000e+03 2.767348e-02 9.265195e-04
6.187500e+03 2.612500e+03 1.225000e+03 2.862429e-02 9.265195e-04
6.287500e+03 2.612500e+03 1.250000e+03 3.093393e-02 9.265195e-04
6.387500e+03 2.612500e+03 1.250000e+03 3.276154e-02 9.265195e-04
6.487500e+03 2.612500e+03 1.250000e+03 3.444697e-02 9.265195e-04
6.587500e+03 2.612500e+03 1.250000e+03 3.341886e-02 9.265195e-04
6.687500e+03 2.612500e+03 1.275000e+03 3.200367e-02 9.265195e-04
6.787500e+03 2.612500e+03 1.250000e+03 3.464639e-02 9.265195e-04
6.887500e+03 2.612500e+03 1.250000e+03 3.323738e-02 9.265195e-04
6.987500e+03 2.612500e+03 1.250000e+03 3.099160e-02 9.265195e-04
3.487500e+03 2.712500e+03 1.225000e+03 2.822060e-02 9.265195e-04
3.587500e+03 2.712500e+03 1.225000e+03 3.026261e-02 9.265195e-04
3.687500e+03 2.712500e+03 1.225000e+03 3.117299e-02 9.265195e-04
3.787500e+03 2.712500e+03 1.225000e+03 2.898777e-02 9.265195e-04
3.887500e+03 2.712500e+03 1.225000e+03 3.079550e-02 9.265195e-04
3.987500e+03 2.712500e+03 1.225000e+03 2.827454e-02 9.265195e-04
4.087500e+03 2.712500e+03 1.200000e+03 2.625772e-02 9.265195e-04
4.187500e+03 2.712500e+03 1.200000e+03 2.843270e-02 9.265195e-04
4.287500e+03 2.712500e+03 1.175000e+03 2.704830e-02 9.265195e-04
4.387500e+03 2.712500e+03 1.175000e+03 2.765107e-02 9.265195e-04
4.487500e+03 2.712500e+03 1.175000e+03 2.650892e-02 9.265195e-04
4.587500e+03 2.712500e+03 1.175000e+03 2.609109e-02 9.265195e-04
4.687500e+03 2.712500e+03 1.150000e+03 2.420067e-02 9.265195e-04
4.787500e+03 2.712500e+03 1.150000e+03 2.638550e-02 9.265195e-04
4.887500e+03 2.712500e+03 1.175000e+03 2.856357e-02 9.265195e-04
4.987500e+03 2.712500e+03 1.175000e+03 2.788326e-02 9.265195e-04
5.087500e+03 2.712500e+03 1.200000e+03 2.999356e-02 9.265195e-04
5.187500e+03 2.712500e+03 1.200000e+03 2.855705e-02 9.265195e-04
5.287500e+03 2.712500e+03 1.175000e+03 2.769851e-02 9.265195e-04
5.387500e+03 2.712500e+03 1.200000e+03 2.690793e-02 9.265195e-04
5.487500e+03 2.712500e+03 1.200000e+03 2.810128e-02 9.265195e-04
5.587500e+03 2.712500e+03 1.225000e+03 2.712432e-02 9.265195e-04
5.687500e+03 2.712500e+03 1.225000e+03 2.901508e-02 9.265195e-04
5.787500e+03 2.712500e+03 1.225000e+03 3.102700e-02 9.265195e-04
5.887500e+03 2.712500e+03 1.250000e+03 3.163216e-02 9.265195e-04
5.987500e+03 2.712500e+03 1.250000e+03 2.938579e-02 9.265195e-04
6.087500e+03 2.712500e+03 1.250000e+03 3.238919e-02 9.265195e-04
6.187500e+03 2.712500e+03 1.225000e+03 3.035657e-02 9.265195e-04
6.287500e+03 2.712500e+03 1.225000e+03 3.350128e-02 9.265195e-04
6.387500e+03 2.712500e+03 1.250000e+03 3.330086e-02 9.265195e-04
6.487500e+03 2.712500e+03 1.250000e+03 3.325888e-02 9.265195e-04
6.587500e+03 2.712500e+03 1.275000e+03 3.186533e-02 9.265195e-04
6.687500e+03 2.712500e+03 1.275000e+03 3.295946e-02 9.265195e-04
6.787500e+03 2.712500e+03 1.275000e+03 3.097720e-02 9.265195e-04
6.887500e+03 2.712500e+03 1.250000e+03 3.088647e-02 9.265195e-04
6.987500e+03 2.712500e+03 1.250000e+03 2.732621e-02 9.265195e-04
3.487500e+03 2.812500e+03 1.200000e+03 2.780312e-02 9.265195e-04
3.587500e+03 2.812500e+03 1.225000e+03 3.092951e-02 9.265195e-04
3.687500e+03 2.812500e+03 1.225000e+03 2.881971e-02 9.265195e-04
3.787500e+03 2.812500e+03 1.200000e+03 2.965836e-02 9.265195e-04
3.887500e+03 2.812500e+03 1.200000e+03 2.911484e-02 9.265195e-04
3.987500e+03 2.812500e+03 1.200000e+03 2.962639e-02 9.265195e-04
4.087500e+03 2.812500e+03 1.200000e+03 2.738386e-02 9.265195e-04
4.187500e+03 2.812500e+03 1.175000e+03 2.790204e-02 9.265195e-04
4.287500e+03 2.812500e+03 1.200000e+03 2.590306e-02 9.265195e-04
4.387500e+03 2.812500e+03 1.200000e+03 2.706449e-02 9.265195e-04
4.487500e+03 2.812500e+03 1.200000e+03 2.837398e-02 9.265195e-04
4.587500e+03 2.812500e+03 1.175000e+03 2.757466e-02 9.265195e-04
4.687500e+03 2.812500e+03 1.150000e+03 2.738333e-02 9.265195e-04
4.787500e+03 2.812500e+03 1.150000e+03 2.519748e-02 9.265195e-04
4.887500e+03 2.812500e+03 1.175000e+03 2.653315e-02 9.265195e-04
4.987500e+03 2.812500e+03 1.200000e+03 2.781109e-02 9.265195e-04
5.087500e+03 2.812500e+03 1.200000e+03 2.720422e-02 9.265195e-04
5.187500e+03 2.812500e+03 1.200000e+03 2.868223e-02 9.265195e-04
5.287500e+03 2.812500e+03 1.200000e+03 2.892305e-02 9.265195e-04
5.387500e+03 2.812500e+03 1.200000e+03 2.835640e-02 9.265195e-04
5.487500e+03 2.812500e+03 1.200000e+03 2.894022e-02 9.265195e-04
5.587500e+03 2.812500e+03 1.225000e+03 2.940947e-02 9.265195e-04
5.687500e+03 2.812500e+03 1.225000e+03 2.954078e-02 9.265195e-04
5.787500e+03 2.812500e+03 1.225000e+03 2.865468e-02 9.265195e-04
5.887500e+03 2.812500e+03 1.250000e+03 3.078544e-02 9.265195e-04
5.987500e+03 2.812500e+03 1.250000e+03 3.049274e-02 9.265195e-04
6.087500e+03 2.812500e+03 1.250000e+03 3.252849e-02 9.265195e-04
6.187500e+03 2.812500e+03 1.250000e+03 3.176667e-02 9.265195e-04
6.287500e+03 2.812500e+03 1.250000e+03 3.423899e-02 9.265195e-04
6.387500e+03 2.812500e+03 1.250000e+03 3.436711e-02 9.265195e-04
6.487500e+03 2.812500e+03 1.250000e+03 3.124168e-02 9.265195e-04
6.587500e+03 2.812500e+03 1.250000e+03 3.042502e-02 9.265195e-04
6.687500e+03 2.812500e+03 1.250000e+03 2.815478e-02 9.265195e-04
6.787500e+03 2.812500e+03 1.275000e+03 2.787076e-02 9.265195e-04
6.887500e+03 2.812500e+03 1.275000e+03 2.718035e-02 9.265195e-04
6.987500e+03 2.812500e+03 1.275000e+03 2.689986e-02 9.265195e-04
3.487500e+03 2.912500e+03 1.225000e+03 2.955226e-02 9.265195e-04
3.587500e+03 2.912500e+03 1.225000e+03 3.028594e-02 9.265195e-04
3.687500e+03 2.912500e+03 1.250000e+03 3.082591e-02 9.265195e-04
3.787500e+03 2.912500e+03 1.225000e+03 3.102870e-02 9.265195e-04
3.887500e+03 2.912500e+03 1.225000e+03 3.069373e-02 9.265195e-04
3.987500e+03 2.912500e+03 1.225000e+03 2.832634e-02 9.265195e-04
4.087500e+03 2.912500e+03 1.200000e+03 2.923822e-02 9.265195e-04
4.187500e+03 2.912500e+03 1.200000e+03 2.898645e-02 9.265195e-04
4.287500e+03 2.912500e+03 1.225000e+03 2.884247e-02 9.265195e-04
4.387500e+03 2.912500e+03 1.200000e+03 2.782263e-02 9.265195e-04
4.487500e+03 2.912500e+03 1.200000e+03 2.702667e-02 9.265195e-04
4.587500e+03 2.912500e+03 1.150000e+03 2.736791e-02 9.265195e-04
4.687500e+03 2.912500e+03 1.150000e+03 2.612074e-02 9.265195e-04
4.787500e+03 2.912500e+03 1.150000e+03 2.454070e-02 9.265195e-04
4.887500e+03 2.912500e+03 1.175000e+03 2.598602e-02 9.265195e-04
4.987500e+03 2.912500e+03 1.175000e+03 2.629126e-02 9.265195e-04
5.087500e+03 2.912500e+03 1.200000e+03 2.794066e-02 9.265195e-04
5.187500e+03 2.912500e+03 1.200000e+03 2.743813e-02 9.265195e-04
5.287500e+03 2.912500e+03 1.200000e+03 2.785863e-02 9.265195e-04
5.387500e+03 2.912500e+03 1.200000e+03 2.742769e-02 9.265195e-04
5.487500e+03 2.912500e+03 1.200000e+03 2.685130e-02 9.265195e-04
5.587500e+03 2.912500e+03 1.200000e+03 2.912354e-02 9.265195e-04
5.687500e+03 2.912500e+03 1.200000e+03 2.689823e-02 9.265195e-04
5.787500e+03 2.912500e+03 1.200000e+03 2.862509e-02 9.265195e-04
5.887500e+03 2.912500e+03 1.225000e+03 2.995584e-02 9.265195e-04
5.987500e+03 2.912500e+03 1.225000e+03 3.032869e-02 9.265195e-04
6.087500e+03 2.912500e+03 1.250000e+03 3.034703e-02 9.265195e-04
6.187500e+03 2.912500e+03 1.250000e+03 3.042973e-02 9.265195e-04
6.287500e+03 2.912500e+03 1.250000e+03 3.124730e-02 9.265195e-04
6.387500e+03 2.912500e+03 1.250000e+03 3.078141e-02 9.265195e-04
6.487500e+03 2.912500e+03 1.250000e+03 2.751414e-02 9.265195e-04
6.587500e+03 2.912500e+03 1.250000e+03 2.631832e-02 9.265195e-04
6.687500e+03 2.912500e+03 1.250000e+03 2.549125e-02 9.265195e-04
6.787500e+03 2.912500e+03 1.275000e+03 2.679874e-02 9.265195e-04
6.887500e+03 2.912500e+03 1.275000e+03 2.545576e-02 9.265195e-04
6.987500e+03 2.912500e+03 1.275000e+03 2.452667e-02 9.265195e-04
3.487500e+03 3.012500e+03 1.225000e+03 2.943444e-02 9.265195e-04
3.587500e+03 3.012500e+03 1.225000e+03 3.027401e-02 9.265195e-04
3.687500e+03 3.012500e+03 1.225000e+03 3.176295e-02 9.265195e-04
3.787500e+03 3.012500e+03 1.225000e+03 3.239038e-02 9.265195e-04
3.887500e+03 3.012500e+03 1.225000e+03 3.053247e-02 9.265195e-04
3.987500e+03 3.012500e+03 1.225000e+03 3.072165e-02 9.265195e-04
4.087500e+03 3.012500e+03 1.225000e+03 2.648335e-02 9.265195e-04
4.187500e+03 3.012500e+03 1.225000e+03 2.910396e-02 9.265195e-04
4.287500e+03 3.012500e+03 1.225000e+03 2.948305e-02 9.265195e-04
4.387500e+03 3.012500e+03 1.225000e+03 2.956233e-02 9.265195e-04
4.487500e+03 3.012500e+03 1.200000e+03 2.812476e-02 9.265195e-04
4.587500e+03 3.012500e+03 1.150000e+03 2.707940e-02 9.265195e-04
4.687500e+03 3.012500e+03 1.150000e+03 2.528798e-02 9.265195e-04
4.787500e+03 3.012500e+03 1.150000e+03 2.655581e-02 9.265195e-04
4.887500e+03 3.012500e+03 1.175000e+03 2.679333e-02 9.265195e-04
4.987500e+03 3.012500e+03 1.175000e+03 2.612154e-02 9.265195e-04
5.087500e+03 3.012500e+03 1.200000e+03 2.787341e-02 9.265195e-04
5.187500e+03 3.012500e+03 1.200000e+03 2.805821e-02 9.265195e-04
5.287500e+03 3.012500e+03 1.200000e+03 2.819903e-02 9.265195e-04
5.387500e+03 3.012500e+03 1.225000e+03 2.699028e-02 9.265195e-04
5.487500e+03 3.012500e+03 1.200000e+03 2.623757e-02 9.265195e-04
5.587500e+03 3.012500e+03 1.200000e+03 3.015219e-02 9.265195e-04
5.687500e+03 3.012500e+03 1.200000e+03 3.069680e-02 9.265195e-04
5.787500e+03 3.012500e+03 1.225000e+03 3.235524e-02 9.265195e-04
5.887500e+03 3.012500e+03 1.225000e+03 3.290193e-02 9.265195e-04
5.987500e+03 3.012500e+03 1.225000e+03 3.368476e-02 9.265195e-04
6.087500e+03 3.012500e+03 1.225000e+03 2.907535e-02 9.265195e-04
6.187500e+03 3.012500e+03 1.225000e+03 2.925541e-02 9.265195e-04
6.287500e+03 3.012500e+03 1.250000e+03 2.633901e-02 9.265195e-04
6.387500e+03 3.012500e+03 1.275000e+03 2.634286e-02 9.265195e-04
6.487500e+03 3.012500e+03 1.275000e+03 2.569993e-02 9.265195e-04
6.587500e+03 3.012500e+03 1.275000e+03 2.486651e-02 9.265195e-04
6.687500e+03 3.012500e+03 1.275000e+03 2.378907e-02 9.265195e-04
6.787500e+03 3.012500e+03 1.250000e+03 2.489638e-02 9.265195e-04
6.887500e+03 3.012500e+03 1.300000e+03 2.569881e-02 9.265195e-04
6.987500e+03 3.012500e+03 1.275000e+03 2.509198e-02 9.265195e-04
3.487500e+03 3.112500e+03 1.225000e+03 2.885084e-02 9.265195e-04
3.587500e+03 3.112500e+03 1.250000e+03 3.148471e-02 9.265195e-04
3.687500e+03 3.112500e+03 1.225000e+03 3.063828e-02 9.265195e-04
3.787500e+03 3.112500e+03 1.225000e+03 3.030399e-02 9.265195e-04
3.887500e+03 3.112500e+03 1.225000e+03 3.099182e-02 9.265195e-04
3.987500e+03 3.112500e+03 1.250000e+03 2.993860e-02 9.265195e-04
4.087500e+03 3.112500e+03 1.225000e+03 3.170548e-02 9.265195e-04
4.187500e+03 3.112500e+03 1.250000e+03 3.126966e-02 9.265195e-04
4.287500e+03 3.112500e+03 1.225000e+03 3.029674e-02 9.265195e-04
4.387500e+03 3.112500e+03 1.225000e+03 2.939076e-02 9.265195e-04
4.487500e+03 3.112500e+03 1.200000e+03 2.693922e-02 9.265195e-04
4.587500e+03 3.112500e+03 1.175000e+03 2.762425e-02 9.265195e-04
4.687500e+03 3.112500e+03 1.150000e+03 2.795201e-02 9.265195e-04
4.787500e+03 3.112500e+03 1.150000e+03 2.782879e-02 9.265195e-04
4.887500e+03 3.112500e+03 1.175000e+03 2.841572e-02 9.265195e-04
4.987500e+03 3.112500e+03 1.175000e+03 2.910256e-02 9.265195e-04
5.087500e+03 3.112500e+03 1.200000e+03 2.731275e-02 9.265195e-04
5.187500e+03 3.112500e+03 1.225000e+03 2.709039e-02 9.265195e-04
5.287500e+03 3.112500e+03 1.200000e+03 2.643669e-02 9.265195e-04
5.387500e+03 3.112500e+03 1.225000e+03 2.899550e-02 9.265195e-04
5.487500e+03 3.112500e+03 1.225000e+03 3.027392e-02 9.265195e-04
5.587500e+03 3.112500e+03 1.200000e+03 2.929775e-02 9.265195e-04
5.687500e+03 3.112500e+03 1.200000e+03 3.175643e-02 9.265195e-04
5.787500e+03 3.112500e+03 1.225000e+03 3.351216e-02 9.265195e-04
5.887500e+03 3.112500e+03 1.225000e+03 3.287262e-02 9.265195e-04
5.987500e+03 3.112500e+03 1.225000e+03 2.802888e-02 9.265195e-04
6.087500e+03 3.112500e+03 1.250000e+03 2.671684e-02 9.265195e-04
6.187500e+03 3.112500e+03 1.225000e+03 2.684587e-02 9.265195e-04
6.287500e+03 3.112500e+03 1.250000e+03 2.534964e-02 9.265195e-04
6.387500e+03 3.112500e+03 1.275000e+03 2.536975e-02 9.265195e-04
6.487500e+03 3.112500e+03 1.300000e+03 2.627270e-02 9.265195e-04
6.587500e+03 3.112500e+03 1.300000e+03 2.553488e-02 9.265195e-04
6.687500e+03 3.112500e+03 1.275000e+03 2.446191e-02 9.265195e-04
6.787500e+03 3.112500e+03 1.250000e+03 2.415518e-02 9.265195e-04
6.887500e+03 3.112500e+03 1.275000e+03 2.457394e-02 9.265195e-04
6.987500e+03 3.112500e+03 1.300000e+03 2.569830e-02 9.265195e-04
3.487500e+03 3.212500e+03 1.225000e+03 3.059367e-02 9.265195e-04
3.587500e+03 3.212500e+03 1.225000e+03 3.003776e-02 9.265195e-04
3.687500e+03 3.212500e+03 1.250000e+03 3.367147e-02 9.265195e-04
3.787500e+03 3.212500e+03 1.225000e+03 2.992506e-02 9.265195e-04
3.887500e+03 3.212500e+03 1.200000e+03 2.808101e-02 9.265195e-04
3.987500e+03 3.212500e+03 1.200000e+03 3.134674e-02 9.265195e-04
4.087500e+03 3.212500e+03 1.225000e+03 3.040505e-02 9.265195e-04
4.187500e+03 3.212500e+03 1.225000e+03 3.325831e-02 9.265195e-04
4.287500e+03 3.212500e+03 1.200000e+03 2.932121e-02 9.265195e-04
4.387500e+03 3.212500e+03 1.200000e+03 2.821168e-02 9.265195e-04
4.487500e+03 3.212500e+03 1.175000e+03 2.691949e-02 9.265195e-04
4.587500e+03 3.212500e+03 1.150000e+03 2.660203e-02 9.265195e-04
4.687500e+03 3.212500e+03 1.150000e+03 2.663060e-02 9.265195e-04
4.787500e+03 3.212500e+03 1.150000e+03 2.699953e-02 9.265195e-04
4.887500e+03 3.212500e+03 1.175000e+03 2.901384e-02 9.265195e-04
4.987500e+03 3.212500e+03 1.200000e+03 2.766118e-02 9.265195e-04
5.087500e+03 3.212500e+03 1.200000e+03 2.655140e-02 9.265195e-04
5.187500e+03 3.212500e+03 1.225000e+03 2.858273e-02 9.265195e-04
5.287500e+03 3.212500e+03 1.225000e+03 2.807263e-02 9.265195e-04
5.387500e+03 3.212500e+03 1.225000e+03 2.750784e-02 9.265195e-04
5.487500e+03 3.212500e+03 1.250000e+03 3.095795e-02 9.265195e-04
5.587500e+03 3.212500e+03 1.225000e+03 2.967255e-02 9.265195e-04
5.687500e+03 3.212500e+03 1.200000e+03 3.023179e-02 9.265195e-04
5.787500e+03 3.212500e+03 1.225000e+03 2.926097e-02 9.265195e-04
5.887500e+03 3.212500e+03 1.250000e+03 3.019307e-02 9.265195e-04
5.987500e+03 3.212500e+03 1.250000e+03 2.591695e-02 9.265195e-04
6.087500e+03 3.212500e+03 1.250000e+03 2.547948e-02 9.265195e-04
6.187500e+03 3.212500e+03 1.250000e+03 2.427951e-02 9.265195e-04
6.287500e+03 3.212500e+03 1.250000e+03 2.675588e-02 9.265195e-04
6.387500e+03 3.212500e+03 1.250000e+03 2.428739e-02 9.265195e-04
6.487500e+03 3.212500e+03 1.275000e+03 2.526266e-02 9.265195e-04
6.587500e+03 3.212500e+03 1.300000e+03 2.404759e-02 9.265195e-04
6.687500e+03 3.212500e+03 1.275000e+03 2.411902e-02 9.265195e-04
6.787500e+03 3.212500e+03 1.275000e+03 2.538664e-02 9.265195e-04
6.887500e+03 3.212500e+03 1.275000e+03 2.677543e-02 9.265195e-04
6.987500e+03 3.212500e+03 1.300000e+03 2.577470e-02 9.265195e-04
3.487500e+03 3.312500e+03 1.200000e+03 3.101098e-02 9.265195e-04
3.587500e+03 3.312500e+03 1.225000e+03 3.159673e-02 9.265195e-04
3.687500e+03 3.312500e+03 1.250000e+03 3.113157e-02 9.265195e-04
3.787500e+03 3.312500e+03 1.225000e+03 3.177073e-02 9.265195e-04
3.887500e+03 3.312500e+03 1.200000e+03 2.864709e-02 9.265195e-04
3.987500e+03 3.312500e+03 1.200000e+03 2.855486e-02 9.265195e-04
4.087500e+03 3.312500e+03 1.200000e+03 2.818479e-02 9.265195e-04
4.187500e+03 3.312500e+03 1.225000e+03 3.069836e-02 9.265195e-04
4.287500e+03 3.312500e+03 1.225000e+03 2.928830e-02 9.265195e-04
4.387500e+03 3.312500e+03 1.200000e+03 2.743973e-02 9.265195e-04
4.487500e+03 3.312500e+03 1.150000e+03 2.817100e-02 9.265195e-04
4.587500e+03 3.312500e+03 1.150000e+03 2.761912e-02 9.265195e-04
4.687500e+03 3.312500e+03 1.150000e+03 2.639403e-02 9.265195e-04
4.787500e+03 3.312500e+03 1.175000e+03 2.660506e-02 9.265195e-04
4.887500e+03 3.312500e+03 1.175000e+03 2.845659e-02 9.265195e-04
4.987500e+03 3.312500e+03 1.200000e+03 2.902671e-02 9.265195e-04
5.087500e+03 3.312500e+03 1.225000e+03 2.685764e-02 9.265195e-04
5.187500e+03 3.312500e+03 1.225000e+03 2.811428e-02 9.265195e-04
5.287500e+03 3.312500e+03 1.225000e+03 2.779707e-02 9.265195e-04
5.387500e+03 3.312500e+03 1.225000e+03 2.937943e-02 9.265195e-04
5.487500e+03 3.312500e+03 1.250000e+03 2.982942e-02 9.265195e-04
5.587500e+03 3.312500e+03 1.225000e+03 2.755396e-02 9.265195e-04
5.687500e+03 3.312500e+03 1.225000e+03 2.717920e-02 9.265195e-04
5.787500e+03 3.312500e+03 1.225000e+03 2.630234e-02 9.265195e-04
5.887500e+03 3.312500e+03 1.250000e+03 2.543374e-02 9.265195e-04
5.987500e+03 3.312500e+03 1.250000e+03 2.467193e-02 9.265195e-04
6.087500e+03 3.312500e+03 1.250000e+03 2.390120e-02 9.265195e-04
6.187500e+03 3.312500e+03 1.275000e+03 2.443947e-02 9.265195e-04
6.287500e+03 3.312500e+03 1.275000e+03 2.410168e-02 9.265195e-04
6.387500e+03 3.312500e+03 1.275000e+03 2.489794e-02 9.265195e-04
6.487500e+03 3.312500e+03 1.300000e+03 2.622685e-02 9.265195e-04
6.587500e+03 3.312500e+03 1.300000e+03 2.528099e-02 9.265195e-04
6.687500e+03 3.312500e+03 1.275000e+03 2.455196e-02 9.265195e-04
6.787500e+03 3.312500e+03 1.275000e+03 2.674127e-02 9.265195e-04
6.887500e+03 3.312500e+03 1.275000e+03 2.599933e-02 9.265195e-04
6.987500e+03 3.312500e+03 1.275000e+03 2.736548e-02 9.265195e-04
3.487500e+03 3.412500e+03 1.225000e+03 3.035845e-02 9.265195e-04
3.587500e+03 3.412500e+03 1.225000e+03 3.141115e-02 9.265195e-04
3.687500e+03 3.412500e+03 1.250000e+03 2.886375e-02 9.265195e-04
3.787500e+03 3.412500e+03 1.250000e+03 3.140462e-02 9.265195e-04
3.887500e+03 3.412500e+03 1.225000e+03 2.943974e-02 9.265195e-04
3.987500e+03 3.412500e+03 1.200000e+03 2.725412e-02 9.265195e-04
4.087500e+03 3.412500e+03 1.175000e+03 2.689454e-02 9.265195e-04
4.187500e+03 3.412500e+03 1.200000e+03 2.842332e-02 9.265195e-04
4.287500e+03 3.412500e+03 1.200000e+03 2.975792e-02 9.265195e-04
4.387500e+03 3.412500e+03 1.175000e+03 2.783830e-02 9.265195e-04
4.487500e+03 3.412500e+03 1.150000e+03 2.559249e-02 9.265195e-04
4.587500e+03 3.412500e+03 1.150000e+03 2.536378e-02 9.265195e-04
4.687500e+03 3.412500e+03 1.150000e+03 2.822348e-02 9.265195e-04
4.787500e+03 3.412500e+03 1.175000e+03 2.899298e-02 9.265195e-04
4.887500e+03 3.412500e+03 1.175000e+03 2.823375e-02 9.265195e-04
4.987500e+03 3.412500e+03 1.175000e+03 2.666302e-02 9.265195e-04
5.087500e+03 3.412500e+03 1.175000e+03 2.724596e-02 9.265195e-04
5.187500e+03 3.412500e+03 1.200000e+03 2.841315e-02 9.265195e-04
5.287500e+03 3.412500e+03 1.225000e+03 2.873250e-02 9.265195e-04
5.387500e+03 3.412500e+03 1.250000e+03 2.910843e-02 9.265195e-04
5.487500e+03 3.412500e+03 1.250000e+03 2.727581e-02 9.265195e-04
5.587500e+03 3.412500e+03 1.250000e+03 2.701578e-02 9.265195e-04
5.687500e+03 3.412500e+03 1.225000e+03 2.557230e-02 9.265195e-04
5.787500e+03 3.412500e+03 1.225000e+03 2.444205e-02 9.265195e-04
5.887500e+03 3.412500e+03 1.250000e+03 2.449860e-02 9.265195e-04
5.987500e+03 3.412500e+03 1.250000e+03 2.375353e-02 9.265195e-04
6.087500e+03 3.412500e+03 1.250000e+03 2.448019e-02 9.265195e-04
6.187500e+03 3.412500e+03 1.275000e+03 2.637329e-02 9.265195e-04
6.287500e+03 3.412500e+03 1.300000e+03 2.551427e-02 9.265195e-04
6.387500e+03 3.412500e+03 1.275000e+03 2.620553e-02 9.265195e-04
6.487500e+03 3.412500e+03 1.300000e+03 2.653175e-02 9.265195e-04
6.587500e+03 3.412500e+03 1.325000e+03 2.576712e-02 9.265195e-04
6.687500e+03 3.412500e+03 1.300000e+03 2.658296e-02 9.265195e-04
6.787500e+03 3.412500e+03 1.275000e+03 2.588052e-02 9.265195e-04
6.887500e+03 3.412500e+03 1.300000e+03 2.629929e-02 9.265195e-04
6.987500e+03 3.412500e+03 1.300000e+03 2.553201e-02 9.265195e-04
3.487500e+03 3.512500e+03 1.225000e+03 3.034799e-02 9.265195e-04
3.587500e+03 3.512500e+03 1.225000e+03 2.984628e-02 9.265195e-04
3.687500e+03 3.512500e+03 1.225000e+03 3.014019e-02 9.265195e-04
3.787500e+03 3.512500e+03 1.225000e+03 3.071314e-02 9.265195e-04
3.887500e+03 3.512500e+03 1.225000e+03 3.037138e-02 9.265195e-04
3.987500e+03 3.512500e+03 1.225000e+03 3.000062e-02 9.265195e-04
4.087500e+03 3.512500e+03 1.175000e+03 2.893356e-02 9.265195e-04
4.187500e+03 3.512500e+03 1.175000e+03 2.728961e-02 9.265195e-04
4.287500e+03 3.512500e+03 1.200000e+03 2.938956e-02 9.265195e-04
4.387500e+03 3.512500e+03 1.175000e+03 2.779222e-02 9.265195e-04
4.487500e+03 3.512500e+03 1.150000e+03 2.634902e-02 9.265195e-04
4.587500e+03 3.512500e+03 1.150000e+03 2.645250e-02 9.265195e-04
4.687500e+03 3.512500e+03 1.175000e+03 2.783680e-02 9.265195e-04
4.787500e+03 3.512500e+03 1.175000e+03 2.898652e-02 9.265195e-04
4.887500e+03 3.512500e+03 1.175000e+03 2.967814e-02 9.265195e-04
4.987500e+03 3.512500e+03 1.175000e+03 3.129722e-02 9.265195e-04
5.087500e+03 3.512500e+03 1.200000e+03 3.094042e-02 9.265195e-04
5.187500e+03 3.512500e+03 1.200000e+03 2.815515e-02 9.265195e-04
5.287500e+03 3.512500e+03 1.200000e+03 2.301271e-02 9.265195e-04
5.387500e+03 3.512500e+03 1.225000e+03 2.546748e-02 9.265195e-04
5.487500e+03 3.512500e+03 1.250000e+03 2.639509e-02 9.265195e-04
5.587500e+03 3.512500e+03 1.250000e+03 2.624648e-02 9.265195e-04
5.687500e+03 3.512500e+03 1.250000e+03 2.559377e-02 9.265195e-04
5.787500e+03 3.512500e+03 1.225000e+03 2.464032e-02 9.265195e-04
5.887500e+03 3.512500e+03 1.225000e+03 2.425786e-02 9.265195e-04
5.987500e+03 3.512500e+03 1.250000e+03 2.494997e-02 9.265195e-04
6.087500e+03 3.512500e+03 1.275000e+03 2.367359e-02 9.265195e-04
6.187500e+03 3.512500e+03 1.300000e+03 2.659239e-02 9.265195e-04
6.287500e+03 3.512500e+03 1.300000e+03 2.726453e-02 9.265195e-04
6.387500e+03 3.512500e+03 1.275000e+03 2.542341e-02 9.265195e-04
6.487500e+03 3.512500e+03 1.300000e+03 2.683998e-02 9.265195e-04
6.587500e+03 3.512500e+03 1.325000e+03 2.648166e-02 9.265195e-04
6.687500e+03 3.512500e+03 1.325000e+03 2.614044e-02 9.265195e-04
6.787500e+03 3.512500e+03 1.300000e+03 2.704248e-02 9.265195e-04
6.887500e+03 3.512500e+03 1.300000e+03 2.534233e-02 9.265195e-04
6.987500e+03 3.512500e+03 1.300000e+03 2.739988e-02 9.265195e-04
3.487500e+03 3.612500e+03 1.225000e+03 3.192483e-02 9.265195e-04
3.587500e+03 3.612500e+03 1.200000e+03 3.090113e-02 9.265195e-04
3.687500e+03 3.612500e+03 1.200000e+03 2.870920e-02 9.265195e-04
3.787500e+03 3.612500e+03 1.200000e+03 3.138153e-02 9.265195e-04
3.887500e+03 3.612500e+03 1.200000e+03 2.904692e-02 9.265195e-04
3.987500e+03 3.612500e+03 1.200000e+03 3.034183e-02 9.265195e-04
4.087500e+03 3.612500e+03 1.175000e+03 2.732324e-02 9.265195e-04
4.187500e+03 3.612500e+03 1.175000e+03 2.809041e-02 9.265195e-04
4.287500e+03 3.612500e+03 1.175000e+03 2.784275e-02 9.265195e-04
4.387500e+03 3.612500e+03 1.150000e+03 2.669232e-02 9.265195e-04
4.487500e+03 3.612500e+03 1.150000e+03 2.544611e-02 9.265195e-04
4.587500e+03 3.612500e+03 1.150000e+03 2.643017e-02 9.265195e-04
4.687500e+03 3.612500e+03 1.175000e+03 2.868665e-02 9.265195e-04
4.787500e+03 3.612500e+03 1.175000e+03 2.783442e-02 9.265195e-04
4.887500e+03 3.612500e+03 1.175000e+03 3.136913e-02 9.265195e-04
4.987500e+03 3.612500e+03 1.200000e+03 3.377255e-02 9.265195e-04
5.087500e+03 3.612500e+03 1.200000e+03 3.398089e-02 9.265195e-04
5.187500e+03 3.612500e+03 1.200000e+03 2.536595e-02 9.265195e-04
5.287500e+03 3.612500e+03 1.225000e+03 2.796863e-02 9.265195e-04
5.387500e+03 3.612500e+03 1.250000e+03 2.766351e-02 9.265195e-04
5.487500e+03 3.612500e+03 1.275000e+03 2.573308e-02 9.265195e-04
5.587500e+03 3.612500e+03 1.275000e+03 2.385494e-02 9.265195e-04
5.687500e+03 3.612500e+03 1.250000e+03 2.495788e-02 9.265195e-04
5.787500e+03 3.612500e+03 1.250000e+03 2.493937e-02 9.265195e-04
5.887500e+03 3.612500e+03 1.250000e+03 2.341848e-02 9.265195e-04
5.987500e+03 3.612500e+03 1.250000e+03 2.596838e-02 9.265195e-04
6.087500e+03 3.612500e+03 1.275000e+03 2.614083e-02 9.265195e-04
6.187500e+03 3.612500e+03 1.300000e+03 2.539972e-02 9.265195e-04
6.287500e+03 3.612500e+03 1.300000e+03 2.728293e-02 9.265195e-04
6.387500e+03 3.612500e+03 1.300000e+03 2.668777e-02 9.265195e-04
6.487500e+03 3.612500e+03 1.300000e+03 2.780061e-02 9.265195e-04
6.587500e+03 3.612500e+03 1.325000e+03 2.647355e-02 9.265195e-04
6.687500e+03 3.612500e+03 1.325000e+03 2.741299e-02 9.265195e-04
6.787500e+03 3.612500e+03 1.325000e+03 2.846863e-02 9.265195e-04
6.887500e+03 3.612500e+03 1.300000e+03 2.601045e-02 9.265195e-04
6.987500e+03 3.612500e+03 1.300000e+03 2.751523e-02 9.265195e-04
3.487500e+03 3.712500e+03 1.250000e+03 3.069356e-02 9.265195e-04
3.587500e+03 3.712500e+03 1.225000e+03 3.066685e-02 9.265195e-04
3.687500e+03 3.712500e+03 1.200000e+03 3.002290e-02 9.265195e-04
3.787500e+03 3.712500e+03 1.175000e+03 2.929185e-02 9.265195e-04
3.887500e+03 3.712500e+03 1.175000e+03 2.946632e-02 9.265195e-04
3.987500e+03 3.712500e+03 1.175000e+03 2.840349e-02 9.265195e-04
4.087500e+03 3.712500e+03 1.175000e+03 2.684336e-02 9.265195e-04
4.187500e+03 3.712500e+03 1.150000e+03 2.600065e-02 9.265195e-04
4.287500e+03 3.712500e+03 1.150000e+03 2.512865e-02 9.265195e-04
4.387500e+03 3.712500e+03 1.150000e+03 2.589902e-02 9.265195e-04
4.487500e+03 3.712500e+03 1.150000e+03 2.594126e-02 9.265195e-04
4.587500e+03 3.712500e+03 1.150000e+03 2.598606e-02 9.265195e-04
4.687500e+03 3.712500e+03 1.175000e+03 2.800968e-02 9.265195e-04
4.787500e+03 3.712500e+03 1.175000e+03 2.897059e-02 9.265195e-04
4.887500e+03 3.712500e+03 1.200000e+03 2.996051e-02 9.265195e-04
4.987500e+03 3.712500e+03 1.200000e+03 3.219602e-02 9.265195e-04
5.087500e+03 3.712500e+03 1.225000e+03 3.358569e-02 9.265195e-04
5.187500e+03 3.712500e+03 1.225000e+03 3.158122e-02 9.265195e-04
5.287500e+03 3.712500e+03 1.225000e+03 2.970597e-02 9.265195e-04
5.387500e+03 3.712500e+03 1.250000e+03 2.716417e-02 9.265195e-04
5.487500e+03 3.712500e+03 1.250000e+03 2.649367e-02 9.265195e-04
5.587500e+03 3.712500e+03 1.275000e+03 2.679660e-02 9.265195e-04
5.687500e+03 3.712500e+03 1.275000e+03 2.561580e-02 9.265195e-04
5.787500e+03 3.712500e+03 1.275000e+03 2.544281e-02 9.265195e-04
5.887500e+03 3.712500e+03 1.250000e+03 2.579141e-02 9.265195e-04
5.987500e+03 3.712500e+03 1.250000e+03 2.429458e-02 9.265195e-04
6.087500e+03 3.712500e+03 1.275000e+03 2.552986e-02 9.265195e-04
6.187500e+03 3.712500e+03 1.300000e+03 2.562701e-02 9.265195e-04
6.287500e+03 3.712500e+03 1.325000e+03 2.770382e-02 9.265195e-04
6.387500e+03 3.712500e+03 1.325000e+03 2.671462e-02 9.265195e-04
6.487500e+03 3.712500e+03 1.325000e+03 2.644605e-02 9.265195e-04
6.587500e+03 3.712500e+03 1.325000e+03 2.746403e-02 9.265195e-04
6.687500e+03 3.712500e+03 1.350000e+03 2.859317e-02 9.265195e-04
6.787500e+03 3.712500e+03 1.350000e+03 2.809540e-02 9.265195e-04
6.887500e+03 3.712500e+03 1.325000e+03 2.732328e-02 9.265195e-04
6.987500e+03 3.712500e+03 1.300000e+03 2.691443e-02 9.265195e-04
3.487500e+03 3.812500e+03 1.225000e+03 3.099179e-02 9.265195e-04
3.587500e+03 3.812500e+03 1.225000e+03 3.159667e-02 9.265195e-04
3.687500e+03 3.812500e+03 1.200000e+03 2.902039e-02 9.265195e-04
3.787500e+03 3.812500e+03 1.200000e+03 2.993084e-02 9.265195e-04
3.887500e+03 3.812500e+03 1.175000e+03 2.927064e-02 9.265195e-04
3.987500e+03 3.812500e+03 1.175000e+03 2.738983e-02 9.265195e-04
4.087500e+03 3.812500e+03 1.150000e+03 2.619133e-02 9.265195e-04
4.187500e+03 3.812500e+03 1.150000e+03 2.510141e-02 9.265195e-04
4.287500e+03 3.812500e+03 1.150000e+03 2.548631e-02 9.265195e-04
4.387500e+03 3.812500e+03 1.150000e+03 2.534069e-02 9.265195e-04
4.487500e+03 3.812500e+03 1.150000e+03 2.395778e-02 9.265195e-04
4.587500e+03 3.812500e+03 1.150000e+03 2.689137e-02 9.265195e-04
4.687500e+03 3.812500e+03 1.175000e+03 2.761730e-02 9.265195e-04
4.787500e+03 3.812500e+03 1.175000e+03 2.816675e-02 9.265195e-04
4.887500e+03 3.812500e+03 1.200000e+03 3.066524e-02 9.265195e-04
4.987500e+03 3.812500e+03 1.200000e+03 2.950368e-02 9.265195e-04
5.087500e+03 3.812500e+03 1.225000e+03 2.940727e-02 9.265195e-04
5.187500e+03 3.812500e+03 1.250000e+03 3.023667e-02 9.265195e-04
5.287500e+03 3.812500e+03 1.225000e+03 3.088795e-02 9.265195e-04
5.387500e+03 3.812500e+03 1.250000e+03 3.067034e-02 9.265195e-04
5.487500e+03 3.812500e+03 1.275000e+03 2.946281e-02 9.265195e-04
5.587500e+03 3.812500e+03 1.275000e+03 2.878673e-02 9.265195e-04
5.687500e+03 3.812500e+03 1.300000e+03 2.823373e-02 9.265195e-04
5.787500e+03 3.812500e+03 1.300000e+03 2.569144e-02 9.265195e-04
5.887500e+03 3.812500e+03 1.275000e+03 2.529349e-02 9.265195e-04
5.987500e+03 3.812500e+03 1.250000e+03 2.343511e-02 9.265195e-04
6.087500e+03 3.812500e+03 1.250000e+03 2.434690e-02 9.265195e-04
6.187500e+03 3.812500e+03 1.250000e+03 2.635045e-02 9.265195e-04
6.287500e+03 3.812500e+03 1.300000e+03 2.511159e-02 9.265195e-04
6.387500e+03 3.812500e+03 1.300000e+03 2.642453e-02 9.265195e-04
6.487500e+03 3.812500e+03 1.300000e+03 2.746628e-02 9.265195e-04
6.587500e+03 3.812500e+03 1.325000e+03 2.838645e-02 9.265195e-04
6.687500e+03 3.812500e+03 1.350000e+03 2.863029e-02 9.265195e-04
6.787500e+03 3.812500e+03 1.375000e+03 2.729848e-02 9.265195e-04
6.887500e+03 3.812500e+03 1.350000e+03 2.630564e-02 9.265195e-04
6.987500e+03 3.812500e+03 1.325000e+03 2.680018e-02 9.265195e-04
3.487500e+03 3.912500e+03 1.225000e+03 3.226353e-02 9.265195e-04
3.587500e+03 3.912500e+03 1.225000e+03 3.111495e-02 9.265195e-04
3.687500e+03 3.912500e+03 1.225000e+03 2.945292e-02 9.265195e-04
3.787500e+03 3.912500e+03 1.200000e+03 2.916851e-02 9.265195e-04
3.887500e+03 3.912500e+03 1.200000e+03 3.013722e-02 9.265195e-04
3.987500e+03 3.912500e+03 1.175000e+03 2.863005e-02 9.265195e-04
4.087500e+03 3.912500e+03 1.150000e+03 2.726657e-02 9.265195e-04
4.187500e+03 3.912500e+03 1.150000e+03 2.558029e-02 9.265195e-04
4.287500e+03 3.912500e+03 1.150000e+03 2.545623e-02 9.265195e-04
4.387500e+03 3.912500e+03 1.125000e+03 2.439043e-02 9.265195e-04
4.487500e+03 3.912500e+03 1.150000e+03 2.444554e-02 9.265195e-04
4.587500e+03 3.912500e+03 1.150000e+03 2.590240e-02 9.265195e-04
4.687500e+03 3.912500e+03 1.175000e+03 2.729157e-02 9.265195e-04
4.787500e+03 3.912500e+03 1.175000e+03 2.841191e-02 9.265195e-04
4.887500e+03 3.912500e+03 1.225000e+03 2.938987e-02 9.265195e-04
4.987500e+03 3.912500e+03 1.200000e+03 2.482472e-02 9.265195e-04
5.087500e+03 3.912500e+03 1.225000e+03 2.564281e-02 9.265195e-04
5.187500e+03 3.912500e+03 1.225000e+03 2.973427e-02 9.265195e-04
5.287500e+03 3.912500e+03 1.225000e+03 3.365074e-02 9.265195e-04
5.387500e+03 3.912500e+03 1.250000e+03 3.386507e-02 9.265195e-04
5.487500e+03 3.912500e+03 1.275000e+03 3.391654e-02 9.265195e-04
5.587500e+03 3.912500e+03 1.275000e+03 3.112481e-02 9.265195e-04
5.687500e+03 3.912500e+03 1.300000e+03 2.838761e-02 9.265195e-04
5.787500e+03 3.912500e+03 1.300000e+03 2.792580e-02 9.265195e-04
5.887500e+03 3.912500e+03 1.275000e+03 2.609574e-02 9.265195e-04
5.987500e+03 3.912500e+03 1.250000e+03 2.525724e-02 9.265195e-04
6.087500e+03 3.912500e+03 1.250000e+03 2.569625e-02 9.265195e-04
6.187500e+03 3.912500e+03 1.275000e+03 2.542824e-02 9.265195e-04
6.287500e+03 3.912500e+03 1.275000e+03 2.665167e-02 9.265195e-04
6.387500e+03 3.912500e+03 1.275000e+03 2.707048e-02 9.265195e-04
6.487500e+03 3.912500e+03 1.300000e+03 2.559224e-02 9.265195e-04
6.587500e+03 3.912500e+03 1.300000e+03 2.946753e-02 9.265195e-04
6.687500e+03 3.912500e+03 1.325000e+03 2.702487e-02 9.265195e-04
6.787500e+03 3.912500e+03 1.375000e+03 2.866866e-02 9.265195e-04
6.887500e+03 3.912500e+03 1.375000e+03 2.725721e-02 9.265195e-04
6.987500e+03 3.912500e+03 1.350000e+03 3.015491e-02 9.265195e-04
3.487500e+03 4.012500e+03 1.225000e+03 3.069257e-02 9.265195e-04
3.587500e+03 4.012500e+03 1.200000e+03 3.207287e-02 9.265195e-04
3.687500e+03 4.012500e+03 1.200000e+03 3.082915e-02 9.265195e-04
3.787500e+03 4.012500e+03 1.175000e+03 3.023535e-02 9.265195e-04
3.887500e+03 4.012500e+03 1.175000e+03 2.835716e-02 9.265195e-04
3.987500e+03 4.012500e+03 1.150000e+03 2.498966e-02 9.265195e-04
4.087500e+03 4.012500e+03 1.150000e+03 2.524296e-02 9.265195e-04
4.187500e+03 4.012500e+03 1.150000e+03 2.519074e-02 9.265195e-04
4.287500e+03 4.012500e+03 1.150000e+03 2.583020e-02 9.265195e-04
4.387500e+03 4.012500e+03 1.150000e+03 2.723597e-02 9.265195e-04
4.487500e+03 4.012500e+03 1.150000e+03 2.349275e-02 9.265195e-04
4.587500e+03 4.012500e+03 1.175000e+03 2.612271e-02 9.265195e-04
4.687500e+03 4.012500e+03 1.175000e+03 2.894069e-02 9.265195e-04
4.787500e+03 4.012500e+03 1.175000e+03 2.906354e-02 9.265195e-04
4.887500e+03 4.012500e+03 1.225000e+03 2.633471e-02 9.265195e-04
4.987500e+03 4.012500e+03 1.225000e+03 2.521758e-02 9.265195e-04
5.087500e+03 4.012500e+03 1.225000e+03 2.515083e-02 9.265195e-04
5.187500e+03 4.012500e+03 1.225000e+03 2.701371e-02 9.265195e-04
5.287500e+03 4.012500e+03 1.250000e+03 2.860783e-02 9.265195e-04
5.387500e+03 4.012500e+03 1.250000e+03 3.125237e-02 9.265195e-04
5.487500e+03 4.012500e+03 1.275000e+03 3.241017e-02 9.265195e-04
5.587500e+03 4.012500e+03 1.275000e+03 3.533278e-02 9.265195e-04
5.687500e+03 4.012500e+03 1.300000e+03 3.239904e-02 9.265195e-04
5.787500e+03 4.012500e+03 1.275000e+03 2.838847e-02 9.265195e-04
5.887500e+03 4.012500e+03 1.275000e+03 2.746864e-02 9.265195e-04
5.987500e+03 4.012500e+03 1.250000e+03 2.751266e-02 9.265195e-04
6.087500e+03 4.012500e+03 1.275000e+03 2.617411e-02 9.265195e-04
6.187500e+03 4.012500e+03 1.300000e+03 2.823256e-02 9.265195e-04
6.287500e+03 4.012500e+03 1.300000e+03 2.785408e-02 9.265195e-04
6.387500e+03 4.012500e+03 1.300000e+03 2.498167e-02 9.265195e-04
6.487500e+03 4.012500e+03 1.325000e+03 2.734684e-02 9.265195e-04
6.587500e+03 4.012500e+03 1.325000e+03 2.696151e-02 9.265195e-04
6.687500e+03 4.012500e+03 1.350000e+03 2.732768e-02 9.265195e-04
6.787500e+03 4.012500e+03 1.375000e+03 2.966654e-02 9.265195e-04
6.887500e+03 4.012500e+03 1.375000e+03 2.758359e-02 9.265195e-04
6.987500e+03 4.012500e+03 1.375000e+03 2.855359e-02 9.265195e-04
3.487500e+03 4.112500e+03 1.200000e+03 3.040484e-02 9.265195e-04
3.587500e+03 4.112500e+03 1.175000e+03 3.017643e-02 9.265195e-04
3.687500e+03 4.112500e+03 1.175000e+03 2.998839e-02 9.265195e-04
3.787500e+03 4.112500e+03 1.175000e+03 2.792301e-02 9.265195e-04
3.887500e+03 4.112500e+03 1.150000e+03 2.587752e-02 9.265195e-04
3.987500e+03 4.112500e+03 1.150000e+03 2.555953e-02 9.265195e-04
4.087500e+03 4.112500e+03 1.150000e+03 2.537542e-02 9.265195e-04
4.187500e+03 4.112500e+03 1.150000e+03 2.611766e-02 9.265195e-04
4.287500e+03 4.112500e+03 1.150000e+03 2.542567e-02 9.265195e-04
4.387500e+03 4.112500e+03 1.150000e+03 2.513631e-02 9.265195e-04
4.487500e+03 4.112500e+03 1.175000e+03 2.416801e-02 9.265195e-04
4.587500e+03 4.112500e+03 1.175000e+03 2.449676e-02 9.265195e-04
4.687500e+03 4.112500e+03 1.200000e+03 2.755422e-02 9.265195e-04
4.787500e+03 4.112500e+03 1.200000e+03 2.715559e-02 9.265195e-04
4.887500e+03 4.112500e+03 1.200000e+03 2.446045e-02 9.265195e-04
4.987500e+03 4.112500e+03 1.225000e+03 2.434023e-02 9.265195e-04
5.087500e+03 4.112500e+03 1.225000e+03 2.446905e-02 9.265195e-04
5.187500e+03 4.112500e+03 1.250000e+03 2.590564e-02 9.265195e-04
5.287500e+03 4.112500e+03 1.250000e+03 2.883797e-02 9.265195e-04
5.387500e+03 4.112500e+03 1.275000e+03 2.815300e-02 9.265195e-04
5.487500e+03 4.112500e+03 1.275000e+03 2.847769e-02 9.265195e-04
5.587500e+03 4.112500e+03 1.275000e+03 3.355987e-02 9.265195e-04
5.687500e+03 4.112500e+03 1.275000e+03 3.374739e-02 9.265195e-04
5.787500e+03 4.112500e+03 1.300000e+03 3.124812e-02 9.265195e-04
5.887500e+03 4.112500e+03 1.300000e+03 2.952571e-02 9.265195e-04
5.987500e+03 4.112500e+03 1.275000e+03 2.771343e-02 9.265195e-04
6.087500e+03 4.112500e+03 1.275000e+03 2.601052e-02 9.265195e-04
6.187500e+03 4.112500e+03 1.300000e+03 2.768985e-02 9.265195e-04
6.287500e+03 4.112500e+03 1.325000e+03 2.503271e-02 9.265195e-04
6.387500e+03 4.112500e+03 1.300000e+03 2.904843e-02 9.265195e-04
6.487500e+03 4.112500e+03 1.350000e+03 2.762224e-02 9.265195e-04
6.587500e+03 4.112500e+03 1.350000e+03 2.820632e-02 9.265195e-04
6.687500e+03 4.112500e+03 1.375000e+03 2.659973e-02 9.265195e-04
6.787500e+03 4.112500e+03 1.400000e+03 3.028644e-02 9.265195e-04
6.887500e+03 4.112500e+03 1.400000e+03 2.961921e-02 9.265195e-04
6.987500e+03 4.112500e+03 1.375000e+03 2.947692e-02 9.265195e-04
3.487500e+03 4.212500e+03 1.175000e+03 2.997392e-02 9.265195e-04
3.587500e+03 4.212500e+03 1.175000e+03 2.941313e-02 9.265195e-04
3.687500e+03 4.212500e+03 1.175000e+03 2.751628e-02 9.265195e-04
3.787500e+03 4.212500e+03 1.150000e+03 2.798429e-02 9.265195e-04
3.887500e+03 4.212500e+03 1.150000e+03 2.602928e-02 9.265195e-04
3.987500e+03 4.212500e+03 1.150000e+03 2.344656e-02 9.265195e-04
4.087500e+03 4.212500e+03 1.150000e+03 2.354388e-02 9.265195e-04
4.187500e+03 4.212500e+03 1.125000e+03 2.535447e-02 9.265195e-04
4.287500e+03 4.212500e+03 1.150000e+03 2.456200e-02 9.265195e-04
4.387500e+03 4.212500e+03 1.175000e+03 2.465249e-02 9.265195e-04
4.487500e+03 4.212500e+03 1.175000e+03 2.455998e-02 9.265195e-04
4.587500e+03 4.212500e+03 1.175000e+03 2.640879e-02 9.265195e-04
4.687500e+03 4.212500e+03 1.200000e+03 2.679549e-02 9.265195e-04
4.787500e+03 4.212500e+03 1.225000e+03 2.710927e-02 9.265195e-04
4.887500e+03 4.212500e+03 1.225000e+03 2.444823e-02 9.265195e-04
4.987500e+03 4.212500e+03 1.225000e+03 2.509161e-02 9.265195e-04
5.087500e+03 4.212500e+03 1.250000e+03 2.608658e-02 9.265195e-04
5.187500e+03 4.212500e+03 1.250000e+03 2.551199e-02 9.265195e-04
5.287500e+03 4.212500e+03 1.275000e+03 2.754809e-02 9.265195e-04
5.387500e+03 4.212500e+03 1.300000e+03 2.778124e-02 9.265195e-04
5.487500e+03 4.212500e+03 1.325000e+03 2.715134e-02 9.265195e-04
5.587500e+03 4.212500e+03 1.325000e+03 3.114949e-02 9.265195e-04
5.687500e+03 4.212500e+03 1.300000e+03 2.946876e-02 9.265195e-04
5.787500e+03 4.212500e+03 1.300000e+03 3.074297e-02 9.265195e-04
5.887500e+03 4.212500e+03 1.300000e+03 2.965086e-02 9.265195e-04
5.987500e+03 4.212500e+03 1.275000e+03 2.994569e-02 9.265195e-04
6.087500e+03 4.212500e+03 1.275000e+03 2.732338e-02 9.265195e-04
6.187500e+03 4.212500e+03 1.300000e+03 2.587369e-02 9.265195e-04
6.287500e+03 4.212500e+03 1.325000e+03 2.555399e-02 9.265195e-04
6.387500e+03 4.212500e+03 1.325000e+03 2.733824e-02 9.265195e-04
6.487500e+03 4.212500e+03 1.325000e+03 2.891647e-02 9.265195e-04
6.587500e+03 4.212500e+03 1.350000e+03 2.810213e-02 9.265195e-04
6.687500e+03 4.212500e+03 1.375000e+03 3.003007e-02 9.265195e-04
6.787500e+03 4.212500e+03 1.400000e+03 2.897962e-02 9.265195e-04
6.887500e+03 4.212500e+03 1.400000e+03 3.026849e-02 9.265195e-04
6.987500e+03 4.212500e+03 1.400000e+03 2.906971e-02 9.265195e-04
3.487500e+03 4.312500e+03 1.175000e+03 3.008588e-02 9.265195e-04
3.587500e+03 4.312500e+03 1.175000e+03 2.660495e-02 9.265195e-04
3.687500e+03 4.312500e+03 1.150000e+03 2.605282e-02 9.265195e-04
3.787500e+03 4.312500e+03 1.150000e+03 2.711724e-02 9.265195e-04
3.887500e+03 4.312500e+03 1.150000e+03 2.572676e-02 9.265195e-04
3.987500e+03 4.312500e+03 1.150000e+03 2.343699e-02 9.265195e-04
4.087500e+03 4.312500e+03 1.125000e+03 2.437784e-02 9.265195e-04
4.187500e+03 4.312500e+03 1.150000e+03 2.442180e-02 9.265195e-04
4.287500e+03 4.312500e+03 1.175000e+03 2.389367e-02 9.265195e-04
4.387500e+03 4.312500e+03 1.175000e+03 2.642092e-02 9.265195e-04
4.487500e+03 4.312500e+03 1.175000e+03 2.492284e-02 9.265195e-04
4.587500e+03 4.312500e+03 1.200000e+03 2.635359e-02 9.265195e-04
4.687500e+03 4.312500e+03 1.225000e+03 2.776925e-02 9.265195e-04
4.787500e+03 4.312500e+03 1.225000e+03 2.659292e-02 9.265195e-04
4.887500e+03 4.312500e+03 1.250000e+03 2.457561e-02 9.265195e-04
4.987500e+03 4.312500e+03 1.250000e+03 2.683188e-02 9.265195e-04
5.087500e+03 4.312500e+03 1.250000e+03 2.712617e-02 9.265195e-04
5.187500e+03 4.312500e+03 1.275000e+03 2.684747e-02 9.265195e-04
5.287500e+03 4.312500e+03 1.300000e+03 2.514057e-02 9.265195e-04
5.387500e+03 4.312500e+03 1.350000e+03 2.848810e-02 9.265195e-04
5.487500e+03 4.312500e+03 1.350000e+03 2.675127e-02 9.265195e-04
5.587500e+03 4.312500e+03 1.350000e+03 2.825286e-02 9.265195e-04
5.687500e+03 4.312500e+03 1.325000e+03 2.928001e-02 9.265195e-04
5.787500e+03 4.312500e+03 1.300000e+03 2.903504e-02 9.265195e-04
5.887500e+03 4.312500e+03 1.300000e+03 3.074074e-02 9.265195e-04
5.987500e+03 4.312500e+03 1.275000e+03 3.331714e-02 9.265195e-04
6.087500e+03 4.312500e+03 1.275000e+03 3.098975e-02 9.265195e-04
6.187500e+03 4.312500e+03 1.275000e+03 2.938650e-02 9.265195e-04
6.287500e+03 4.312500e+03 1.325000e+03 2.980012e-02 9.265195e-04
6.387500e+03 4.312500e+03 1.350000e+03 2.851063e-02 9.265195e-04
6.487500e+03 4.312500e+03 1.350000e+03 2.704115e-02 9.265195e-04
6.587500e+03 4.312500e+03 1.350000e+03 2.969802e-02 9.265195e-04
6.687500e+03 4.312500e+03 1.375000e+03 3.080974e-02 9.265195e-04
6.787500e+03 4.312500e+03 1.400000e+03 2.910802e-02 9.265195e-04
6.887500e+03 4.312500e+03 1.400000e+03 2.892368e-02 9.265195e-04
6.987500e+03 4.312500e+03 1.425000e+03 3.048555e-02 9.265195e-04
3.487500e+03 4.412500e+03 1.175000e+03 3.045330e-02 9.265195e-04
3.587500e+03 4.412500e+03 1.150000e+03 2.947227e-02 9.265195e-04
3.687500e+03 4.412500e+03 1.150000e+03 2.628447e-02 9.265195e-04
3.787500e+03 4.412500e+03 1.125000e+03 2.652834e-02 9.265195e-04
3.887500e+03 4.412500e+03 1.125000e+03 2.554441e-02 9.265195e-04
3.987500e+03 4.412500e+03 1.125000e+03 2.456622e-02 9.265195e-04
4.087500e+03 4.412500e+03 1.150000e+03 2.487522e-02 9.265195e-04
4.187500e+03 4.412500e+03 1.150000e+03 2.382431e-02 9.265195e-04
4.287500e+03 4.412500e+03 1.175000e+03 2.489878e-02 9.265195e-04
4.387500e+03 4.412500e+03 1.175000e+03 2.624176e-02 9.265195e-04
4.487500e+03 4.412500e+03 1.200000e+03 2.615439e-02 9.265195e-04
4.587500e+03 4.412500e+03 1.225000e+03 2.441304e-02 9.265195e-04
4.687500e+03 4.412500e+03 1.225000e+03 2.738220e-02 9.265195e-04
4.787500e+03 4.412500e+03 1.250000e+03 2.665551e-02 9.265195e-04
4.887500e+03 4.412500e+03 1.250000e+03 2.561609e-02 9.265195e-04
4.987500e+03 4.412500e+03 1.250000e+03 2.707063e-02 9.265195e-04
5.087500e+03 4.412500e+03 1.250000e+03 2.488097e-02 9.265195e-04
5.187500e+03 4.412500e+03 1.275000e+03 2.802153e-02 9.265195e-04
5.287500e+03 4.412500e+03 1.300000e+03 2.677750e-02 9.265195e-04
5.387500e+03 4.412500e+03 1.350000e+03 2.822867e-02 9.265195e-04
5.487500e+03 4.412500e+03 1.375000e+03 2.888842e-02 9.265195e-04
5.587500e+03 4.412500e+03 1.375000e+03 2.748650e-02 9.265195e-04
5.687500e+03 4.412500e+03 1.350000e+03 2.766331e-02 9.265195e-04
5.787500e+03 4.412500e+03 1.325000e+03 2.780344e-02 9.265195e-04
5.887500e+03 4.412500e+03 1.325000e+03 2.896373e-02 9.265195e-04
5.987500e+03 4.412500e+03 1.300000e+03 2.979248e-02 9.265195e-04
6.087500e+03 4.412500e+03 1.275000e+03 3.308829e-02 9.265195e-04
6.187500e+03 4.412500e+03 1.275000e+03 3.312716e-02 9.265195e-04
6.287500e+03 4.412500e+03 1.300000e+03 2.947689e-02 9.265195e-04
6.387500e+03 4.412500e+03 1.325000e+03 2.905730e-02 9.265195e-04
6.487500e+03 4.412500e+03 1.325000e+03 2.795845e-02 9.265195e-04
6.587500e+03 4.412500e+03 1.375000e+03 2.758594e-02 9.265195e-04
6.687500e+03 4.412500e+03 1.375000e+03 2.983113e-02 9.265195e-04
6.787500e+03 4.412500e+03 1.400000e+03 2.891920e-02 9.265195e-04
6.887500e+03 4.412500e+03 1.400000e+03 2.885255e-02 9.265195e-04
6.987500e+03 4.412500e+03 1.425000e+03 3.048294e-02 9.265195e-04
3.487500e+03 4.512500e+03 1.175000e+03 2.830891e-02 9.265195e-04
3.587500e+03 4.512500e+03 1.175000e+03 2.960501e-02 9.265195e-04
3.687500e+03 4.512500e+03 1.150000e+03 2.869275e-02 9.265195e-04
3.787500e+03 4.512500e+03 1.125000e+03 2.540348e-02 9.265195e-04
3.887500e+03 4.512500e+03 1.125000e+03 2.345335e-02 9.265195e-04
3.987500e+03 4.512500e+03 1.125000e+03 2.633758e-02 9.265195e-04
4.087500e+03 4.512500e+03 1.150000e+03 2.606055e-02 9.265195e-04
4.187500e+03 4.512500e+03 1.150000e+03 2.530348e-02 9.265195e-04
4.287500e+03 4.512500e+03 1.175000e+03 2.623146e-02 9.265195e-04
4.387500e+03 4.512500e+03 1.175000e+03 2.448945e-02 9.265195e-04
4.487500e+03 4.512500e+03 1.200000e+03 2.741863e-02 9.265195e-04
4.587500e+03 4.512500e+03 1.225000e+03 2.588885e-02 9.265195e-04
4.687500e+03 4.512500e+03 1.250000e+03 2.568998e-02 9.265195e-04
4.787500e+03 4.512500e+03 1.250000e+03 2.698617e-02 9.265195e-04
4.887500e+03 4.512500e+03 1.275000e+03 2.577189e-02 9.265195e-04
4.987500e+03 4.512500e+03 1.275000e+03 2.590527e-02 9.265195e-04
5.087500e+03 4.512500e+03 1.275000e+03 2.648545e-02 9.265195e-04
5.187500e+03 4.512500e+03 1.275000e+03 2.893000e-02 9.265195e-04
5.287500e+03 4.512500e+03 1.300000e+03 2.628753e-02 9.265195e-04
5.387500e+03 4.512500e+03 1.325000e+03 2.794063e-02 9.265195e-04
5.487500e+03 4.512500e+03 1.375000e+03 2.923204e-02 9.265195e-04
5.587500e+03 4.512500e+03 1.375000e+03 2.782343e-02 9.265195e-04
5.687500e+03 4.512500e+03 1.350000e+03 3.035211e-02 9.265195e-04
5.787500e+03 4.512500e+03 1.325000e+03 2.693848e-02 9.265195e-04
5.887500e+03 4.512500e+03 1.325000e+03 2.793353e-02 9.265195e-04
5.987500e+03 4.512500e+03 1.300000e+03 2.645152e-02 9.265195e-04
6.087500e+03 4.512500e+03 1.300000e+03 2.848501e-02 9.265195e-04
6.187500e+03 4.512500e+03 1.275000e+03 3.248154e-02 9.265195e-04
6.287500e+03 4.512500e+03 1.300000e+03 3.324281e-02 9.265195e-04
6.387500e+03 4.512500e+03 1.300000e+03 3.127346e-02 9.265195e-04
6.487500e+03 4.512500e+03 1.325000e+03 2.813423e-02 9.265195e-04
6.587500e+03 4.512500e+03 1.350000e+03 2.883291e-02 9.265195e-04
6.687500e+03 4.512500e+03 1.375000e+03 2.935347e-02 9.265195e-04
6.787500e+03 4.512500e+03 1.375000e+03 3.040542e-02 9.265195e-04
6.887500e+03 4.512500e+03 1.425000e+03 3.012629e-02 9.265195e-04
6.987500e+03 4.512500e+03 1.450000e+03 2.973771e-02 9.265195e-04
3.487500e+03 4.612500e+03 1.175000e+03 2.983625e-02 9.265195e-04
3.587500e+03 4.612500e+03 1.175000e+03 2.900566e-02 9.265195e-04
3.687500e+03 4.612500e+03 1.150000e+03 2.632536e-02 9.265195e-04
3.787500e+03 4.612500e+03 1.125000e+03 2.426051e-02 9.265195e-04
3.887500e+03 4.612500e+03 1.125000e+03 2.284633e-02 9.265195e-04
3.987500e+03 4.612500e+03 1.150000e+03 2.438541e-02 9.265195e-04
4.087500e+03 4.612500e+03 1.150000e+03 2.616210e-02 9.265195e-04
4.187500e+03 4.612500e+03 1.175000e+03 2.476766e-02 9.265195e-04
4.287500e+03 4.612500e+03 1.175000e+03 2.726468e-02 9.265195e-04
4.387500e+03 4.612500e+03 1.200000e+03 2.714391e-02 9.265195e-04
4.487500e+03 4.612500e+03 1.200000e+03 2.656301e-02 9.265195e-04
4.587500e+03 4.612500e+03 1.225000e+03 2.445539e-02 9.265195e-04
4.687500e+03 4.612500e+03 1.250000e+03 2.585977e-02 9.265195e-04
4.787500e+03 4.612500e+03 1.250000e+03 2.417724e-02 9.265195e-04
4.887500e+03 4.612500e+03 1.275000e+03 2.665076e-02 9.265195e-04
4.987500e+03 4.612500e+03 1.275000e+03 2.774297e-02 9.265195e-04
5.087500e+03 4.612500e+03 1.300000e+03 2.627047e-02 9.265195e-04
5.187500e+03 4.612500e+03 1.300000e+03 2.648397e-02 9.265195e-04
5.287500e+03 4.612500e+03 1.300000e+03 2.655387e-02 9.265195e-04
5.387500e+03 4.612500e+03 1.325000e+03 2.884261e-02 9.265195e-04
5.487500e+03 4.612500e+03 1.375000e+03 2.888424e-02 9.265195e-04
5.587500e+03 4.612500e+03 1.400000e+03 2.839219e-02 9.265195e-04
5.687500e+03 4.612500e+03 1.375000e+03 2.677461e-02 9.265195e-04
5.787500e+03 4.612500e+03 1.350000e+03 2.758539e-02 9.265195e-04
5.887500e+03 4.612500e+03 1.350000e+03 2.599825e-02 9.265195e-04
5.987500e+03 4.612500e+03 1.325000e+03 2.823761e-02 9.265195e-04
6.087500e+03 4.612500e+03 1.300000e+03 2.839040e-02 9.265195e-04
6.187500e+03 4.612500e+03 1.275000e+03 2.991070e-02 9.265195e-04
6.287500e+03 4.612500e+03 1.275000e+03 3.529142e-02 9.265195e-04
6.387500e+03 4.612500e+03 1.300000e+03 3.111162e-02 9.265195e-04
6.487500e+03 4.612500e+03 1.325000e+03 2.983060e-02 9.265195e-04
6.587500e+03 4.612500e+03 1.325000e+03 2.930795e-02 9.265195e-04
6.687500e+03 4.612500e+03 1.350000e+03 2.936014e-02 9.265195e-04
6.787500e+03 4.612500e+03 1.375000e+03 2.840186e-02 9.265195e-04
6.887500e+03 4.612500e+03 1.400000e+03 2.824489e-02 9.265195e-04
6.987500e+03 4.612500e+03 1.450000e+03 2.714060e-02 9.265195e-04
3.487500e+03 4.712500e+03 1.175000e+03 2.785405e-02 9.265195e-04
3.587500e+03 4.712500e+03 1.150000e+03 2.728161e-02 9.265195e-04
3.687500e+03 4.712500e+03 1.150000e+03 2.442746e-02 9.265195e-04
3.787500e+03 4.712500e+03 1.125000e+03 2.436813e-02 9.265195e-04
3.887500e+03 4.712500e+03 1.125000e+03 2.358193e-02 9.265195e-04
3.987500e+03 4.712500e+03 1.150000e+03 2.608640e-02 9.265195e-04
4.087500e+03 4.712500e+03 1.175000e+03 2.497636e-02 9.265195e-04
4.187500e+03 4.712500e+03 1.175000e+03 2.461304e-02 9.265195e-04
4.287500e+03 4.712500e+03 1.175000e+03 2.415680e-02 9.265195e-04
4.387500e+03 4.712500e+03 1.200000e+03 2.692108e-02 9.265195e-04
4.487500e+03 4.712500e+03 1.225000e+03 2.689507e-02 9.265195e-04
4.587500e+03 4.712500e+03 1.250000e+03 2.604961e-02 9.265195e-04
4.687500e+03 4.712500e+03 1.250000e+03 2.589304e-02 9.265195e-04
4.787500e+03 4.712500e+03 1.250000e+03 2.625161e-02 9.265195e-04
4.887500e+03 4.712500e+03 1.275000e+03 2.807360e-02 9.265195e-04
4.987500e+03 4.712500e+03 1.275000e+03 2.852506e-02 9.265195e-04
5.087500e+03 4.712500e+03 1.300000e+03 2.454417e-02 9.265195e-04
5.187500e+03 4.712500e+03 1.300000e+03 2.796294e-02 9.265195e-04
5.287500e+03 4.712500e+03 1.300000e+03 2.672763e-02 9.265195e-04
5.387500e+03 4.712500e+03 1.325000e+03 2.892182e-02 9.265195e-04
5.487500e+03 4.712500e+03 1.350000e+03 2.912471e-02 9.265195e-04
5.587500e+03 4.712500e+03 1.400000e+03 2.802980e-02 9.265195e-04
5.687500e+03 4.712500e+03 1.400000e+03 2.877451e-02 9.265195e-04
5.787500e+03 4.712500e+03 1.350000e+03 2.909301e-02 9.265195e-04
5.887500e+03 4.712500e+03 1.350000e+03 2.519569e-02 9.265195e-04
5.987500e+03 4.712500e+03 1.325000e+03 2.626251e-02 9.265195e-04
6.087500e+03 4.712500e+03 1.325000e+03 2.674421e-02 9.265195e-04
6.187500e+03 4.712500e+03 1.300000e+03 2.857948e-02 9.265195e-04
6.287500e+03 4.712500e+03 1.300000e+03 3.322309e-02 9.265195e-04
6.387500e+03 4.712500e+03 1.300000e+03 3.470539e-02 9.265195e-04
6.487500e+03 4.712500e+03 1.350000e+03 3.224288e-02 9.265195e-04
6.587500e+03 4.712500e+03 1.350000e+03 2.791952e-02 9.265195e-04
6.687500e+03 4.712500e+03 1.375000e+03 2.793967e-02 9.265195e-04
6.787500e+03 4.712500e+03 1.375000e+03 3.157185e-02 9.265195e-04
6.887500e+03 4.712500e+03 1.400000e+03 2.946555e-02 9.265195e-04
6.987500e+03 4.712500e+03 1.425000e+03 2.954385e-02 9.265195e-04
3.487500e+03 4.812500e+03 1.175000e+03 2.939220e-02 9.265195e-04
3.587500e+03 4.812500e+03 1.150000e+03 2.655332e-02 9.265195e-04
3.687500e+03 4.812500e+03 1.125000e+03 2.434014e-02 9.265195e-04
3.787500e+03 4.812500e+03 1.125000e+03 2.407702e-02 9.265195e-04
3.887500e+03 4.812500e+03 1.125000e+03 2.458969e-02 9.265195e-04
3.987500e+03 4.812500e+03 1.150000e+03 2.389341e-02 9.265195e-04
4.087500e+03 4.812500e+03 1.175000e+03 2.561513e-02 9.265195e-04
4.187500e+03 4.812500e+03 1.175000e+03 2.615223e-02 9.265195e-04
4.287500e+03 4.812500e+03 1.175000e+03 2.440685e-02 9.265195e-04
4.387500e+03 4.812500e+03 1.200000e+03 2.445373e-02 9.265195e-04
4.487500e+03 4.812500e+03 1.250000e+03 2.654665e-02 9.265195e-04
4.587500e+03 4.812500e+03 1.250000e+03 2.769587e-02 9.265195e-04
4.687500e+03 4.812500e+03 1.275000e+03 2.771538e-02 9.265195e-04
4.787500e+03 4.812500e+03 1.275000e+03 2.684204e-02 9.265195e-04
4.887500e+03 4.812500e+03 1.275000e+03 2.810939e-02 9.265195e-04
4.987500e+03 4.812500e+03 1.275000e+03 2.753044e-02 9.265195e-04
5.087500e+03 4.812500e+03 1.275000e+03 2.646540e-02 9.265195e-04
5.187500e+03 4.812500e+03 1.275000e+03 2.782743e-02 9.265195e-04
5.287500e+03 4.812500e+03 1.275000e+03 2.782062e-02 9.265195e-04
5.387500e+03 4.812500e+03 1.300000e+03 2.756793e-02 9.265195e-04
5.487500e+03 4.812500e+03 1.350000e+03 2.907708e-02 9.265195e-04
5.587500e+03 4.812500e+03 1.375000e+03 2.812627e-02 9.265195e-04
5.687500e+03 4.812500e+03 1.400000e+03 2.920750e-02 9.265195e-04
5.787500e+03 4.812500e+03 1.375000e+03 2.923746e-02 9.265195e-04
5.887500e+03 4.812500e+03 1.350000e+03 2.709603e-02 9.265195e-04
5.987500e+03 4.812500e+03 1.350000e+03 2.873335e-02 9.265195e-04
6.087500e+03 4.812500e+03 1.350000e+03 2.773175e-02 9.265195e-04
6.187500e+03 4.812500e+03 1.325000e+03 2.722743e-02 9.265195e-04
6.287500e+03 4.812500e+03 1.300000e+03 3.020332e-02 9.265195e-04
6.387500e+03 4.812500e+03 1.300000e+03 3.551921e-02 9.265195e-04
6.487500e+03 4.812500e+03 1.325000e+03 3.260879e-02 9.265195e-04
6.587500e+03 4.812500e+03 1.350000e+03 2.985751e-02 9.265195e-04
6.687500e+03 4.812500e+03 1.375000e+03 2.973336e-02 9.265195e-04
6.787500e+03 4.812500e+03 1.400000e+03 2.955462e-02 9.265195e-04
6.887500e+03 4.812500e+03 1.400000e+03 3.024332e-02 9.265195e-04
6.987500e+03 4.812500e+03 1.425000e+03 3.050808e-02 9.265195e-04
3.487500e+03 4.912500e+03 1.175000e+03 2.842825e-02 9.265195e-04
3.587500e+03 4.912500e+03 1.125000e+03 2.594009e-02 9.265195e-04
3.687500e+03 4.912500e+03 1.125000e+03 2.504909e-02 9.265195e-04
3.787500e+03 4.912500e+03 1.125000e+03 2.439958e-02 9.265195e-04
3.887500e+03 4.912500e+03 1.125000e+03 2.470691e-02 9.265195e-04
3.987500e+03 4.912500e+03 1.150000e+03 2.731477e-02 9.265195e-04
4.087500e+03 4.912500e+03 1.175000e+03 2.501226e-02 9.265195e-04
4.187500e+03 4.912500e+03 1.175000e+03 2.553722e-02 9.265195e-04
4.287500e+03 4.912500e+03 1.200000e+03 2.418956e-02 9.265195e-04
4.387500e+03 4.912500e+03 1.200000e+03 2.406575e-02 9.265195e-04
4.487500e+03 4.912500e+03 1.225000e+03 2.484176e-02 9.265195e-04
4.587500e+03 4.912500e+03 1.250000e+03 2.720396e-02 9.265195e-04
4.687500e+03 4.912500e+03 1.275000e+03 2.680285e-02 9.265195e-04
4.787500e+03 4.912500e+03 1.300000e+03 2.690273e-02 9.265195e-04
4.887500e+03 4.912500e+03 1.300000e+03 2.739593e-02 9.265195e-04
4.987500e+03 4.912500e+03 1.275000e+03 2.657342e-02 9.265195e-04
5.087500e+03 4.912500e+03 1.275000e+03 2.863169e-02 9.265195e-04
5.187500e+03 4.912500e+03 1.275000e+03 2.659053e-02 9.265195e-04
5.287500e+03 4.912500e+03 1.275000e+03 2.673011e-02 9.265195e-04
5.387500e+03 4.912500e+03 1.300000e+03 2.580706e-02 9.265195e-04
5.487500e+03 4.912500e+03 1.325000e+03 2.629927e-02 9.265195e-04
5.587500e+03 4.912500e+03 1.350000e+03 2.935803e-02 9.265195e-04
5.687500e+03 4.912500e+03 1.375000e+03 2.907312e-02 9.265195e-04
5.787500e+03 4.912500e+03 1.400000e+03 2.857263e-02 9.265195e-04
5.887500e+03 4.912500e+03 1.375000e+03 2.957357e-02 9.265195e-04
5.987500e+03 4.912500e+03 1.375000e+03 2.877362e-02 9.265195e-04
6.087500e+03 4.912500e+03 1.350000e+03 2.749795e-02 9.265195e-04
6.187500e+03 4.912500e+03 1.350000e+03 2.732639e-02 9.265195e-04
6.287500e+03 4.912500e+03 1.325000e+03 3.128545e-02 9.265195e-04
6.387500e+03 4.912500e+03 1.300000e+03 3.559381e-02 9.265195e-04
6.487500e+03 4.912500e+03 1.325000e+03 3.433429e-02 9.265195e-04
6.587500e+03 4.912500e+03 1.325000e+03 3.150360e-02 9.265195e-04
6.687500e+03 4.912500e+03 1.350000e+03 3.077663e-02 9.265195e-04
6.787500e+03 4.912500e+03 1.400000e+03 3.072203e-02 9.265195e-04
6.887500e+03 4.912500e+03 1.425000e+03 3.096860e-02 9.265195e-04
6.987500e+03 4.912500e+03 1.450000e+03 3.015060e-02 9.265195e-04
3.487500e+03 5.012500e+03 1.150000e+03 2.616555e-02 9.265195e-04
3.587500e+03 5.012500e+03 1.125000e+03 2.338080e-02 9.265195e-04
3.687500e+03 5.012500e+03 1.125000e+03 2.422161e-02 9.265195e-04
3.787500e+03 5.012500e+03 1.125000e+03 2.508445e-02 9.265195e-04
3.887500e+03 5.012500e+03 1.150000e+03 2.476743e-02 9.265195e-04
3.987500e+03 5.012500e+03 1.175000e+03 2.433073e-02 9.265195e-04
4.087500e+03 5.012500e+03 1.175000e+03 2.791264e-02 9.265195e-04
4.187500e+03 5.012500e+03 1.200000e+03 2.460762e-02 9.265195e-04
4.287500e+03 5.012500e+03 1.200000e+03 2.646692e-02 9.265195e-04
4.387500e+03 5.012500e+03 1.225000e+03 2.507478e-02 9.265195e-04
4.487500e+03 5.012500e+03 1.225000e+03 2.477295e-02 9.265195e-04
4.587500e+03 5.012500e+03 1.250000e+03 2.422976e-02 9.265195e-04
4.687500e+03 5.012500e+03 1.275000e+03 2.674979e-02 9.265195e-04
4.787500e+03 5.012500e+03 1.300000e+03 2.722712e-02 9.265195e-04
4.887500e+03 5.012500e+03 1.300000e+03 2.716194e-02 9.265195e-04
4.987500e+03 5.012500e+03 1.300000e+03 2.705857e-02 9.265195e-04
5.087500e+03 5.012500e+03 1.275000e+03 2.718676e-02 9.265195e-04
5.187500e+03 5.012500e+03 1.275000e+03 2.970008e-02 9.265195e-04
5.287500e+03 5.012500e+03 1.275000e+03 2.660155e-02 9.265195e-04
5.387500e+03 5.012500e+03 1.300000e+03 2.802375e-02 9.265195e-04
5.487500e+03 5.012500e+03 1.300000e+03 2.602029e-02 9.265195e-04
5.587500e+03 5.012500e+03 1.325000e+03 2.718030e-02 9.265195e-04
5.687500e+03 5.012500e+03 1.325000e+03 2.823971e-02 9.265195e-04
5.787500e+03 5.012500e+03 1.375000e+03 2.650974e-02 9.265195e-04
5.887500e+03 5.012500e+03 1.400000e+03 2.991084e-02 9.265195e-04
5.987500e+03 5.012500e+03 1.400000e+03 2.864256e-02 9.265195e-04
6.087500e+03 5.012500e+03 1.375000e+03 3.120353e-02 9.265195e-04
6.187500e+03 5.012500e+03 1.375000e+03 2.819360e-02 9.265195e-04
6.287500e+03 5.012500e+03 1.350000e+03 2.964854e-02 9.265195e-04
6.387500e+03 5.012500e+03 1.325000e+03 3.226917e-02 9.265195e-04
6.487500e+03 5.012500e+03 1.300000e+03 3.635465e-02 9.265195e-04
6.587500e+03 5.012500e+03 1.325000e+03 3.162975e-02 9.265195e-04
6.687500e+03 5.012500e+03 1.350000e+03 2.856894e-02 9.265195e-04
6.787500e+03 5.012500e+03 1.375000e+03 2.934372e-02 9.265195e-04
6.887500e+03 5.012500e+03 1.375000e+03 3.048766e-02 9.265195e-04
6.987500e+03 5.012500e+03 1.400000e+03 2.880046e-02 9.265195e-04
3.487500e+03 5.112500e+03 1.150000e+03 2.664053e-02 9.265195e-04
3.587500e+03 5.112500e+03 1.125000e+03 2.382895e-02 9.265195e-04
3.687500e+03 5.112500e+03 1.125000e+03 2.420924e-02 9.265195e-04
3.787500e+03 5.112500e+03 1.150000e+03 2.322641e-02 9.265195e-04
3.887500e+03 5.112500e+03 1.150000e+03 2.674942e-02 9.265195e-04
3.987500e+03 5.112500e+03 1.175000e+03 2.486109e-02 9.265195e-04
4.087500e+03 5.112500e+03 1.200000e+03 2.745600e-02 9.265195e-04
4.187500e+03 5.112500e+03 1.200000e+03 2.566815e-02 9.265195e-04
4.287500e+03 5.112500e+03 1.200000e+03 2.580405e-02 9.265195e-04
4.387500e+03 5.112500e+03 1.200000e+03 2.507037e-02 9.265195e-04
4.487500e+03 5.112500e+03 1.225000e+03 2.511888e-02 9.265195e-04
4.587500e+03 5.112500e+03 1.275000e+03 2.648053e-02 9.265195e-04
4.687500e+03 5.112500e+03 1.300000e+03 2.517954e-02 9.265195e-04
4.787500e+03 5.112500e+03 1.300000e+03 2.638434e-02 9.265195e-04
4.887500e+03 5.112500e+03 1.325000e+03 2.922416e-02 9.265195e-04
4.987500e+03 5.112500e+03 1.325000e+03 2.922288e-02 9.265195e-04
5.087500e+03 5.112500e+03 1.300000e+03 2.767106e-02 9.265195e-04
5.187500e+03 5.112500e+03 1.275000e+03 2.745888e-02 9.265195e-04
5.287500e+03 5.112500e+03 1.275000e+03 2.612456e-02 9.265195e-04
5.387500e+03 5.112500e+03 1.275000e+03 2.636108e-02 9.265195e-04
5.487500e+03 5.112500e+03 1.300000e+03 2.771829e-02 9.265195e-04
5.587500e+03 5.112500e+03 1.300000e+03 2.658983e-02 9.265195e-04
5.687500e+03 5.112500e+03 1.325000e+03 2.872325e-02 9.265195e-04
5.787500e+03 5.112500e+03 1.350000e+03 2.848276e-02 9.265195e-04
5.887500e+03 5.112500e+03 1.375000e+03 2.909094e-02 9.265195e-04
5.987500e+03 5.112500e+03 1.425000e+03 2.944057e-02 9.265195e-04
6.087500e+03 5.112500e+03 1.400000e+03 2.871385e-02 9.265195e-04
6.187500e+03 5.112500e+03 1.375000e+03 3.092280e-02 9.265195e-04
6.287500e+03 5.112500e+03 1.350000e+03 2.952525e-02 9.265195e-04
6.387500e+03 5.112500e+03 1.325000e+03 3.179428e-02 9.265195e-04
6.487500e+03 5.112500e+03 1.300000e+03 3.681096e-02 9.265195e-04
6.587500e+03 5.112500e+03 1.325000e+03 3.467122e-02 9.265195e-04
6.687500e+03 5.112500e+03 1.350000e+03 2.999158e-02 9.265195e-04
6.787500e+03 5.112500e+03 1.350000e+03 2.933490e-02 9.265195e-04
6.887500e+03 5.112500e+03 1.350000e+03 2.960035e-02 9.265195e-04
6.987500e+03 5.112500e+03 1.375000e+03 3.117101e-02 9.265195e-04
3.487500e+03 5.212500e+03 1.125000e+03 2.483159e-02 9.265195e-04
3.587500e+03 5.212500e+03 1.125000e+03 2.614301e-02 9.265195e-04
3.687500e+03 5.212500e+03 1.125000e+03 2.493244e-02 9.265195e-04
3.787500e+03 5.212500e+03 1.150000e+03 2.551729e-02 9.265195e-04
3.887500e+03 5.212500e+03 1.150000e+03 2.504981e-02 9.265195e-04
3.987500e+03 5.212500e+03 1.175000e+03 2.525109e-02 9.265195e-04
4.087500e+03 5.212500e+03 1.175000e+03 2.708353e-02 9.265195e-04
4.187500e+03 5.212500e+03 1.200000e+03 2.528285e-02 9.265195e-04
4.287500e+03 5.212500e+03 1.200000e+03 2.583158e-02 9.265195e-04
4.387500e+03 5.212500e+03 1.225000e+03 2.780547e-02 9.265195e-04
4.487500e+03 5.212500e+03 1.225000e+03 2.692281e-02 9.265195e-04
4.587500e+03 5.212500e+03 1.250000e+03 2.638331e-02 9.265195e-04
4.687500e+03 5.212500e+03 1.275000e+03 2.651862e-02 9.265195e-04
4.787500e+03 5.212500e+03 1.300000e+03 2.884431e-02 9.265195e-04
4.887500e+03 5.212500e+03 1.300000e+03 2.852400e-02 9.265195e-04
4.987500e+03 5.212500e+03 1.325000e+03 2.891464e-02 9.265195e-04
5.087500e+03 5.212500e+03 1.325000e+03 2.877330e-02 9.265195e-04
5.187500e+03 5.212500e+03 1.300000e+03 2.704095e-02 9.265195e-04
5.287500e+03 5.212500e+03 1.275000e+03 2.882934e-02 9.265195e-04
5.387500e+03 5.212500e+03 1.275000e+03 2.701279e-02 9.265195e-04
5.487500e+03 5.212500e+03 1.275000e+03 2.741327e-02 9.265195e-04
5.587500e+03 5.212500e+03 1.300000e+03 2.827219e-02 9.265195e-04
5.687500e+03 5.212500e+03 1.300000e+03 2.770852e-02 9.265195e-04
5.787500e+03 5.212500e+03 1.325000e+03 2.684183e-02 9.265195e-04
5.887500e+03 5.212500e+03 1.350000e+03 2.972342e-02 9.265195e-04
5.987500e+03 5.212500e+03 1.375000e+03 3.069511e-02 9.265195e-04
6.087500e+03 5.212500e+03 1.400000e+03 2.851340e-02 9.265195e-04
6.187500e+03 5.212500e+03 1.400000e+03 2.999187e-02 9.265195e-04
6.287500e+03 5.212500e+03 1.350000e+03 3.123517e-02 9.265195e-04
6.387500e+03 5.212500e+03 1.350000e+03 2.992642e-02 9.265195e-04
6.487500e+03 5.212500e+03 1.325000e+03 3.247165e-02 9.265195e-04
6.587500e+03 5.212500e+03 1.325000e+03 3.789013e-02 9.265195e-04
6.687500e+03 5.212500e+03 1.325000e+03 3.338483e-02 9.265195e-04
6.787500e+03 5.212500e+03 1.325000e+03 2.938175e-02 9.265195e-04
6.887500e+03 5.212500e+03 1.325000e+03 3.005170e-02 9.265195e-04
6.987500e+03 5.212500e+03 1.350000e+03 2.950383e-02 9.265195e-04
3.487500e+03 5.312500e+03 1.125000e+03 2.343769e-02 9.265195e-04
3.587500e+03 5.312500e+03 1.125000e+03 2.548530e-02 9.265195e-04
3.687500e+03 5.312500e+03 1.150000e+03 2.501764e-02 9.265195e-04
3.787500e+03 5.312500e+03 1.150000e+03 2.510597e-02 9.265195e-04
3.887500e+03 5.312500e+03 1.150000e+03 2.471188e-02 9.265195e-04
3.987500e+03 5.312500e+03 1.150000e+03 2.405639e-02 9.265195e-04
4.087500e+03 5.312500e+03 1.175000e+03 2.583169e-02 9.265195e-04
4.187500e+03 5.312500e+03 1.175000e+03 2.570461e-02 9.265195e-04
4.287500e+03 5.312500e+03 1.200000e+03 2.515186e-02 9.265195e-04
4.387500e+03 5.312500e+03 1.225000e+03 2.739810e-02 9.265195e-04
4.487500e+03 5.312500e+03 1.225000e+03 2.878816e-02 9.265195e-04
4.587500e+03 5.312500e+03 1.225000e+03 2.628166e-02 9.265195e-04
4.687500e+03 5.312500e+03 1.250000e+03 2.513422e-02 9.265195e-04
4.787500e+03 5.312500e+03 1.250000e+03 2.666388e-02 9.265195e-04
4.887500e+03 5.312500e+03 1.275000e+03 2.701613e-02 9.265195e-04
4.987500e+03 5.312500e+03 1.300000e+03 2.806537e-02 9.265195e-04
5.087500e+03 5.312500e+03 1.325000e+03 2.800106e-02 9.265195e-04
5.187500e+03 5.312500e+03 1.325000e+03 2.807482e-02 9.265195e-04
5.287500e+03 5.312500e+03 1.300000e+03 2.662091e-02 9.265195e-04
5.387500e+03 5.312500e+03 1.275000e+03 2.751323e-02 9.265195e-04
5.487500e+03 5.312500e+03 1.275000e+03 2.522635e-02 9.265195e-04
5.587500e+03 5.312500e+03 1.275000e+03 2.618200e-02 9.265195e-04
5.687500e+03 5.312500e+03 1.300000e+03 2.635695e-02 9.265195e-04
5.787500e+03 5.312500e+03 1.300000e+03 2.830011e-02 9.265195e-04
5.887500e+03 5.312500e+03 1.325000e+03 2.919949e-02 9.265195e-04
5.987500e+03 5.312500e+03 1.350000e+03 2.860902e-02 9.265195e-04
6.087500e+03 5.312500e+03 1.350000e+03 2.902216e-02 9.265195e-04
6.187500e+03 5.312500e+03 1.375000e+03 2.932856e-02 9.265195e-04
6.287500e+03 5.312500e+03 1.375000e+03 2.999308e-02 9.265195e-04
6.387500e+03 5.312500e+03 1.350000e+03 3.135337e-02 9.265195e-04
6.487500e+03 5.312500e+03 1.350000e+03 3.140992e-02 9.265195e-04
6.587500e+03 5.312500e+03 1.325000e+03 3.500254e-02 9.265195e-04
6.687500e+03 5.312500e+03 1.325000e+03 3.526952e-02 9.265195e-04
6.787500e+03 5.312500e+03 1.325000e+03 3.088241e-02 9.265195e-04
6.887500e+03 5.312500e+03 1.325000e+03 2.941537e-02 9.265195e-04
6.987500e+03 5.312500e+03 1.350000e+03 2.746794e-02 9.265195e-04
3.487500e+03 5.412500e+03 1.125000e+03 2.491048e-02 9.265195e-04
3.587500e+03 5.412500e+03 1.150000e+03 2.460982e-02 9.265195e-04
3.687500e+03 5.412500e+03 1.150000e+03 2.490663e-02 9.265195e-04
3.787500e+03 5.412500e+03 1.150000e+03 2.608730e-02 9.265195e-04
3.887500e+03 5.412500e+03 1.150000e+03 2.461971e-02 9.265195e-04
3.987500e+03 5.412500e+03 1.175000e+03 2.649265e-02 9.265195e-04
4.087500e+03 5.412500e+03 1.175000e+03 2.530045e-02 9.265195e-04
4.187500e+03 5.412500e+03 1.200000e+03 2.689689e-02 9.265195e-04
4.287500e+03 5.412500e+03 1.225000e+03 2.526622e-02 9.265195e-04
4.387500e+03 5.412500e+03 1.225000e+03 2.886354e-02 9.265195e-04
4.487500e+03 5.412500e+03 1.250000e+03 2.788228e-02 9.265195e-04
4.587500e+03 5.412500e+03 1.275000e+03 2.873886e-02 9.265195e-04
4.687500e+03 5.412500e+03 1.250000e+03 2.714448e-02 9.265195e-04
4.787500e+03 5.412500e+03 1.250000e+03 2.740059e-02 9.265195e-04
4.887500e+03 5.412500e+03 1.275000e+03 2.879862e-02 9.265195e-04
4.987500e+03 5.412500e+03 1.275000e+03 2.762565e-02 9.265195e-04
5.087500e+03 5.412500e+03 1.275000e+03 2.974620e-02 9.265195e-04
5.187500e+03 5.412500e+03 1.325000e+03 2.894913e-02 9.265195e-04
5.287500e+03 5.412500e+03 1.325000e+03 2.904394e-02 9.265195e-04
5.387500e+03 5.412500e+03 1.300000e+03 2.787245e-02 9.265195e-04
5.487500e+03 5.412500e+03 1.275000e+03 2.758846e-02 9.265195e-04
5.587500e+03 5.412500e+03 1.275000e+03 2.851737e-02 9.265195e-04
5.687500e+03 5.412500e+03 1.300000e+03 2.687060e-02 9.265195e-04
5.787500e+03 5.412500e+03 1.300000e+03 2.779806e-02 9.265195e-04
5.887500e+03 5.412500e+03 1.300000e+03 2.894537e-02 9.265195e-04
5.987500e+03 5.412500e+03 1.325000e+03 2.664435e-02 9.265195e-04
6.087500e+03 5.412500e+03 1.325000e+03 2.784885e-02 9.265195e-04
6.187500e+03 5.412500e+03 1.350000e+03 2.943625e-02 9.265195e-04
6.287500e+03 5.412500e+03 1.350000e+03 3.081147e-02 9.265195e-04
6.387500e+03 5.412500e+03 1.400000e+03 3.058470e-02 9.265195e-04
6.487500e+03 5.412500e+03 1.400000e+03 3.171550e-02 9.265195e-04
6.587500e+03 5.412500e+03 1.375000e+03 3.188843e-02 9.265195e-04
6.687500e+03 5.412500e+03 1.350000e+03 3.357197e-02 9.265195e-04
6.787500e+03 5.412500e+03 1.325000e+03 2.996394e-02 9.265195e-04
6.887500e+03 5.412500e+03 1.325000e+03 3.038249e-02 9.265195e-04
6.987500e+03 5.412500e+03 1.325000e+03 2.802059e-02 9.265195e-04
3.487500e+03 5.512500e+03 1.125000e+03 2.581547e-02 9.265195e-04
3.587500e+03 5.512500e+03 1.150000e+03 2.703799e-02 9.265195e-04
3.687500e+03 5.512500e+03 1.150000e+03 2.603876e-02 9.265195e-04
3.787500e+03 5.512500e+03 1.175000e+03 2.587349e-02 9.265195e-04
3.887500e+03 5.512500e+03 1.150000e+03 2.467174e-02 9.265195e-04
3.987500e+03 5.512500e+03 1.175000e+03 2.577735e-02 9.265195e-04
4.087500e+03 5.512500e+03 1.175000e+03 2.522248e-02 9.265195e-04
4.187500e+03 5.512500e+03 1.200000e+03 2.704366e-02 9.265195e-04
4.287500e+03 5.512500e+03 1.200000e+03 2.763693e-02 9.265195e-04
4.387500e+03 5.512500e+03 1.225000e+03 2.705231e-02 9.265195e-04
4.487500e+03 5.512500e+03 1.250000e+03 2.565953e-02 9.265195e-04
4.587500e+03 5.512500e+03 1.275000e+03 2.807985e-02 9.265195e-04
4.687500e+03 5.512500e+03 1.275000e+03 2.814418e-02 9.265195e-04
4.787500e+03 5.512500e+03 1.275000e+03 2.731795e-02 9.265195e-04
4.887500e+03 5.512500e+03 1.300000e+03 2.880534e-02 9.265195e-04
4.987500e+03 5.512500e+03 1.300000e+03 3.074898e-02 9.265195e-04
5.087500e+03 5.512500e+03 1.275000e+03 2.787048e-02 9.265195e-04
5.187500e+03 5.512500e+03 1.300000e+03 2.922391e-02 9.265195e-04
5.287500e+03 5.512500e+03 1.325000e+03 2.893874e-02 9.265195e-04
5.387500e+03 5.512500e+03 1.300000e+03 2.714581e-02 9.265195e-04
5.487500e+03 5.512500e+03 1.300000e+03 2.718718e-02 9.265195e-04
5.587500e+03 5.512500e+03 1.300000e+03 2.915818e-02 9.265195e-04
5.687500e+03 5.512500e+03 1.300000e+03 2.744626e-02 9.265195e-04
5.787500e+03 5.512500e+03 1.300000e+03 2.741938e-02 9.265195e-04
5.887500e+03 5.512500e+03 1.300000e+03 2.718484e-02 9.265195e-04
5.987500e+03 5.512500e+03 1.300000e+03 2.785127e-02 9.265195e-04
6.087500e+03 5.512500e+03 1.300000e+03 2.675654e-02 9.265195e-04
6.187500e+03 5.512500e+03 1.325000e+03 2.889797e-02 9.265195e-04
6.287500e+03 5.512500e+03 1.375000e+03 2.901124e-02 9.265195e-04
6.387500e+03 5.512500e+03 1.400000e+03 2.988420e-02 9.265195e-04
6.487500e+03 5.512500e+03 1.425000e+03 3.184220e-02 9.265195e-04
6.587500e+03 5.512500e+03 1.400000e+03 3.303979e-02 9.265195e-04
6.687500e+03 5.512500e+03 1.350000e+03 3.132250e-02 9.265195e-04
6.787500e+03 5.512500e+03 1.350000e+03 3.208146e-02 9.265195e-04
6.887500e+03 5.512500e+03 1.350000e+03 3.100547e-02 9.265195e-04
6.987500e+03 5.512500e+03 1.325000e+03 2.830844e-02 9.265195e-04


DATATYPE MOBILEMT
FREQUENCY 794.3001
N_RECV 1117
19987.5 -12.5 975.0 i i i i i i i i
3.487500e+03 2.512500e+03 1.250000e+03 4.447834e-02 1.101362e-03
3.587500e+03 2.512500e+03 1.225000e+03 4.544876e-02 1.101362e-03
3.687500e+03 2.512500e+03 1.225000e+03 4.306084e-02 1.101362e-03
3.787500e+03 2.512500e+03 1.200000e+03 4.014400e-02 1.101362e-03
3.887500e+03 2.512500e+03 1.200000e+03 4.097732e-02 1.101362e-03
3.987500e+03 2.512500e+03 1.200000e+03 4.333874e-02 1.101362e-03
4.087500e+03 2.512500e+03 1.200000e+03 4.138671e-02 1.101362e-03
4.187500e+03 2.512500e+03 1.200000e+03 4.252429e-02 1.101362e-03
4.287500e+03 2.512500e+03 1.200000e+03 4.026953e-02 1.101362e-03
4.387500e+03 2.512500e+03 1.200000e+03 3.959095e-02 1.101362e-03
4.487500e+03 2.512500e+03 1.200000e+03 3.963840e-02 1.101362e-03
4.587500e+03 2.512500e+03 1.175000e+03 4.126998e-02 1.101362e-03
4.687500e+03 2.512500e+03 1.175000e+03 4.018384e-02 1.101362e-03
4.787500e+03 2.512500e+03 1.150000e+03 3.879313e-02 1.101362e-03
4.887500e+03 2.512500e+03 1.150000e+03 3.791680e-02 1.101362e-03
4.987500e+03 2.512500e+03 1.150000e+03 3.713263e-02 1.101362e-03
5.087500e+03 2.512500e+03 1.175000e+03 3.785595e-02 1.101362e-03
5.187500e+03 2.512500e+03 1.175000e+03 3.848206e-02 1.101362e-03
5.287500e+03 2.512500e+03 1.200000e+03 4.010000e-02 1.101362e-03
5.387500e+03 2.512500e+03 1.200000e+03 4.038482e-02 1.101362e-03
5.487500e+03 2.512500e+03 1.200000e+03 4.131428e-02 1.101362e-03
5.587500e+03 2.512500e+03 1.225000e+03 4.213772e-02 1.101362e-03
5.687500e+03 2.512500e+03 1.225000e+03 4.504813e-02 1.101362e-03
5.787500e+03 2.512500e+03 1.250000e+03 4.533366e-02 1.101362e-03
5.887500e+03 2.512500e+03 1.225000e+03 4.415817e-02 1.101362e-03
5.987500e+03 2.512500e+03 1.225000e+03 4.191540e-02 1.101362e-03
6.087500e+03 2.512500e+03 1.225000e+03 4.036886e-02 1.101362e-03
6.187500e+03 2.512500e+03 1.225000e+03 4.194801e-02 1.101362e-03
6.287500e+03 2.512500e+03 1.250000e+03 4.398416e-02 1.101362e-03
6.387500e+03 2.512500e+03 1.250000e+03 4.827449e-02 1.101362e-03
6.487500e+03 2.512500e+03 1.250000e+03 4.553725e-02 1.101362e-03
6.587500e+03 2.512500e+03 1.250000e+03 4.560524e-02 1.101362e-03
6.687500e+03 2.512500e+03 1.250000e+03 4.745462e-02 1.101362e-03
6.787500e+03 2.512500e+03 1.250000e+03 4.662759e-02 1.101362e-03
6.887500e+03 2.512500e+03 1.250000e+03 4.596331e-02 1.101362e-03
6.987500e+03 2.512500e+03 1.250000e+03 4.965577e-02 1.101362e-03
3.487500e+03 2.612500e+03 1.225000e+03 4.471600e-02 1.101362e-03
3.587500e+03 2.612500e+03 1.225000e+03 4.483449e-02 1.101362e-03
3.687500e+03 2.612500e+03 1.225000e+03 4.435180e-02 1.101362e-03
3.787500e+03 2.612500e+03 1.225000e+03 4.055413e-02 1.101362e-03
3.887500e+03 2.612500e+03 1.200000e+03 4.093454e-02 1.101362e-03
3.987500e+03 2.612500e+03 1.200000e+03 4.117882e-02 1.101362e-03
4.087500e+03 2.612500e+03 1.200000e+03 3.973088e-02 1.101362e-03
4.187500e+03 2.612500e+03 1.175000e+03 3.992591e-02 1.101362e-03
4.287500e+03 2.612500e+03 1.175000e+03 3.772785e-02 1.101362e-03
4.387500e+03 2.612500e+03 1.175000e+03 3.962013e-02 1.101362e-03
4.487500e+03 2.612500e+03 1.175000e+03 3.943479e-02 1.101362e-03
4.587500e+03 2.612500e+03 1.175000e+03 4.053564e-02 1.101362e-03
4.687500e+03 2.612500e+03 1.150000e+03 3.544450e-02 1.101362e-03
4.787500e+03 2.612500e+03 1.150000e+03 3.689442e-02 1.101362e-03
4.887500e+03 2.612500e+03 1.175000e+03 3.925225e-02 1.101362e-03
4.987500e+03 2.612500e+03 1.175000e+03 3.852063e-02 1.101362e-03
5.087500e+03 2.612500e+03 1.175000e+03 3.931788e-02 1.101362e-03
5.187500e+03 2.612500e+03 1.175000e+03 3.973085e-02 1.101362e-03
5.287500e+03 2.612500e+03 1.200000e+03 4.193689e-02 1.101362e-03
5.387500e+03 2.612500e+03 1.200000e+03 4.062805e-02 1.101362e-03
5.487500e+03 2.612500e+03 1.200000e+03 4.134029e-02 1.101362e-03
5.587500e+03 2.612500e+03 1.225000e+03 4.258217e-02 1.101362e-03
5.687500e+03 2.612500e+03 1.225000e+03 4.163416e-02 1.101362e-03
5.787500e+03 2.612500e+03 1.250000e+03 4.251713e-02 1.101362e-03
5.887500e+03 2.612500e+03 1.250000e+03 4.490385e-02 1.101362e-03
5.987500e+03 2.612500e+03 1.225000e+03 4.253761e-02 1.101362e-03
6.087500e+03 2.612500e+03 1.225000e+03 4.270828e-02 1.101362e-03
6.187500e+03 2.612500e+03 1.225000e+03 4.115162e-02 1.101362e-03
6.287500e+03 2.612500e+03 1.250000e+03 4.540554e-02 1.101362e-03
6.387500e+03 2.612500e+03 1.250000e+03 4.440492e-02 1.101362e-03
6.487500e+03 2.612500e+03 1.250000e+03 4.641195e-02 1.101362e-03
6.587500e+03 2.612500e+03 1.250000e+03 4.856404e-02 1.101362e-03
6.687500e+03 2.612500e+03 1.275000e+03 4.853583e-02 1.101362e-03
6.787500e+03 2.612500e+03 1.250000e+03 4.835130e-02 1.101362e-03
6.887500e+03 2.612500e+03 1.250000e+03 4.728117e-02 1.101362e-03
6.987500e+03 2.612500e+03 1.250000e+03 4.631409e-02 1.101362e-03
3.487500e+03 2.712500e+03 1.225000e+03 4.225583e-02 1.101362e-03
3.587500e+03 2.712500e+03 1.225000e+03 4.518437e-02 1.101362e-03
3.687500e+03 2.712500e+03 1.225000e+03 4.347139e-02 1.101362e-03
3.787500e+03 2.712500e+03 1.225000e+03 4.197377e-02 1.101362e-03
3.887500e+03 2.712500e+03 1.225000e+03 4.012993e-02 1.101362e-03
3.987500e+03 2.712500e+03 1.225000e+03 4.144930e-02 1.101362e-03
4.087500e+03 2.712500e+03 1.200000e+03 4.055121e-02 1.101362e-03
4.187500e+03 2.712500e+03 1.200000e+03 3.957295e-02 1.101362e-03
4.287500e+03 2.712500e+03 1.175000e+03 4.072919e-02 1.101362e-03
4.387500e+03 2.712500e+03 1.175000e+03 3.769793e-02 1.101362e-03
4.487500e+03 2.712500e+03 1.175000e+03 3.970624e-02 1.101362e-03
4.587500e+03 2.712500e+03 1.175000e+03 4.014557e-02 1.101362e-03
4.687500e+03 2.712500e+03 1.150000e+03 3.680026e-02 1.101362e-03
4.787500e+03 2.712500e+03 1.150000e+03 3.845754e-02 1.101362e-03
4.887500e+03 2.712500e+03 1.175000e+03 3.863454e-02 1.101362e-03
4.987500e+03 2.712500e+03 1.175000e+03 4.117837e-02 1.101362e-03
5.087500e+03 2.712500e+03 1.200000e+03 4.058687e-02 1.101362e-03
5.187500e+03 2.712500e+03 1.200000e+03 3.947531e-02 1.101362e-03
5.287500e+03 2.712500e+03 1.175000e+03 4.061803e-02 1.101362e-03
5.387500e+03 2.712500e+03 1.200000e+03 3.916763e-02 1.101362e-03
5.487500e+03 2.712500e+03 1.200000e+03 4.225639e-02 1.101362e-03
5.587500e+03 2.712500e+03 1.225000e+03 4.076799e-02 1.101362e-03
5.687500e+03 2.712500e+03 1.225000e+03 4.220804e-02 1.101362e-03
5.787500e+03 2.712500e+03 1.225000e+03 4.248023e-02 1.101362e-03
5.887500e+03 2.712500e+03 1.250000e+03 4.247023e-02 1.101362e-03
5.987500e+03 2.712500e+03 1.250000e+03 4.344564e-02 1.101362e-03
6.087500e+03 2.712500e+03 1.250000e+03 4.325828e-02 1.101362e-03
6.187500e+03 2.712500e+03 1.225000e+03 4.275573e-02 1.101362e-03
6.287500e+03 2.712500e+03 1.225000e+03 4.626142e-02 1.101362e-03
6.387500e+03 2.712500e+03 1.250000e+03 4.674418e-02 1.101362e-03
6.487500e+03 2.712500e+03 1.250000e+03 4.670493e-02 1.101362e-03
6.587500e+03 2.712500e+03 1.275000e+03 4.717902e-02 1.101362e-03
6.687500e+03 2.712500e+03 1.275000e+03 4.804902e-02 1.101362e-03
6.787500e+03 2.712500e+03 1.275000e+03 4.825981e-02 1.101362e-03
6.887500e+03 2.712500e+03 1.250000e+03 4.606000e-02 1.101362e-03
6.987500e+03 2.712500e+03 1.250000e+03 4.219876e-02 1.101362e-03
3.487500e+03 2.812500e+03 1.200000e+03 4.215874e-02 1.101362e-03
3.587500e+03 2.812500e+03 1.225000e+03 4.263567e-02 1.101362e-03
3.687500e+03 2.812500e+03 1.225000e+03 4.317393e-02 1.101362e-03
3.787500e+03 2.812500e+03 1.200000e+03 4.357480e-02 1.101362e-03
3.887500e+03 2.812500e+03 1.200000e+03 4.356342e-02 1.101362e-03
3.987500e+03 2.812500e+03 1.200000e+03 3.977897e-02 1.101362e-03
4.087500e+03 2.812500e+03 1.200000e+03 4.253205e-02 1.101362e-03
4.187500e+03 2.812500e+03 1.175000e+03 4.122123e-02 1.101362e-03
4.287500e+03 2.812500e+03 1.200000e+03 3.988517e-02 1.101362e-03
4.387500e+03 2.812500e+03 1.200000e+03 4.169825e-02 1.101362e-03
4.487500e+03 2.812500e+03 1.200000e+03 4.045938e-02 1.101362e-03
4.587500e+03 2.812500e+03 1.175000e+03 3.879659e-02 1.101362e-03
4.687500e+03 2.812500e+03 1.150000e+03 3.745347e-02 1.101362e-03
4.787500e+03 2.812500e+03 1.150000e+03 3.710269e-02 1.101362e-03
4.887500e+03 2.812500e+03 1.175000e+03 3.953958e-02 1.101362e-03
4.987500e+03 2.812500e+03 1.200000e+03 4.047026e-02 1.101362e-03
5.087500e+03 2.812500e+03 1.200000e+03 4.292270e-02 1.101362e-03
5.187500e+03 2.812500e+03 1.200000e+03 3.960701e-02 1.101362e-03
5.287500e+03 2.812500e+03 1.200000e+03 4.049683e-02 1.101362e-03
5.387500e+03 2.812500e+03 1.200000e+03 3.817084e-02 1.101362e-03
5.487500e+03 2.812500e+03 1.200000e+03 3.779294e-02 1.101362e-03
5.587500e+03 2.812500e+03 1.225000e+03 4.062054e-02 1.101362e-03
5.687500e+03 2.812500e+03 1.225000e+03 3.999502e-02 1.101362e-03
5.787500e+03 2.812500e+03 1.225000e+03 3.965881e-02 1.101362e-03
5.887500e+03 2.812500e+03 1.250000e+03 4.294880e-02 1.101362e-03
5.987500e+03 2.812500e+03 1.250000e+03 4.543324e-02 1.101362e-03
6.087500e+03 2.812500e+03 1.250000e+03 4.540533e-02 1.101362e-03
6.187500e+03 2.812500e+03 1.250000e+03 4.510188e-02 1.101362e-03
6.287500e+03 2.812500e+03 1.250000e+03 4.752352e-02 1.101362e-03
6.387500e+03 2.812500e+03 1.250000e+03 4.814841e-02 1.101362e-03
6.487500e+03 2.812500e+03 1.250000e+03 4.551969e-02 1.101362e-03
6.587500e+03 2.812500e+03 1.250000e+03 4.458567e-02 1.101362e-03
6.687500e+03 2.812500e+03 1.250000e+03 4.217847e-02 1.101362e-03
6.787500e+03 2.812500e+03 1.275000e+03 4.291589e-02 1.101362e-03
6.887500e+03 2.812500e+03 1.275000e+03 4.169129e-02 1.101362e-03
6.987500e+03 2.812500e+03 1.275000e+03 4.008358e-02 1.101362e-03
3.487500e+03 2.912500e+03 1.225000e+03 4.433440e-02 1.101362e-03
3.587500e+03 2.912500e+03 1.225000e+03 4.499931e-02 1.101362e-03
3.687500e+03 2.912500e+03 1.250000e+03 4.614165e-02 1.101362e-03
3.787500e+03 2.912500e+03 1.225000e+03 4.394243e-02 1.101362e-03
3.887500e+03 2.912500e+03 1.225000e+03 4.447629e-02 1.101362e-03
3.987500e+03 2.912500e+03 1.225000e+03 4.128426e-02 1.101362e-03
4.087500e+03 2.912500e+03 1.200000e+03 4.262861e-02 1.101362e-03
4.187500e+03 2.912500e+03 1.200000e+03 4.119616e-02 1.101362e-03
4.287500e+03 2.912500e+03 1.225000e+03 4.263197e-02 1.101362e-03
4.387500e+03 2.912500e+03 1.200000e+03 4.149803e-02 1.101362e-03
4.487500e+03 2.912500e+03 1.200000e+03 4.268221e-02 1.101362e-03
4.587500e+03 2.912500e+03 1.150000e+03 3.947712e-02 1.101362e-03
4.687500e+03 2.912500e+03 1.150000e+03 3.736271e-02 1.101362e-03
4.787500e+03 2.912500e+03 1.150000e+03 3.717204e-02 1.101362e-03
4.887500e+03 2.912500e+03 1.175000e+03 4.182829e-02 1.101362e-03
4.987500e+03 2.912500e+03 1.175000e+03 4.080672e-02 1.101362e-03
5.087500e+03 2.912500e+03 1.200000e+03 4.405890e-02 1.101362e-03
5.187500e+03 2.912500e+03 1.200000e+03 4.197083e-02 1.101362e-03
5.287500e+03 2.912500e+03 1.200000e+03 4.066775e-02 1.101362e-03
5.387500e+03 2.912500e+03 1.200000e+03 3.770908e-02 1.101362e-03
5.487500e+03 2.912500e+03 1.200000e+03 3.728817e-02 1.101362e-03
5.587500e+03 2.912500e+03 1.200000e+03 3.813035e-02 1.101362e-03
5.687500e+03 2.912500e+03 1.200000e+03 4.141467e-02 1.101362e-03
5.787500e+03 2.912500e+03 1.200000e+03 4.127298e-02 1.101362e-03
5.887500e+03 2.912500e+03 1.225000e+03 4.778504e-02 1.101362e-03
5.987500e+03 2.912500e+03 1.225000e+03 4.725518e-02 1.101362e-03
6.087500e+03 2.912500e+03 1.250000e+03 4.431810e-02 1.101362e-03
6.187500e+03 2.912500e+03 1.250000e+03 4.643194e-02 1.101362e-03
6.287500e+03 2.912500e+03 1.250000e+03 4.802914e-02 1.101362e-03
6.387500e+03 2.912500e+03 1.250000e+03 4.523435e-02 1.101362e-03
6.487500e+03 2.912500e+03 1.250000e+03 4.052984e-02 1.101362e-03
6.587500e+03 2.912500e+03 1.250000e+03 3.837665e-02 1.101362e-03
6.687500e+03 2.912500e+03 1.250000e+03 3.717342e-02 1.101362e-03
6.787500e+03 2.912500e+03 1.275000e+03 3.801657e-02 1.101362e-03
6.887500e+03 2.912500e+03 1.275000e+03 4.031963e-02 1.101362e-03
6.987500e+03 2.912500e+03 1.275000e+03 3.821090e-02 1.101362e-03
3.487500e+03 3.012500e+03 1.225000e+03 4.363866e-02 1.101362e-03
3.587500e+03 3.012500e+03 1.225000e+03 4.415099e-02 1.101362e-03
3.687500e+03 3.012500e+03 1.225000e+03 4.536310e-02 1.101362e-03
3.787500e+03 3.012500e+03 1.225000e+03 4.494374e-02 1.101362e-03
3.887500e+03 3.012500e+03 1.225000e+03 4.332083e-02 1.101362e-03
3.987500e+03 3.012500e+03 1.225000e+03 4.206487e-02 1.101362e-03
4.087500e+03 3.012500e+03 1.225000e+03 4.489419e-02 1.101362e-03
4.187500e+03 3.012500e+03 1.225000e+03 4.283846e-02 1.101362e-03
4.287500e+03 3.012500e+03 1.225000e+03 4.273361e-02 1.101362e-03
4.387500e+03 3.012500e+03 1.225000e+03 4.566293e-02 1.101362e-03
4.487500e+03 3.012500e+03 1.200000e+03 4.034479e-02 1.101362e-03
4.587500e+03 3.012500e+03 1.150000e+03 3.720743e-02 1.101362e-03
4.687500e+03 3.012500e+03 1.150000e+03 3.586427e-02 1.101362e-03
4.787500e+03 3.012500e+03 1.150000e+03 3.705908e-02 1.101362e-03
4.887500e+03 3.012500e+03 1.175000e+03 4.012694e-02 1.101362e-03
4.987500e+03 3.012500e+03 1.175000e+03 4.223130e-02 1.101362e-03
5.087500e+03 3.012500e+03 1.200000e+03 3.928752e-02 1.101362e-03
5.187500e+03 3.012500e+03 1.200000e+03 4.033289e-02 1.101362e-03
5.287500e+03 3.012500e+03 1.200000e+03 4.019964e-02 1.101362e-03
5.387500e+03 3.012500e+03 1.225000e+03 3.896652e-02 1.101362e-03
5.487500e+03 3.012500e+03 1.200000e+03 3.981621e-02 1.101362e-03
5.587500e+03 3.012500e+03 1.200000e+03 4.083017e-02 1.101362e-03
5.687500e+03 3.012500e+03 1.200000e+03 4.369719e-02 1.101362e-03
5.787500e+03 3.012500e+03 1.225000e+03 4.561681e-02 1.101362e-03
5.887500e+03 3.012500e+03 1.225000e+03 4.677792e-02 1.101362e-03
5.987500e+03 3.012500e+03 1.225000e+03 4.613975e-02 1.101362e-03
6.087500e+03 3.012500e+03 1.225000e+03 4.174582e-02 1.101362e-03
6.187500e+03 3.012500e+03 1.225000e+03 4.120115e-02 1.101362e-03
6.287500e+03 3.012500e+03 1.250000e+03 4.211895e-02 1.101362e-03
6.387500e+03 3.012500e+03 1.275000e+03 4.168000e-02 1.101362e-03
6.487500e+03 3.012500e+03 1.275000e+03 3.843084e-02 1.101362e-03
6.587500e+03 3.012500e+03 1.275000e+03 3.965228e-02 1.101362e-03
6.687500e+03 3.012500e+03 1.275000e+03 3.706737e-02 1.101362e-03
6.787500e+03 3.012500e+03 1.250000e+03 3.619960e-02 1.101362e-03
6.887500e+03 3.012500e+03 1.300000e+03 3.644590e-02 1.101362e-03
6.987500e+03 3.012500e+03 1.275000e+03 3.790217e-02 1.101362e-03
3.487500e+03 3.112500e+03 1.225000e+03 4.250569e-02 1.101362e-03
3.587500e+03 3.112500e+03 1.250000e+03 4.454595e-02 1.101362e-03
3.687500e+03 3.112500e+03 1.225000e+03 4.471063e-02 1.101362e-03
3.787500e+03 3.112500e+03 1.225000e+03 4.415659e-02 1.101362e-03
3.887500e+03 3.112500e+03 1.225000e+03 4.374182e-02 1.101362e-03
3.987500e+03 3.112500e+03 1.250000e+03 4.436549e-02 1.101362e-03
4.087500e+03 3.112500e+03 1.225000e+03 4.471936e-02 1.101362e-03
4.187500e+03 3.112500e+03 1.250000e+03 4.378239e-02 1.101362e-03
4.287500e+03 3.112500e+03 1.225000e+03 4.483641e-02 1.101362e-03
4.387500e+03 3.112500e+03 1.225000e+03 4.396426e-02 1.101362e-03
4.487500e+03 3.112500e+03 1.200000e+03 3.994722e-02 1.101362e-03
4.587500e+03 3.112500e+03 1.175000e+03 3.740261e-02 1.101362e-03
4.687500e+03 3.112500e+03 1.150000e+03 3.777968e-02 1.101362e-03
4.787500e+03 3.112500e+03 1.150000e+03 3.885742e-02 1.101362e-03
4.887500e+03 3.112500e+03 1.175000e+03 4.020895e-02 1.101362e-03
4.987500e+03 3.112500e+03 1.175000e+03 4.187661e-02 1.101362e-03
5.087500e+03 3.112500e+03 1.200000e+03 4.139767e-02 1.101362e-03
5.187500e+03 3.112500e+03 1.225000e+03 4.175168e-02 1.101362e-03
5.287500e+03 3.112500e+03 1.200000e+03 4.050435e-02 1.101362e-03
5.387500e+03 3.112500e+03 1.225000e+03 4.013153e-02 1.101362e-03
5.487500e+03 3.112500e+03 1.225000e+03 4.071724e-02 1.101362e-03
5.587500e+03 3.112500e+03 1.200000e+03 4.277234e-02 1.101362e-03
5.687500e+03 3.112500e+03 1.200000e+03 4.708923e-02 1.101362e-03
5.787500e+03 3.112500e+03 1.225000e+03 4.849182e-02 1.101362e-03
5.887500e+03 3.112500e+03 1.225000e+03 4.754775e-02 1.101362e-03
5.987500e+03 3.112500e+03 1.225000e+03 4.116857e-02 1.101362e-03
6.087500e+03 3.112500e+03 1.250000e+03 3.990074e-02 1.101362e-03
6.187500e+03 3.112500e+03 1.225000e+03 3.743177e-02 1.101362e-03
6.287500e+03 3.112500e+03 1.250000e+03 3.882641e-02 1.101362e-03
6.387500e+03 3.112500e+03 1.275000e+03 3.748718e-02 1.101362e-03
6.487500e+03 3.112500e+03 1.300000e+03 4.083442e-02 1.101362e-03
6.587500e+03 3.112500e+03 1.300000e+03 3.909061e-02 1.101362e-03
6.687500e+03 3.112500e+03 1.275000e+03 3.712142e-02 1.101362e-03
6.787500e+03 3.112500e+03 1.250000e+03 3.602095e-02 1.101362e-03
6.887500e+03 3.112500e+03 1.275000e+03 3.743023e-02 1.101362e-03
6.987500e+03 3.112500e+03 1.300000e+03 3.684715e-02 1.101362e-03
3.487500e+03 3.212500e+03 1.225000e+03 4.250518e-02 1.101362e-03
3.587500e+03 3.212500e+03 1.225000e+03 4.394605e-02 1.101362e-03
3.687500e+03 3.212500e+03 1.250000e+03 4.611169e-02 1.101362e-03
3.787500e+03 3.212500e+03 1.225000e+03 4.054466e-02 1.101362e-03
3.887500e+03 3.212500e+03 1.200000e+03 4.350862e-02 1.101362e-03
3.987500e+03 3.212500e+03 1.200000e+03 4.279694e-02 1.101362e-03
4.087500e+03 3.212500e+03 1.225000e+03 4.500431e-02 1.101362e-03
4.187500e+03 3.212500e+03 1.225000e+03 4.555456e-02 1.101362e-03
4.287500e+03 3.212500e+03 1.200000e+03 4.518471e-02 1.101362e-03
4.387500e+03 3.212500e+03 1.200000e+03 4.087421e-02 1.101362e-03
4.487500e+03 3.212500e+03 1.175000e+03 3.950745e-02 1.101362e-03
4.587500e+03 3.212500e+03 1.150000e+03 3.737527e-02 1.101362e-03
4.687500e+03 3.212500e+03 1.150000e+03 3.815410e-02 1.101362e-03
4.787500e+03 3.212500e+03 1.150000e+03 3.892540e-02 1.101362e-03
4.887500e+03 3.212500e+03 1.175000e+03 4.218989e-02 1.101362e-03
4.987500e+03 3.212500e+03 1.200000e+03 4.276933e-02 1.101362e-03
5.087500e+03 3.212500e+03 1.200000e+03 4.119723e-02 1.101362e-03
5.187500e+03 3.212500e+03 1.225000e+03 4.121929e-02 1.101362e-03
5.287500e+03 3.212500e+03 1.225000e+03 4.021104e-02 1.101362e-03
5.387500e+03 3.212500e+03 1.225000e+03 4.194261e-02 1.101362e-03
5.487500e+03 3.212500e+03 1.250000e+03 4.665744e-02 1.101362e-03
5.587500e+03 3.212500e+03 1.225000e+03 4.462473e-02 1.101362e-03
5.687500e+03 3.212500e+03 1.200000e+03 4.561298e-02 1.101362e-03
5.787500e+03 3.212500e+03 1.225000e+03 4.547002e-02 1.101362e-03
5.887500e+03 3.212500e+03 1.250000e+03 4.399243e-02 1.101362e-03
5.987500e+03 3.212500e+03 1.250000e+03 3.951071e-02 1.101362e-03
6.087500e+03 3.212500e+03 1.250000e+03 3.714897e-02 1.101362e-03
6.187500e+03 3.212500e+03 1.250000e+03 3.644632e-02 1.101362e-03
6.287500e+03 3.212500e+03 1.250000e+03 3.711800e-02 1.101362e-03
6.387500e+03 3.212500e+03 1.250000e+03 3.860078e-02 1.101362e-03
6.487500e+03 3.212500e+03 1.275000e+03 3.867808e-02 1.101362e-03
6.587500e+03 3.212500e+03 1.300000e+03 3.905624e-02 1.101362e-03
6.687500e+03 3.212500e+03 1.275000e+03 3.714243e-02 1.101362e-03
6.787500e+03 3.212500e+03 1.275000e+03 3.824544e-02 1.101362e-03
6.887500e+03 3.212500e+03 1.275000e+03 3.796030e-02 1.101362e-03
6.987500e+03 3.212500e+03 1.300000e+03 3.919614e-02 1.101362e-03
3.487500e+03 3.312500e+03 1.200000e+03 4.481054e-02 1.101362e-03
3.587500e+03 3.312500e+03 1.225000e+03 4.648429e-02 1.101362e-03
3.687500e+03 3.312500e+03 1.250000e+03 4.641200e-02 1.101362e-03
3.787500e+03 3.312500e+03 1.225000e+03 4.372767e-02 1.101362e-03
3.887500e+03 3.312500e+03 1.200000e+03 4.316632e-02 1.101362e-03
3.987500e+03 3.312500e+03 1.200000e+03 4.229942e-02 1.101362e-03
4.087500e+03 3.312500e+03 1.200000e+03 4.214425e-02 1.101362e-03
4.187500e+03 3.312500e+03 1.225000e+03 4.324757e-02 1.101362e-03
4.287500e+03 3.312500e+03 1.225000e+03 4.378325e-02 1.101362e-03
4.387500e+03 3.312500e+03 1.200000e+03 4.086202e-02 1.101362e-03
4.487500e+03 3.312500e+03 1.150000e+03 3.742488e-02 1.101362e-03
4.587500e+03 3.312500e+03 1.150000e+03 3.886690e-02 1.101362e-03
4.687500e+03 3.312500e+03 1.150000e+03 3.725456e-02 1.101362e-03
4.787500e+03 3.312500e+03 1.175000e+03 4.054729e-02 1.101362e-03
4.887500e+03 3.312500e+03 1.175000e+03 4.191927e-02 1.101362e-03
4.987500e+03 3.312500e+03 1.200000e+03 3.869026e-02 1.101362e-03
5.087500e+03 3.312500e+03 1.225000e+03 4.246659e-02 1.101362e-03
5.187500e+03 3.312500e+03 1.225000e+03 4.270257e-02 1.101362e-03
5.287500e+03 3.312500e+03 1.225000e+03 4.224294e-02 1.101362e-03
5.387500e+03 3.312500e+03 1.225000e+03 4.454612e-02 1.101362e-03
5.487500e+03 3.312500e+03 1.250000e+03 4.532972e-02 1.101362e-03
5.587500e+03 3.312500e+03 1.225000e+03 4.256540e-02 1.101362e-03
5.687500e+03 3.312500e+03 1.225000e+03 3.798165e-02 1.101362e-03
5.787500e+03 3.312500e+03 1.225000e+03 3.720279e-02 1.101362e-03
5.887500e+03 3.312500e+03 1.250000e+03 3.940757e-02 1.101362e-03
5.987500e+03 3.312500e+03 1.250000e+03 3.869818e-02 1.101362e-03
6.087500e+03 3.312500e+03 1.250000e+03 3.780662e-02 1.101362e-03
6.187500e+03 3.312500e+03 1.275000e+03 3.959937e-02 1.101362e-03
6.287500e+03 3.312500e+03 1.275000e+03 3.660726e-02 1.101362e-03
6.387500e+03 3.312500e+03 1.275000e+03 3.931830e-02 1.101362e-03
6.487500e+03 3.312500e+03 1.300000e+03 3.993967e-02 1.101362e-03
6.587500e+03 3.312500e+03 1.300000e+03 4.110511e-02 1.101362e-03
6.687500e+03 3.312500e+03 1.275000e+03 3.888714e-02 1.101362e-03
6.787500e+03 3.312500e+03 1.275000e+03 3.955971e-02 1.101362e-03
6.887500e+03 3.312500e+03 1.275000e+03 3.802042e-02 1.101362e-03
6.987500e+03 3.312500e+03 1.275000e+03 3.958802e-02 1.101362e-03
3.487500e+03 3.412500e+03 1.225000e+03 4.490041e-02 1.101362e-03
3.587500e+03 3.412500e+03 1.225000e+03 4.561737e-02 1.101362e-03
3.687500e+03 3.412500e+03 1.250000e+03 4.598883e-02 1.101362e-03
3.787500e+03 3.412500e+03 1.250000e+03 4.429912e-02 1.101362e-03
3.887500e+03 3.412500e+03 1.225000e+03 4.527163e-02 1.101362e-03
3.987500e+03 3.412500e+03 1.200000e+03 4.339401e-02 1.101362e-03
4.087500e+03 3.412500e+03 1.175000e+03 4.145272e-02 1.101362e-03
4.187500e+03 3.412500e+03 1.200000e+03 4.294280e-02 1.101362e-03
4.287500e+03 3.412500e+03 1.200000e+03 4.475378e-02 1.101362e-03
4.387500e+03 3.412500e+03 1.175000e+03 3.930111e-02 1.101362e-03
4.487500e+03 3.412500e+03 1.150000e+03 3.517582e-02 1.101362e-03
4.587500e+03 3.412500e+03 1.150000e+03 3.830906e-02 1.101362e-03
4.687500e+03 3.412500e+03 1.150000e+03 3.884442e-02 1.101362e-03
4.787500e+03 3.412500e+03 1.175000e+03 4.002342e-02 1.101362e-03
4.887500e+03 3.412500e+03 1.175000e+03 4.052719e-02 1.101362e-03
4.987500e+03 3.412500e+03 1.175000e+03 3.899016e-02 1.101362e-03
5.087500e+03 3.412500e+03 1.175000e+03 4.045109e-02 1.101362e-03
5.187500e+03 3.412500e+03 1.200000e+03 4.381766e-02 1.101362e-03
5.287500e+03 3.412500e+03 1.225000e+03 3.984686e-02 1.101362e-03
5.387500e+03 3.412500e+03 1.250000e+03 4.259666e-02 1.101362e-03
5.487500e+03 3.412500e+03 1.250000e+03 4.251705e-02 1.101362e-03
5.587500e+03 3.412500e+03 1.250000e+03 4.101148e-02 1.101362e-03
5.687500e+03 3.412500e+03 1.225000e+03 3.513853e-02 1.101362e-03
5.787500e+03 3.412500e+03 1.225000e+03 3.786218e-02 1.101362e-03
5.887500e+03 3.412500e+03 1.250000e+03 3.741155e-02 1.101362e-03
5.987500e+03 3.412500e+03 1.250000e+03 3.582496e-02 1.101362e-03
6.087500e+03 3.412500e+03 1.250000e+03 3.792228e-02 1.101362e-03
6.187500e+03 3.412500e+03 1.275000e+03 3.790555e-02 1.101362e-03
6.287500e+03 3.412500e+03 1.300000e+03 3.967959e-02 1.101362e-03
6.387500e+03 3.412500e+03 1.275000e+03 3.754200e-02 1.101362e-03
6.487500e+03 3.412500e+03 1.300000e+03 3.895352e-02 1.101362e-03
6.587500e+03 3.412500e+03 1.325000e+03 4.080792e-02 1.101362e-03
6.687500e+03 3.412500e+03 1.300000e+03 4.045039e-02 1.101362e-03
6.787500e+03 3.412500e+03 1.275000e+03 3.691088e-02 1.101362e-03
6.887500e+03 3.412500e+03 1.300000e+03 3.887528e-02 1.101362e-03
6.987500e+03 3.412500e+03 1.300000e+03 3.881230e-02 1.101362e-03
3.487500e+03 3.512500e+03 1.225000e+03 4.480846e-02 1.101362e-03
3.587500e+03 3.512500e+03 1.225000e+03 4.379993e-02 1.101362e-03
3.687500e+03 3.512500e+03 1.225000e+03 4.487650e-02 1.101362e-03
3.787500e+03 3.512500e+03 1.225000e+03 4.550950e-02 1.101362e-03
3.887500e+03 3.512500e+03 1.225000e+03 4.356353e-02 1.101362e-03
3.987500e+03 3.512500e+03 1.225000e+03 4.349796e-02 1.101362e-03
4.087500e+03 3.512500e+03 1.175000e+03 3.939059e-02 1.101362e-03
4.187500e+03 3.512500e+03 1.175000e+03 4.042657e-02 1.101362e-03
4.287500e+03 3.512500e+03 1.200000e+03 4.204045e-02 1.101362e-03
4.387500e+03 3.512500e+03 1.175000e+03 3.831746e-02 1.101362e-03
4.487500e+03 3.512500e+03 1.150000e+03 3.915526e-02 1.101362e-03
4.587500e+03 3.512500e+03 1.150000e+03 3.931307e-02 1.101362e-03
4.687500e+03 3.512500e+03 1.175000e+03 4.141266e-02 1.101362e-03
4.787500e+03 3.512500e+03 1.175000e+03 4.103034e-02 1.101362e-03
4.887500e+03 3.512500e+03 1.175000e+03 4.126958e-02 1.101362e-03
4.987500e+03 3.512500e+03 1.175000e+03 4.238296e-02 1.101362e-03
5.087500e+03 3.512500e+03 1.200000e+03 4.531274e-02 1.101362e-03
5.187500e+03 3.512500e+03 1.200000e+03 3.758992e-02 1.101362e-03
5.287500e+03 3.512500e+03 1.200000e+03 3.712496e-02 1.101362e-03
5.387500e+03 3.512500e+03 1.225000e+03 3.647650e-02 1.101362e-03
5.487500e+03 3.512500e+03 1.250000e+03 3.963926e-02 1.101362e-03
5.587500e+03 3.512500e+03 1.250000e+03 3.815643e-02 1.101362e-03
5.687500e+03 3.512500e+03 1.250000e+03 3.467328e-02 1.101362e-03
5.787500e+03 3.512500e+03 1.225000e+03 3.546565e-02 1.101362e-03
5.887500e+03 3.512500e+03 1.225000e+03 3.653125e-02 1.101362e-03
5.987500e+03 3.512500e+03 1.250000e+03 3.740902e-02 1.101362e-03
6.087500e+03 3.512500e+03 1.275000e+03 3.867114e-02 1.101362e-03
6.187500e+03 3.512500e+03 1.300000e+03 3.801761e-02 1.101362e-03
6.287500e+03 3.512500e+03 1.300000e+03 4.173817e-02 1.101362e-03
6.387500e+03 3.512500e+03 1.275000e+03 3.942039e-02 1.101362e-03
6.487500e+03 3.512500e+03 1.300000e+03 3.840176e-02 1.101362e-03
6.587500e+03 3.512500e+03 1.325000e+03 4.108993e-02 1.101362e-03
6.687500e+03 3.512500e+03 1.325000e+03 3.969428e-02 1.101362e-03
6.787500e+03 3.512500e+03 1.300000e+03 4.094588e-02 1.101362e-03
6.887500e+03 3.512500e+03 1.300000e+03 4.058677e-02 1.101362e-03
6.987500e+03 3.512500e+03 1.300000e+03 3.869827e-02 1.101362e-03
3.487500e+03 3.612500e+03 1.225000e+03 4.640288e-02 1.101362e-03
3.587500e+03 3.612500e+03 1.200000e+03 4.381822e-02 1.101362e-03
3.687500e+03 3.612500e+03 1.200000e+03 4.248345e-02 1.101362e-03
3.787500e+03 3.612500e+03 1.200000e+03 4.371466e-02 1.101362e-03
3.887500e+03 3.612500e+03 1.200000e+03 4.413396e-02 1.101362e-03
3.987500e+03 3.612500e+03 1.200000e+03 4.218810e-02 1.101362e-03
4.087500e+03 3.612500e+03 1.175000e+03 3.914061e-02 1.101362e-03
4.187500e+03 3.612500e+03 1.175000e+03 4.240071e-02 1.101362e-03
4.287500e+03 3.612500e+03 1.175000e+03 4.272160e-02 1.101362e-03
4.387500e+03 3.612500e+03 1.150000e+03 3.784836e-02 1.101362e-03
4.487500e+03 3.612500e+03 1.150000e+03 3.736359e-02 1.101362e-03
4.587500e+03 3.612500e+03 1.150000e+03 3.720529e-02 1.101362e-03
4.687500e+03 3.612500e+03 1.175000e+03 3.936653e-02 1.101362e-03
4.787500e+03 3.612500e+03 1.175000e+03 3.980192e-02 1.101362e-03
4.887500e+03 3.612500e+03 1.175000e+03 4.335859e-02 1.101362e-03
4.987500e+03 3.612500e+03 1.200000e+03 4.793476e-02 1.101362e-03
5.087500e+03 3.612500e+03 1.200000e+03 4.813942e-02 1.101362e-03
5.187500e+03 3.612500e+03 1.200000e+03 3.633740e-02 1.101362e-03
5.287500e+03 3.612500e+03 1.225000e+03 3.811056e-02 1.101362e-03
5.387500e+03 3.612500e+03 1.250000e+03 3.817256e-02 1.101362e-03
5.487500e+03 3.612500e+03 1.275000e+03 3.966113e-02 1.101362e-03
5.587500e+03 3.612500e+03 1.275000e+03 3.966332e-02 1.101362e-03
5.687500e+03 3.612500e+03 1.250000e+03 3.743863e-02 1.101362e-03
5.787500e+03 3.612500e+03 1.250000e+03 3.528092e-02 1.101362e-03
5.887500e+03 3.612500e+03 1.250000e+03 3.818153e-02 1.101362e-03
5.987500e+03 3.612500e+03 1.250000e+03 3.581451e-02 1.101362e-03
6.087500e+03 3.612500e+03 1.275000e+03 3.902211e-02 1.101362e-03
6.187500e+03 3.612500e+03 1.300000e+03 4.011334e-02 1.101362e-03
6.287500e+03 3.612500e+03 1.300000e+03 4.055655e-02 1.101362e-03
6.387500e+03 3.612500e+03 1.300000e+03 4.131484e-02 1.101362e-03
6.487500e+03 3.612500e+03 1.300000e+03 4.117384e-02 1.101362e-03
6.587500e+03 3.612500e+03 1.325000e+03 4.127715e-02 1.101362e-03
6.687500e+03 3.612500e+03 1.325000e+03 4.178467e-02 1.101362e-03
6.787500e+03 3.612500e+03 1.325000e+03 4.176333e-02 1.101362e-03
6.887500e+03 3.612500e+03 1.300000e+03 4.088831e-02 1.101362e-03
6.987500e+03 3.612500e+03 1.300000e+03 4.058291e-02 1.101362e-03
3.487500e+03 3.712500e+03 1.250000e+03 4.695770e-02 1.101362e-03
3.587500e+03 3.712500e+03 1.225000e+03 4.586774e-02 1.101362e-03
3.687500e+03 3.712500e+03 1.200000e+03 4.500794e-02 1.101362e-03
3.787500e+03 3.712500e+03 1.175000e+03 4.098898e-02 1.101362e-03
3.887500e+03 3.712500e+03 1.175000e+03 3.923672e-02 1.101362e-03
3.987500e+03 3.712500e+03 1.175000e+03 4.046101e-02 1.101362e-03
4.087500e+03 3.712500e+03 1.175000e+03 4.048580e-02 1.101362e-03
4.187500e+03 3.712500e+03 1.150000e+03 3.927350e-02 1.101362e-03
4.287500e+03 3.712500e+03 1.150000e+03 3.804457e-02 1.101362e-03
4.387500e+03 3.712500e+03 1.150000e+03 3.636381e-02 1.101362e-03
4.487500e+03 3.712500e+03 1.150000e+03 3.566414e-02 1.101362e-03
4.587500e+03 3.712500e+03 1.150000e+03 3.509988e-02 1.101362e-03
4.687500e+03 3.712500e+03 1.175000e+03 3.942455e-02 1.101362e-03
4.787500e+03 3.712500e+03 1.175000e+03 4.283513e-02 1.101362e-03
4.887500e+03 3.712500e+03 1.200000e+03 4.398962e-02 1.101362e-03
4.987500e+03 3.712500e+03 1.200000e+03 4.522993e-02 1.101362e-03
5.087500e+03 3.712500e+03 1.225000e+03 4.913910e-02 1.101362e-03
5.187500e+03 3.712500e+03 1.225000e+03 4.566770e-02 1.101362e-03
5.287500e+03 3.712500e+03 1.225000e+03 4.043482e-02 1.101362e-03
5.387500e+03 3.712500e+03 1.250000e+03 3.847126e-02 1.101362e-03
5.487500e+03 3.712500e+03 1.250000e+03 3.845386e-02 1.101362e-03
5.587500e+03 3.712500e+03 1.275000e+03 3.664783e-02 1.101362e-03
5.687500e+03 3.712500e+03 1.275000e+03 3.853045e-02 1.101362e-03
5.787500e+03 3.712500e+03 1.275000e+03 3.804754e-02 1.101362e-03
5.887500e+03 3.712500e+03 1.250000e+03 3.753038e-02 1.101362e-03
5.987500e+03 3.712500e+03 1.250000e+03 3.721811e-02 1.101362e-03
6.087500e+03 3.712500e+03 1.275000e+03 3.904227e-02 1.101362e-03
6.187500e+03 3.712500e+03 1.300000e+03 4.057154e-02 1.101362e-03
6.287500e+03 3.712500e+03 1.325000e+03 4.159414e-02 1.101362e-03
6.387500e+03 3.712500e+03 1.325000e+03 4.298073e-02 1.101362e-03
6.487500e+03 3.712500e+03 1.325000e+03 4.273557e-02 1.101362e-03
6.587500e+03 3.712500e+03 1.325000e+03 4.183635e-02 1.101362e-03
6.687500e+03 3.712500e+03 1.350000e+03 4.172379e-02 1.101362e-03
6.787500e+03 3.712500e+03 1.350000e+03 4.159137e-02 1.101362e-03
6.887500e+03 3.712500e+03 1.325000e+03 3.931733e-02 1.101362e-03
6.987500e+03 3.712500e+03 1.300000e+03 3.902524e-02 1.101362e-03
3.487500e+03 3.812500e+03 1.225000e+03 4.606518e-02 1.101362e-03
3.587500e+03 3.812500e+03 1.225000e+03 4.557908e-02 1.101362e-03
3.687500e+03 3.812500e+03 1.200000e+03 4.496369e-02 1.101362e-03
3.787500e+03 3.812500e+03 1.200000e+03 4.127803e-02 1.101362e-03
3.887500e+03 3.812500e+03 1.175000e+03 4.091278e-02 1.101362e-03
3.987500e+03 3.812500e+03 1.175000e+03 3.846237e-02 1.101362e-03
4.087500e+03 3.812500e+03 1.150000e+03 3.772981e-02 1.101362e-03
4.187500e+03 3.812500e+03 1.150000e+03 3.807346e-02 1.101362e-03
4.287500e+03 3.812500e+03 1.150000e+03 3.863492e-02 1.101362e-03
4.387500e+03 3.812500e+03 1.150000e+03 3.405487e-02 1.101362e-03
4.487500e+03 3.812500e+03 1.150000e+03 3.602921e-02 1.101362e-03
4.587500e+03 3.812500e+03 1.150000e+03 3.757122e-02 1.101362e-03
4.687500e+03 3.812500e+03 1.175000e+03 3.836095e-02 1.101362e-03
4.787500e+03 3.812500e+03 1.175000e+03 4.116208e-02 1.101362e-03
4.887500e+03 3.812500e+03 1.200000e+03 4.430336e-02 1.101362e-03
4.987500e+03 3.812500e+03 1.200000e+03 4.269836e-02 1.101362e-03
5.087500e+03 3.812500e+03 1.225000e+03 4.191548e-02 1.101362e-03
5.187500e+03 3.812500e+03 1.250000e+03 4.647096e-02 1.101362e-03
5.287500e+03 3.812500e+03 1.225000e+03 4.580183e-02 1.101362e-03
5.387500e+03 3.812500e+03 1.250000e+03 4.327553e-02 1.101362e-03
5.487500e+03 3.812500e+03 1.275000e+03 4.319786e-02 1.101362e-03
5.587500e+03 3.812500e+03 1.275000e+03 4.205319e-02 1.101362e-03
5.687500e+03 3.812500e+03 1.300000e+03 3.855324e-02 1.101362e-03
5.787500e+03 3.812500e+03 1.300000e+03 3.899134e-02 1.101362e-03
5.887500e+03 3.812500e+03 1.275000e+03 3.845341e-02 1.101362e-03
5.987500e+03 3.812500e+03 1.250000e+03 3.632134e-02 1.101362e-03
6.087500e+03 3.812500e+03 1.250000e+03 3.665676e-02 1.101362e-03
6.187500e+03 3.812500e+03 1.250000e+03 3.832570e-02 1.101362e-03
6.287500e+03 3.812500e+03 1.300000e+03 4.021883e-02 1.101362e-03
6.387500e+03 3.812500e+03 1.300000e+03 3.952961e-02 1.101362e-03
6.487500e+03 3.812500e+03 1.300000e+03 4.250793e-02 1.101362e-03
6.587500e+03 3.812500e+03 1.325000e+03 4.162270e-02 1.101362e-03
6.687500e+03 3.812500e+03 1.350000e+03 4.382159e-02 1.101362e-03
6.787500e+03 3.812500e+03 1.375000e+03 4.241490e-02 1.101362e-03
6.887500e+03 3.812500e+03 1.350000e+03 4.123629e-02 1.101362e-03
6.987500e+03 3.812500e+03 1.325000e+03 3.963423e-02 1.101362e-03
3.487500e+03 3.912500e+03 1.225000e+03 4.716843e-02 1.101362e-03
3.587500e+03 3.912500e+03 1.225000e+03 4.520264e-02 1.101362e-03
3.687500e+03 3.912500e+03 1.225000e+03 4.228141e-02 1.101362e-03
3.787500e+03 3.912500e+03 1.200000e+03 4.059119e-02 1.101362e-03
3.887500e+03 3.912500e+03 1.200000e+03 4.112964e-02 1.101362e-03
3.987500e+03 3.912500e+03 1.175000e+03 4.128336e-02 1.101362e-03
4.087500e+03 3.912500e+03 1.150000e+03 3.580685e-02 1.101362e-03
4.187500e+03 3.912500e+03 1.150000e+03 3.729754e-02 1.101362e-03
4.287500e+03 3.912500e+03 1.150000e+03 3.538974e-02 1.101362e-03
4.387500e+03 3.912500e+03 1.125000e+03 3.428653e-02 1.101362e-03
4.487500e+03 3.912500e+03 1.150000e+03 3.648995e-02 1.101362e-03
4.587500e+03 3.912500e+03 1.150000e+03 3.595112e-02 1.101362e-03
4.687500e+03 3.912500e+03 1.175000e+03 4.042169e-02 1.101362e-03
4.787500e+03 3.912500e+03 1.175000e+03 4.416329e-02 1.101362e-03
4.887500e+03 3.912500e+03 1.225000e+03 4.236903e-02 1.101362e-03
4.987500e+03 3.912500e+03 1.200000e+03 3.798078e-02 1.101362e-03
5.087500e+03 3.912500e+03 1.225000e+03 3.670244e-02 1.101362e-03
5.187500e+03 3.912500e+03 1.225000e+03 4.182536e-02 1.101362e-03
5.287500e+03 3.912500e+03 1.225000e+03 4.466267e-02 1.101362e-03
5.387500e+03 3.912500e+03 1.250000e+03 4.855032e-02 1.101362e-03
5.487500e+03 3.912500e+03 1.275000e+03 4.795821e-02 1.101362e-03
5.587500e+03 3.912500e+03 1.275000e+03 4.475421e-02 1.101362e-03
5.687500e+03 3.912500e+03 1.300000e+03 4.089209e-02 1.101362e-03
5.787500e+03 3.912500e+03 1.300000e+03 3.929418e-02 1.101362e-03
5.887500e+03 3.912500e+03 1.275000e+03 3.634751e-02 1.101362e-03
5.987500e+03 3.912500e+03 1.250000e+03 3.744782e-02 1.101362e-03
6.087500e+03 3.912500e+03 1.250000e+03 3.680322e-02 1.101362e-03
6.187500e+03 3.912500e+03 1.275000e+03 3.969941e-02 1.101362e-03
6.287500e+03 3.912500e+03 1.275000e+03 3.937530e-02 1.101362e-03
6.387500e+03 3.912500e+03 1.275000e+03 4.071175e-02 1.101362e-03
6.487500e+03 3.912500e+03 1.300000e+03 4.241990e-02 1.101362e-03
6.587500e+03 3.912500e+03 1.300000e+03 4.276899e-02 1.101362e-03
6.687500e+03 3.912500e+03 1.325000e+03 4.370628e-02 1.101362e-03
6.787500e+03 3.912500e+03 1.375000e+03 4.325955e-02 1.101362e-03
6.887500e+03 3.912500e+03 1.375000e+03 4.208263e-02 1.101362e-03
6.987500e+03 3.912500e+03 1.350000e+03 4.268717e-02 1.101362e-03
3.487500e+03 4.012500e+03 1.225000e+03 4.756562e-02 1.101362e-03
3.587500e+03 4.012500e+03 1.200000e+03 4.362111e-02 1.101362e-03
3.687500e+03 4.012500e+03 1.200000e+03 4.422378e-02 1.101362e-03
3.787500e+03 4.012500e+03 1.175000e+03 4.141831e-02 1.101362e-03
3.887500e+03 4.012500e+03 1.175000e+03 3.938799e-02 1.101362e-03
3.987500e+03 4.012500e+03 1.150000e+03 3.756566e-02 1.101362e-03
4.087500e+03 4.012500e+03 1.150000e+03 3.799926e-02 1.101362e-03
4.187500e+03 4.012500e+03 1.150000e+03 3.647259e-02 1.101362e-03
4.287500e+03 4.012500e+03 1.150000e+03 3.507321e-02 1.101362e-03
4.387500e+03 4.012500e+03 1.150000e+03 3.654617e-02 1.101362e-03
4.487500e+03 4.012500e+03 1.150000e+03 3.656035e-02 1.101362e-03
4.587500e+03 4.012500e+03 1.175000e+03 4.007646e-02 1.101362e-03
4.687500e+03 4.012500e+03 1.175000e+03 4.245693e-02 1.101362e-03
4.787500e+03 4.012500e+03 1.175000e+03 4.168325e-02 1.101362e-03
4.887500e+03 4.012500e+03 1.225000e+03 3.989936e-02 1.101362e-03
4.987500e+03 4.012500e+03 1.225000e+03 3.896714e-02 1.101362e-03
5.087500e+03 4.012500e+03 1.225000e+03 3.731196e-02 1.101362e-03
5.187500e+03 4.012500e+03 1.225000e+03 3.864596e-02 1.101362e-03
5.287500e+03 4.012500e+03 1.250000e+03 4.031430e-02 1.101362e-03
5.387500e+03 4.012500e+03 1.250000e+03 4.607296e-02 1.101362e-03
5.487500e+03 4.012500e+03 1.275000e+03 4.818987e-02 1.101362e-03
5.587500e+03 4.012500e+03 1.275000e+03 5.130735e-02 1.101362e-03
5.687500e+03 4.012500e+03 1.300000e+03 4.791025e-02 1.101362e-03
5.787500e+03 4.012500e+03 1.275000e+03 4.337979e-02 1.101362e-03
5.887500e+03 4.012500e+03 1.275000e+03 4.200327e-02 1.101362e-03
5.987500e+03 4.012500e+03 1.250000e+03 3.770614e-02 1.101362e-03
6.087500e+03 4.012500e+03 1.275000e+03 3.983401e-02 1.101362e-03
6.187500e+03 4.012500e+03 1.300000e+03 3.934320e-02 1.101362e-03
6.287500e+03 4.012500e+03 1.300000e+03 3.935382e-02 1.101362e-03
6.387500e+03 4.012500e+03 1.300000e+03 4.183492e-02 1.101362e-03
6.487500e+03 4.012500e+03 1.325000e+03 4.281926e-02 1.101362e-03
6.587500e+03 4.012500e+03 1.325000e+03 4.190291e-02 1.101362e-03
6.687500e+03 4.012500e+03 1.350000e+03 4.355944e-02 1.101362e-03
6.787500e+03 4.012500e+03 1.375000e+03 4.236311e-02 1.101362e-03
6.887500e+03 4.012500e+03 1.375000e+03 4.531998e-02 1.101362e-03
6.987500e+03 4.012500e+03 1.375000e+03 4.121356e-02 1.101362e-03
3.487500e+03 4.112500e+03 1.200000e+03 4.379443e-02 1.101362e-03
3.587500e+03 4.112500e+03 1.175000e+03 4.254983e-02 1.101362e-03
3.687500e+03 4.112500e+03 1.175000e+03 4.319848e-02 1.101362e-03
3.787500e+03 4.112500e+03 1.175000e+03 4.313233e-02 1.101362e-03
3.887500e+03 4.112500e+03 1.150000e+03 3.744726e-02 1.101362e-03
3.987500e+03 4.112500e+03 1.150000e+03 3.819984e-02 1.101362e-03
4.087500e+03 4.112500e+03 1.150000e+03 3.601417e-02 1.101362e-03
4.187500e+03 4.112500e+03 1.150000e+03 3.588611e-02 1.101362e-03
4.287500e+03 4.112500e+03 1.150000e+03 3.521860e-02 1.101362e-03
4.387500e+03 4.112500e+03 1.150000e+03 3.506547e-02 1.101362e-03
4.487500e+03 4.112500e+03 1.175000e+03 3.895755e-02 1.101362e-03
4.587500e+03 4.112500e+03 1.175000e+03 4.004599e-02 1.101362e-03
4.687500e+03 4.112500e+03 1.200000e+03 4.072727e-02 1.101362e-03
4.787500e+03 4.112500e+03 1.200000e+03 4.186507e-02 1.101362e-03
4.887500e+03 4.112500e+03 1.200000e+03 3.944360e-02 1.101362e-03
4.987500e+03 4.112500e+03 1.225000e+03 3.618727e-02 1.101362e-03
5.087500e+03 4.112500e+03 1.225000e+03 3.601027e-02 1.101362e-03
5.187500e+03 4.112500e+03 1.250000e+03 3.696333e-02 1.101362e-03
5.287500e+03 4.112500e+03 1.250000e+03 3.853278e-02 1.101362e-03
5.387500e+03 4.112500e+03 1.275000e+03 3.998236e-02 1.101362e-03
5.487500e+03 4.112500e+03 1.275000e+03 4.517700e-02 1.101362e-03
5.587500e+03 4.112500e+03 1.275000e+03 5.055030e-02 1.101362e-03
5.687500e+03 4.112500e+03 1.275000e+03 4.906593e-02 1.101362e-03
5.787500e+03 4.112500e+03 1.300000e+03 4.587999e-02 1.101362e-03
5.887500e+03 4.112500e+03 1.300000e+03 4.273446e-02 1.101362e-03
5.987500e+03 4.112500e+03 1.275000e+03 3.987612e-02 1.101362e-03
6.087500e+03 4.112500e+03 1.275000e+03 3.889081e-02 1.101362e-03
6.187500e+03 4.112500e+03 1.300000e+03 3.796360e-02 1.101362e-03
6.287500e+03 4.112500e+03 1.325000e+03 4.003127e-02 1.101362e-03
6.387500e+03 4.112500e+03 1.300000e+03 4.110186e-02 1.101362e-03
6.487500e+03 4.112500e+03 1.350000e+03 4.263260e-02 1.101362e-03
6.587500e+03 4.112500e+03 1.350000e+03 4.305605e-02 1.101362e-03
6.687500e+03 4.112500e+03 1.375000e+03 4.282796e-02 1.101362e-03
6.787500e+03 4.112500e+03 1.400000e+03 4.265407e-02 1.101362e-03
6.887500e+03 4.112500e+03 1.400000e+03 4.314810e-02 1.101362e-03
6.987500e+03 4.112500e+03 1.375000e+03 4.028208e-02 1.101362e-03
3.487500e+03 4.212500e+03 1.175000e+03 4.180585e-02 1.101362e-03
3.587500e+03 4.212500e+03 1.175000e+03 4.163419e-02 1.101362e-03
3.687500e+03 4.212500e+03 1.175000e+03 4.100539e-02 1.101362e-03
3.787500e+03 4.212500e+03 1.150000e+03 3.809029e-02 1.101362e-03
3.887500e+03 4.212500e+03 1.150000e+03 3.722044e-02 1.101362e-03
3.987500e+03 4.212500e+03 1.150000e+03 3.922116e-02 1.101362e-03
4.087500e+03 4.212500e+03 1.150000e+03 3.527699e-02 1.101362e-03
4.187500e+03 4.212500e+03 1.125000e+03 3.441330e-02 1.101362e-03
4.287500e+03 4.212500e+03 1.150000e+03 3.613697e-02 1.101362e-03
4.387500e+03 4.212500e+03 1.175000e+03 3.657346e-02 1.101362e-03
4.487500e+03 4.212500e+03 1.175000e+03 3.887826e-02 1.101362e-03
4.587500e+03 4.212500e+03 1.175000e+03 4.176519e-02 1.101362e-03
4.687500e+03 4.212500e+03 1.200000e+03 4.304224e-02 1.101362e-03
4.787500e+03 4.212500e+03 1.225000e+03 4.128641e-02 1.101362e-03
4.887500e+03 4.212500e+03 1.225000e+03 3.903675e-02 1.101362e-03
4.987500e+03 4.212500e+03 1.225000e+03 3.443635e-02 1.101362e-03
5.087500e+03 4.212500e+03 1.250000e+03 3.796616e-02 1.101362e-03
5.187500e+03 4.212500e+03 1.250000e+03 3.714737e-02 1.101362e-03
5.287500e+03 4.212500e+03 1.275000e+03 3.884082e-02 1.101362e-03
5.387500e+03 4.212500e+03 1.300000e+03 4.136861e-02 1.101362e-03
5.487500e+03 4.212500e+03 1.325000e+03 4.339965e-02 1.101362e-03
5.587500e+03 4.212500e+03 1.325000e+03 4.450450e-02 1.101362e-03
5.687500e+03 4.212500e+03 1.300000e+03 4.321667e-02 1.101362e-03
5.787500e+03 4.212500e+03 1.300000e+03 4.534046e-02 1.101362e-03
5.887500e+03 4.212500e+03 1.300000e+03 4.676669e-02 1.101362e-03
5.987500e+03 4.212500e+03 1.275000e+03 4.456337e-02 1.101362e-03
6.087500e+03 4.212500e+03 1.275000e+03 4.084442e-02 1.101362e-03
6.187500e+03 4.212500e+03 1.300000e+03 3.923910e-02 1.101362e-03
6.287500e+03 4.212500e+03 1.325000e+03 4.158031e-02 1.101362e-03
6.387500e+03 4.212500e+03 1.325000e+03 4.235833e-02 1.101362e-03
6.487500e+03 4.212500e+03 1.325000e+03 4.208157e-02 1.101362e-03
6.587500e+03 4.212500e+03 1.350000e+03 4.249584e-02 1.101362e-03
6.687500e+03 4.212500e+03 1.375000e+03 4.325086e-02 1.101362e-03
6.787500e+03 4.212500e+03 1.400000e+03 4.349612e-02 1.101362e-03
6.887500e+03 4.212500e+03 1.400000e+03 4.427597e-02 1.101362e-03
6.987500e+03 4.212500e+03 1.400000e+03 4.503147e-02 1.101362e-03
3.487500e+03 4.312500e+03 1.175000e+03 4.320765e-02 1.101362e-03
3.587500e+03 4.312500e+03 1.175000e+03 4.098110e-02 1.101362e-03
3.687500e+03 4.312500e+03 1.150000e+03 4.082770e-02 1.101362e-03
3.787500e+03 4.312500e+03 1.150000e+03 3.775381e-02 1.101362e-03
3.887500e+03 4.312500e+03 1.150000e+03 3.888352e-02 1.101362e-03
3.987500e+03 4.312500e+03 1.150000e+03 3.639728e-02 1.101362e-03
4.087500e+03 4.312500e+03 1.125000e+03 3.668586e-02 1.101362e-03
4.187500e+03 4.312500e+03 1.150000e+03 3.472841e-02 1.101362e-03
4.287500e+03 4.312500e+03 1.175000e+03 3.729130e-02 1.101362e-03
4.387500e+03 4.312500e+03 1.175000e+03 3.761532e-02 1.101362e-03
4.487500e+03 4.312500e+03 1.175000e+03 4.139697e-02 1.101362e-03
4.587500e+03 4.312500e+03 1.200000e+03 4.159239e-02 1.101362e-03
4.687500e+03 4.312500e+03 1.225000e+03 4.332099e-02 1.101362e-03
4.787500e+03 4.312500e+03 1.225000e+03 4.019121e-02 1.101362e-03
4.887500e+03 4.312500e+03 1.250000e+03 3.758990e-02 1.101362e-03
4.987500e+03 4.312500e+03 1.250000e+03 3.890890e-02 1.101362e-03
5.087500e+03 4.312500e+03 1.250000e+03 4.069042e-02 1.101362e-03
5.187500e+03 4.312500e+03 1.275000e+03 3.860084e-02 1.101362e-03
5.287500e+03 4.312500e+03 1.300000e+03 4.037088e-02 1.101362e-03
5.387500e+03 4.312500e+03 1.350000e+03 4.340543e-02 1.101362e-03
5.487500e+03 4.312500e+03 1.350000e+03 4.535012e-02 1.101362e-03
5.587500e+03 4.312500e+03 1.350000e+03 4.474498e-02 1.101362e-03
5.687500e+03 4.312500e+03 1.325000e+03 4.228849e-02 1.101362e-03
5.787500e+03 4.312500e+03 1.300000e+03 4.040094e-02 1.101362e-03
5.887500e+03 4.312500e+03 1.300000e+03 4.408093e-02 1.101362e-03
5.987500e+03 4.312500e+03 1.275000e+03 4.685892e-02 1.101362e-03
6.087500e+03 4.312500e+03 1.275000e+03 4.516389e-02 1.101362e-03
6.187500e+03 4.312500e+03 1.275000e+03 4.064439e-02 1.101362e-03
6.287500e+03 4.312500e+03 1.325000e+03 4.112074e-02 1.101362e-03
6.387500e+03 4.312500e+03 1.350000e+03 4.215173e-02 1.101362e-03
6.487500e+03 4.312500e+03 1.350000e+03 4.337942e-02 1.101362e-03
6.587500e+03 4.312500e+03 1.350000e+03 4.267003e-02 1.101362e-03
6.687500e+03 4.312500e+03 1.375000e+03 4.466226e-02 1.101362e-03
6.787500e+03 4.312500e+03 1.400000e+03 4.473710e-02 1.101362e-03
6.887500e+03 4.312500e+03 1.400000e+03 4.598041e-02 1.101362e-03
6.987500e+03 4.312500e+03 1.425000e+03 4.412757e-02 1.101362e-03
3.487500e+03 4.412500e+03 1.175000e+03 4.309425e-02 1.101362e-03
3.587500e+03 4.412500e+03 1.150000e+03 4.142122e-02 1.101362e-03
3.687500e+03 4.412500e+03 1.150000e+03 3.747771e-02 1.101362e-03
3.787500e+03 4.412500e+03 1.125000e+03 3.632312e-02 1.101362e-03
3.887500e+03 4.412500e+03 1.125000e+03 3.475888e-02 1.101362e-03
3.987500e+03 4.412500e+03 1.125000e+03 3.509550e-02 1.101362e-03
4.087500e+03 4.412500e+03 1.150000e+03 3.767139e-02 1.101362e-03
4.187500e+03 4.412500e+03 1.150000e+03 3.852934e-02 1.101362e-03
4.287500e+03 4.412500e+03 1.175000e+03 3.849140e-02 1.101362e-03
4.387500e+03 4.412500e+03 1.175000e+03 3.828845e-02 1.101362e-03
4.487500e+03 4.412500e+03 1.200000e+03 4.130808e-02 1.101362e-03
4.587500e+03 4.412500e+03 1.225000e+03 4.095614e-02 1.101362e-03
4.687500e+03 4.412500e+03 1.225000e+03 4.226274e-02 1.101362e-03
4.787500e+03 4.412500e+03 1.250000e+03 4.160012e-02 1.101362e-03
4.887500e+03 4.412500e+03 1.250000e+03 4.058318e-02 1.101362e-03
4.987500e+03 4.412500e+03 1.250000e+03 4.011332e-02 1.101362e-03
5.087500e+03 4.412500e+03 1.250000e+03 3.482160e-02 1.101362e-03
5.187500e+03 4.412500e+03 1.275000e+03 4.118701e-02 1.101362e-03
5.287500e+03 4.412500e+03 1.300000e+03 4.098790e-02 1.101362e-03
5.387500e+03 4.412500e+03 1.350000e+03 4.267100e-02 1.101362e-03
5.487500e+03 4.412500e+03 1.375000e+03 4.373372e-02 1.101362e-03
5.587500e+03 4.412500e+03 1.375000e+03 4.600195e-02 1.101362e-03
5.687500e+03 4.412500e+03 1.350000e+03 4.220716e-02 1.101362e-03
5.787500e+03 4.412500e+03 1.325000e+03 4.041089e-02 1.101362e-03
5.887500e+03 4.412500e+03 1.325000e+03 3.951330e-02 1.101362e-03
5.987500e+03 4.412500e+03 1.300000e+03 4.313882e-02 1.101362e-03
6.087500e+03 4.412500e+03 1.275000e+03 4.753016e-02 1.101362e-03
6.187500e+03 4.412500e+03 1.275000e+03 4.737240e-02 1.101362e-03
6.287500e+03 4.412500e+03 1.300000e+03 4.197258e-02 1.101362e-03
6.387500e+03 4.412500e+03 1.325000e+03 4.385416e-02 1.101362e-03
6.487500e+03 4.412500e+03 1.325000e+03 4.117661e-02 1.101362e-03
6.587500e+03 4.412500e+03 1.375000e+03 4.243649e-02 1.101362e-03
6.687500e+03 4.412500e+03 1.375000e+03 4.160011e-02 1.101362e-03
6.787500e+03 4.412500e+03 1.400000e+03 4.366552e-02 1.101362e-03
6.887500e+03 4.412500e+03 1.400000e+03 4.411609e-02 1.101362e-03
6.987500e+03 4.412500e+03 1.425000e+03 4.423053e-02 1.101362e-03
3.487500e+03 4.512500e+03 1.175000e+03 4.431127e-02 1.101362e-03
3.587500e+03 4.512500e+03 1.175000e+03 4.354166e-02 1.101362e-03
3.687500e+03 4.512500e+03 1.150000e+03 3.864565e-02 1.101362e-03
3.787500e+03 4.512500e+03 1.125000e+03 3.468536e-02 1.101362e-03
3.887500e+03 4.512500e+03 1.125000e+03 3.551639e-02 1.101362e-03
3.987500e+03 4.512500e+03 1.125000e+03 3.670112e-02 1.101362e-03
4.087500e+03 4.512500e+03 1.150000e+03 3.644008e-02 1.101362e-03
4.187500e+03 4.512500e+03 1.150000e+03 3.677968e-02 1.101362e-03
4.287500e+03 4.512500e+03 1.175000e+03 3.856547e-02 1.101362e-03
4.387500e+03 4.512500e+03 1.175000e+03 3.913463e-02 1.101362e-03
4.487500e+03 4.512500e+03 1.200000e+03 4.178102e-02 1.101362e-03
4.587500e+03 4.512500e+03 1.225000e+03 3.962524e-02 1.101362e-03
4.687500e+03 4.512500e+03 1.250000e+03 4.068471e-02 1.101362e-03
4.787500e+03 4.512500e+03 1.250000e+03 3.796924e-02 1.101362e-03
4.887500e+03 4.512500e+03 1.275000e+03 4.037278e-02 1.101362e-03
4.987500e+03 4.512500e+03 1.275000e+03 4.259237e-02 1.101362e-03
5.087500e+03 4.512500e+03 1.275000e+03 4.164786e-02 1.101362e-03
5.187500e+03 4.512500e+03 1.275000e+03 3.808749e-02 1.101362e-03
5.287500e+03 4.512500e+03 1.300000e+03 4.185815e-02 1.101362e-03
5.387500e+03 4.512500e+03 1.325000e+03 4.274418e-02 1.101362e-03
5.487500e+03 4.512500e+03 1.375000e+03 4.612639e-02 1.101362e-03
5.587500e+03 4.512500e+03 1.375000e+03 4.465385e-02 1.101362e-03
5.687500e+03 4.512500e+03 1.350000e+03 4.485038e-02 1.101362e-03
5.787500e+03 4.512500e+03 1.325000e+03 4.093442e-02 1.101362e-03
5.887500e+03 4.512500e+03 1.325000e+03 4.005055e-02 1.101362e-03
5.987500e+03 4.512500e+03 1.300000e+03 4.037105e-02 1.101362e-03
6.087500e+03 4.512500e+03 1.300000e+03 4.188729e-02 1.101362e-03
6.187500e+03 4.512500e+03 1.275000e+03 4.808203e-02 1.101362e-03
6.287500e+03 4.512500e+03 1.300000e+03 4.515709e-02 1.101362e-03
6.387500e+03 4.512500e+03 1.300000e+03 4.429389e-02 1.101362e-03
6.487500e+03 4.512500e+03 1.325000e+03 4.203922e-02 1.101362e-03
6.587500e+03 4.512500e+03 1.350000e+03 4.180226e-02 1.101362e-03
6.687500e+03 4.512500e+03 1.375000e+03 4.347238e-02 1.101362e-03
6.787500e+03 4.512500e+03 1.375000e+03 4.668459e-02 1.101362e-03
6.887500e+03 4.512500e+03 1.425000e+03 4.366253e-02 1.101362e-03
6.987500e+03 4.512500e+03 1.450000e+03 4.388247e-02 1.101362e-03
3.487500e+03 4.612500e+03 1.175000e+03 4.247461e-02 1.101362e-03
3.587500e+03 4.612500e+03 1.175000e+03 4.002807e-02 1.101362e-03
3.687500e+03 4.612500e+03 1.150000e+03 3.759539e-02 1.101362e-03
3.787500e+03 4.612500e+03 1.125000e+03 3.394535e-02 1.101362e-03
3.887500e+03 4.612500e+03 1.125000e+03 3.342446e-02 1.101362e-03
3.987500e+03 4.612500e+03 1.150000e+03 3.511344e-02 1.101362e-03
4.087500e+03 4.612500e+03 1.150000e+03 3.745724e-02 1.101362e-03
4.187500e+03 4.612500e+03 1.175000e+03 3.962352e-02 1.101362e-03
4.287500e+03 4.612500e+03 1.175000e+03 3.924948e-02 1.101362e-03
4.387500e+03 4.612500e+03 1.200000e+03 4.111558e-02 1.101362e-03
4.487500e+03 4.612500e+03 1.200000e+03 4.441932e-02 1.101362e-03
4.587500e+03 4.612500e+03 1.225000e+03 4.019973e-02 1.101362e-03
4.687500e+03 4.612500e+03 1.250000e+03 3.680168e-02 1.101362e-03
4.787500e+03 4.612500e+03 1.250000e+03 3.928662e-02 1.101362e-03
4.887500e+03 4.612500e+03 1.275000e+03 3.985555e-02 1.101362e-03
4.987500e+03 4.612500e+03 1.275000e+03 3.949530e-02 1.101362e-03
5.087500e+03 4.612500e+03 1.300000e+03 3.880765e-02 1.101362e-03
5.187500e+03 4.612500e+03 1.300000e+03 3.842555e-02 1.101362e-03
5.287500e+03 4.612500e+03 1.300000e+03 4.315506e-02 1.101362e-03
5.387500e+03 4.612500e+03 1.325000e+03 4.121138e-02 1.101362e-03
5.487500e+03 4.612500e+03 1.375000e+03 4.435845e-02 1.101362e-03
5.587500e+03 4.612500e+03 1.400000e+03 4.590088e-02 1.101362e-03
5.687500e+03 4.612500e+03 1.375000e+03 4.130724e-02 1.101362e-03
5.787500e+03 4.612500e+03 1.350000e+03 4.126174e-02 1.101362e-03
5.887500e+03 4.612500e+03 1.350000e+03 3.997451e-02 1.101362e-03
5.987500e+03 4.612500e+03 1.325000e+03 3.945803e-02 1.101362e-03
6.087500e+03 4.612500e+03 1.300000e+03 3.868990e-02 1.101362e-03
6.187500e+03 4.612500e+03 1.275000e+03 4.108424e-02 1.101362e-03
6.287500e+03 4.612500e+03 1.275000e+03 5.177696e-02 1.101362e-03
6.387500e+03 4.612500e+03 1.300000e+03 4.687126e-02 1.101362e-03
6.487500e+03 4.612500e+03 1.325000e+03 4.078659e-02 1.101362e-03
6.587500e+03 4.612500e+03 1.325000e+03 4.268269e-02 1.101362e-03
6.687500e+03 4.612500e+03 1.350000e+03 4.162704e-02 1.101362e-03
6.787500e+03 4.612500e+03 1.375000e+03 4.366206e-02 1.101362e-03
6.887500e+03 4.612500e+03 1.400000e+03 4.516630e-02 1.101362e-03
6.987500e+03 4.612500e+03 1.450000e+03 4.547848e-02 1.101362e-03
3.487500e+03 4.712500e+03 1.175000e+03 4.440267e-02 1.101362e-03
3.587500e+03 4.712500e+03 1.150000e+03 4.021150e-02 1.101362e-03
3.687500e+03 4.712500e+03 1.150000e+03 3.797282e-02 1.101362e-03
3.787500e+03 4.712500e+03 1.125000e+03 3.236817e-02 1.101362e-03
3.887500e+03 4.712500e+03 1.125000e+03 3.484889e-02 1.101362e-03
3.987500e+03 4.712500e+03 1.150000e+03 3.602275e-02 1.101362e-03
4.087500e+03 4.712500e+03 1.175000e+03 3.796256e-02 1.101362e-03
4.187500e+03 4.712500e+03 1.175000e+03 3.808764e-02 1.101362e-03
4.287500e+03 4.712500e+03 1.175000e+03 3.633858e-02 1.101362e-03
4.387500e+03 4.712500e+03 1.200000e+03 4.194474e-02 1.101362e-03
4.487500e+03 4.712500e+03 1.225000e+03 4.277896e-02 1.101362e-03
4.587500e+03 4.712500e+03 1.250000e+03 4.140840e-02 1.101362e-03
4.687500e+03 4.712500e+03 1.250000e+03 4.040609e-02 1.101362e-03
4.787500e+03 4.712500e+03 1.250000e+03 3.994919e-02 1.101362e-03
4.887500e+03 4.712500e+03 1.275000e+03 3.994548e-02 1.101362e-03
4.987500e+03 4.712500e+03 1.275000e+03 4.061237e-02 1.101362e-03
5.087500e+03 4.712500e+03 1.300000e+03 4.076731e-02 1.101362e-03
5.187500e+03 4.712500e+03 1.300000e+03 3.935121e-02 1.101362e-03
5.287500e+03 4.712500e+03 1.300000e+03 4.047239e-02 1.101362e-03
5.387500e+03 4.712500e+03 1.325000e+03 4.077128e-02 1.101362e-03
5.487500e+03 4.712500e+03 1.350000e+03 4.415156e-02 1.101362e-03
5.587500e+03 4.712500e+03 1.400000e+03 4.710917e-02 1.101362e-03
5.687500e+03 4.712500e+03 1.400000e+03 4.332836e-02 1.101362e-03
5.787500e+03 4.712500e+03 1.350000e+03 4.274641e-02 1.101362e-03
5.887500e+03 4.712500e+03 1.350000e+03 4.046858e-02 1.101362e-03
5.987500e+03 4.712500e+03 1.325000e+03 3.789282e-02 1.101362e-03
6.087500e+03 4.712500e+03 1.325000e+03 3.688148e-02 1.101362e-03
6.187500e+03 4.712500e+03 1.300000e+03 3.960733e-02 1.101362e-03
6.287500e+03 4.712500e+03 1.300000e+03 4.369825e-02 1.101362e-03
6.387500e+03 4.712500e+03 1.300000e+03 4.739261e-02 1.101362e-03
6.487500e+03 4.712500e+03 1.350000e+03 4.461662e-02 1.101362e-03
6.587500e+03 4.712500e+03 1.350000e+03 4.344486e-02 1.101362e-03
6.687500e+03 4.712500e+03 1.375000e+03 4.434406e-02 1.101362e-03
6.787500e+03 4.712500e+03 1.375000e+03 4.519455e-02 1.101362e-03
6.887500e+03 4.712500e+03 1.400000e+03 4.399064e-02 1.101362e-03
6.987500e+03 4.712500e+03 1.425000e+03 4.676689e-02 1.101362e-03
3.487500e+03 4.812500e+03 1.175000e+03 4.262814e-02 1.101362e-03
3.587500e+03 4.812500e+03 1.150000e+03 4.054299e-02 1.101362e-03
3.687500e+03 4.812500e+03 1.125000e+03 3.483217e-02 1.101362e-03
3.787500e+03 4.812500e+03 1.125000e+03 3.487126e-02 1.101362e-03
3.887500e+03 4.812500e+03 1.125000e+03 3.553845e-02 1.101362e-03
3.987500e+03 4.812500e+03 1.150000e+03 3.806742e-02 1.101362e-03
4.087500e+03 4.812500e+03 1.175000e+03 3.862588e-02 1.101362e-03
4.187500e+03 4.812500e+03 1.175000e+03 3.916512e-02 1.101362e-03
4.287500e+03 4.812500e+03 1.175000e+03 3.797695e-02 1.101362e-03
4.387500e+03 4.812500e+03 1.200000e+03 3.870446e-02 1.101362e-03
4.487500e+03 4.812500e+03 1.250000e+03 3.959553e-02 1.101362e-03
4.587500e+03 4.812500e+03 1.250000e+03 4.138372e-02 1.101362e-03
4.687500e+03 4.812500e+03 1.275000e+03 4.079961e-02 1.101362e-03
4.787500e+03 4.812500e+03 1.275000e+03 3.909811e-02 1.101362e-03
4.887500e+03 4.812500e+03 1.275000e+03 3.957509e-02 1.101362e-03
4.987500e+03 4.812500e+03 1.275000e+03 4.333764e-02 1.101362e-03
5.087500e+03 4.812500e+03 1.275000e+03 3.931536e-02 1.101362e-03
5.187500e+03 4.812500e+03 1.275000e+03 3.950202e-02 1.101362e-03
5.287500e+03 4.812500e+03 1.275000e+03 4.025947e-02 1.101362e-03
5.387500e+03 4.812500e+03 1.300000e+03 4.069699e-02 1.101362e-03
5.487500e+03 4.812500e+03 1.350000e+03 4.515430e-02 1.101362e-03
5.587500e+03 4.812500e+03 1.375000e+03 4.530435e-02 1.101362e-03
5.687500e+03 4.812500e+03 1.400000e+03 4.466456e-02 1.101362e-03
5.787500e+03 4.812500e+03 1.375000e+03 4.351825e-02 1.101362e-03
5.887500e+03 4.812500e+03 1.350000e+03 4.395888e-02 1.101362e-03
5.987500e+03 4.812500e+03 1.350000e+03 3.905257e-02 1.101362e-03
6.087500e+03 4.812500e+03 1.350000e+03 3.956740e-02 1.101362e-03
6.187500e+03 4.812500e+03 1.325000e+03 4.084804e-02 1.101362e-03
6.287500e+03 4.812500e+03 1.300000e+03 4.256298e-02 1.101362e-03
6.387500e+03 4.812500e+03 1.300000e+03 5.049427e-02 1.101362e-03
6.487500e+03 4.812500e+03 1.325000e+03 4.345310e-02 1.101362e-03
6.587500e+03 4.812500e+03 1.350000e+03 4.227429e-02 1.101362e-03
6.687500e+03 4.812500e+03 1.375000e+03 4.557184e-02 1.101362e-03
6.787500e+03 4.812500e+03 1.400000e+03 4.645466e-02 1.101362e-03
6.887500e+03 4.812500e+03 1.400000e+03 4.891192e-02 1.101362e-03
6.987500e+03 4.812500e+03 1.425000e+03 4.460523e-02 1.101362e-03
3.487500e+03 4.912500e+03 1.175000e+03 4.188601e-02 1.101362e-03
3.587500e+03 4.912500e+03 1.125000e+03 3.636123e-02 1.101362e-03
3.687500e+03 4.912500e+03 1.125000e+03 3.448451e-02 1.101362e-03
3.787500e+03 4.912500e+03 1.125000e+03 3.483489e-02 1.101362e-03
3.887500e+03 4.912500e+03 1.125000e+03 3.317376e-02 1.101362e-03
3.987500e+03 4.912500e+03 1.150000e+03 3.528770e-02 1.101362e-03
4.087500e+03 4.912500e+03 1.175000e+03 3.752826e-02 1.101362e-03
4.187500e+03 4.912500e+03 1.175000e+03 3.888688e-02 1.101362e-03
4.287500e+03 4.912500e+03 1.200000e+03 3.826937e-02 1.101362e-03
4.387500e+03 4.912500e+03 1.200000e+03 3.767874e-02 1.101362e-03
4.487500e+03 4.912500e+03 1.225000e+03 4.000623e-02 1.101362e-03
4.587500e+03 4.912500e+03 1.250000e+03 3.775101e-02 1.101362e-03
4.687500e+03 4.912500e+03 1.275000e+03 4.033971e-02 1.101362e-03
4.787500e+03 4.912500e+03 1.300000e+03 4.092926e-02 1.101362e-03
4.887500e+03 4.912500e+03 1.300000e+03 4.066009e-02 1.101362e-03
4.987500e+03 4.912500e+03 1.275000e+03 4.279185e-02 1.101362e-03
5.087500e+03 4.912500e+03 1.275000e+03 3.862084e-02 1.101362e-03
5.187500e+03 4.912500e+03 1.275000e+03 3.862598e-02 1.101362e-03
5.287500e+03 4.912500e+03 1.275000e+03 3.967380e-02 1.101362e-03
5.387500e+03 4.912500e+03 1.300000e+03 3.834071e-02 1.101362e-03
5.487500e+03 4.912500e+03 1.325000e+03 4.244860e-02 1.101362e-03
5.587500e+03 4.912500e+03 1.350000e+03 4.459275e-02 1.101362e-03
5.687500e+03 4.912500e+03 1.375000e+03 4.567869e-02 1.101362e-03
5.787500e+03 4.912500e+03 1.400000e+03 4.620093e-02 1.101362e-03
5.887500e+03 4.912500e+03 1.375000e+03 4.551004e-02 1.101362e-03
5.987500e+03 4.912500e+03 1.375000e+03 4.140998e-02 1.101362e-03
6.087500e+03 4.912500e+03 1.350000e+03 3.881852e-02 1.101362e-03
6.187500e+03 4.912500e+03 1.350000e+03 3.914811e-02 1.101362e-03
6.287500e+03 4.912500e+03 1.325000e+03 3.994269e-02 1.101362e-03
6.387500e+03 4.912500e+03 1.300000e+03 4.703777e-02 1.101362e-03
6.487500e+03 4.912500e+03 1.325000e+03 4.843329e-02 1.101362e-03
6.587500e+03 4.912500e+03 1.325000e+03 4.258913e-02 1.101362e-03
6.687500e+03 4.912500e+03 1.350000e+03 4.371273e-02 1.101362e-03
6.787500e+03 4.912500e+03 1.400000e+03 4.643363e-02 1.101362e-03
6.887500e+03 4.912500e+03 1.425000e+03 4.351966e-02 1.101362e-03
6.987500e+03 4.912500e+03 1.450000e+03 4.746875e-02 1.101362e-03
3.487500e+03 5.012500e+03 1.150000e+03 4.035137e-02 1.101362e-03
3.587500e+03 5.012500e+03 1.125000e+03 3.687256e-02 1.101362e-03
3.687500e+03 5.012500e+03 1.125000e+03 3.434754e-02 1.101362e-03
3.787500e+03 5.012500e+03 1.125000e+03 3.496138e-02 1.101362e-03
3.887500e+03 5.012500e+03 1.150000e+03 3.614690e-02 1.101362e-03
3.987500e+03 5.012500e+03 1.175000e+03 3.700553e-02 1.101362e-03
4.087500e+03 5.012500e+03 1.175000e+03 3.959627e-02 1.101362e-03
4.187500e+03 5.012500e+03 1.200000e+03 3.971382e-02 1.101362e-03
4.287500e+03 5.012500e+03 1.200000e+03 3.931573e-02 1.101362e-03
4.387500e+03 5.012500e+03 1.225000e+03 3.828553e-02 1.101362e-03
4.487500e+03 5.012500e+03 1.225000e+03 3.706437e-02 1.101362e-03
4.587500e+03 5.012500e+03 1.250000e+03 3.977569e-02 1.101362e-03
4.687500e+03 5.012500e+03 1.275000e+03 3.927756e-02 1.101362e-03
4.787500e+03 5.012500e+03 1.300000e+03 4.102284e-02 1.101362e-03
4.887500e+03 5.012500e+03 1.300000e+03 4.155979e-02 1.101362e-03
4.987500e+03 5.012500e+03 1.300000e+03 4.155600e-02 1.101362e-03
5.087500e+03 5.012500e+03 1.275000e+03 4.198003e-02 1.101362e-03
5.187500e+03 5.012500e+03 1.275000e+03 3.939250e-02 1.101362e-03
5.287500e+03 5.012500e+03 1.275000e+03 4.007586e-02 1.101362e-03
5.387500e+03 5.012500e+03 1.300000e+03 3.924906e-02 1.101362e-03
5.487500e+03 5.012500e+03 1.300000e+03 3.887648e-02 1.101362e-03
5.587500e+03 5.012500e+03 1.325000e+03 4.245329e-02 1.101362e-03
5.687500e+03 5.012500e+03 1.325000e+03 4.429545e-02 1.101362e-03
5.787500e+03 5.012500e+03 1.375000e+03 4.320799e-02 1.101362e-03
5.887500e+03 5.012500e+03 1.400000e+03 4.455901e-02 1.101362e-03
5.987500e+03 5.012500e+03 1.400000e+03 4.413542e-02 1.101362e-03
6.087500e+03 5.012500e+03 1.375000e+03 4.504501e-02 1.101362e-03
6.187500e+03 5.012500e+03 1.375000e+03 3.952791e-02 1.101362e-03
6.287500e+03 5.012500e+03 1.350000e+03 4.346302e-02 1.101362e-03
6.387500e+03 5.012500e+03 1.325000e+03 4.425648e-02 1.101362e-03
6.487500e+03 5.012500e+03 1.300000e+03 5.212517e-02 1.101362e-03
6.587500e+03 5.012500e+03 1.325000e+03 4.409489e-02 1.101362e-03
6.687500e+03 5.012500e+03 1.350000e+03 4.382039e-02 1.101362e-03
6.787500e+03 5.012500e+03 1.375000e+03 4.360482e-02 1.101362e-03
6.887500e+03 5.012500e+03 1.375000e+03 4.313753e-02 1.101362e-03
6.987500e+03 5.012500e+03 1.400000e+03 4.561416e-02 1.101362e-03
3.487500e+03 5.112500e+03 1.150000e+03 3.715561e-02 1.101362e-03
3.587500e+03 5.112500e+03 1.125000e+03 3.472798e-02 1.101362e-03
3.687500e+03 5.112500e+03 1.125000e+03 3.662542e-02 1.101362e-03
3.787500e+03 5.112500e+03 1.150000e+03 3.653575e-02 1.101362e-03
3.887500e+03 5.112500e+03 1.150000e+03 3.750609e-02 1.101362e-03
3.987500e+03 5.112500e+03 1.175000e+03 3.782670e-02 1.101362e-03
4.087500e+03 5.112500e+03 1.200000e+03 4.081500e-02 1.101362e-03
4.187500e+03 5.112500e+03 1.200000e+03 3.745634e-02 1.101362e-03
4.287500e+03 5.112500e+03 1.200000e+03 3.796849e-02 1.101362e-03
4.387500e+03 5.112500e+03 1.200000e+03 3.748064e-02 1.101362e-03
4.487500e+03 5.112500e+03 1.225000e+03 3.724675e-02 1.101362e-03
4.587500e+03 5.112500e+03 1.275000e+03 3.910297e-02 1.101362e-03
4.687500e+03 5.112500e+03 1.300000e+03 3.857178e-02 1.101362e-03
4.787500e+03 5.112500e+03 1.300000e+03 4.129121e-02 1.101362e-03
4.887500e+03 5.112500e+03 1.325000e+03 4.162831e-02 1.101362e-03
4.987500e+03 5.112500e+03 1.325000e+03 4.134453e-02 1.101362e-03
5.087500e+03 5.112500e+03 1.300000e+03 4.333169e-02 1.101362e-03
5.187500e+03 5.112500e+03 1.275000e+03 3.965163e-02 1.101362e-03
5.287500e+03 5.112500e+03 1.275000e+03 3.775196e-02 1.101362e-03
5.387500e+03 5.112500e+03 1.275000e+03 3.895049e-02 1.101362e-03
5.487500e+03 5.112500e+03 1.300000e+03 4.015511e-02 1.101362e-03
5.587500e+03 5.112500e+03 1.300000e+03 4.080207e-02 1.101362e-03
5.687500e+03 5.112500e+03 1.325000e+03 4.428039e-02 1.101362e-03
5.787500e+03 5.112500e+03 1.350000e+03 4.404724e-02 1.101362e-03
5.887500e+03 5.112500e+03 1.375000e+03 4.542016e-02 1.101362e-03
5.987500e+03 5.112500e+03 1.425000e+03 4.637043e-02 1.101362e-03
6.087500e+03 5.112500e+03 1.400000e+03 4.564847e-02 1.101362e-03
6.187500e+03 5.112500e+03 1.375000e+03 4.365302e-02 1.101362e-03
6.287500e+03 5.112500e+03 1.350000e+03 4.207967e-02 1.101362e-03
6.387500e+03 5.112500e+03 1.325000e+03 4.347480e-02 1.101362e-03
6.487500e+03 5.112500e+03 1.300000e+03 5.103984e-02 1.101362e-03
6.587500e+03 5.112500e+03 1.325000e+03 4.830395e-02 1.101362e-03
6.687500e+03 5.112500e+03 1.350000e+03 4.469889e-02 1.101362e-03
6.787500e+03 5.112500e+03 1.350000e+03 4.354123e-02 1.101362e-03
6.887500e+03 5.112500e+03 1.350000e+03 4.327557e-02 1.101362e-03
6.987500e+03 5.112500e+03 1.375000e+03 4.456681e-02 1.101362e-03
3.487500e+03 5.212500e+03 1.125000e+03 3.621247e-02 1.101362e-03
3.587500e+03 5.212500e+03 1.125000e+03 3.577070e-02 1.101362e-03
3.687500e+03 5.212500e+03 1.125000e+03 3.435838e-02 1.101362e-03
3.787500e+03 5.212500e+03 1.150000e+03 3.837793e-02 1.101362e-03
3.887500e+03 5.212500e+03 1.150000e+03 3.808167e-02 1.101362e-03
3.987500e+03 5.212500e+03 1.175000e+03 3.828717e-02 1.101362e-03
4.087500e+03 5.212500e+03 1.175000e+03 3.731369e-02 1.101362e-03
4.187500e+03 5.212500e+03 1.200000e+03 3.924988e-02 1.101362e-03
4.287500e+03 5.212500e+03 1.200000e+03 3.791180e-02 1.101362e-03
4.387500e+03 5.212500e+03 1.225000e+03 3.646113e-02 1.101362e-03
4.487500e+03 5.212500e+03 1.225000e+03 3.641681e-02 1.101362e-03
4.587500e+03 5.212500e+03 1.250000e+03 3.788237e-02 1.101362e-03
4.687500e+03 5.212500e+03 1.275000e+03 3.999944e-02 1.101362e-03
4.787500e+03 5.212500e+03 1.300000e+03 4.110108e-02 1.101362e-03
4.887500e+03 5.212500e+03 1.300000e+03 4.005681e-02 1.101362e-03
4.987500e+03 5.212500e+03 1.325000e+03 4.210283e-02 1.101362e-03
5.087500e+03 5.212500e+03 1.325000e+03 4.385586e-02 1.101362e-03
5.187500e+03 5.212500e+03 1.300000e+03 4.212331e-02 1.101362e-03
5.287500e+03 5.212500e+03 1.275000e+03 4.194261e-02 1.101362e-03
5.387500e+03 5.212500e+03 1.275000e+03 3.961241e-02 1.101362e-03
5.487500e+03 5.212500e+03 1.275000e+03 4.003364e-02 1.101362e-03
5.587500e+03 5.212500e+03 1.300000e+03 3.939354e-02 1.101362e-03
5.687500e+03 5.212500e+03 1.300000e+03 4.224020e-02 1.101362e-03
5.787500e+03 5.212500e+03 1.325000e+03 4.289249e-02 1.101362e-03
5.887500e+03 5.212500e+03 1.350000e+03 4.489979e-02 1.101362e-03
5.987500e+03 5.212500e+03 1.375000e+03 4.572412e-02 1.101362e-03
6.087500e+03 5.212500e+03 1.400000e+03 4.755817e-02 1.101362e-03
6.187500e+03 5.212500e+03 1.400000e+03 4.505526e-02 1.101362e-03
6.287500e+03 5.212500e+03 1.350000e+03 4.263237e-02 1.101362e-03
6.387500e+03 5.212500e+03 1.350000e+03 4.385187e-02 1.101362e-03
6.487500e+03 5.212500e+03 1.325000e+03 4.593300e-02 1.101362e-03
6.587500e+03 5.212500e+03 1.325000e+03 5.077884e-02 1.101362e-03
6.687500e+03 5.212500e+03 1.325000e+03 4.531635e-02 1.101362e-03
6.787500e+03 5.212500e+03 1.325000e+03 4.157264e-02 1.101362e-03
6.887500e+03 5.212500e+03 1.325000e+03 4.072999e-02 1.101362e-03
6.987500e+03 5.212500e+03 1.350000e+03 4.334307e-02 1.101362e-03
3.487500e+03 5.312500e+03 1.125000e+03 3.497844e-02 1.101362e-03
3.587500e+03 5.312500e+03 1.125000e+03 3.637592e-02 1.101362e-03
3.687500e+03 5.312500e+03 1.150000e+03 3.802867e-02 1.101362e-03
3.787500e+03 5.312500e+03 1.150000e+03 3.614685e-02 1.101362e-03
3.887500e+03 5.312500e+03 1.150000e+03 3.610416e-02 1.101362e-03
3.987500e+03 5.312500e+03 1.150000e+03 3.552043e-02 1.101362e-03
4.087500e+03 5.312500e+03 1.175000e+03 3.712769e-02 1.101362e-03
4.187500e+03 5.312500e+03 1.175000e+03 3.970236e-02 1.101362e-03
4.287500e+03 5.312500e+03 1.200000e+03 3.850554e-02 1.101362e-03
4.387500e+03 5.312500e+03 1.225000e+03 3.883005e-02 1.101362e-03
4.487500e+03 5.312500e+03 1.225000e+03 3.945550e-02 1.101362e-03
4.587500e+03 5.312500e+03 1.225000e+03 3.808234e-02 1.101362e-03
4.687500e+03 5.312500e+03 1.250000e+03 3.972945e-02 1.101362e-03
4.787500e+03 5.312500e+03 1.250000e+03 4.125097e-02 1.101362e-03
4.887500e+03 5.312500e+03 1.275000e+03 4.189221e-02 1.101362e-03
4.987500e+03 5.312500e+03 1.300000e+03 4.261880e-02 1.101362e-03
5.087500e+03 5.312500e+03 1.325000e+03 4.327886e-02 1.101362e-03
5.187500e+03 5.312500e+03 1.325000e+03 4.135902e-02 1.101362e-03
5.287500e+03 5.312500e+03 1.300000e+03 4.069122e-02 1.101362e-03
5.387500e+03 5.312500e+03 1.275000e+03 3.871409e-02 1.101362e-03
5.487500e+03 5.312500e+03 1.275000e+03 4.052247e-02 1.101362e-03
5.587500e+03 5.312500e+03 1.275000e+03 3.818949e-02 1.101362e-03
5.687500e+03 5.312500e+03 1.300000e+03 3.853836e-02 1.101362e-03
5.787500e+03 5.312500e+03 1.300000e+03 3.962342e-02 1.101362e-03
5.887500e+03 5.312500e+03 1.325000e+03 4.225871e-02 1.101362e-03
5.987500e+03 5.312500e+03 1.350000e+03 4.460515e-02 1.101362e-03
6.087500e+03 5.312500e+03 1.350000e+03 4.436859e-02 1.101362e-03
6.187500e+03 5.312500e+03 1.375000e+03 4.511374e-02 1.101362e-03
6.287500e+03 5.312500e+03 1.375000e+03 4.486576e-02 1.101362e-03
6.387500e+03 5.312500e+03 1.350000e+03 4.334716e-02 1.101362e-03
6.487500e+03 5.312500e+03 1.350000e+03 4.531960e-02 1.101362e-03
6.587500e+03 5.312500e+03 1.325000e+03 4.901784e-02 1.101362e-03
6.687500e+03 5.312500e+03 1.325000e+03 4.926314e-02 1.101362e-03
6.787500e+03 5.312500e+03 1.325000e+03 4.088123e-02 1.101362e-03
6.887500e+03 5.312500e+03 1.325000e+03 3.953703e-02 1.101362e-03
6.987500e+03 5.312500e+03 1.350000e+03 3.890740e-02 1.101362e-03
3.487500e+03 5.412500e+03 1.125000e+03 3.501306e-02 1.101362e-03
3.587500e+03 5.412500e+03 1.150000e+03 3.702935e-02 1.101362e-03
3.687500e+03 5.412500e+03 1.150000e+03 3.854449e-02 1.101362e-03
3.787500e+03 5.412500e+03 1.150000e+03 3.767700e-02 1.101362e-03
3.887500e+03 5.412500e+03 1.150000e+03 3.647379e-02 1.101362e-03
3.987500e+03 5.412500e+03 1.175000e+03 3.960734e-02 1.101362e-03
4.087500e+03 5.412500e+03 1.175000e+03 3.664162e-02 1.101362e-03
4.187500e+03 5.412500e+03 1.200000e+03 3.718010e-02 1.101362e-03
4.287500e+03 5.412500e+03 1.225000e+03 3.902348e-02 1.101362e-03
4.387500e+03 5.412500e+03 1.225000e+03 4.022593e-02 1.101362e-03
4.487500e+03 5.412500e+03 1.250000e+03 4.282412e-02 1.101362e-03
4.587500e+03 5.412500e+03 1.275000e+03 4.025037e-02 1.101362e-03
4.687500e+03 5.412500e+03 1.250000e+03 4.006225e-02 1.101362e-03
4.787500e+03 5.412500e+03 1.250000e+03 3.995012e-02 1.101362e-03
4.887500e+03 5.412500e+03 1.275000e+03 4.285036e-02 1.101362e-03
4.987500e+03 5.412500e+03 1.275000e+03 4.224057e-02 1.101362e-03
5.087500e+03 5.412500e+03 1.275000e+03 4.424616e-02 1.101362e-03
5.187500e+03 5.412500e+03 1.325000e+03 4.353355e-02 1.101362e-03
5.287500e+03 5.412500e+03 1.325000e+03 4.177877e-02 1.101362e-03
5.387500e+03 5.412500e+03 1.300000e+03 4.201674e-02 1.101362e-03
5.487500e+03 5.412500e+03 1.275000e+03 4.112391e-02 1.101362e-03
5.587500e+03 5.412500e+03 1.275000e+03 3.868307e-02 1.101362e-03
5.687500e+03 5.412500e+03 1.300000e+03 3.990004e-02 1.101362e-03
5.787500e+03 5.412500e+03 1.300000e+03 4.203229e-02 1.101362e-03
5.887500e+03 5.412500e+03 1.300000e+03 4.151542e-02 1.101362e-03
5.987500e+03 5.412500e+03 1.325000e+03 4.144820e-02 1.101362e-03
6.087500e+03 5.412500e+03 1.325000e+03 4.122325e-02 1.101362e-03
6.187500e+03 5.412500e+03 1.350000e+03 4.348191e-02 1.101362e-03
6.287500e+03 5.412500e+03 1.350000e+03 4.458507e-02 1.101362e-03
6.387500e+03 5.412500e+03 1.400000e+03 4.549398e-02 1.101362e-03
6.487500e+03 5.412500e+03 1.400000e+03 4.658399e-02 1.101362e-03
6.587500e+03 5.412500e+03 1.375000e+03 4.445237e-02 1.101362e-03
6.687500e+03 5.412500e+03 1.350000e+03 4.911057e-02 1.101362e-03
6.787500e+03 5.412500e+03 1.325000e+03 4.537813e-02 1.101362e-03
6.887500e+03 5.412500e+03 1.325000e+03 4.244795e-02 1.101362e-03
6.987500e+03 5.412500e+03 1.325000e+03 3.994275e-02 1.101362e-03
3.487500e+03 5.512500e+03 1.125000e+03 3.611588e-02 1.101362e-03
3.587500e+03 5.512500e+03 1.150000e+03 3.699460e-02 1.101362e-03
3.687500e+03 5.512500e+03 1.150000e+03 3.824529e-02 1.101362e-03
3.787500e+03 5.512500e+03 1.175000e+03 3.953593e-02 1.101362e-03
3.887500e+03 5.512500e+03 1.150000e+03 3.609628e-02 1.101362e-03
3.987500e+03 5.512500e+03 1.175000e+03 3.572156e-02 1.101362e-03
4.087500e+03 5.512500e+03 1.175000e+03 3.735397e-02 1.101362e-03
4.187500e+03 5.512500e+03 1.200000e+03 3.945494e-02 1.101362e-03
4.287500e+03 5.512500e+03 1.200000e+03 3.868936e-02 1.101362e-03
4.387500e+03 5.512500e+03 1.225000e+03 3.809906e-02 1.101362e-03
4.487500e+03 5.512500e+03 1.250000e+03 3.793202e-02 1.101362e-03
4.587500e+03 5.512500e+03 1.275000e+03 4.126381e-02 1.101362e-03
4.687500e+03 5.512500e+03 1.275000e+03 4.112761e-02 1.101362e-03
4.787500e+03 5.512500e+03 1.275000e+03 4.081238e-02 1.101362e-03
4.887500e+03 5.512500e+03 1.300000e+03 4.228051e-02 1.101362e-03
4.987500e+03 5.512500e+03 1.300000e+03 4.435248e-02 1.101362e-03
5.087500e+03 5.512500e+03 1.275000e+03 4.416911e-02 1.101362e-03
5.187500e+03 5.512500e+03 1.300000e+03 4.152642e-02 1.101362e-03
5.287500e+03 5.512500e+03 1.325000e+03 4.196255e-02 1.101362e-03
5.387500e+03 5.512500e+03 1.300000e+03 4.153597e-02 1.101362e-03
5.487500e+03 5.512500e+03 1.300000e+03 4.210869e-02 1.101362e-03
5.587500e+03 5.512500e+03 1.300000e+03 4.060093e-02 1.101362e-03
5.687500e+03 5.512500e+03 1.300000e+03 3.921447e-02 1.101362e-03
5.787500e+03 5.512500e+03 1.300000e+03 4.093705e-02 1.101362e-03
5.887500e+03 5.512500e+03 1.300000e+03 3.847885e-02 1.101362e-03
5.987500e+03 5.512500e+03 1.300000e+03 4.154818e-02 1.101362e-03
6.087500e+03 5.512500e+03 1.300000e+03 4.213637e-02 1.101362e-03
6.187500e+03 5.512500e+03 1.325000e+03 4.252167e-02 1.101362e-03
6.287500e+03 5.512500e+03 1.375000e+03 4.450701e-02 1.101362e-03
6.387500e+03 5.512500e+03 1.400000e+03 4.622457e-02 1.101362e-03
6.487500e+03 5.512500e+03 1.425000e+03 4.602427e-02 1.101362e-03
6.587500e+03 5.512500e+03 1.400000e+03 4.704427e-02 1.101362e-03
6.687500e+03 5.512500e+03 1.350000e+03 4.648345e-02 1.101362e-03
6.787500e+03 5.512500e+03 1.350000e+03 4.452973e-02 1.101362e-03
6.887500e+03 5.512500e+03 1.350000e+03 4.447142e-02 1.101362e-03
6.987500e+03 5.512500e+03 1.325000e+03 4.035335e-02 1.101362e-03
